{
    "year": 2021,
    "month": 4,
    "day": 26,
    "hour": 12,
    "minute": 14,
    "temp": 29.93507042253524,
    "ntu": -338.16901408450707
}