{
    "year": 2021,
    "month": 4,
    "day": 7,
    "hour": 22,
    "minute": 35,
    "temp": [
        26.12,
        25.37,
        25.37,
        26.12,
        26.19
    ],
    "tds": [
        1398.69,
        0.0,
        0.0,
        1393.45,
        1390.01
    ],
    "ph": [
        0.0,
        0.0,
        0.0,
        0.0,
        0.0
    ],
    "ntu": [
        3000.0,
        3000.0,
        3000.0,
        3000.0,
        3000.0
    ],
    "temp_avg": 25.834000000000003,
    "tds_avg": 836.4300000000001,
    "ph_avg": 0.0,
    "ntu_avg": 3000.0
}