{
    "year": 2021,
    "month": 4,
    "day": 7,
    "hour": 2,
    "minute": 27,
    "temp": [
        24.37,
        24.37,
        24.62,
        24.37,
        24.62
    ],
    "tds": [
        1549.51,
        1549.51,
        1544.92,
        1551.33,
        1533.14
    ],
    "ph": [
        0.0,
        0.0,
        0.0,
        0.0,
        0.0
    ],
    "ntu": [
        3000.0,
        3000.0,
        3000.0,
        3000.0,
        3000.0
    ],
    "temp_avg": 24.470000000000002,
    "tds_avg": 1545.6820000000002,
    "ph_avg": 0.0,
    "ntu_avg": 3000.0
}