{
    "year": 2021,
    "month": 4,
    "day": 21,
    "hour": 14,
    "minute": 8,
    "temp": 27.293124999999986,
    "tds": 1147.4081250000002,
    "ph": 6.5540625000000015,
    "ntu": 3000.0
}