{
    "year": 2021,
    "month": 4,
    "day": 7,
    "hour": 23,
    "minute": 17,
    "temp": [
        27.94,
        26.5,
        28.0,
        26.5,
        28.0
    ],
    "tds": [
        1304.58,
        10.09,
        1301.55,
        0.0,
        1301.55
    ],
    "ph": [
        0.0,
        0.0,
        0.0,
        0.0,
        0.0
    ],
    "ntu": [
        3000.0,
        3000.0,
        3000.0,
        3000.0,
        3000.0
    ],
    "temp_avg": 27.387999999999998,
    "tds_avg": 783.5539999999999,
    "ph_avg": 0.0,
    "ntu_avg": 3000.0
}