{
    "year": 2021,
    "month": 4,
    "day": 26,
    "hour": 12,
    "minute": 19,
    "temp": 29.792253521126735,
    "ntu": -350.77464788732397
}