{
    "year": 2021,
    "month": 4,
    "day": 21,
    "hour": 18,
    "minute": 51,
    "temp": 26.365999999999964,
    "ntu": 1891.5959999999998
}