{
    "year": 2021,
    "month": 4,
    "day": 21,
    "hour": 18,
    "minute": 47,
    "temp": 26.126999999999978,
    "ntu": 1872.7995000000003
}