{
    "year": 2021,
    "month": 4,
    "day": 21,
    "hour": 15,
    "minute": 30,
    "temp": 29.063749999999978,
    "tds": 1238.2003125,
    "ph": 6.580937500000004,
    "ntu": 3000.0
}