{
    "year": 2021,
    "month": 4,
    "day": 21,
    "hour": 15,
    "minute": 20,
    "temp": 28.906060606060613,
    "tds": 1245.4481818181823,
    "ph": 6.5987878787878795,
    "ntu": 3000.0
}