{
    "year": 2021,
    "month": 4,
    "day": 26,
    "hour": 12,
    "minute": 21,
    "temp": 29.702676056338063,
    "ntu": -376.6478873239437
}