{
    "year": 2021,
    "month": 4,
    "day": 26,
    "hour": 12,
    "minute": 27,
    "temp": 29.557464788732354,
    "ntu": -335.3521126760563
}