{
    "year": 2021,
    "month": 4,
    "day": 21,
    "hour": 14,
    "minute": 9,
    "temp": 27.26090909090909,
    "tds": 1148.482727272728,
    "ph": 6.557575757575759,
    "ntu": 3000.0
}