{
    "year": 2021,
    "month": 4,
    "day": 21,
    "hour": 15,
    "minute": 17,
    "temp": 28.85181818181818,
    "tds": 1247.8215151515158,
    "ph": 6.5869696969697,
    "ntu": 3000.0
}