{
    "year": 2021,
    "month": 4,
    "day": 26,
    "hour": 12,
    "minute": 12,
    "temp": 29.978028169014106,
    "ntu": -371.943661971831
}