{
    "year": 2021,
    "month": 4,
    "day": 21,
    "hour": 15,
    "minute": 23,
    "temp": 28.87,
    "tds": 1246.9700000000005,
    "ph": 6.60606060606061,
    "ntu": 3000.0
}