{
    "year": 2021,
    "month": 4,
    "day": 21,
    "hour": 18,
    "minute": 45,
    "temp": 26.03399999999997,
    "ntu": 1859.1341666666665
}