{
    "year": 2021,
    "month": 4,
    "day": 21,
    "hour": 15,
    "minute": 8,
    "temp": 28.559999999999974,
    "tds": 1261.12,
    "ph": 6.588437499999998,
    "ntu": 3000.0
}