{
    "year": 2021,
    "month": 4,
    "day": 21,
    "hour": 15,
    "minute": 16,
    "temp": 28.831818181818164,
    "tds": 1248.5027272727273,
    "ph": 6.620303030303033,
    "ntu": 3000.0
}