{
    "year": 2021,
    "month": 4,
    "day": 21,
    "hour": 18,
    "minute": 33,
    "temp": 25.324237288135546,
    "ntu": 1766.5857627118648
}