{
    "year": 2021,
    "month": 4,
    "day": 21,
    "hour": 18,
    "minute": 52,
    "temp": 26.40203389830511,
    "ntu": 1894.9081355932194
}