{
    "year": 2021,
    "month": 4,
    "day": 26,
    "hour": 12,
    "minute": 35,
    "temp": 29.33228571428568,
    "ntu": -316.4714285714286
}