{
    "year": 2021,
    "month": 4,
    "day": 7,
    "hour": 14,
    "minute": 4,
    "temp": [
        28.12,
        25.56,
        25.56,
        28.12,
        25.62
    ],
    "tds": [
        0.0,
        1446.9,
        1446.9,
        0.0,
        1443.23
    ],
    "ph": [
        0.0,
        0.0,
        0.0,
        0.0,
        0.0
    ],
    "ntu": [
        3000.0,
        3000.0,
        3000.0,
        3000.0,
        3000.0
    ],
    "temp_avg": 26.595999999999997,
    "tds_avg": 867.4060000000002,
    "ph_avg": 0.0,
    "ntu_avg": 3000.0
}