{
    "year": 2021,
    "month": 4,
    "day": 8,
    "hour": 12,
    "minute": 3,
    "temp": [
        27.0,
        27.0,
        27.12,
        27.0,
        27.12
    ],
    "tds": [
        0.0,
        4.01,
        333.96,
        945.63,
        0.0
    ],
    "ph": [
        0.0,
        0.0,
        0.0,
        0.0,
        0.0
    ],
    "ntu": [
        3000.0,
        3000.0,
        3000.0,
        3000.0,
        3000.0
    ],
    "temp_avg": 27.048000000000002,
    "tds_avg": 256.71999999999997,
    "ph_avg": 0.0,
    "ntu_avg": 3000.0
}