{
    "year": 2021,
    "month": 4,
    "day": 7,
    "hour": 1,
    "minute": 21,
    "temp": [
        24.75,
        24.37,
        24.37,
        24.75,
        24.37
    ],
    "tds": [
        1530.91,
        1561.46,
        1549.51,
        1530.91,
        1567.47
    ],
    "ph": [
        0.0,
        0.0,
        0.0,
        0.0,
        0.0
    ],
    "ntu": [
        3000.0,
        3000.0,
        3000.0,
        3000.0,
        3000.0
    ],
    "temp_avg": 24.522000000000002,
    "tds_avg": 1548.0520000000001,
    "ph_avg": 0.0,
    "ntu_avg": 3000.0
}