{
    "year": 2021,
    "month": 4,
    "day": 8,
    "hour": 7,
    "minute": 12,
    "temp": [
        26.31,
        26.31,
        26.31,
        29.62,
        29.62
    ],
    "tds": [
        1362.59,
        1372.85,
        1374.63,
        0.0,
        0.0
    ],
    "ph": [
        0.0,
        0.0,
        0.0,
        0.0,
        0.0
    ],
    "ntu": [
        3000.0,
        3000.0,
        3000.0,
        3000.0,
        3000.0
    ],
    "temp_avg": 27.633999999999997,
    "tds_avg": 822.0139999999999,
    "ph_avg": 0.0,
    "ntu_avg": 3000.0
}