{
    "year": 2021,
    "month": 4,
    "day": 26,
    "hour": 12,
    "minute": 9,
    "temp": 30.06253521126757,
    "ntu": -390.6056338028169
}