{
    "year": 2021,
    "month": 4,
    "day": 24,
    "hour": 6,
    "minute": 46,
    "temp": [
        30.08485714285711,
        29.994929577464795,
        29.933000000000025,
        29.86661971830981,
        30.042112676056316
    ],
    "ntu": [
        -71.54285714285714,
        -70.32394366197182,
        -64.45714285714286,
        -62.19718309859155,
        -72.83098591549296
    ],
    "temp_avg": 29.98430382293761,
    "ntu_avg": -68.27042253521127
}