{
    "year": 2021,
    "month": 4,
    "day": 20,
    "hour": 7,
    "minute": 35,
    "temp": [
        28.360625000000002,
        28.39843750000002,
        28.447272727272743,
        28.5,
        28.554374999999975
    ],
    "tds": [
        1284.3875000000007,
        1283.2740625000001,
        1289.5730303030302,
        1287.07,
        1284.4975
    ],
    "ph": [
        2.085,
        2.160625,
        2.033030303030304,
        2.121212121212121,
        2.213125
    ],
    "ntu": [
        3000.0,
        3000.0,
        3000.0,
        3000.0,
        3000.0
    ],
    "temp_avg": 28.452142045454547,
    "tds_avg": 1285.7604185606062,
    "ph_avg": 2.1225984848484853,
    "ntu_avg": 3000.0
}