{
    "year": 2021,
    "month": 4,
    "day": 19,
    "hour": 14,
    "minute": 21,
    "temp": [
        27.68343750000002,
        27.622121212121215,
        27.62,
        27.604999999999993,
        27.56545454545452
    ],
    "tds": [
        1123.8887500000005,
        1126.3569696969691,
        1128.340909090909,
        1126.5924999999995,
        1128.2293939393935
    ],
    "ph": [
        0.11156250000000005,
        0.14666666666666664,
        0.10181818181818184,
        0.22625000000000003,
        0.1003030303030303
    ],
    "ntu": [
        3000.0,
        3000.0,
        3000.0,
        3000.0,
        3000.0
    ],
    "temp_avg": 27.61920265151515,
    "tds_avg": 1126.6817045454543,
    "ph_avg": 0.1373200757575758,
    "ntu_avg": 3000.0
}