{
    "year": 2021,
    "month": 4,
    "day": 25,
    "hour": 19,
    "minute": 35,
    "temp": [
        26.86999999999995,
        26.86999999999995,
        26.86999999999995,
        26.86999999999995,
        26.86999999999995
    ],
    "ntu": [
        544.4571428571429,
        556.1408450704225,
        551.8169014084507,
        557.3857142857142,
        564.9859154929577
    ],
    "temp_avg": 26.869999999999955,
    "ntu_avg": 554.9573038229375
}