{
    "year": 2021,
    "month": 4,
    "day": 25,
    "hour": 12,
    "minute": 30,
    "temp": [
        26.782571428571412,
        26.777042253521106,
        26.77704225352111,
        26.794571428571402,
        26.794788732394338
    ],
    "ntu": [
        232.04285714285714,
        246.32394366197184,
        247.64788732394365,
        244.31428571428572,
        230.1549295774648
    ],
    "temp_avg": 26.78520321931587,
    "ntu_avg": 240.09678068410463
}