{
    "year": 2021,
    "month": 4,
    "day": 24,
    "hour": 8,
    "minute": 0,
    "temp": [
        30.057361111111092,
        30.113285714285666,
        30.027042253521113,
        29.967428571428602,
        29.91239436619716
    ],
    "ntu": [
        435.75,
        426.7142857142857,
        422.49295774647885,
        425.64285714285717,
        418.63380281690144
    ],
    "temp_avg": 30.015502403308727,
    "ntu_avg": 425.84678068410466
}