{
    "year": 2021,
    "month": 4,
    "day": 10,
    "hour": 9,
    "minute": 45,
    "temp": [
        27.50181818181818,
        27.483125000000012,
        27.440000000000023,
        27.440000000000023,
        27.378750000000004
    ],
    "tds": [
        1131.02,
        1131.48875,
        1133.52,
        1133.52,
        1135.5593749999996
    ],
    "ph": [
        4.598787878787878,
        4.73625,
        4.751515151515151,
        4.781515151515153,
        4.804375000000001
    ],
    "ntu": [
        3000.0,
        3000.0,
        3000.0,
        3000.0,
        3000.0
    ],
    "temp_avg": 27.44873863636365,
    "tds_avg": 1133.0216249999999,
    "ph_avg": 4.734488636363636,
    "ntu_avg": 3000.0
}