{
    "year": 2021,
    "month": 4,
    "day": 12,
    "hour": 8,
    "minute": 0,
    "temp": [
        30.13060606060607,
        30.12,
        30.12,
        30.09454545454543,
        30.059999999999974
    ],
    "tds": [
        1027.757575757576,
        1027.8600000000004,
        1027.8600000000004,
        1030.4342424242418,
        1029.9199999999992
    ],
    "ph": [
        6.954848484848479,
        6.949999999999997,
        6.961875000000002,
        6.961212121212121,
        6.975151515151517
    ],
    "ntu": [
        3000.0,
        3000.0,
        3000.0,
        3000.0,
        3000.0
    ],
    "temp_avg": 30.105030303030297,
    "tds_avg": 1028.7663636363636,
    "ph_avg": 6.9606174242424235,
    "ntu_avg": 3000.0
}