{
    "year": 2021,
    "month": 4,
    "day": 10,
    "hour": 3,
    "minute": 20,
    "temp": [
        25.55999999999998,
        25.55999999999998,
        25.55999999999998,
        25.55999999999998,
        25.55999999999998
    ],
    "tds": [
        1395.233125000001,
        1394.8466666666666,
        1397.0951515151512,
        1397.2557575757583,
        1393.080000000001
    ],
    "ph": [
        3.6021874999999994,
        3.525454545454547,
        3.4836363636363634,
        3.4475757575757586,
        3.453333333333332
    ],
    "ntu": [
        3000.0,
        3000.0,
        3000.0,
        3000.0,
        3000.0
    ],
    "temp_avg": 25.55999999999998,
    "tds_avg": 1395.5021401515155,
    "ph_avg": 3.5024375000000005,
    "ntu_avg": 3000.0
}