{
    "year": 2021,
    "month": 4,
    "day": 21,
    "hour": 11,
    "minute": 50,
    "temp": [
        29.5672727272727,
        29.559999999999974,
        29.559999999999974,
        29.550909090909073,
        29.503636363636364
    ],
    "tds": [
        1061.9700000000005,
        1061.9700000000005,
        1061.9700000000005,
        1062.5009090909095,
        1063.8945454545456
    ],
    "ph": [
        6.803030303030304,
        6.774848484848487,
        6.781249999999998,
        6.769696969696972,
        6.804242424242423
    ],
    "ntu": [
        3000.0,
        3000.0,
        3000.0,
        3000.0,
        3000.0
    ],
    "temp_avg": 29.548363636363614,
    "tds_avg": 1062.4610909090914,
    "ph_avg": 6.786613636363637,
    "ntu_avg": 3000.0
}