{
    "year": 2021,
    "month": 4,
    "day": 25,
    "hour": 10,
    "minute": 56,
    "temp": [
        26.690000000000037,
        26.690000000000037,
        26.690000000000037,
        26.690000000000037,
        26.690000000000037
    ],
    "ntu": [
        -58.943661971830984,
        -55.75714285714286,
        -56.61971830985915,
        -62.070422535211264,
        273.3768115942029
    ],
    "temp_avg": 26.690000000000037,
    "ntu_avg": 7.997173184031726
}