{
    "year": 2021,
    "month": 4,
    "day": 19,
    "hour": 16,
    "minute": 40,
    "temp": [
        29.978823529411763,
        30.0,
        30.0,
        30.0,
        30.0
    ],
    "tds": [
        1161.7558823529412,
        1037.5466666666669,
        1035.7000000000005,
        1035.7000000000005,
        1035.7000000000005
    ],
    "ph": [
        2.1285294117647062,
        2.0045454545454544,
        1.9503124999999997,
        1.956060606060607,
        1.88060606060606
    ],
    "ntu": [
        3000.0,
        3000.0,
        3000.0,
        3000.0,
        3000.0
    ],
    "temp_avg": 29.99576470588235,
    "tds_avg": 1061.280509803922,
    "ph_avg": 1.984010806595365,
    "ntu_avg": 3000.0
}