{
    "year": 2021,
    "month": 4,
    "day": 10,
    "hour": 5,
    "minute": 15,
    "temp": [
        25.75,
        25.75,
        25.75,
        25.75,
        25.75
    ],
    "tds": [
        1385.1860606060618,
        1387.6125,
        1384.4466666666676,
        1387.5687878787883,
        1388.0484375000003
    ],
    "ph": [
        2.403636363636364,
        2.3665624999999997,
        2.427575757575758,
        2.4093939393939396,
        2.386250000000001
    ],
    "ntu": [
        3000.0,
        3000.0,
        3000.0,
        3000.0,
        3000.0
    ],
    "temp_avg": 25.75,
    "tds_avg": 1386.5724905303036,
    "ph_avg": 2.3986837121212123,
    "ntu_avg": 3000.0
}