{
    "year": 2021,
    "month": 4,
    "day": 22,
    "hour": 22,
    "minute": 55,
    "temp": [
        27.256949152542333,
        27.273999999999994,
        27.20423728813563,
        27.17950000000001,
        27.119999999999962
    ],
    "ntu": [
        1626.1377966101695,
        1578.2465000000002,
        1581.080169491525,
        1572.2005000000004,
        1580.8045762711865
    ],
    "temp_avg": 27.206937288135588,
    "ntu_avg": 1587.6939084745761
}