{
    "year": 2021,
    "month": 4,
    "day": 15,
    "hour": 5,
    "minute": 35,
    "temp": [
        27.559999999999977,
        27.559999999999977,
        27.558124999999976,
        27.559999999999977,
        27.55090909090907
    ],
    "tds": [
        1261.2400000000002,
        1261.2400000000002,
        1260.7500000000002,
        1260.289393939394,
        1261.3284848484852
    ],
    "ph": [
        5.273636363636363,
        5.173333333333332,
        5.105312500000001,
        5.062424242424244,
        5.043939393939397
    ],
    "ntu": [
        3000.0,
        3000.0,
        3000.0,
        3000.0,
        3000.0
    ],
    "temp_avg": 27.557806818181795,
    "tds_avg": 1260.969575757576,
    "ph_avg": 5.131729166666668,
    "ntu_avg": 3000.0
}