{
    "year": 2021,
    "month": 4,
    "day": 12,
    "hour": 18,
    "minute": 35,
    "temp": [
        28.559999999999974,
        28.514545454545456,
        28.5,
        28.47090909090911,
        28.441818181818203
    ],
    "tds": [
        1066.2036363636362,
        1067.1442424242425,
        1067.22,
        1069.303636363636,
        1069.8681818181815
    ],
    "ph": [
        1.2812121212121217,
        1.3715151515151516,
        1.4159375,
        1.4133333333333327,
        1.5224242424242427
    ],
    "ntu": [
        3000.0,
        3000.0,
        3000.0,
        3000.0,
        3000.0
    ],
    "temp_avg": 28.49745454545455,
    "tds_avg": 1067.9479393939394,
    "ph_avg": 1.4008844696969698,
    "ntu_avg": 3000.0
}