{
    "year": 2021,
    "month": 4,
    "day": 9,
    "hour": 15,
    "minute": 40,
    "temp": [
        27.26125,
        27.25,
        27.23727272727274,
        27.19187500000002,
        27.190000000000023
    ],
    "tds": [
        1140.6056250000008,
        1141.0800000000008,
        1147.5690909090915,
        1147.6512499999994,
        1139.3499999999995
    ],
    "ph": [
        3.9384375000000005,
        3.7148484848484844,
        4.077878787878788,
        4.5865625,
        4.143030303030303
    ],
    "ntu": [
        3000.0,
        3000.0,
        3000.0,
        3000.0,
        3000.0
    ],
    "temp_avg": 27.22607954545456,
    "tds_avg": 1143.2511931818185,
    "ph_avg": 4.0921515151515155,
    "ntu_avg": 3000.0
}