{
    "year": 2021,
    "month": 4,
    "day": 14,
    "hour": 19,
    "minute": 5,
    "temp": [
        28.929062500000022,
        28.940000000000026,
        28.940000000000026,
        28.940000000000026,
        28.940000000000026
    ],
    "tds": [
        1276.4237499999997,
        1275.88,
        1274.7721212121214,
        1271.31,
        1275.6030303030304
    ],
    "ph": [
        4.7809375,
        4.7784848484848474,
        4.777878787878788,
        4.8078125,
        4.753030303030303
    ],
    "ntu": [
        3000.0,
        3000.0,
        3000.0,
        3000.0,
        3000.0
    ],
    "temp_avg": 28.937812500000025,
    "tds_avg": 1274.7977803030303,
    "ph_avg": 4.779628787878788,
    "ntu_avg": 3000.0
}