{
    "year": 2021,
    "month": 4,
    "day": 10,
    "hour": 11,
    "minute": 30,
    "temp": [
        29.616363636363637,
        29.62,
        29.656060606060628,
        29.690000000000026,
        29.690000000000026
    ],
    "tds": [
        1205.9500000000003,
        1205.6300000000003,
        1204.2300000000002,
        1194.7281818181825,
        1194.3087500000004
    ],
    "ph": [
        4.9378787878787875,
        4.928437499999999,
        4.974848484848484,
        5.032727272727274,
        5.0687500000000005
    ],
    "ntu": [
        3000.0,
        3000.0,
        3000.0,
        3000.0,
        3000.0
    ],
    "temp_avg": 29.654484848484863,
    "tds_avg": 1200.9693863636369,
    "ph_avg": 4.988528409090909,
    "ntu_avg": 3000.0
}