{
    "year": 2021,
    "month": 4,
    "day": 10,
    "hour": 0,
    "minute": 50,
    "temp": [
        25.3081818181818,
        25.282727272727268,
        25.259375,
        25.25,
        25.25
    ],
    "tds": [
        1420.166060606059,
        1424.0518181818175,
        1420.6199999999994,
        1421.5199999999993,
        1427.2821212121207
    ],
    "ph": [
        3.963333333333332,
        3.9542424242424237,
        3.9631249999999993,
        3.944242424242425,
        3.9906060606060607
    ],
    "ntu": [
        3000.0,
        3000.0,
        3000.0,
        3000.0,
        3000.0
    ],
    "temp_avg": 25.270056818181814,
    "tds_avg": 1422.7279999999992,
    "ph_avg": 3.963109848484849,
    "ntu_avg": 3000.0
}