{
    "year": 2021,
    "month": 4,
    "day": 10,
    "hour": 23,
    "minute": 0,
    "temp": [
        29.69727272727275,
        29.673030303030316,
        29.62,
        29.578181818181797,
        29.558181818181794
    ],
    "tds": [
        1050.0299999999995,
        1050.420909090909,
        1052.18,
        1054.0127272727273,
        1054.4715151515152
    ],
    "ph": [
        5.504242424242426,
        5.529696969696969,
        5.55125,
        5.565454545454544,
        5.622727272727271
    ],
    "ntu": [
        3000.0,
        3000.0,
        3000.0,
        3000.0,
        3000.0
    ],
    "temp_avg": 29.625333333333334,
    "tds_avg": 1052.2230303030306,
    "ph_avg": 5.554674242424242,
    "ntu_avg": 3000.0
}