{
    "year": 2021,
    "month": 4,
    "day": 10,
    "hour": 5,
    "minute": 0,
    "temp": [
        25.75,
        25.75,
        25.75,
        25.75,
        25.75
    ],
    "tds": [
        1382.6999999999996,
        1385.7169696969702,
        1389.3745454545444,
        1388.258787878788,
        1387.9400000000003
    ],
    "ph": [
        2.630000000000001,
        2.5972727272727276,
        2.483939393939394,
        2.4657575757575754,
        2.4653125
    ],
    "ntu": [
        3000.0,
        3000.0,
        3000.0,
        3000.0,
        3000.0
    ],
    "temp_avg": 25.75,
    "tds_avg": 1386.7980606060605,
    "ph_avg": 2.5284564393939393,
    "ntu_avg": 3000.0
}