{
    "year": 2021,
    "month": 4,
    "day": 23,
    "hour": 1,
    "minute": 41,
    "temp": [
        29.79499999999998,
        29.69915254237292,
        29.619999999999955,
        29.562999999999963,
        29.82644067796613
    ],
    "ntu": [
        2344.194333333333,
        2335.3410169491526,
        2337.640677966102,
        2333.260833333333,
        2072.8637288135596
    ],
    "temp_avg": 29.70071864406779,
    "ntu_avg": 2284.660118079096
}