{
    "year": 2021,
    "month": 4,
    "day": 9,
    "hour": 13,
    "minute": 50,
    "temp": [
        29.878484848484856,
        29.920909090909117,
        29.940000000000026,
        29.95636363636365,
        30.0
    ],
    "tds": [
        1190.5806060606067,
        1188.8672727272735,
        1188.7956250000007,
        1187.1636363636362,
        1188.3512121212123
    ],
    "ph": [
        5.13030303030303,
        5.2684848484848485,
        5.301562500000001,
        5.343939393939392,
        5.401212121212122
    ],
    "ntu": [
        3000.0,
        3000.0,
        3000.0,
        3000.0,
        3000.0
    ],
    "temp_avg": 29.93915151515153,
    "tds_avg": 1188.751670454546,
    "ph_avg": 5.289100378787879,
    "ntu_avg": 3000.0
}