{
    "year": 2021,
    "month": 4,
    "day": 25,
    "hour": 19,
    "minute": 50,
    "temp": [
        26.86999999999995,
        26.86999999999995,
        26.86999999999995,
        26.86999999999995,
        26.86999999999995
    ],
    "ntu": [
        -25.830985915492956,
        -26.15714285714286,
        -26.971830985915492,
        -27.714285714285715,
        -25.619718309859156
    ],
    "temp_avg": 26.869999999999955,
    "ntu_avg": -26.458792756539236
}