{
    "year": 2021,
    "month": 4,
    "day": 10,
    "hour": 19,
    "minute": 55,
    "temp": [
        28.75,
        28.701250000000023,
        28.6857575757576,
        28.62,
        28.616249999999997
    ],
    "tds": [
        1083.2599999999993,
        1085.3353124999996,
        1085.8287878787874,
        1087.7803030303023,
        1088.0665624999995
    ],
    "ph": [
        5.665757575757576,
        5.645937499999999,
        5.589090909090911,
        5.596969696969699,
        5.612812500000001
    ],
    "ntu": [
        3000.0,
        3000.0,
        3000.0,
        3000.0,
        3000.0
    ],
    "temp_avg": 28.674651515151528,
    "tds_avg": 1086.0541931818175,
    "ph_avg": 5.622113636363637,
    "ntu_avg": 3000.0
}