{
    "year": 2021,
    "month": 4,
    "day": 25,
    "hour": 19,
    "minute": 45,
    "temp": [
        26.86999999999995,
        26.86999999999995,
        26.86999999999995,
        26.86999999999995,
        26.86999999999995
    ],
    "ntu": [
        -31.585714285714285,
        -29.3943661971831,
        -29.35211267605634,
        -30.52857142857143,
        -28.3943661971831
    ],
    "temp_avg": 26.869999999999955,
    "ntu_avg": -29.85102615694165
}