{
    "year": 2021,
    "month": 4,
    "day": 20,
    "hour": 16,
    "minute": 15,
    "temp": [
        27.704545454545475,
        27.690000000000023,
        27.690000000000023,
        27.628484848484852,
        27.62
    ],
    "tds": [
        1135.566363636363,
        1136.1699999999992,
        1136.1699999999992,
        1138.1475757575759,
        1138.68
    ],
    "ph": [
        4.583030303030305,
        4.619696969696971,
        4.560000000000002,
        4.62060606060606,
        4.494848484848485
    ],
    "ntu": [
        3000.0,
        3000.0,
        3000.0,
        3000.0,
        3000.0
    ],
    "temp_avg": 27.666606060606075,
    "tds_avg": 1136.9467878787875,
    "ph_avg": 4.575636363636365,
    "ntu_avg": 3000.0
}