{
    "year": 2021,
    "month": 4,
    "day": 26,
    "hour": 8,
    "minute": 25,
    "temp": [
        26.715714285714316,
        26.707746478873265,
        26.71535211267608,
        26.70628571428574,
        26.71619718309861
    ],
    "ntu": [
        514.3,
        510.056338028169,
        503.61971830985914,
        501.9142857142857,
        500.4507042253521
    ],
    "temp_avg": 26.712259154929605,
    "ntu_avg": 506.0682092555332
}