{
    "year": 2021,
    "month": 4,
    "day": 16,
    "hour": 9,
    "minute": 20,
    "temp": [
        29.687812500000025,
        29.690000000000026,
        29.690000000000026,
        29.690000000000026,
        29.690000000000026
    ],
    "tds": [
        1140.3959375,
        1140.4672727272728,
        1140.32,
        1140.32,
        1140.32
    ],
    "ph": [
        7.034375,
        7.054848484848486,
        7.0572727272727285,
        7.050312500000003,
        7.084242424242425
    ],
    "ntu": [
        3000.0,
        3000.0,
        3000.0,
        3000.0,
        3000.0
    ],
    "temp_avg": 29.689562500000022,
    "tds_avg": 1140.3646420454545,
    "ph_avg": 7.056210227272729,
    "ntu_avg": 3000.0
}