{
    "year": 2021,
    "month": 4,
    "day": 19,
    "hour": 18,
    "minute": 20,
    "temp": [
        27.309999999999977,
        27.309999999999977,
        27.29687499999999,
        27.25,
        27.25
    ],
    "tds": [
        1231.134242424243,
        1231.2200000000005,
        1231.6621875000005,
        1234.0500000000002,
        1234.0500000000002
    ],
    "ph": [
        2.356363636363636,
        2.3709090909090906,
        2.3803125,
        2.2921212121212124,
        2.3051515151515147
    ],
    "ntu": [
        3000.0,
        3000.0,
        3000.0,
        3000.0,
        3000.0
    ],
    "temp_avg": 27.28337499999999,
    "tds_avg": 1232.4232859848487,
    "ph_avg": 2.340971590909091,
    "ntu_avg": 3000.0
}