{
    "year": 2021,
    "month": 4,
    "day": 9,
    "hour": 15,
    "minute": 20,
    "temp": [
        27.78,
        27.75,
        27.74454545454546,
        27.693750000000023,
        27.68787878787881
    ],
    "tds": [
        1119.8284375000003,
        1125.3033333333333,
        1123.0703030303032,
        1125.1834375,
        1126.2463636363645
    ],
    "ph": [
        4.549687500000001,
        4.697272727272729,
        4.771212121212122,
        4.654687499999999,
        4.8472727272727285
    ],
    "ntu": [
        3000.0,
        3000.0,
        3000.0,
        3000.0,
        3000.0
    ],
    "temp_avg": 27.73123484848486,
    "tds_avg": 1123.9263750000002,
    "ph_avg": 4.704026515151516,
    "ntu_avg": 3000.0
}