{
    "year": 2021,
    "month": 4,
    "day": 15,
    "hour": 7,
    "minute": 20,
    "temp": [
        27.559999999999977,
        27.559999999999977,
        27.559999999999977,
        27.559999999999977,
        27.559999999999977
    ],
    "tds": [
        1265.9000000000008,
        1265.9000000000008,
        1265.9000000000008,
        1263.3581818181817,
        1265.7543750000007
    ],
    "ph": [
        5.085757575757575,
        5.131874999999998,
        5.124545454545453,
        5.158787878787878,
        5.189374999999999
    ],
    "ntu": [
        3000.0,
        3000.0,
        3000.0,
        3000.0,
        3000.0
    ],
    "temp_avg": 27.55999999999998,
    "tds_avg": 1265.362511363637,
    "ph_avg": 5.138068181818181,
    "ntu_avg": 3000.0
}