{
    "year": 2021,
    "month": 4,
    "day": 22,
    "hour": 15,
    "minute": 46,
    "temp": [
        28.27542372881355,
        28.19200000000004,
        28.127118644067757,
        28.061999999999962,
        28.22
    ],
    "ntu": [
        1084.8461016949152,
        1032.5098333333335,
        1061.8913559322034,
        1036.5183333333334,
        1417.3622033898305
    ],
    "temp_avg": 28.17530847457626,
    "ntu_avg": 1126.6255655367233
}