{
    "year": 2021,
    "month": 4,
    "day": 12,
    "hour": 12,
    "minute": 0,
    "temp": [
        29.559999999999974,
        29.530909090909088,
        29.5,
        29.480000000000018,
        29.441818181818206
    ],
    "tds": [
        1050.5499999999995,
        1051.918181818182,
        1052.7000000000005,
        1050.4684848484849,
        1051.8681818181824
    ],
    "ph": [
        7.760303030303028,
        7.76636363636364,
        7.824062500000005,
        7.820606060606062,
        7.859090909090915
    ],
    "ntu": [
        3000.0,
        3000.0,
        3000.0,
        3000.0,
        3000.0
    ],
    "temp_avg": 29.50254545454546,
    "tds_avg": 1051.5009696969698,
    "ph_avg": 7.80608522727273,
    "ntu_avg": 3000.0
}