{
    "year": 2021,
    "month": 4,
    "day": 6,
    "hour": 18,
    "minute": 32,
    "temp": [
        26.87,
        26.87,
        27.0,
        25.12,
        27.0
    ],
    "tds": [
        1308.66,
        1308.66,
        1302.46,
        0.0,
        1302.46
    ],
    "ph": [
        0.0,
        0.0,
        0.0,
        0.0,
        0.0
    ],
    "ntu": [
        3000.0,
        3000.0,
        3000.0,
        3000.0,
        3000.0
    ],
    "temp_avg": 26.572000000000003,
    "tds_avg": 1044.4479999999999,
    "ph_avg": 0.0,
    "ntu_avg": 3000.0
}