{
    "year": 2021,
    "month": 4,
    "day": 9,
    "hour": 1,
    "minute": 0,
    "temp": [
        27.059999999999977,
        27.022499999999997,
        27.0,
        27.0,
        27.0
    ],
    "tds": [
        1369.5721212121216,
        1364.145625,
        1351.6999999999996,
        1352.3072727272724,
        1356.7099999999994
    ],
    "ph": [
        3.41909090909091,
        3.6609374999999997,
        3.8345454545454545,
        3.8290909090909073,
        3.842187499999999
    ],
    "ntu": [
        3000.0,
        3000.0,
        3000.0,
        3000.0,
        3000.0
    ],
    "temp_avg": 27.016499999999997,
    "tds_avg": 1358.8870037878787,
    "ph_avg": 3.717170454545454,
    "ntu_avg": 3000.0
}