{
    "year": 2021,
    "month": 4,
    "day": 16,
    "hour": 8,
    "minute": 10,
    "temp": [
        27.808181818181797,
        27.809999999999977,
        27.809999999999977,
        27.809999999999977,
        27.809999999999977
    ],
    "tds": [
        1226.9199999999992,
        1226.8662499999991,
        1227.0890909090901,
        1226.6466666666656,
        1226.9199999999992
    ],
    "ph": [
        6.613333333333332,
        6.6384375,
        6.653030303030305,
        6.601212121212122,
        6.657187499999999
    ],
    "ntu": [
        3000.0,
        3000.0,
        3000.0,
        3000.0,
        3000.0
    ],
    "temp_avg": 27.809636363636344,
    "tds_avg": 1226.8884015151507,
    "ph_avg": 6.632640151515152,
    "ntu_avg": 3000.0
}