{
    "year": 2021,
    "month": 4,
    "day": 9,
    "hour": 4,
    "minute": 20,
    "temp": [
        25.87,
        25.86625,
        25.84818181818181,
        25.83545454545453,
        25.819374999999983
    ],
    "tds": [
        1396.8000000000004,
        1392.6228124999996,
        1396.848181818182,
        1399.0193939393941,
        1399.0837499999993
    ],
    "ph": [
        3.4578787878787884,
        3.4412499999999993,
        3.454242424242424,
        3.43909090909091,
        3.4678125
    ],
    "ntu": [
        3000.0,
        3000.0,
        3000.0,
        3000.0,
        3000.0
    ],
    "temp_avg": 25.847852272727266,
    "tds_avg": 1396.874827651515,
    "ph_avg": 3.452054924242424,
    "ntu_avg": 3000.0
}