{
    "year": 2021,
    "month": 4,
    "day": 15,
    "hour": 2,
    "minute": 20,
    "temp": [
        27.739090909090912,
        27.71250000000002,
        27.70818181818184,
        27.693636363636383,
        27.69562500000002
    ],
    "tds": [
        1304.8069696969699,
        1305.2084375,
        1306.2857575757573,
        1306.7478787878783,
        1306.7334374999994
    ],
    "ph": [
        5.069090909090911,
        5.0984375,
        5.093333333333335,
        5.096363636363637,
        5.114375
    ],
    "ntu": [
        3000.0,
        3000.0,
        3000.0,
        3000.0,
        3000.0
    ],
    "temp_avg": 27.709806818181836,
    "tds_avg": 1305.9564962121208,
    "ph_avg": 5.094320075757577,
    "ntu_avg": 3000.0
}