{
    "year": 2021,
    "month": 4,
    "day": 23,
    "hour": 0,
    "minute": 50,
    "temp": [
        29.597288135593256,
        29.588983050847435,
        29.46900000000003,
        29.388983050847415,
        29.330999999999964
    ],
    "ntu": [
        1711.816949152542,
        1647.5086440677965,
        1633.7070000000008,
        1621.840508474577,
        1623.2760000000003
    ],
    "temp_avg": 29.475050847457624,
    "ntu_avg": 1647.6298203389833
}