{
    "year": 2021,
    "month": 4,
    "day": 22,
    "hour": 23,
    "minute": 30,
    "temp": [
        28.36000000000001,
        28.392542372881316,
        28.314067796610136,
        28.27499999999999,
        28.246949152542374
    ],
    "ntu": [
        2277.1136666666657,
        2209.823559322034,
        2208.64372881356,
        2205.6993333333344,
        2203.870338983051
    ],
    "temp_avg": 28.317711864406768,
    "ntu_avg": 2221.030125423729
}