{
    "year": 2021,
    "month": 4,
    "day": 13,
    "hour": 10,
    "minute": 0,
    "temp": [
        27.324999999999978,
        27.309999999999977,
        27.299090909090893,
        27.25,
        27.24818181818182
    ],
    "tds": [
        0.0,
        0.0,
        0.0,
        0.0,
        0.0
    ],
    "ph": [
        0.0,
        0.0,
        0.0,
        0.0,
        0.0
    ],
    "ntu": [
        3000.0,
        3000.0,
        3000.0,
        3000.0,
        3000.0
    ],
    "temp_avg": 27.286454545454536,
    "tds_avg": 0.0,
    "ph_avg": 0.0,
    "ntu_avg": 3000.0
}