{
    "year": 2021,
    "month": 4,
    "day": 22,
    "hour": 20,
    "minute": 30,
    "temp": [
        29.914237288135602,
        29.85216666666664,
        29.76016949152542,
        29.68850000000003,
        29.61593220338979
    ],
    "ntu": [
        1678.421186440678,
        1623.7106666666664,
        1626.4145762711862,
        1626.2615,
        1633.4308474576278
    ],
    "temp_avg": 29.7662011299435,
    "ntu_avg": 1637.6477553672316
}