{
    "year": 2021,
    "month": 4,
    "day": 9,
    "hour": 21,
    "minute": 10,
    "temp": [
        29.313749999999978,
        29.368181818181817,
        29.37,
        29.39625000000002,
        29.440000000000026
    ],
    "tds": [
        1218.5849999999991,
        1216.2400000000002,
        1216.2400000000002,
        1214.9050000000002,
        1221.3757575757575
    ],
    "ph": [
        4.868124999999999,
        4.909696969696968,
        4.926666666666668,
        4.9165624999999995,
        4.769090909090907
    ],
    "ntu": [
        3000.0,
        3000.0,
        3000.0,
        3000.0,
        3000.0
    ],
    "temp_avg": 29.377636363636373,
    "tds_avg": 1217.4691515151512,
    "ph_avg": 4.878028409090907,
    "ntu_avg": 3000.0
}