{
    "year": 2021,
    "month": 4,
    "day": 12,
    "hour": 12,
    "minute": 45,
    "temp": [
        27.690000000000023,
        27.670909090909102,
        27.556249999999995,
        27.44242424242426,
        27.37
    ],
    "tds": [
        1169.9863636363639,
        1170.935757575758,
        1175.7940624999992,
        1180.6796969696964,
        1183.6612121212129
    ],
    "ph": [
        9.576969696969703,
        9.633333333333328,
        9.688749999999995,
        9.725151515151515,
        9.758484848484844
    ],
    "ntu": [
        3000.0,
        3000.0,
        3000.0,
        3000.0,
        3000.0
    ],
    "temp_avg": 27.545916666666677,
    "tds_avg": 1176.211418560606,
    "ph_avg": 9.676537878787878,
    "ntu_avg": 3000.0
}