{
    "year": 2021,
    "month": 4,
    "day": 19,
    "hour": 18,
    "minute": 15,
    "temp": [
        27.440000000000023,
        27.435625000000023,
        27.384848484848487,
        27.37,
        27.362499999999997
    ],
    "tds": [
        1225.5800000000008,
        1225.6678125000008,
        1227.8790909090906,
        1228.3899999999996,
        1228.7437499999999
    ],
    "ph": [
        2.348787878787879,
        2.2871875,
        2.31969696969697,
        2.415151515151515,
        2.3415624999999993
    ],
    "ntu": [
        3000.0,
        3000.0,
        3000.0,
        3000.0,
        3000.0
    ],
    "temp_avg": 27.398594696969706,
    "tds_avg": 1227.2521306818182,
    "ph_avg": 2.3424772727272725,
    "ntu_avg": 3000.0
}