{
    "year": 2021,
    "month": 4,
    "day": 9,
    "hour": 10,
    "minute": 50,
    "temp": [
        29.595624999999995,
        29.618181818181817,
        29.62,
        29.62,
        29.62
    ],
    "tds": [
        1197.8040624999999,
        1197.07,
        1193.7136363636366,
        1194.6737500000002,
        1192.2948484848487
    ],
    "ph": [
        5.035625,
        5.041515151515154,
        5.163333333333333,
        5.130625000000001,
        5.214848484848482
    ],
    "ntu": [
        3000.0,
        3000.0,
        3000.0,
        3000.0,
        3000.0
    ],
    "temp_avg": 29.614761363636365,
    "tds_avg": 1195.111259469697,
    "ph_avg": 5.117189393939394,
    "ntu_avg": 3000.0
}