{
    "year": 2021,
    "month": 4,
    "day": 25,
    "hour": 19,
    "minute": 30,
    "temp": [
        26.871999999999954,
        26.86999999999995,
        26.870999999999952,
        26.86999999999995,
        26.86999999999995
    ],
    "ntu": [
        534.0428571428571,
        539.0985915492957,
        537.7428571428571,
        537.3802816901408,
        547.9859154929577
    ],
    "temp_avg": 26.87059999999995,
    "ntu_avg": 539.2501006036216
}