{
    "year": 2021,
    "month": 4,
    "day": 11,
    "hour": 2,
    "minute": 45,
    "temp": [
        25.55999999999998,
        25.55999999999998,
        25.55999999999998,
        25.55999999999998,
        25.55999999999998
    ],
    "tds": [
        1403.6999999999996,
        1403.6999999999996,
        1403.6999999999996,
        1403.6999999999996,
        1403.6999999999996
    ],
    "ph": [
        5.0721875,
        5.038181818181818,
        5.118787878787877,
        5.09375,
        5.161515151515152
    ],
    "ntu": [
        3000.0,
        3000.0,
        3000.0,
        3000.0,
        3000.0
    ],
    "temp_avg": 25.55999999999998,
    "tds_avg": 1403.6999999999996,
    "ph_avg": 5.0968844696969695,
    "ntu_avg": 3000.0
}