{
    "year": 2021,
    "month": 4,
    "day": 20,
    "hour": 21,
    "minute": 10,
    "temp": [
        27.4357575757576,
        27.507499999999993,
        27.556363636363614,
        27.58181818181818,
        27.62
    ],
    "tds": [
        1324.6203030303034,
        1321.2028125000004,
        1318.1900000000003,
        1317.3484848484845,
        1314.6481249999993
    ],
    "ph": [
        4.715757575757574,
        4.7228125,
        4.722424242424243,
        4.716363636363635,
        4.693124999999999
    ],
    "ntu": [
        3000.0,
        3000.0,
        3000.0,
        3000.0,
        3000.0
    ],
    "temp_avg": 27.540287878787876,
    "tds_avg": 1319.2019450757575,
    "ph_avg": 4.71409659090909,
    "ntu_avg": 3000.0
}