{
    "year": 2021,
    "month": 4,
    "day": 12,
    "hour": 5,
    "minute": 55,
    "temp": [
        26.23125000000001,
        26.230000000000008,
        26.239090909090912,
        26.246250000000003,
        26.233636363636368
    ],
    "tds": [
        1328.98875,
        1331.840303030303,
        1360.0290909090907,
        1414.89375,
        1381.1866666666672
    ],
    "ph": [
        6.905312500000001,
        6.904242424242424,
        6.928181818181817,
        6.981249999999998,
        6.9599999999999955
    ],
    "ntu": [
        3000.0,
        3000.0,
        3000.0,
        3000.0,
        3000.0
    ],
    "temp_avg": 26.23604545454546,
    "tds_avg": 1363.3877121212122,
    "ph_avg": 6.935797348484847,
    "ntu_avg": 3000.0
}