{
    "year": 2021,
    "month": 4,
    "day": 14,
    "hour": 15,
    "minute": 20,
    "temp": [
        27.059999999999977,
        27.050909090909073,
        27.012727272727265,
        27.028124999999996,
        27.0
    ],
    "tds": [
        1204.523125,
        1206.4057575757572,
        1210.6469696969693,
        1216.3784374999989,
        1206.798484848485
    ],
    "ph": [
        4.245937500000001,
        4.268181818181817,
        4.162121212121212,
        4.156875,
        4.2324242424242415
    ],
    "ntu": [
        3000.0,
        3000.0,
        3000.0,
        3000.0,
        3000.0
    ],
    "temp_avg": 27.03035227272726,
    "tds_avg": 1208.950554924242,
    "ph_avg": 4.213107954545454,
    "ntu_avg": 3000.0
}