{
    "year": 2021,
    "month": 4,
    "day": 15,
    "hour": 14,
    "minute": 0,
    "temp": [
        27.37,
        27.395454545454548,
        27.37,
        27.37,
        27.324545454545436
    ],
    "tds": [
        1136.0299999999995,
        1135.4215151515148,
        1136.0299999999995,
        1136.1087499999996,
        1138.2445454545455
    ],
    "ph": [
        7.277500000000001,
        7.244242424242425,
        7.264545454545453,
        7.287187500000004,
        7.286969696969698
    ],
    "ntu": [
        3000.0,
        3000.0,
        3000.0,
        3000.0,
        3000.0
    ],
    "temp_avg": 27.365999999999996,
    "tds_avg": 1136.3669621212116,
    "ph_avg": 7.272089015151517,
    "ntu_avg": 3000.0
}