{
    "year": 2021,
    "month": 4,
    "day": 15,
    "hour": 12,
    "minute": 10,
    "temp": [
        28.940000000000026,
        28.900625000000012,
        28.897575757575762,
        28.87,
        28.866249999999997
    ],
    "tds": [
        1078.345454545454,
        1077.499375,
        1079.1106060606057,
        1074.7799999999995,
        1076.5143750000002
    ],
    "ph": [
        7.126969696969694,
        7.138749999999999,
        7.133939393939389,
        7.14121212121212,
        7.113750000000002
    ],
    "ntu": [
        3000.0,
        3000.0,
        3000.0,
        3000.0,
        3000.0
    ],
    "temp_avg": 28.89489015151516,
    "tds_avg": 1077.2499621212119,
    "ph_avg": 7.130924242424241,
    "ntu_avg": 3000.0
}