{
    "year": 2021,
    "month": 4,
    "day": 13,
    "hour": 3,
    "minute": 25,
    "temp": [
        28.75,
        28.793124999999975,
        28.81363636363634,
        28.86818181818182,
        28.876562500000006
    ],
    "tds": [
        594.8896969696971,
        586.62375,
        532.5839393939393,
        539.4148484848483,
        599.108125
    ],
    "ph": [
        0.0,
        0.0,
        0.0,
        0.0,
        0.0
    ],
    "ntu": [
        3000.0,
        3000.0,
        3000.0,
        3000.0,
        3000.0
    ],
    "temp_avg": 28.82030113636363,
    "tds_avg": 570.5240719696969,
    "ph_avg": 0.0,
    "ntu_avg": 3000.0
}