{
    "year": 2021,
    "month": 4,
    "day": 22,
    "hour": 20,
    "minute": 50,
    "temp": [
        29.458833333333335,
        29.41932203389829,
        29.311999999999966,
        29.247966101694917,
        29.184067796610194
    ],
    "ntu": [
        1319.159666666667,
        1235.6569491525422,
        1246.5910000000001,
        1245.0877966101696,
        1215.1130508474575
    ],
    "temp_avg": 29.324437853107337,
    "ntu_avg": 1252.3216926553673
}