{
    "year": 2021,
    "month": 4,
    "day": 25,
    "hour": 20,
    "minute": 25,
    "temp": [
        26.86999999999995,
        26.86999999999995,
        26.86999999999995,
        26.86999999999995,
        26.86999999999995
    ],
    "ntu": [
        587.7285714285714,
        595.5774647887324,
        598.5714285714286,
        596.8169014084507,
        595.7887323943662
    ],
    "temp_avg": 26.869999999999955,
    "ntu_avg": 594.8966197183097
}