{
    "year": 2021,
    "month": 4,
    "day": 20,
    "hour": 5,
    "minute": 20,
    "temp": [
        29.37,
        29.36454545454545,
        29.311874999999976,
        29.308181818181794,
        29.255454545454544
    ],
    "tds": [
        1068.57,
        1069.0409090909093,
        1070.7206250000006,
        1071.1603030303036,
        1075.341818181818
    ],
    "ph": [
        2.8515151515151516,
        2.8675757575757577,
        2.8440624999999997,
        2.835151515151515,
        2.8603030303030312
    ],
    "ntu": [
        3000.0,
        3000.0,
        3000.0,
        3000.0,
        3000.0
    ],
    "temp_avg": 29.322011363636353,
    "tds_avg": 1070.9667310606062,
    "ph_avg": 2.851721590909091,
    "ntu_avg": 3000.0
}