{
    "year": 2021,
    "month": 4,
    "day": 25,
    "hour": 8,
    "minute": 40,
    "temp": [
        26.5,
        26.5,
        26.5,
        26.5,
        26.5
    ],
    "ntu": [
        373.34722222222223,
        372.0,
        361.9154929577465,
        372.14084507042253,
        350.62857142857143
    ],
    "temp_avg": 26.5,
    "ntu_avg": 366.0064263357925
}