{
    "year": 2021,
    "month": 4,
    "day": 13,
    "hour": 2,
    "minute": 15,
    "temp": [
        27.56545454545452,
        27.559999999999977,
        27.510909090909088,
        27.5,
        27.46000000000002
    ],
    "tds": [
        0.0,
        0.0,
        481.85484848484833,
        1086.3293749999996,
        1043.08696969697
    ],
    "ph": [
        0.0,
        0.0,
        0.0,
        0.0,
        0.0
    ],
    "ntu": [
        3000.0,
        3000.0,
        3000.0,
        3000.0,
        3000.0
    ],
    "temp_avg": 27.51927272727272,
    "tds_avg": 522.2542386363637,
    "ph_avg": 0.0,
    "ntu_avg": 3000.0
}