{
    "year": 2021,
    "month": 4,
    "day": 13,
    "hour": 17,
    "minute": 10,
    "temp": [
        27.441818181818203,
        27.494374999999998,
        27.538181818181794,
        27.574545454545444,
        27.622187500000003
    ],
    "tds": [
        1389.0787878787878,
        1389.808749999999,
        1383.8278787878778,
        1381.5169696969697,
        1379.1068749999995
    ],
    "ph": [
        0.0,
        0.0,
        0.0,
        0.0,
        0.0
    ],
    "ntu": [
        3000.0,
        3000.0,
        3000.0,
        3000.0,
        3000.0
    ],
    "temp_avg": 27.53422159090909,
    "tds_avg": 1384.6678522727268,
    "ph_avg": 0.0,
    "ntu_avg": 3000.0
}