{
    "year": 2021,
    "month": 4,
    "day": 15,
    "hour": 18,
    "minute": 30,
    "temp": [
        29.124375000000004,
        29.149696969696993,
        29.13484848484849,
        29.181250000000023,
        29.183636363636385
    ],
    "tds": [
        1154.0443750000002,
        1153.37,
        1153.671818181818,
        1152.0990624999993,
        1148.2133333333334
    ],
    "ph": [
        7.512499999999998,
        7.478484848484847,
        7.499999999999999,
        7.492812500000001,
        7.503030303030303
    ],
    "ntu": [
        3000.0,
        3000.0,
        3000.0,
        3000.0,
        3000.0
    ],
    "temp_avg": 29.15476136363638,
    "tds_avg": 1152.27971780303,
    "ph_avg": 7.49736553030303,
    "ntu_avg": 3000.0
}