{
    "year": 2021,
    "month": 4,
    "day": 13,
    "hour": 0,
    "minute": 40,
    "temp": [
        29.87,
        29.872121212121215,
        29.931515151515175,
        29.940000000000026,
        29.940000000000026
    ],
    "tds": [
        567.1912499999999,
        504.9145454545455,
        658.0215151515151,
        606.75,
        616.1069696969698
    ],
    "ph": [
        0.0,
        0.0,
        0.0,
        0.0,
        0.0
    ],
    "ntu": [
        3000.0,
        3000.0,
        3000.0,
        3000.0,
        3000.0
    ],
    "temp_avg": 29.910727272727286,
    "tds_avg": 590.5968560606061,
    "ph_avg": 0.0,
    "ntu_avg": 3000.0
}