{
    "year": 2021,
    "month": 4,
    "day": 13,
    "hour": 5,
    "minute": 10,
    "temp": [
        29.819090909090885,
        29.80249999999998,
        29.755454545454548,
        29.74454545454546,
        29.690000000000026
    ],
    "tds": [
        0.0,
        0.0,
        0.0,
        0.0,
        0.0
    ],
    "ph": [
        0.0,
        0.0,
        0.0,
        0.0,
        0.0
    ],
    "ntu": [
        3000.0,
        3000.0,
        3000.0,
        3000.0,
        3000.0
    ],
    "temp_avg": 29.76231818181818,
    "tds_avg": 0.0,
    "ph_avg": 0.0,
    "ntu_avg": 3000.0
}