{
    "year": 2021,
    "month": 4,
    "day": 16,
    "hour": 5,
    "minute": 55,
    "temp": [
        27.731818181818188,
        27.737272727272735,
        27.72750000000001,
        27.724545454545463,
        27.717272727272736
    ],
    "tds": [
        1238.7984848484846,
        1235.1899999999998,
        1234.77875,
        1234.7627272727273,
        1235.6172727272726
    ],
    "ph": [
        6.989090909090908,
        6.945151515151513,
        6.949374999999998,
        6.9033333333333315,
        6.902121212121211
    ],
    "ntu": [
        3000.0,
        3000.0,
        3000.0,
        3000.0,
        3000.0
    ],
    "temp_avg": 27.72768181818183,
    "tds_avg": 1235.8294469696968,
    "ph_avg": 6.937814393939393,
    "ntu_avg": 3000.0
}