{
    "year": 2021,
    "month": 4,
    "day": 12,
    "hour": 16,
    "minute": 0,
    "temp": [
        25.04727272727271,
        25.106875000000002,
        25.177272727272747,
        25.235454545454544,
        25.30624999999998
    ],
    "tds": [
        1358.2612121212126,
        1354.6796875000007,
        1351.3927272727267,
        1348.1327272727262,
        1344.184375000001
    ],
    "ph": [
        2.0599999999999996,
        2.023750000000001,
        2.021212121212122,
        2.0084848484848488,
        2.0090624999999998
    ],
    "ntu": [
        3000.0,
        3000.0,
        3000.0,
        3000.0,
        3000.0
    ],
    "temp_avg": 25.174625,
    "tds_avg": 1351.3301458333335,
    "ph_avg": 2.0245018939393935,
    "ntu_avg": 3000.0
}