{
    "year": 2021,
    "month": 4,
    "day": 11,
    "hour": 13,
    "minute": 40,
    "temp": [
        27.152812500000017,
        27.190000000000023,
        27.25,
        27.27999999999998,
        27.328181818181807
    ],
    "tds": [
        1289.9103125000001,
        1288.4900000000002,
        1285.4700000000005,
        1283.3065624999995,
        1281.6445454545453
    ],
    "ph": [
        6.420937499999998,
        6.223333333333334,
        5.733636363636362,
        5.9515625000000005,
        6.201212121212122
    ],
    "ntu": [
        3000.0,
        3000.0,
        3000.0,
        3000.0,
        3000.0
    ],
    "temp_avg": 27.240198863636362,
    "tds_avg": 1285.7642840909093,
    "ph_avg": 6.106136363636364,
    "ntu_avg": 3000.0
}