{
    "year": 2021,
    "month": 4,
    "day": 15,
    "hour": 9,
    "minute": 10,
    "temp": [
        29.690000000000026,
        29.690000000000026,
        29.690000000000026,
        29.690000000000026,
        29.690000000000026
    ],
    "tds": [
        1169.1899999999998,
        1169.1899999999998,
        1170.49625,
        1175.7881818181813,
        1177.57
    ],
    "ph": [
        5.987272727272727,
        6.018787878787881,
        6.009375000000001,
        5.987575757575759,
        6.038484848484849
    ],
    "ntu": [
        3000.0,
        3000.0,
        3000.0,
        3000.0,
        3000.0
    ],
    "temp_avg": 29.690000000000026,
    "tds_avg": 1172.4468863636362,
    "ph_avg": 6.008299242424243,
    "ntu_avg": 3000.0
}