{
    "year": 2021,
    "month": 4,
    "day": 14,
    "hour": 9,
    "minute": 0,
    "temp": [
        28.43343750000002,
        28.46909090909091,
        28.50181818181818,
        28.556363636363614,
        28.6125
    ],
    "tds": [
        1223.285625,
        1224.9575757575751,
        1227.9048484848493,
        1225.163333333334,
        1220.4218750000002
    ],
    "ph": [
        5.072187499999999,
        4.996363636363636,
        5.004848484848484,
        5.128787878787878,
        5.2659375
    ],
    "ntu": [
        3000.0,
        3000.0,
        3000.0,
        3000.0,
        3000.0
    ],
    "temp_avg": 28.514642045454547,
    "tds_avg": 1224.3466515151517,
    "ph_avg": 5.093624999999999,
    "ntu_avg": 3000.0
}