{
    "year": 2021,
    "month": 4,
    "day": 9,
    "hour": 8,
    "minute": 55,
    "temp": [
        29.75,
        29.75363636363636,
        29.794999999999977,
        29.809999999999974,
        29.809999999999974
    ],
    "tds": [
        1197.5533333333342,
        1200.3424242424246,
        1202.9571875,
        1202.0600000000002,
        1194.8348484848486
    ],
    "ph": [
        5.095454545454544,
        5.050303030303031,
        4.953125,
        5.096060606060605,
        5.0575757575757585
    ],
    "ntu": [
        3000.0,
        3000.0,
        3000.0,
        3000.0,
        3000.0
    ],
    "temp_avg": 29.783727272727255,
    "tds_avg": 1199.5495587121216,
    "ph_avg": 5.050503787878787,
    "ntu_avg": 3000.0
}