{
    "year": 2021,
    "month": 4,
    "day": 25,
    "hour": 22,
    "minute": 5,
    "temp": [
        26.809999999999963,
        26.809999999999963,
        26.809999999999963,
        26.809999999999963,
        26.809999999999963
    ],
    "ntu": [
        620.4929577464789,
        627.4857142857143,
        627.4788732394367,
        627.4714285714285,
        627.3943661971831
    ],
    "temp_avg": 26.809999999999963,
    "ntu_avg": 626.0646680080483
}