{
    "year": 2021,
    "month": 4,
    "day": 16,
    "hour": 7,
    "minute": 0,
    "temp": [
        27.742727272727276,
        27.740625000000005,
        27.72272727272728,
        27.728181818181824,
        27.738750000000003
    ],
    "tds": [
        1235.5063636363636,
        1236.6103125000002,
        1239.7133333333334,
        1240.9757575757576,
        1248.9365624999996
    ],
    "ph": [
        6.7690909090909095,
        6.734374999999998,
        6.724848484848484,
        6.7233333333333345,
        6.703437499999999
    ],
    "ntu": [
        3000.0,
        3000.0,
        3000.0,
        3000.0,
        3000.0
    ],
    "temp_avg": 27.73460227272728,
    "tds_avg": 1240.3484659090907,
    "ph_avg": 6.7310170454545455,
    "ntu_avg": 3000.0
}