{
    "year": 2021,
    "month": 4,
    "day": 19,
    "hour": 22,
    "minute": 50,
    "temp": [
        27.18562500000002,
        27.12636363636364,
        27.12,
        27.12,
        27.118181818181817
    ],
    "tds": [
        1152.3818750000003,
        1153.2915151515153,
        1154.0245454545457,
        1153.8936363636365,
        1155.1239393939395
    ],
    "ph": [
        2.989375,
        2.9951515151515147,
        2.9760606060606065,
        2.9872727272727273,
        2.965151515151515
    ],
    "ntu": [
        3000.0,
        3000.0,
        3000.0,
        3000.0,
        3000.0
    ],
    "temp_avg": 27.134034090909097,
    "tds_avg": 1153.7431022727274,
    "ph_avg": 2.9826022727272727,
    "ntu_avg": 3000.0
}