{
    "year": 2021,
    "month": 4,
    "day": 24,
    "hour": 12,
    "minute": 56,
    "temp": [
        30.152535211267566,
        30.079436619718276,
        30.005142857142857,
        29.95014084507046,
        30.136714285714287
    ],
    "ntu": [
        -106.83098591549296,
        -102.91549295774648,
        -96.65714285714286,
        -94.11267605633803,
        278.45714285714286
    ],
    "temp_avg": 30.064793963782687,
    "ntu_avg": -24.411830985915493
}