{
    "year": 2021,
    "month": 4,
    "day": 9,
    "hour": 22,
    "minute": 45,
    "temp": [
        28.690000000000026,
        28.656060606060617,
        28.62,
        28.596363636363616,
        28.559999999999974
    ],
    "tds": [
        1089.5200000000002,
        1090.8557575757575,
        1095.8399999999997,
        1097.0403030303025,
        1094.1600000000003
    ],
    "ph": [
        4.614242424242424,
        4.2339393939393934,
        4.123125000000001,
        4.252727272727274,
        4.253333333333332
    ],
    "ntu": [
        3000.0,
        3000.0,
        3000.0,
        3000.0,
        3000.0
    ],
    "temp_avg": 28.624484848484848,
    "tds_avg": 1093.4832121212119,
    "ph_avg": 4.295473484848484,
    "ntu_avg": 3000.0
}