{
    "year": 2021,
    "month": 4,
    "day": 20,
    "hour": 1,
    "minute": 35,
    "temp": [
        29.0,
        28.99818181818182,
        28.96062500000002,
        28.940000000000026,
        28.933636363636385
    ],
    "tds": [
        1078.0999999999995,
        1078.1687878787875,
        1080.0153124999995,
        1080.3699999999994,
        1080.576363636363
    ],
    "ph": [
        2.743636363636363,
        2.709090909090909,
        2.712812500000001,
        2.669090909090909,
        2.6727272727272737
    ],
    "ntu": [
        3000.0,
        3000.0,
        3000.0,
        3000.0,
        3000.0
    ],
    "temp_avg": 28.966488636363653,
    "tds_avg": 1079.4460928030298,
    "ph_avg": 2.701471590909091,
    "ntu_avg": 3000.0
}