{
    "year": 2021,
    "month": 4,
    "day": 9,
    "hour": 20,
    "minute": 45,
    "temp": [
        28.582499999999992,
        28.62,
        28.636969696969707,
        28.690000000000026,
        28.702727272727287
    ],
    "tds": [
        1241.28,
        1240.18,
        1239.758787878788,
        1237.4000000000008,
        1237.4060606060607
    ],
    "ph": [
        4.925624999999999,
        4.916969696969698,
        4.713333333333333,
        4.711562500000001,
        4.905454545454543
    ],
    "ntu": [
        3000.0,
        3000.0,
        3000.0,
        3000.0,
        3000.0
    ],
    "temp_avg": 28.646439393939403,
    "tds_avg": 1239.2049696969698,
    "ph_avg": 4.834589015151515,
    "ntu_avg": 3000.0
}