{
    "year": 2021,
    "month": 4,
    "day": 13,
    "hour": 20,
    "minute": 40,
    "temp": [
        27.067272727272712,
        27.12,
        27.1857575757576,
        27.22090909090909,
        27.27062499999998
    ],
    "tds": [
        1348.264242424242,
        1345.2300000000005,
        1342.2145454545448,
        1339.3336363636363,
        1334.3487499999999
    ],
    "ph": [
        2.0315151515151513,
        2.1293750000000005,
        2.165454545454546,
        2.050909090909091,
        1.6903125
    ],
    "ntu": [
        3000.0,
        3000.0,
        3000.0,
        3000.0,
        3000.0
    ],
    "temp_avg": 27.172912878787873,
    "tds_avg": 1341.8782348484847,
    "ph_avg": 2.013513257575758,
    "ntu_avg": 3000.0
}