{
    "year": 2021,
    "month": 4,
    "day": 20,
    "hour": 9,
    "minute": 30,
    "temp": [
        28.95500000000002,
        28.940000000000026,
        28.9357575757576,
        28.8809375,
        28.87
    ],
    "tds": [
        1079.8024999999996,
        1080.3699999999994,
        1080.4387878787873,
        1082.4981249999996,
        1082.6399999999996
    ],
    "ph": [
        1.8728125000000002,
        2.0524242424242427,
        2.126363636363637,
        2.2009374999999998,
        2.2312121212121205
    ],
    "ntu": [
        3000.0,
        3000.0,
        3000.0,
        3000.0,
        3000.0
    ],
    "temp_avg": 28.91633901515153,
    "tds_avg": 1081.1498825757571,
    "ph_avg": 2.09675,
    "ntu_avg": 3000.0
}