{
    "year": 2021,
    "month": 4,
    "day": 11,
    "hour": 23,
    "minute": 0,
    "temp": [
        28.578181818181793,
        28.559999999999974,
        28.539999999999992,
        28.5,
        28.498125
    ],
    "tds": [
        1085.6821212121204,
        1086.1699999999992,
        1086.9399999999998,
        1088.4799999999998,
        1088.5524999999998
    ],
    "ph": [
        6.812727272727272,
        6.820625000000001,
        6.826363636363638,
        6.803939393939396,
        6.807187500000001
    ],
    "ntu": [
        3000.0,
        3000.0,
        3000.0,
        3000.0,
        3000.0
    ],
    "temp_avg": 28.53526136363635,
    "tds_avg": 1087.1649242424237,
    "ph_avg": 6.814168560606061,
    "ntu_avg": 3000.0
}