{
    "year": 2021,
    "month": 4,
    "day": 23,
    "hour": 13,
    "minute": 0,
    "temp": [
        29.645333333333344,
        29.69000000000004,
        29.661999999999974,
        29.60779661016946,
        29.55999999999996
    ],
    "ntu": [
        2303.4554999999996,
        2276.7986440677964,
        2281.001333333333,
        2310.1708474576267,
        2298.5520338983047
    ],
    "temp_avg": 29.63302598870056,
    "ntu_avg": 2293.995671751412
}