{
    "year": 2021,
    "month": 4,
    "day": 12,
    "hour": 21,
    "minute": 45,
    "temp": [
        29.0,
        28.99272727272728,
        28.943636363636386,
        28.940000000000026,
        28.9039393939394
    ],
    "tds": [
        1050.5024999999998,
        1048.978787878788,
        1051.1869696969704,
        1051.3646875000006,
        1052.3472727272722
    ],
    "ph": [
        0.0,
        0.0,
        0.0,
        0.0,
        0.0
    ],
    "ntu": [
        3000.0,
        3000.0,
        3000.0,
        3000.0,
        3000.0
    ],
    "temp_avg": 28.956060606060618,
    "tds_avg": 1050.8760435606061,
    "ph_avg": 0.0,
    "ntu_avg": 3000.0
}