{
    "year": 2021,
    "month": 4,
    "day": 12,
    "hour": 12,
    "minute": 50,
    "temp": [
        27.31562499999998,
        27.440000000000023,
        27.395454545454548,
        27.36062499999999,
        27.302727272727257
    ],
    "tds": [
        1186.0087499999997,
        1178.3924242424237,
        1179.9466666666667,
        1179.6806249999997,
        1182.1736363636355
    ],
    "ph": [
        9.797812500000003,
        9.83060606060606,
        9.863333333333337,
        9.891874999999995,
        9.917878787878786
    ],
    "ntu": [
        3000.0,
        3000.0,
        3000.0,
        3000.0,
        3000.0
    ],
    "temp_avg": 27.362886363636356,
    "tds_avg": 1181.240420454545,
    "ph_avg": 9.860301136363635,
    "ntu_avg": 3000.0
}