{
    "year": 2021,
    "month": 4,
    "day": 14,
    "hour": 19,
    "minute": 31,
    "temp": [
        29.059999999999974,
        29.059999999999974,
        29.059999999999974,
        29.059999999999974,
        29.059999999999974
    ],
    "tds": [
        1274.4136363636364,
        1274.69,
        1273.9775,
        1274.69,
        1283.8600000000004
    ],
    "ph": [
        4.655454545454544,
        4.6354545454545475,
        4.6140625,
        4.600606060606061,
        4.562727272727273
    ],
    "ntu": [
        3000.0,
        3000.0,
        3000.0,
        3000.0,
        3000.0
    ],
    "temp_avg": 29.059999999999974,
    "tds_avg": 1276.3262272727275,
    "ph_avg": 4.613660984848485,
    "ntu_avg": 3000.0
}