{
    "year": 2021,
    "month": 4,
    "day": 12,
    "hour": 3,
    "minute": 50,
    "temp": [
        26.12,
        26.12,
        26.12,
        26.12,
        26.122187500000003
    ],
    "tds": [
        1336.9400000000003,
        1336.9400000000003,
        1336.9400000000003,
        1336.8415151515155,
        1336.9400000000003
    ],
    "ph": [
        7.232727272727273,
        7.0603125,
        7.101818181818181,
        7.167575757575757,
        7.198124999999999
    ],
    "ntu": [
        3000.0,
        3000.0,
        3000.0,
        3000.0,
        3000.0
    ],
    "temp_avg": 26.1204375,
    "tds_avg": 1336.9203030303033,
    "ph_avg": 7.152111742424242,
    "ntu_avg": 3000.0
}