{
    "year": 2021,
    "month": 4,
    "day": 19,
    "hour": 18,
    "minute": 10,
    "temp": [
        27.559999999999977,
        27.552727272727257,
        27.503636363636364,
        27.5,
        27.4709090909091
    ],
    "tds": [
        1220.0,
        1220.2527272727273,
        1222.1903030303026,
        1222.7799999999995,
        1224.3921212121215
    ],
    "ph": [
        2.234687500000001,
        2.208181818181818,
        2.2984848484848484,
        2.3181249999999993,
        2.3466666666666676
    ],
    "ntu": [
        3000.0,
        3000.0,
        3000.0,
        3000.0,
        3000.0
    ],
    "temp_avg": 27.51745454545454,
    "tds_avg": 1221.9230303030304,
    "ph_avg": 2.281229166666667,
    "ntu_avg": 3000.0
}