{
    "year": 2021,
    "month": 4,
    "day": 11,
    "hour": 11,
    "minute": 50,
    "temp": [
        29.422500000000014,
        29.37,
        29.36454545454545,
        29.309999999999974,
        29.309999999999974
    ],
    "tds": [
        1055.8871875,
        1054.5,
        1053.690303030303,
        1055.4000000000005,
        1055.5321212121219
    ],
    "ph": [
        6.403125,
        6.358484848484849,
        6.386363636363635,
        6.461562499999999,
        6.422424242424242
    ],
    "ntu": [
        3000.0,
        3000.0,
        3000.0,
        3000.0,
        3000.0
    ],
    "temp_avg": 29.355409090909085,
    "tds_avg": 1055.001922348485,
    "ph_avg": 6.406392045454545,
    "ntu_avg": 3000.0
}