{
    "year": 2021,
    "month": 4,
    "day": 10,
    "hour": 22,
    "minute": 55,
    "temp": [
        29.872121212121215,
        29.84562499999998,
        29.809999999999974,
        29.77181818181818,
        29.75
    ],
    "tds": [
        1043.6300000000008,
        1044.3621875,
        1045.7599999999993,
        1047.244545454545,
        1047.8899999999996
    ],
    "ph": [
        5.51060606060606,
        5.531250000000002,
        5.537878787878787,
        5.535454545454547,
        5.5062500000000005
    ],
    "ntu": [
        3000.0,
        3000.0,
        3000.0,
        3000.0,
        3000.0
    ],
    "temp_avg": 29.809912878787873,
    "tds_avg": 1045.777346590909,
    "ph_avg": 5.524287878787879,
    "ntu_avg": 3000.0
}