{
    "year": 2021,
    "month": 4,
    "day": 23,
    "hour": 23,
    "minute": 41,
    "temp": [
        30.33028169014081,
        30.250857142857143,
        30.180985915492975,
        30.107323943661925,
        30.267183098591502
    ],
    "ntu": [
        666.0985915492957,
        667.6285714285714,
        670.056338028169,
        671.6619718309859,
        -8.464788732394366
    ],
    "temp_avg": 30.227326358148865,
    "ntu_avg": 533.3961368209254
}