{
    "year": 2021,
    "month": 4,
    "day": 12,
    "hour": 3,
    "minute": 5,
    "temp": [
        26.0,
        26.0,
        26.0,
        26.0,
        26.0
    ],
    "tds": [
        1343.4800000000005,
        1343.4800000000005,
        1343.4800000000005,
        1343.4800000000005,
        1343.3806060606064
    ],
    "ph": [
        7.2209090909090925,
        7.225454545454548,
        7.251249999999998,
        7.235151515151512,
        7.224848484848484
    ],
    "ntu": [
        3000.0,
        3000.0,
        3000.0,
        3000.0,
        3000.0
    ],
    "temp_avg": 26.0,
    "tds_avg": 1343.4601212121217,
    "ph_avg": 7.231522727272727,
    "ntu_avg": 3000.0
}