{
    "year": 2021,
    "month": 4,
    "day": 20,
    "hour": 19,
    "minute": 0,
    "temp": [
        29.87,
        29.83545454545452,
        29.809999999999974,
        29.766875,
        29.75
    ],
    "tds": [
        1047.3800000000008,
        1048.67696969697,
        1049.5200000000002,
        1051.058125,
        1051.66
    ],
    "ph": [
        4.923125,
        4.883030303030304,
        4.860909090909093,
        4.8146875000000025,
        4.873636363636364
    ],
    "ntu": [
        3000.0,
        3000.0,
        3000.0,
        3000.0,
        3000.0
    ],
    "temp_avg": 29.8064659090909,
    "tds_avg": 1049.6590189393942,
    "ph_avg": 4.871077651515153,
    "ntu_avg": 3000.0
}