{
    "year": 2021,
    "month": 4,
    "day": 14,
    "hour": 0,
    "minute": 45,
    "temp": [
        28.19375000000002,
        28.25,
        28.297272727272706,
        28.326874999999994,
        28.37
    ],
    "tds": [
        1307.5074999999997,
        1304.4081818181817,
        1297.3603030303036,
        1301.0821875000001,
        1297.68
    ],
    "ph": [
        3.7715625000000013,
        3.656060606060605,
        3.677272727272728,
        3.644687500000002,
        3.645151515151515
    ],
    "ntu": [
        3000.0,
        3000.0,
        3000.0,
        3000.0,
        3000.0
    ],
    "temp_avg": 28.28757954545455,
    "tds_avg": 1301.6076344696971,
    "ph_avg": 3.6789469696969705,
    "ntu_avg": 3000.0
}