{
    "year": 2021,
    "month": 4,
    "day": 25,
    "hour": 15,
    "minute": 37,
    "temp": [
        26.90253521126759,
        26.897999999999985,
        26.899166666666655,
        26.913,
        26.906478873239433
    ],
    "ntu": [
        319.1830985915493,
        309.5,
        288.90277777777777,
        265.1857142857143,
        267.3943661971831
    ],
    "temp_avg": 26.90383615023473,
    "ntu_avg": 290.0331913704449
}