{
    "year": 2021,
    "month": 4,
    "day": 14,
    "hour": 3,
    "minute": 55,
    "temp": [
        27.5,
        27.5,
        27.46909090909093,
        27.440000000000023,
        27.440000000000023
    ],
    "tds": [
        1139.48,
        1139.48,
        1140.32,
        1142.0,
        1140.140625
    ],
    "ph": [
        4.908484848484848,
        4.904062499999999,
        4.929393939393939,
        4.924242424242423,
        4.956874999999998
    ],
    "ntu": [
        3000.0,
        3000.0,
        3000.0,
        3000.0,
        3000.0
    ],
    "temp_avg": 27.469818181818198,
    "tds_avg": 1140.284125,
    "ph_avg": 4.924611742424242,
    "ntu_avg": 3000.0
}