{
    "year": 2021,
    "month": 4,
    "day": 23,
    "hour": 11,
    "minute": 5,
    "temp": [
        28.831500000000023,
        28.844067796610144,
        28.757,
        28.702203389830544,
        28.653833333333303
    ],
    "ntu": [
        2370.8765000000003,
        2333.1438983050834,
        2334.0868333333333,
        2330.8086440677966,
        2337.1943333333325
    ],
    "temp_avg": 28.757720903954805,
    "ntu_avg": 2341.222041807909
}