{
    "year": 2021,
    "month": 4,
    "day": 13,
    "hour": 17,
    "minute": 25,
    "temp": [
        28.12,
        28.16666666666669,
        28.20500000000001,
        28.25,
        28.304545454545433
    ],
    "tds": [
        1343.4800000000005,
        1341.632121212122,
        1339.4496875000002,
        1332.266060606061,
        1329.6357575757575
    ],
    "ph": [
        0.10363636363636365,
        0.04454545454545456,
        0.2225,
        0.5136363636363637,
        0.5733333333333333
    ],
    "ntu": [
        3000.0,
        3000.0,
        3000.0,
        3000.0,
        3000.0
    ],
    "temp_avg": 28.209242424242426,
    "tds_avg": 1337.2927253787882,
    "ph_avg": 0.29153030303030303,
    "ntu_avg": 3000.0
}