{
    "year": 2021,
    "month": 4,
    "day": 14,
    "hour": 17,
    "minute": 25,
    "temp": [
        27.75,
        27.781874999999985,
        27.804545454545433,
        27.809999999999977,
        27.81181818181816
    ],
    "tds": [
        1384.5063636363636,
        1389.0590625000004,
        1374.6581818181821,
        1381.9636363636364,
        1386.901515151516
    ],
    "ph": [
        4.933939393939393,
        4.889687499999997,
        4.893939393939393,
        4.837272727272726,
        4.757575757575758
    ],
    "ntu": [
        3000.0,
        3000.0,
        3000.0,
        3000.0,
        3000.0
    ],
    "temp_avg": 27.79164772727271,
    "tds_avg": 1383.4177518939398,
    "ph_avg": 4.862482954545453,
    "ntu_avg": 3000.0
}