{
    "year": 2021,
    "month": 4,
    "day": 23,
    "hour": 3,
    "minute": 5,
    "temp": [
        28.323220338983006,
        28.302999999999976,
        28.21237288135596,
        28.133999999999958,
        28.071186440677927
    ],
    "ntu": [
        1735.6177966101693,
        1666.2458333333338,
        1654.9305084745758,
        1660.7723333333336,
        1653.3530508474573
    ],
    "temp_avg": 28.208755932203367,
    "ntu_avg": 1674.183904519774
}