{
    "year": 2021,
    "month": 4,
    "day": 24,
    "hour": 0,
    "minute": 41,
    "temp": [
        30.244000000000007,
        30.16338028169012,
        30.08914285714283,
        30.025352112676046,
        30.195999999999984
    ],
    "ntu": [
        662.2857142857143,
        663.3380281690141,
        664.9142857142857,
        665.6478873239437,
        -9.071428571428571
    ],
    "temp_avg": 30.1435750503018,
    "ntu_avg": 529.4228973843059
}