{
    "year": 2021,
    "month": 4,
    "day": 20,
    "hour": 3,
    "minute": 35,
    "temp": [
        27.829999999999995,
        27.87,
        27.940000000000023,
        27.996363636363636,
        28.048749999999977
    ],
    "tds": [
        1309.5672727272731,
        1307.5249999999999,
        1304.6721212121222,
        1301.5500000000002,
        1298.7187499999993
    ],
    "ph": [
        2.1633333333333336,
        2.1653125,
        2.15969696969697,
        2.1833333333333336,
        2.1821875
    ],
    "ntu": [
        3000.0,
        3000.0,
        3000.0,
        3000.0,
        3000.0
    ],
    "temp_avg": 27.937022727272726,
    "tds_avg": 1304.4066287878788,
    "ph_avg": 2.1707727272727273,
    "ntu_avg": 3000.0
}