{
    "year": 2021,
    "month": 4,
    "day": 21,
    "hour": 11,
    "minute": 25,
    "temp": [
        29.809999999999974,
        29.809999999999974,
        29.809999999999974,
        29.809999999999974,
        29.808181818181794
    ],
    "tds": [
        1045.7599999999993,
        1045.7599999999993,
        1045.7599999999993,
        1045.8265624999992,
        1045.8890909090903
    ],
    "ph": [
        6.786875000000002,
        6.798181818181818,
        6.787878787878787,
        6.815625,
        6.816666666666666
    ],
    "ntu": [
        3000.0,
        3000.0,
        3000.0,
        3000.0,
        3000.0
    ],
    "temp_avg": 29.809636363636336,
    "tds_avg": 1045.7991306818176,
    "ph_avg": 6.801045454545455,
    "ntu_avg": 3000.0
}