{
    "year": 2021,
    "month": 4,
    "day": 11,
    "hour": 11,
    "minute": 30,
    "temp": [
        29.93363636363639,
        29.940000000000026,
        29.940000000000026,
        29.937878787878812,
        29.931515151515175
    ],
    "tds": [
        1034.2066666666676,
        1034.0800000000008,
        1034.642121212122,
        1034.0800000000008,
        1035.2487878787886
    ],
    "ph": [
        6.295757575757578,
        6.346969696969699,
        6.367272727272728,
        6.428181818181818,
        6.4827272727272724
    ],
    "ntu": [
        3000.0,
        3000.0,
        3000.0,
        3000.0,
        3000.0
    ],
    "temp_avg": 29.93660606060609,
    "tds_avg": 1034.451515151516,
    "ph_avg": 6.38418181818182,
    "ntu_avg": 3000.0
}