{
    "year": 2021,
    "month": 4,
    "day": 12,
    "hour": 4,
    "minute": 10,
    "temp": [
        26.190000000000023,
        26.190000000000023,
        26.190000000000023,
        26.190000000000023,
        26.190000000000023
    ],
    "tds": [
        1333.6900000000003,
        1333.6900000000003,
        1333.6900000000003,
        1333.6900000000003,
        1333.6900000000003
    ],
    "ph": [
        7.141818181818176,
        7.1721875,
        7.1975757575757555,
        7.1990909090909065,
        7.233125000000001
    ],
    "ntu": [
        3000.0,
        3000.0,
        3000.0,
        3000.0,
        3000.0
    ],
    "temp_avg": 26.19000000000002,
    "tds_avg": 1333.6900000000003,
    "ph_avg": 7.188759469696967,
    "ntu_avg": 3000.0
}