{
    "year": 2021,
    "month": 4,
    "day": 11,
    "hour": 12,
    "minute": 15,
    "temp": [
        28.75,
        28.72562500000002,
        28.690000000000026,
        28.679393939393957,
        28.622187500000003
    ],
    "tds": [
        1079.3100000000004,
        1080.3787499999999,
        1081.59,
        1081.7972727272725,
        1083.7987499999995
    ],
    "ph": [
        6.3969696969696965,
        6.3862499999999995,
        6.371212121212125,
        6.353939393939393,
        6.349999999999999
    ],
    "ntu": [
        3000.0,
        3000.0,
        3000.0,
        3000.0,
        3000.0
    ],
    "temp_avg": 28.6934412878788,
    "tds_avg": 1081.3749545454546,
    "ph_avg": 6.371674242424242,
    "ntu_avg": 3000.0
}