{
    "year": 2021,
    "month": 4,
    "day": 14,
    "hour": 3,
    "minute": 20,
    "temp": [
        28.37,
        28.351249999999986,
        28.311818181818158,
        28.308181818181797,
        28.2575
    ],
    "tds": [
        1129.8399999999997,
        1127.9450000000002,
        1133.8148484848482,
        1127.150606060607,
        1134.8981249999995
    ],
    "ph": [
        4.472424242424243,
        4.4140625,
        4.4360606060606065,
        4.480909090909092,
        4.433437500000001
    ],
    "ntu": [
        3000.0,
        3000.0,
        3000.0,
        3000.0,
        3000.0
    ],
    "temp_avg": 28.31974999999999,
    "tds_avg": 1130.7297159090908,
    "ph_avg": 4.4473787878787885,
    "ntu_avg": 3000.0
}