{
    "year": 2021,
    "month": 4,
    "day": 15,
    "hour": 4,
    "minute": 0,
    "temp": [
        27.56363636363634,
        27.561818181818158,
        27.561874999999976,
        27.56181818181816,
        27.56181818181816
    ],
    "tds": [
        1313.0709090909097,
        1313.1733333333336,
        1313.8143750000008,
        1322.9457575757583,
        1323.3351515151521
    ],
    "ph": [
        4.971515151515152,
        4.922727272727272,
        4.784062500000001,
        4.8566666666666665,
        4.847272727272728
    ],
    "ntu": [
        3000.0,
        3000.0,
        3000.0,
        3000.0,
        3000.0
    ],
    "temp_avg": 27.562193181818156,
    "tds_avg": 1317.2679053030308,
    "ph_avg": 4.876448863636364,
    "ntu_avg": 3000.0
}