{
    "year": 2021,
    "month": 4,
    "day": 20,
    "hour": 4,
    "minute": 40,
    "temp": [
        29.87,
        29.87,
        29.87,
        29.860909090909086,
        29.84999999999999
    ],
    "tds": [
        1216.5899999999995,
        1216.1981818181814,
        1216.1859374999997,
        1216.6706060606055,
        1217.2348484848478
    ],
    "ph": [
        2.838181818181818,
        2.845454545454546,
        2.864062499999998,
        2.8518181818181816,
        2.8315151515151498
    ],
    "ntu": [
        3000.0,
        3000.0,
        3000.0,
        3000.0,
        3000.0
    ],
    "temp_avg": 29.864181818181816,
    "tds_avg": 1216.575914772727,
    "ph_avg": 2.8462064393939386,
    "ntu_avg": 3000.0
}