{
    "year": 2021,
    "month": 4,
    "day": 10,
    "hour": 14,
    "minute": 25,
    "temp": [
        28.021818181818162,
        28.059999999999977,
        28.12,
        28.134848484848497,
        28.190000000000023
    ],
    "tds": [
        1269.6984848484847,
        1265.7900000000006,
        1262.9875757575765,
        1262.1993939393947,
        1260.0099999999998
    ],
    "ph": [
        5.24272727272727,
        5.189375,
        5.217575757575755,
        5.2669696969696975,
        5.265624999999998
    ],
    "ntu": [
        3000.0,
        3000.0,
        3000.0,
        3000.0,
        3000.0
    ],
    "temp_avg": 28.105333333333334,
    "tds_avg": 1264.1370909090915,
    "ph_avg": 5.236454545454545,
    "ntu_avg": 3000.0
}