{
    "year": 2021,
    "month": 4,
    "day": 21,
    "hour": 13,
    "minute": 45,
    "temp": [
        27.618125,
        27.59636363636362,
        27.56545454545452,
        27.559999999999977,
        27.556363636363617
    ],
    "tds": [
        1134.6162499999994,
        1134.2184848484844,
        1132.6645454545458,
        1133.3993750000004,
        1136.7806060606054
    ],
    "ph": [
        6.596562499999999,
        6.570606060606061,
        6.579090909090911,
        6.590937500000003,
        6.5972727272727285
    ],
    "ntu": [
        3000.0,
        3000.0,
        3000.0,
        3000.0,
        3000.0
    ],
    "temp_avg": 27.579261363636345,
    "tds_avg": 1134.3358522727272,
    "ph_avg": 6.586893939393941,
    "ntu_avg": 3000.0
}