{
    "year": 2021,
    "month": 4,
    "day": 20,
    "hour": 19,
    "minute": 55,
    "temp": [
        28.257272727272728,
        28.25,
        28.22937500000002,
        28.193636363636386,
        28.181515151515168
    ],
    "tds": [
        1101.359393939394,
        1101.8600000000004,
        1102.6037500000004,
        1104.2400000000005,
        1104.384242424243
    ],
    "ph": [
        4.511818181818182,
        4.471212121212122,
        4.523125000000001,
        4.575151515151515,
        4.5606060606060606
    ],
    "ntu": [
        3000.0,
        3000.0,
        3000.0,
        3000.0,
        3000.0
    ],
    "temp_avg": 28.22235984848486,
    "tds_avg": 1102.8894772727276,
    "ph_avg": 4.5283825757575755,
    "ntu_avg": 3000.0
}