{
    "year": 2021,
    "month": 4,
    "day": 23,
    "hour": 1,
    "minute": 6,
    "temp": [
        29.629491525423692,
        29.52499999999999,
        29.4705084745763,
        29.396101694915213,
        29.684999999999988
    ],
    "ntu": [
        2147.1383050847458,
        2147.795666666666,
        2144.638813559322,
        2150.6938983050836,
        2133.654166666667
    ],
    "temp_avg": 29.54122033898303,
    "ntu_avg": 2144.7841700564973
}