{
    "year": 2021,
    "month": 4,
    "day": 26,
    "hour": 1,
    "minute": 0,
    "temp": [
        26.75,
        26.75,
        26.75,
        26.75,
        26.75
    ],
    "ntu": [
        617.8260869565217,
        623.5774647887324,
        623.887323943662,
        624.1714285714286,
        624.169014084507
    ],
    "temp_avg": 26.75,
    "ntu_avg": 622.7262636689703
}