{
    "year": 2021,
    "month": 4,
    "day": 12,
    "hour": 6,
    "minute": 15,
    "temp": [
        26.239090909090912,
        26.23727272727273,
        26.24636363636364,
        26.242500000000003,
        26.24636363636364
    ],
    "tds": [
        1345.9418181818185,
        1337.1300000000008,
        1338.0915151515158,
        1335.8762500000005,
        1335.5057575757578
    ],
    "ph": [
        6.870303030303033,
        6.880909090909089,
        6.878181818181817,
        6.856250000000002,
        6.845454545454546
    ],
    "ntu": [
        3000.0,
        3000.0,
        3000.0,
        3000.0,
        3000.0
    ],
    "temp_avg": 26.242318181818188,
    "tds_avg": 1338.5090681818187,
    "ph_avg": 6.866219696969698,
    "ntu_avg": 3000.0
}