{
    "year": 2021,
    "month": 4,
    "day": 13,
    "hour": 17,
    "minute": 20,
    "temp": [
        27.88093750000001,
        27.940000000000023,
        28.0,
        28.03272727272725,
        28.06374999999998
    ],
    "tds": [
        1365.1006249999998,
        1358.98,
        1354.7300000000005,
        1352.9845454545448,
        1347.2159374999999
    ],
    "ph": [
        0.0,
        0.0057575757575757565,
        0.04121212121212123,
        0.03454545454545456,
        0.12031250000000002
    ],
    "ntu": [
        3000.0,
        3000.0,
        3000.0,
        3000.0,
        3000.0
    ],
    "temp_avg": 27.98348295454545,
    "tds_avg": 1355.802221590909,
    "ph_avg": 0.04036553030303031,
    "ntu_avg": 3000.0
}