{
    "year": 2021,
    "month": 4,
    "day": 23,
    "hour": 7,
    "minute": 15,
    "temp": [
        29.790166666666618,
        29.788644067796593,
        29.68830508474579,
        29.610999999999965,
        29.55389830508471
    ],
    "ntu": [
        2277.6328333333327,
        2234.336101694915,
        2228.0415254237296,
        2229.4433333333336,
        2237.6788135593224
    ],
    "temp_avg": 29.68640282485873,
    "ntu_avg": 2241.4265214689267
}