{
    "year": 2021,
    "month": 4,
    "day": 9,
    "hour": 6,
    "minute": 15,
    "temp": [
        25.360909090909086,
        25.348181818181807,
        25.323124999999983,
        25.317272727272712,
        25.30999999999998
    ],
    "tds": [
        1414.6654545454537,
        1419.6254545454549,
        1422.0990624999995,
        1422.9024242424234,
        1414.547575757575
    ],
    "ph": [
        3.7881818181818168,
        3.8624242424242436,
        4.0840625,
        4.156060606060606,
        4.123636363636363
    ],
    "ntu": [
        3000.0,
        3000.0,
        3000.0,
        3000.0,
        3000.0
    ],
    "temp_avg": 25.33189772727271,
    "tds_avg": 1418.7679943181815,
    "ph_avg": 4.002873106060607,
    "ntu_avg": 3000.0
}