{
    "year": 2021,
    "month": 4,
    "day": 14,
    "hour": 2,
    "minute": 15,
    "temp": [
        29.972727272727273,
        30.0,
        30.001875,
        30.0,
        30.01454545454545
    ],
    "tds": [
        1212.7445454545452,
        1211.44,
        1215.5999999999992,
        1053.0763636363638,
        1049.7390909090914
    ],
    "ph": [
        4.586060606060607,
        4.484848484848484,
        4.517499999999999,
        4.407575757575757,
        4.24090909090909
    ],
    "ntu": [
        3000.0,
        3000.0,
        3000.0,
        3000.0,
        3000.0
    ],
    "temp_avg": 29.997829545454543,
    "tds_avg": 1148.52,
    "ph_avg": 4.447378787878788,
    "ntu_avg": 3000.0
}