{
    "year": 2021,
    "month": 4,
    "day": 14,
    "hour": 12,
    "minute": 15,
    "temp": [
        27.366363636363637,
        27.326874999999976,
        27.288181818181805,
        27.28454545454544,
        27.33812499999998
    ],
    "tds": [
        1246.75,
        1247.0290625000002,
        1241.0857575757573,
        1249.7736363636363,
        1227.7865625000004
    ],
    "ph": [
        7.050000000000003,
        7.068749999999999,
        7.088484848484849,
        7.108484848484852,
        7.023125000000002
    ],
    "ntu": [
        3000.0,
        3000.0,
        3000.0,
        3000.0,
        3000.0
    ],
    "temp_avg": 27.32081818181817,
    "tds_avg": 1242.485003787879,
    "ph_avg": 7.067768939393941,
    "ntu_avg": 3000.0
}