{
    "year": 2021,
    "month": 4,
    "day": 10,
    "hour": 9,
    "minute": 40,
    "temp": [
        27.62,
        27.603636363636348,
        27.559999999999977,
        27.559999999999977,
        27.512727272727272
    ],
    "tds": [
        1128.6750000000002,
        1127.6187878787873,
        1130.623333333333,
        1128.7393749999997,
        1130.491818181818
    ],
    "ph": [
        4.5459375,
        4.572727272727272,
        4.5624242424242425,
        4.5871875000000015,
        4.599090909090909
    ],
    "ntu": [
        3000.0,
        3000.0,
        3000.0,
        3000.0,
        3000.0
    ],
    "temp_avg": 27.571272727272714,
    "tds_avg": 1129.2296628787876,
    "ph_avg": 4.573473484848485,
    "ntu_avg": 3000.0
}