{
    "year": 2021,
    "month": 4,
    "day": 10,
    "hour": 7,
    "minute": 30,
    "temp": [
        25.75,
        25.75,
        25.75,
        25.75,
        25.75
    ],
    "tds": [
        1393.1999999999996,
        1393.1999999999996,
        1387.9400000000003,
        1387.9400000000003,
        1387.9400000000003
    ],
    "ph": [
        2.578437499999999,
        2.5596969696969696,
        2.6418181818181816,
        2.5756249999999987,
        2.6084848484848475
    ],
    "ntu": [
        3000.0,
        3000.0,
        3000.0,
        3000.0,
        3000.0
    ],
    "temp_avg": 25.75,
    "tds_avg": 1390.044,
    "ph_avg": 2.592812499999999,
    "ntu_avg": 3000.0
}