{
    "year": 2021,
    "month": 4,
    "day": 23,
    "hour": 23,
    "minute": 51,
    "temp": [
        30.32605633802813,
        30.241549295774657,
        30.17323943661972,
        30.101408450704184,
        30.231857142857116
    ],
    "ntu": [
        -4.985915492957746,
        -5.169014084507042,
        -5.309859154929577,
        -5.394366197183099,
        -5.457142857142857
    ],
    "temp_avg": 30.214822132796762,
    "ntu_avg": -5.263259557344064
}