{
    "year": 2021,
    "month": 4,
    "day": 14,
    "hour": 0,
    "minute": 50,
    "temp": [
        28.4357575757576,
        28.462500000000006,
        28.50363636363636,
        28.558181818181794,
        28.5975
    ],
    "tds": [
        1295.2418181818177,
        1291.8381250000002,
        1293.9990909090916,
        1293.44,
        1288.5943750000004
    ],
    "ph": [
        3.6542424242424243,
        3.670000000000001,
        3.609090909090909,
        3.6151515151515157,
        3.6587499999999995
    ],
    "ntu": [
        3000.0,
        3000.0,
        3000.0,
        3000.0,
        3000.0
    ],
    "temp_avg": 28.51151515151515,
    "tds_avg": 1292.622681818182,
    "ph_avg": 3.6414469696969696,
    "ntu_avg": 3000.0
}