{
    "year": 2021,
    "month": 4,
    "day": 15,
    "hour": 16,
    "minute": 0,
    "temp": [
        28.106875000000002,
        28.12,
        28.12,
        28.13312500000001,
        28.190000000000023
    ],
    "tds": [
        1258.7415625000006,
        1258.2900000000006,
        1258.203333333334,
        1257.5750000000005,
        1255.43
    ],
    "ph": [
        7.474687499999998,
        7.469090909090911,
        7.455757575757573,
        7.439374999999999,
        7.4315151515151525
    ],
    "ntu": [
        3000.0,
        3000.0,
        3000.0,
        3000.0,
        3000.0
    ],
    "temp_avg": 28.134000000000007,
    "tds_avg": 1257.6479791666673,
    "ph_avg": 7.454085227272726,
    "ntu_avg": 3000.0
}