{
    "year": 2021,
    "month": 4,
    "day": 23,
    "hour": 17,
    "minute": 10,
    "temp": [
        29.340416666666663,
        29.429000000000016,
        29.356478873239396,
        29.294788732394338,
        29.244000000000007
    ],
    "ntu": [
        529.8194444444445,
        538.4428571428572,
        524.2253521126761,
        503.01408450704224,
        472.6
    ],
    "temp_avg": 29.332936854460087,
    "ntu_avg": 513.620347641404
}