{
    "year": 2021,
    "month": 4,
    "day": 9,
    "hour": 7,
    "minute": 40,
    "temp": [
        25.25,
        25.25,
        25.25,
        25.25,
        25.25
    ],
    "tds": [
        1416.1100000000004,
        1413.4966666666674,
        1413.4966666666671,
        1413.9203125000006,
        1410.8284848484855
    ],
    "ph": [
        4.117187500000001,
        3.979393939393939,
        3.8878787878787873,
        3.8699999999999997,
        3.893030303030305
    ],
    "ntu": [
        3000.0,
        3000.0,
        3000.0,
        3000.0,
        3000.0
    ],
    "temp_avg": 25.25,
    "tds_avg": 1413.570426136364,
    "ph_avg": 3.9494981060606067,
    "ntu_avg": 3000.0
}