{
    "year": 2021,
    "month": 4,
    "day": 9,
    "hour": 2,
    "minute": 50,
    "temp": [
        26.212500000000013,
        26.199090909090927,
        26.190000000000023,
        26.190000000000023,
        26.190000000000023
    ],
    "tds": [
        1352.3831250000003,
        1353.6300000000003,
        1353.4672727272725,
        1351.2259375,
        1359.0299999999995
    ],
    "ph": [
        3.86125,
        3.832727272727271,
        3.816363636363635,
        3.8190624999999985,
        3.843333333333333
    ],
    "ntu": [
        3000.0,
        3000.0,
        3000.0,
        3000.0,
        3000.0
    ],
    "temp_avg": 26.196318181818203,
    "tds_avg": 1353.9472670454547,
    "ph_avg": 3.834547348484848,
    "ntu_avg": 3000.0
}