{
    "year": 2021,
    "month": 4,
    "day": 23,
    "hour": 19,
    "minute": 35,
    "temp": [
        30.02422535211263,
        30.07098591549292,
        29.993142857142864,
        29.932112676056363,
        29.86914285714281
    ],
    "ntu": [
        522.9014084507043,
        532.1408450704225,
        539.8285714285714,
        546.1267605633802,
        550.5285714285715
    ],
    "temp_avg": 29.977921931589513,
    "ntu_avg": 538.3052313883301
}