{
    "year": 2021,
    "month": 4,
    "day": 10,
    "hour": 2,
    "minute": 20,
    "temp": [
        25.37,
        25.37,
        25.37,
        25.37,
        25.37
    ],
    "tds": [
        1425.1500000000008,
        1415.8127272727263,
        1414.339999999999,
        1411.5736363636354,
        1422.5266666666676
    ],
    "ph": [
        3.392424242424243,
        3.3181818181818183,
        3.1709375,
        3.2287878787878777,
        3.3318181818181816
    ],
    "ntu": [
        3000.0,
        3000.0,
        3000.0,
        3000.0,
        3000.0
    ],
    "temp_avg": 25.37,
    "tds_avg": 1417.8806060606057,
    "ph_avg": 3.288429924242424,
    "ntu_avg": 3000.0
}