{
    "year": 2021,
    "month": 4,
    "day": 16,
    "hour": 0,
    "minute": 55,
    "temp": [
        28.440000000000023,
        28.433636363636385,
        28.386969696969704,
        28.37,
        28.37
    ],
    "tds": [
        1194.8621875,
        1191.4018181818176,
        1193.4093939393938,
        1193.57,
        1194.5237499999998
    ],
    "ph": [
        7.332812500000001,
        7.334545454545457,
        7.414848484848483,
        7.33030303030303,
        7.320937499999999
    ],
    "ntu": [
        3000.0,
        3000.0,
        3000.0,
        3000.0,
        3000.0
    ],
    "temp_avg": 28.400121212121224,
    "tds_avg": 1193.5534299242422,
    "ph_avg": 7.3466893939393945,
    "ntu_avg": 3000.0
}