{
    "year": 2021,
    "month": 4,
    "day": 13,
    "hour": 11,
    "minute": 5,
    "temp": [
        28.78187499999998,
        28.81727272727271,
        28.851818181818178,
        28.87,
        28.91454545454548
    ],
    "tds": [
        310.15031250000004,
        570.0027272727273,
        36.305454545454545,
        29.880000000000003,
        43.64333333333334
    ],
    "ph": [
        0.0,
        0.0,
        0.0,
        0.0,
        0.0
    ],
    "ntu": [
        3000.0,
        3000.0,
        3000.0,
        3000.0,
        3000.0
    ],
    "temp_avg": 28.847102272727273,
    "tds_avg": 197.99636553030302,
    "ph_avg": 0.0,
    "ntu_avg": 3000.0
}