{
    "year": 2021,
    "month": 4,
    "day": 20,
    "hour": 7,
    "minute": 10,
    "temp": [
        27.191818181818203,
        27.23875,
        27.25,
        27.268181818181805,
        27.309999999999977
    ],
    "tds": [
        1346.9800000000005,
        1344.2715624999994,
        1343.7699999999995,
        1342.7033333333331,
        1340.57
    ],
    "ph": [
        1.2809090909090906,
        1.3203125,
        1.5051515151515147,
        1.5378787878787883,
        1.60875
    ],
    "ntu": [
        3000.0,
        3000.0,
        3000.0,
        3000.0,
        3000.0
    ],
    "temp_avg": 27.251749999999998,
    "tds_avg": 1343.6589791666663,
    "ph_avg": 1.4506003787878785,
    "ntu_avg": 3000.0
}