{
    "year": 2021,
    "month": 4,
    "day": 16,
    "hour": 7,
    "minute": 35,
    "temp": [
        27.75,
        27.75,
        27.75,
        27.75,
        27.75
    ],
    "tds": [
        1225.19,
        1223.4133333333334,
        1220.68,
        1220.68,
        1216.8703030303031
    ],
    "ph": [
        6.471562499999999,
        6.474242424242425,
        6.464848484848485,
        6.445624999999998,
        6.439696969696969
    ],
    "ntu": [
        3000.0,
        3000.0,
        3000.0,
        3000.0,
        3000.0
    ],
    "temp_avg": 27.75,
    "tds_avg": 1221.3667272727275,
    "ph_avg": 6.459195075757575,
    "ntu_avg": 3000.0
}