{
    "year": 2021,
    "month": 4,
    "day": 16,
    "hour": 2,
    "minute": 55,
    "temp": [
        27.809999999999977,
        27.809999999999977,
        27.809999999999977,
        27.809999999999977,
        27.809999999999977
    ],
    "tds": [
        1240.5299999999995,
        1240.5299999999995,
        1240.5299999999995,
        1240.5299999999995,
        1240.5299999999995
    ],
    "ph": [
        7.218437500000001,
        7.242121212121215,
        7.2306060606060605,
        7.231874999999999,
        7.220303030303028
    ],
    "ntu": [
        3000.0,
        3000.0,
        3000.0,
        3000.0,
        3000.0
    ],
    "temp_avg": 27.80999999999998,
    "tds_avg": 1240.5299999999995,
    "ph_avg": 7.22866856060606,
    "ntu_avg": 3000.0
}