{
    "year": 2021,
    "month": 4,
    "day": 23,
    "hour": 7,
    "minute": 0,
    "temp": [
        29.78683333333332,
        29.848305084745746,
        29.696000000000037,
        29.630677966101654,
        29.556999999999963
    ],
    "ntu": [
        2314.2805000000008,
        2267.281694915255,
        2270.891,
        2274.278644067796,
        2263.302666666667
    ],
    "temp_avg": 29.703763276836145,
    "ntu_avg": 2278.0069011299433
}