{
    "year": 2021,
    "month": 4,
    "day": 25,
    "hour": 2,
    "minute": 42,
    "temp": [
        26.36999999999995,
        26.36999999999995,
        26.36999999999995,
        26.36830985915488,
        26.367464788732345
    ],
    "ntu": [
        631.8142857142857,
        631.9014084507043,
        631.8428571428572,
        -10.774647887323944,
        -7.267605633802817
    ],
    "temp_avg": 26.369154929577416,
    "ntu_avg": 375.5032595573441
}