{
    "year": 2021,
    "month": 4,
    "day": 24,
    "hour": 2,
    "minute": 0,
    "temp": [
        30.159166666666668,
        30.209714285714323,
        30.125915492957688,
        30.0608450704225,
        29.999142857142857
    ],
    "ntu": [
        654.4027777777778,
        656.5571428571428,
        659.7323943661971,
        663.0985915492957,
        664.5142857142857
    ],
    "temp_avg": 30.110956874580808,
    "ntu_avg": 659.6610384529398
}