{
    "year": 2021,
    "month": 4,
    "day": 13,
    "hour": 15,
    "minute": 55,
    "temp": [
        28.12,
        28.089090909090892,
        28.059999999999977,
        28.059999999999977,
        28.007272727272728
    ],
    "tds": [
        0.0,
        0.0,
        0.0,
        0.0,
        0.0
    ],
    "ph": [
        0.0,
        0.0,
        0.0,
        0.0,
        0.0
    ],
    "ntu": [
        3000.0,
        3000.0,
        3000.0,
        3000.0,
        3000.0
    ],
    "temp_avg": 28.067272727272712,
    "tds_avg": 0.0,
    "ph_avg": 0.0,
    "ntu_avg": 3000.0
}