{
    "year": 2021,
    "month": 4,
    "day": 9,
    "hour": 1,
    "minute": 5,
    "temp": [
        26.99272727272728,
        26.943636363636383,
        26.940000000000023,
        26.940000000000023,
        26.940000000000023
    ],
    "tds": [
        1357.0081818181814,
        1357.7633333333333,
        1352.9206249999997,
        1350.852727272727,
        1359.99
    ],
    "ph": [
        3.757878787878787,
        3.6445454545454536,
        3.642812500000001,
        3.677575757575759,
        3.6009090909090915
    ],
    "ntu": [
        3000.0,
        3000.0,
        3000.0,
        3000.0,
        3000.0
    ],
    "temp_avg": 26.951272727272748,
    "tds_avg": 1355.7069734848483,
    "ph_avg": 3.664744318181819,
    "ntu_avg": 3000.0
}