{
    "year": 2021,
    "month": 4,
    "day": 19,
    "hour": 20,
    "minute": 10,
    "temp": [
        29.809999999999974,
        29.809999999999974,
        29.809999999999974,
        29.809999999999974,
        29.766875
    ],
    "tds": [
        1206.2006060606068,
        1205.9296875000007,
        1208.1499999999999,
        1205.6830303030306,
        1203.691249999999
    ],
    "ph": [
        2.960303030303029,
        3.00125,
        2.8554545454545446,
        2.915151515151514,
        2.990625
    ],
    "ntu": [
        3000.0,
        3000.0,
        3000.0,
        3000.0,
        3000.0
    ],
    "temp_avg": 29.80137499999998,
    "tds_avg": 1205.9309147727274,
    "ph_avg": 2.944556818181818,
    "ntu_avg": 3000.0
}