{
    "year": 2021,
    "month": 4,
    "day": 23,
    "hour": 5,
    "minute": 50,
    "temp": [
        29.14933333333334,
        29.17542372881354,
        29.05999999999997,
        28.98600000000001,
        28.924576271186442
    ],
    "ntu": [
        2051.797,
        2004.112711864406,
        1998.5976271186437,
        2003.468999999999,
        1994.3286440677964
    ],
    "temp_avg": 29.059066666666666,
    "ntu_avg": 2010.4609966101689
}