{
    "year": 2021,
    "month": 4,
    "day": 21,
    "hour": 5,
    "minute": 5,
    "temp": [
        27.151818181818186,
        27.12,
        27.118181818181817,
        27.085454545454525,
        27.059999999999977
    ],
    "tds": [
        1166.0536363636356,
        1167.8499999999995,
        1165.7360606060608,
        1164.3124242424246,
        1161.75
    ],
    "ph": [
        4.4393939393939394,
        4.443125,
        4.483333333333334,
        4.46090909090909,
        4.453125000000001
    ],
    "ntu": [
        3000.0,
        3000.0,
        3000.0,
        3000.0,
        3000.0
    ],
    "temp_avg": 27.107090909090903,
    "tds_avg": 1165.1404242424242,
    "ph_avg": 4.455977272727273,
    "ntu_avg": 3000.0
}