{
    "year": 2021,
    "month": 4,
    "day": 15,
    "hour": 8,
    "minute": 55,
    "temp": [
        29.559999999999974,
        29.559999999999974,
        29.58909090909091,
        29.61818181818182,
        29.62
    ],
    "tds": [
        1185.3590909090917,
        1182.3456250000004,
        1184.5796969696976,
        1175.9803030303035,
        1177.3039393939398
    ],
    "ph": [
        5.791818181818183,
        5.804999999999998,
        5.824545454545455,
        5.774848484848485,
        5.878181818181819
    ],
    "ntu": [
        3000.0,
        3000.0,
        3000.0,
        3000.0,
        3000.0
    ],
    "temp_avg": 29.589454545454537,
    "tds_avg": 1181.1137310606066,
    "ph_avg": 5.814878787878788,
    "ntu_avg": 3000.0
}