{
    "year": 2021,
    "month": 4,
    "day": 15,
    "hour": 6,
    "minute": 10,
    "temp": [
        27.559999999999977,
        27.559999999999977,
        27.559999999999977,
        27.559999999999977,
        27.559999999999977
    ],
    "tds": [
        1283.5259374999998,
        1289.43,
        1289.43,
        1289.43,
        1289.43
    ],
    "ph": [
        4.6625,
        4.319393939393941,
        4.328484848484848,
        4.2340624999999985,
        4.208787878787878
    ],
    "ntu": [
        3000.0,
        3000.0,
        3000.0,
        3000.0,
        3000.0
    ],
    "temp_avg": 27.55999999999998,
    "tds_avg": 1288.2491875,
    "ph_avg": 4.350645833333333,
    "ntu_avg": 3000.0
}