{
    "year": 2021,
    "month": 4,
    "day": 26,
    "hour": 5,
    "minute": 26,
    "temp": [
        26.690000000000037,
        26.690000000000037,
        26.690000000000037,
        26.690000000000037,
        26.690000000000037
    ],
    "ntu": [
        617.5571428571428,
        616.943661971831,
        616.9428571428572,
        616.6619718309859,
        609.7605633802817
    ],
    "temp_avg": 26.690000000000037,
    "ntu_avg": 615.5732394366197
}