{
    "year": 2021,
    "month": 4,
    "day": 13,
    "hour": 5,
    "minute": 0,
    "temp": [
        30.0,
        30.0,
        30.003749999999997,
        30.007272727272728,
        30.0
    ],
    "tds": [
        473.4075757575758,
        473.3051515151514,
        147.48125,
        0.0,
        0.0
    ],
    "ph": [
        0.0,
        0.0,
        0.0,
        0.0,
        0.0
    ],
    "ntu": [
        3000.0,
        3000.0,
        3000.0,
        3000.0,
        3000.0
    ],
    "temp_avg": 30.002204545454543,
    "tds_avg": 218.83879545454542,
    "ph_avg": 0.0,
    "ntu_avg": 3000.0
}