{
    "year": 2021,
    "month": 4,
    "day": 9,
    "hour": 23,
    "minute": 35,
    "temp": [
        27.284545454545448,
        27.25,
        27.23545454545456,
        27.190000000000023,
        27.190000000000023
    ],
    "tds": [
        1152.5527272727272,
        1157.8749999999995,
        1154.6978787878786,
        1162.5166666666669,
        1169.1812499999996
    ],
    "ph": [
        4.305757575757576,
        4.291250000000002,
        4.248484848484848,
        4.182121212121212,
        3.879374999999999
    ],
    "ntu": [
        3000.0,
        3000.0,
        3000.0,
        3000.0,
        3000.0
    ],
    "temp_avg": 27.23000000000001,
    "tds_avg": 1159.3647045454545,
    "ph_avg": 4.181397727272727,
    "ntu_avg": 3000.0
}