{
    "year": 2021,
    "month": 4,
    "day": 21,
    "hour": 12,
    "minute": 25,
    "temp": [
        28.95125000000002,
        28.940000000000026,
        28.9357575757576,
        28.874375,
        28.87
    ],
    "tds": [
        1083.8112500000004,
        1084.3100000000004,
        1084.517272727273,
        1086.3049999999998,
        1086.59
    ],
    "ph": [
        6.763749999999999,
        6.740909090909089,
        6.731818181818184,
        6.737499999999999,
        6.744848484848485
    ],
    "ntu": [
        3000.0,
        3000.0,
        3000.0,
        3000.0,
        3000.0
    ],
    "temp_avg": 28.914276515151528,
    "tds_avg": 1085.1067045454547,
    "ph_avg": 6.74376515151515,
    "ntu_avg": 3000.0
}