{
    "year": 2021,
    "month": 4,
    "day": 13,
    "hour": 1,
    "minute": 20,
    "temp": [
        29.291818181818172,
        29.25,
        29.210000000000026,
        29.190000000000026,
        29.1309375
    ],
    "tds": [
        0.0,
        0.0,
        0.0,
        0.0,
        0.0
    ],
    "ph": [
        0.0,
        0.0,
        0.0,
        0.0,
        0.0
    ],
    "ntu": [
        3000.0,
        3000.0,
        3000.0,
        3000.0,
        3000.0
    ],
    "temp_avg": 29.214551136363646,
    "tds_avg": 0.0,
    "ph_avg": 0.0,
    "ntu_avg": 3000.0
}