{
    "year": 2021,
    "month": 4,
    "day": 10,
    "hour": 5,
    "minute": 50,
    "temp": [
        25.737272727272728,
        25.73125000000001,
        25.72818181818183,
        25.73727272727273,
        25.731250000000006
    ],
    "tds": [
        1399.7084848484847,
        1391.8709375000008,
        1389.0496969696972,
        1399.1184848484847,
        1399.693125
    ],
    "ph": [
        2.4257575757575762,
        2.4853125,
        2.5193939393939404,
        2.6018181818181825,
        2.6965625
    ],
    "ntu": [
        3000.0,
        3000.0,
        3000.0,
        3000.0,
        3000.0
    ],
    "temp_avg": 25.733045454545465,
    "tds_avg": 1395.8881458333333,
    "ph_avg": 2.5457689393939402,
    "ntu_avg": 3000.0
}