{
    "year": 2021,
    "month": 4,
    "day": 10,
    "hour": 3,
    "minute": 50,
    "temp": [
        25.62,
        25.62,
        25.62,
        25.62,
        25.62
    ],
    "tds": [
        1394.7199999999998,
        1391.199999999999,
        1394.8799999999999,
        1394.8799999999999,
        1394.8799999999999
    ],
    "ph": [
        3.0484848484848484,
        2.87030303030303,
        2.8324999999999996,
        2.9657575757575763,
        3.0660606060606064
    ],
    "ntu": [
        3000.0,
        3000.0,
        3000.0,
        3000.0,
        3000.0
    ],
    "temp_avg": 25.619999999999997,
    "tds_avg": 1394.1119999999996,
    "ph_avg": 2.9566212121212123,
    "ntu_avg": 3000.0
}