{
    "year": 2021,
    "month": 4,
    "day": 13,
    "hour": 18,
    "minute": 45,
    "temp": [
        29.190000000000026,
        29.151818181818186,
        29.12,
        29.08437499999998,
        29.059999999999974
    ],
    "tds": [
        1099.3775000000005,
        1100.075151515152,
        1101.2000000000003,
        1106.3606250000005,
        1105.7172727272728
    ],
    "ph": [
        0.03500000000000001,
        0.0,
        0.0,
        0.0,
        0.0
    ],
    "ntu": [
        3000.0,
        3000.0,
        3000.0,
        3000.0,
        3000.0
    ],
    "temp_avg": 29.121238636363636,
    "tds_avg": 1102.5461098484852,
    "ph_avg": 0.007000000000000002,
    "ntu_avg": 3000.0
}