{
    "year": 2021,
    "month": 4,
    "day": 15,
    "hour": 8,
    "minute": 0,
    "temp": [
        27.690000000000023,
        27.690000000000023,
        27.690000000000023,
        27.690000000000023,
        27.702727272727284
    ],
    "tds": [
        1254.7165624999998,
        1252.7757575757576,
        1250.82,
        1251.8284374999998,
        1255.9945454545461
    ],
    "ph": [
        5.0671875,
        4.9309090909090925,
        4.923636363636363,
        4.947187500000001,
        4.995757575757576
    ],
    "ntu": [
        3000.0,
        3000.0,
        3000.0,
        3000.0,
        3000.0
    ],
    "temp_avg": 27.692545454545474,
    "tds_avg": 1253.2270606060606,
    "ph_avg": 4.972935606060607,
    "ntu_avg": 3000.0
}