{
    "year": 2021,
    "month": 4,
    "day": 12,
    "hour": 22,
    "minute": 30,
    "temp": [
        27.954545454545475,
        27.940000000000023,
        27.93781250000002,
        27.876363636363642,
        27.87
    ],
    "tds": [
        665.250909090909,
        235.3151515151515,
        0.0,
        696.0169696969695,
        0.0
    ],
    "ph": [
        0.0,
        0.0,
        0.0,
        0.0,
        0.0
    ],
    "ntu": [
        3000.0,
        3000.0,
        3000.0,
        3000.0,
        3000.0
    ],
    "temp_avg": 27.915744318181833,
    "tds_avg": 319.316606060606,
    "ph_avg": 0.0,
    "ntu_avg": 3000.0
}