{
    "year": 2021,
    "month": 4,
    "day": 15,
    "hour": 18,
    "minute": 5,
    "temp": [
        28.907187500000013,
        28.92939393939396,
        28.940000000000026,
        28.940000000000026,
        28.940000000000026
    ],
    "tds": [
        1192.0846874999997,
        1188.3727272727272,
        1186.036969696969,
        1176.5250000000008,
        1170.1600000000003
    ],
    "ph": [
        7.500625,
        7.476666666666667,
        7.475757575757575,
        7.452187499999999,
        7.472424242424242
    ],
    "ntu": [
        3000.0,
        3000.0,
        3000.0,
        3000.0,
        3000.0
    ],
    "temp_avg": 28.931316287878808,
    "tds_avg": 1182.6358768939394,
    "ph_avg": 7.475532196969697,
    "ntu_avg": 3000.0
}