{
    "year": 2021,
    "month": 4,
    "day": 10,
    "hour": 21,
    "minute": 55,
    "temp": [
        28.992727272727272,
        29.00181818181818,
        29.054374999999975,
        29.078181818181807,
        29.11818181818182
    ],
    "tds": [
        1228.4936363636373,
        1227.8318181818188,
        1225.6059374999993,
        1224.8572727272722,
        1222.7221212121208
    ],
    "ph": [
        5.89848484848485,
        5.918181818181815,
        5.903750000000001,
        5.92090909090909,
        5.933030303030302
    ],
    "ntu": [
        3000.0,
        3000.0,
        3000.0,
        3000.0,
        3000.0
    ],
    "temp_avg": 29.04905681818181,
    "tds_avg": 1225.9021571969697,
    "ph_avg": 5.914871212121211,
    "ntu_avg": 3000.0
}