{
    "year": 2021,
    "month": 4,
    "day": 5,
    "hour": 8,
    "minute": 41,
    "temp": [
        27.62,
        27.62,
        27.62,
        27.56,
        27.56
    ],
    "tds": [
        1105.29,
        0.0,
        0.0,
        0.0,
        0.0
    ],
    "ph": [
        5.39,
        0.14,
        0.14,
        0.14,
        0.14
    ],
    "ntu": [
        3000.0,
        3000.0,
        3000.0,
        3000.0,
        3000.0
    ],
    "temp_avg": 27.595999999999997,
    "tds_avg": 221.058,
    "ph_avg": 1.1899999999999997,
    "ntu_avg": 3000.0
}