{
    "year": 2021,
    "month": 4,
    "day": 10,
    "hour": 19,
    "minute": 0,
    "temp": [
        29.90606060606063,
        29.940000000000026,
        29.94750000000002,
        29.99818181818182,
        30.0
    ],
    "tds": [
        1189.412424242425,
        1186.103636363637,
        1188.2406250000006,
        1185.7227272727266,
        1183.5590909090906
    ],
    "ph": [
        5.534242424242425,
        5.623333333333332,
        5.688749999999998,
        5.667575757575756,
        5.614848484848486
    ],
    "ntu": [
        3000.0,
        3000.0,
        3000.0,
        3000.0,
        3000.0
    ],
    "temp_avg": 29.9583484848485,
    "tds_avg": 1186.607700757576,
    "ph_avg": 5.625749999999999,
    "ntu_avg": 3000.0
}