{
    "year": 2021,
    "month": 4,
    "day": 11,
    "hour": 17,
    "minute": 0,
    "temp": [
        27.099999999999984,
        27.063749999999978,
        27.059999999999977,
        27.050909090909077,
        27.011249999999997
    ],
    "tds": [
        1142.5081818181816,
        1144.2806249999999,
        1144.4399999999998,
        1144.751515151515,
        1146.5281249999996
    ],
    "ph": [
        6.404545454545455,
        6.394062499999997,
        6.398787878787879,
        6.4112121212121185,
        6.397187499999995
    ],
    "ntu": [
        3000.0,
        3000.0,
        3000.0,
        3000.0,
        3000.0
    ],
    "temp_avg": 27.0571818181818,
    "tds_avg": 1144.5016893939394,
    "ph_avg": 6.401159090909088,
    "ntu_avg": 3000.0
}