{
    "year": 2021,
    "month": 4,
    "day": 21,
    "hour": 10,
    "minute": 20,
    "temp": [
        29.059999999999974,
        29.058181818181794,
        29.059999999999974,
        29.044999999999977,
        29.059999999999974
    ],
    "tds": [
        1252.0400000000006,
        1252.125151515152,
        1252.1763636363644,
        1252.4790625000005,
        1252.0400000000006
    ],
    "ph": [
        5.616562500000001,
        5.6569696969696945,
        5.660303030303031,
        5.703125,
        5.787272727272728
    ],
    "ntu": [
        3000.0,
        3000.0,
        3000.0,
        3000.0,
        3000.0
    ],
    "temp_avg": 29.056636363636336,
    "tds_avg": 1252.1721155303035,
    "ph_avg": 5.684846590909091,
    "ntu_avg": 3000.0
}