{
    "year": 2021,
    "month": 4,
    "day": 12,
    "hour": 2,
    "minute": 40,
    "temp": [
        25.93781250000002,
        25.940000000000023,
        25.93787878787881,
        25.940000000000023,
        25.940000000000023
    ],
    "tds": [
        1348.5621875000008,
        1351.8700000000001,
        1346.7699999999995,
        1351.2324999999994,
        1347.2336363636362
    ],
    "ph": [
        7.192187499999999,
        7.129393939393942,
        7.1072727272727265,
        7.104062500000001,
        7.155757575757576
    ],
    "ntu": [
        3000.0,
        3000.0,
        3000.0,
        3000.0,
        3000.0
    ],
    "temp_avg": 25.93913825757578,
    "tds_avg": 1349.1336647727271,
    "ph_avg": 7.137734848484849,
    "ntu_avg": 3000.0
}