{
    "year": 2021,
    "month": 4,
    "day": 20,
    "hour": 10,
    "minute": 50,
    "temp": [
        28.110625,
        28.089090909090896,
        28.087272727272712,
        28.059999999999977,
        28.059999999999977
    ],
    "tds": [
        1123.5937500000002,
        1124.908484848485,
        1124.908484848485,
        1125.5,
        1125.5
    ],
    "ph": [
        4.1253125,
        4.077575757575759,
        4.096969696969698,
        4.1340625,
        4.1918181818181806
    ],
    "ntu": [
        3000.0,
        3000.0,
        3000.0,
        3000.0,
        3000.0
    ],
    "temp_avg": 28.081397727272712,
    "tds_avg": 1124.8821439393942,
    "ph_avg": 4.1251477272727275,
    "ntu_avg": 3000.0
}