{
    "year": 2021,
    "month": 4,
    "day": 11,
    "hour": 0,
    "minute": 55,
    "temp": [
        25.808181818181797,
        25.778124999999992,
        25.75,
        25.75,
        25.75
    ],
    "tds": [
        1389.5272727272725,
        1391.7943749999997,
        1393.1999999999996,
        1393.1999999999996,
        1393.1999999999996
    ],
    "ph": [
        5.044545454545455,
        5.129687499999998,
        5.171818181818182,
        5.163333333333335,
        5.0753125
    ],
    "ntu": [
        3000.0,
        3000.0,
        3000.0,
        3000.0,
        3000.0
    ],
    "temp_avg": 25.767261363636358,
    "tds_avg": 1392.1843295454541,
    "ph_avg": 5.1169393939393935,
    "ntu_avg": 3000.0
}