{
    "year": 2021,
    "month": 4,
    "day": 23,
    "hour": 0,
    "minute": 10,
    "temp": [
        29.092000000000027,
        29.127966101694884,
        29.017999999999997,
        28.962372881355968,
        28.903833333333303
    ],
    "ntu": [
        2105.0068333333334,
        2042.6862711864403,
        2038.8999999999999,
        2062.9832203389833,
        2010.7636666666663
    ],
    "temp_avg": 29.020834463276834,
    "ntu_avg": 2052.0679983050845
}