{
    "year": 2021,
    "month": 4,
    "day": 15,
    "hour": 17,
    "minute": 5,
    "temp": [
        28.5,
        28.5,
        28.5,
        28.5,
        28.5
    ],
    "tds": [
        1236.7799999999995,
        1236.7799999999995,
        1240.6006060606062,
        1250.31,
        1246.6375000000005
    ],
    "ph": [
        7.527499999999998,
        7.539999999999999,
        7.542121212121215,
        7.537878787878788,
        7.508125000000002
    ],
    "ntu": [
        3000.0,
        3000.0,
        3000.0,
        3000.0,
        3000.0
    ],
    "temp_avg": 28.5,
    "tds_avg": 1242.2216212121214,
    "ph_avg": 7.531125,
    "ntu_avg": 3000.0
}