{
    "year": 2021,
    "month": 4,
    "day": 15,
    "hour": 20,
    "minute": 0,
    "temp": [
        29.559999999999974,
        29.579999999999984,
        29.62,
        29.612499999999994,
        29.62
    ],
    "tds": [
        1141.0999999999995,
        1140.0690909090902,
        1141.390303030303,
        1134.6753124999996,
        1137.982187499999
    ],
    "ph": [
        7.521250000000002,
        7.4396969696969695,
        7.503939393939393,
        7.4624999999999995,
        7.426249999999998
    ],
    "ntu": [
        3000.0,
        3000.0,
        3000.0,
        3000.0,
        3000.0
    ],
    "temp_avg": 29.59849999999999,
    "tds_avg": 1139.043378787878,
    "ph_avg": 7.470727272727272,
    "ntu_avg": 3000.0
}