{
    "year": 2021,
    "month": 4,
    "day": 19,
    "hour": 15,
    "minute": 25,
    "temp": [
        28.326363636363627,
        28.370312500000004,
        28.440000000000023,
        28.443636363636386,
        28.494374999999998
    ],
    "tds": [
        1235.3890909090915,
        1233.3612500000002,
        1230.5899999999995,
        1230.4227272727264,
        1225.2740625
    ],
    "ph": [
        0.24878787878787875,
        0.26968749999999997,
        0.268181818181818,
        0.2715151515151514,
        0.22500000000000003
    ],
    "ntu": [
        3000.0,
        3000.0,
        3000.0,
        3000.0,
        3000.0
    ],
    "temp_avg": 28.414937500000008,
    "tds_avg": 1231.0074261363634,
    "ph_avg": 0.2566344696969696,
    "ntu_avg": 3000.0
}