{
    "year": 2021,
    "month": 4,
    "day": 12,
    "hour": 11,
    "minute": 20,
    "temp": [
        29.37424242424243,
        29.4357575757576,
        29.454545454545467,
        29.501875,
        29.559999999999974
    ],
    "tds": [
        1194.5912121212114,
        1189.8533333333335,
        1179.1227272727276,
        1179.6015624999998,
        1176.1536363636367
    ],
    "ph": [
        8.100909090909092,
        8.13666666666666,
        8.13030303030303,
        8.019062499999999,
        7.967575757575756
    ],
    "ntu": [
        3000.0,
        3000.0,
        3000.0,
        3000.0,
        3000.0
    ],
    "temp_avg": 29.465284090909098,
    "tds_avg": 1183.8644943181819,
    "ph_avg": 8.070903409090906,
    "ntu_avg": 3000.0
}