{
    "year": 2021,
    "month": 4,
    "day": 13,
    "hour": 0,
    "minute": 0,
    "temp": [
        28.91666666666669,
        28.96727272727273,
        29.02812499999998,
        29.065454545454525,
        29.12
    ],
    "tds": [
        1063.4312121212113,
        1147.8924242424239,
        1058.38875,
        1069.8415151515153,
        933.949696969697
    ],
    "ph": [
        0.0,
        0.0,
        0.0,
        0.0,
        0.0
    ],
    "ntu": [
        3000.0,
        3000.0,
        3000.0,
        3000.0,
        3000.0
    ],
    "temp_avg": 29.019503787878783,
    "tds_avg": 1054.7007196969694,
    "ph_avg": 0.0,
    "ntu_avg": 3000.0
}