{
    "year": 2021,
    "month": 4,
    "day": 25,
    "hour": 15,
    "minute": 11,
    "temp": [
        26.881159420289823,
        26.877887323943625,
        26.878873239436587,
        26.880999999999972,
        26.893661971830966
    ],
    "ntu": [
        264.40579710144925,
        272.28169014084506,
        271.46478873239437,
        266.6142857142857,
        262.80281690140845
    ],
    "temp_avg": 26.882516391100193,
    "ntu_avg": 267.5138757180766
}