{
    "year": 2021,
    "month": 4,
    "day": 22,
    "hour": 21,
    "minute": 5,
    "temp": [
        29.063833333333285,
        29.020338983050845,
        28.94700000000004,
        28.871186440677924,
        28.80898305084742
    ],
    "ntu": [
        1982.5546666666662,
        1907.1808474576274,
        1911.920833333333,
        1907.991016949152,
        1918.3640677966096
    ],
    "temp_avg": 28.9422683615819,
    "ntu_avg": 1925.6022864406775
}