{
    "year": 2021,
    "month": 4,
    "day": 23,
    "hour": 16,
    "minute": 5,
    "temp": [
        27.996760563380256,
        28.071999999999964,
        28.029577464788723,
        28.0,
        27.972957746478897
    ],
    "ntu": [
        400.23943661971833,
        417.1714285714286,
        435.6901408450704,
        422.0857142857143,
        413.53521126760563
    ],
    "temp_avg": 28.01425915492957,
    "ntu_avg": 417.74438631790747
}