{
    "year": 2021,
    "month": 4,
    "day": 26,
    "hour": 3,
    "minute": 41,
    "temp": [
        26.690000000000037,
        26.690000000000037,
        26.690000000000037,
        26.690000000000037,
        26.690000000000037
    ],
    "ntu": [
        621.9577464788732,
        621.8857142857142,
        621.9014084507043,
        621.7605633802817,
        -11.714285714285714
    ],
    "temp_avg": 26.690000000000037,
    "ntu_avg": 495.1582293762575
}