{
    "year": 2021,
    "month": 4,
    "day": 14,
    "hour": 2,
    "minute": 10,
    "temp": [
        29.940000000000026,
        29.940000000000026,
        29.937878787878812,
        29.940000000000026,
        29.940000000000026
    ],
    "tds": [
        1226.3587500000006,
        1222.57,
        1222.57,
        1222.57,
        1216.6362499999998
    ],
    "ph": [
        4.5878125,
        4.834545454545454,
        4.775151515151516,
        4.733125000000001,
        4.621562499999999
    ],
    "ntu": [
        3000.0,
        3000.0,
        3000.0,
        3000.0,
        3000.0
    ],
    "temp_avg": 29.939575757575785,
    "tds_avg": 1222.141,
    "ph_avg": 4.710439393939394,
    "ntu_avg": 3000.0
}