{
    "year": 2021,
    "month": 4,
    "day": 13,
    "hour": 2,
    "minute": 20,
    "temp": [
        27.440000000000023,
        27.43125000000002,
        27.37,
        27.37,
        27.321249999999978
    ],
    "tds": [
        35.15909090909091,
        354.73875000000004,
        0.0,
        0.0,
        0.0
    ],
    "ph": [
        0.0,
        0.0,
        0.0,
        0.0,
        0.0
    ],
    "ntu": [
        3000.0,
        3000.0,
        3000.0,
        3000.0,
        3000.0
    ],
    "temp_avg": 27.386500000000005,
    "tds_avg": 77.9795681818182,
    "ph_avg": 0.0,
    "ntu_avg": 3000.0
}