{
    "year": 2021,
    "month": 4,
    "day": 21,
    "hour": 11,
    "minute": 45,
    "temp": [
        29.666666666666682,
        29.62,
        29.62,
        29.62,
        29.62
    ],
    "tds": [
        1058.1384848484852,
        1059.3131250000006,
        1059.7900000000006,
        1059.7900000000006,
        1059.9262500000007
    ],
    "ph": [
        6.8430303030303055,
        6.814062500000005,
        6.77969696969697,
        6.775454545454547,
        6.797812500000004
    ],
    "ntu": [
        3000.0,
        3000.0,
        3000.0,
        3000.0,
        3000.0
    ],
    "temp_avg": 29.629333333333335,
    "tds_avg": 1059.3915719696975,
    "ph_avg": 6.802011363636366,
    "ntu_avg": 3000.0
}