{
    "year": 2021,
    "month": 4,
    "day": 23,
    "hour": 11,
    "minute": 0,
    "temp": [
        28.77644067796605,
        28.83699999999997,
        28.70728813559326,
        28.619999999999955,
        28.562033898305046
    ],
    "ntu": [
        2365.993559322034,
        2323.2298333333338,
        2329.694745762712,
        2334.1889999999994,
        2326.9476271186445
    ],
    "temp_avg": 28.70055254237286,
    "ntu_avg": 2336.010953107345
}