{
    "year": 2021,
    "month": 4,
    "day": 25,
    "hour": 15,
    "minute": 21,
    "temp": [
        26.882816901408415,
        26.886999999999976,
        26.881830985915457,
        26.874929577464748,
        26.882999999999967
    ],
    "ntu": [
        316.07042253521126,
        288.1857142857143,
        269.01408450704224,
        261.4507042253521,
        250.5857142857143
    ],
    "temp_avg": 26.881915492957717,
    "ntu_avg": 277.06132796780685
}