{
    "year": 2021,
    "month": 4,
    "day": 11,
    "hour": 21,
    "minute": 5,
    "temp": [
        27.851818181818178,
        27.88312500000001,
        27.940000000000023,
        27.992727272727272,
        28.02812499999998
    ],
    "tds": [
        1265.9578787878788,
        1264.7968749999998,
        1262.3499999999992,
        1259.801515151515,
        1258.1943750000007
    ],
    "ph": [
        6.883939393939389,
        6.8784374999999995,
        6.869090909090914,
        6.866666666666671,
        6.869062500000004
    ],
    "ntu": [
        3000.0,
        3000.0,
        3000.0,
        3000.0,
        3000.0
    ],
    "temp_avg": 27.939159090909094,
    "tds_avg": 1262.2201287878786,
    "ph_avg": 6.873439393939395,
    "ntu_avg": 3000.0
}