{
    "year": 2021,
    "month": 4,
    "day": 11,
    "hour": 10,
    "minute": 5,
    "temp": [
        27.26636363636362,
        27.309999999999977,
        27.364375000000003,
        27.410303030303055,
        27.452727272727287
    ],
    "tds": [
        1289.9536363636369,
        1292.8509090909085,
        1294.3137500000005,
        1292.182727272727,
        1282.8736363636353
    ],
    "ph": [
        5.247272727272726,
        5.261818181818181,
        5.303750000000001,
        5.2618181818181835,
        5.274848484848485
    ],
    "ntu": [
        3000.0,
        3000.0,
        3000.0,
        3000.0,
        3000.0
    ],
    "temp_avg": 27.360753787878785,
    "tds_avg": 1290.4349318181817,
    "ph_avg": 5.269901515151515,
    "ntu_avg": 3000.0
}