{
    "year": 2021,
    "month": 4,
    "day": 9,
    "hour": 5,
    "minute": 5,
    "temp": [
        25.690000000000023,
        25.690000000000023,
        25.690000000000023,
        25.690000000000023,
        25.68787878787881
    ],
    "tds": [
        1408.432727272727,
        1416.2066666666667,
        1408.7456249999998,
        1410.536363636364,
        1404.5645454545468
    ],
    "ph": [
        3.577878787878786,
        3.6206060606060606,
        3.65875,
        3.537575757575758,
        3.5251515151515154
    ],
    "ntu": [
        3000.0,
        3000.0,
        3000.0,
        3000.0,
        3000.0
    ],
    "temp_avg": 25.689575757575778,
    "tds_avg": 1409.6971856060609,
    "ph_avg": 3.5839924242424246,
    "ntu_avg": 3000.0
}