{
    "year": 2021,
    "month": 4,
    "day": 15,
    "hour": 22,
    "minute": 15,
    "temp": [
        29.746250000000003,
        29.727500000000006,
        29.70090909090911,
        29.69909090909093,
        29.693750000000023
    ],
    "tds": [
        1131.0375000000001,
        1130.475,
        1131.4,
        1135.1227272727272,
        1136.175
    ],
    "ph": [
        7.58625,
        7.4975000000000005,
        7.449090909090909,
        7.51818181818182,
        7.490937499999999
    ],
    "ntu": [
        3000.0,
        3000.0,
        3000.0,
        3000.0,
        3000.0
    ],
    "temp_avg": 29.71350000000001,
    "tds_avg": 1132.8420454545453,
    "ph_avg": 7.508392045454545,
    "ntu_avg": 3000.0
}