{
    "year": 2021,
    "month": 4,
    "day": 23,
    "hour": 11,
    "minute": 10,
    "temp": [
        28.95898305084743,
        28.972372881355952,
        28.868499999999962,
        28.796779661016924,
        28.745000000000005
    ],
    "ntu": [
        2375.1169491525416,
        2337.1722033898304,
        2335.1588333333325,
        2336.82813559322,
        2333.085833333333
    ],
    "temp_avg": 28.868327118644054,
    "ntu_avg": 2343.4723909604513
}