{
    "year": 2021,
    "month": 4,
    "day": 20,
    "hour": 1,
    "minute": 20,
    "temp": [
        29.37,
        29.33812499999998,
        29.309999999999974,
        29.304545454545433,
        29.263125000000002
    ],
    "tds": [
        1064.7200000000005,
        1065.4762499999997,
        1066.9199999999992,
        1067.1218181818174,
        1068.6543749999996
    ],
    "ph": [
        2.897272727272728,
        2.8903125000000007,
        2.9136363636363636,
        2.9006060606060604,
        2.904374999999999
    ],
    "ntu": [
        3000.0,
        3000.0,
        3000.0,
        3000.0,
        3000.0
    ],
    "temp_avg": 29.31715909090908,
    "tds_avg": 1066.578488636363,
    "ph_avg": 2.9012405303030304,
    "ntu_avg": 3000.0
}