{
    "year": 2021,
    "month": 4,
    "day": 20,
    "hour": 1,
    "minute": 55,
    "temp": [
        28.548749999999984,
        28.50181818181818,
        28.5,
        28.450909090909114,
        28.440000000000023
    ],
    "tds": [
        1091.1275,
        1092.48,
        1096.5612121212125,
        1096.611515151515,
        1098.2293939393937
    ],
    "ph": [
        2.8296875000000004,
        2.921212121212121,
        2.6318181818181823,
        2.6554545454545457,
        2.6472727272727274
    ],
    "ntu": [
        3000.0,
        3000.0,
        3000.0,
        3000.0,
        3000.0
    ],
    "temp_avg": 28.488295454545458,
    "tds_avg": 1095.0019242424244,
    "ph_avg": 2.7370890151515157,
    "ntu_avg": 3000.0
}