{
    "year": 2021,
    "month": 4,
    "day": 24,
    "hour": 2,
    "minute": 25,
    "temp": [
        30.115070422535233,
        30.16535211267604,
        30.079436619718276,
        30.012857142857143,
        29.94507042253525
    ],
    "ntu": [
        655.0140845070423,
        659.2394366197183,
        660.2394366197183,
        661.7142857142857,
        662.7464788732394
    ],
    "temp_avg": 30.06355734406439,
    "ntu_avg": 659.7907444668008
}