{
    "year": 2021,
    "month": 4,
    "day": 21,
    "hour": 10,
    "minute": 50,
    "temp": [
        29.940000000000026,
        29.940000000000026,
        29.980000000000015,
        30.00181818181818,
        30.056363636363614
    ],
    "tds": [
        1212.25,
        1209.6500000000008,
        1209.7296969696968,
        1210.4527272727273,
        1055.0678787878787
    ],
    "ph": [
        6.401212121212123,
        6.383437499999999,
        6.379393939393938,
        6.394848484848483,
        6.455151515151513
    ],
    "ntu": [
        3000.0,
        3000.0,
        3000.0,
        3000.0,
        3000.0
    ],
    "temp_avg": 29.98363636363637,
    "tds_avg": 1179.4300606060606,
    "ph_avg": 6.402808712121211,
    "ntu_avg": 3000.0
}