{
    "year": 2021,
    "month": 4,
    "day": 20,
    "hour": 7,
    "minute": 40,
    "temp": [
        28.58545454545454,
        28.62,
        28.690000000000026,
        28.728181818181817,
        28.75363636363636
    ],
    "tds": [
        1282.7093939393937,
        1281.1999999999998,
        1278.2799999999995,
        1275.9951515151515,
        1274.76696969697
    ],
    "ph": [
        2.2860606060606057,
        2.326666666666667,
        2.385625,
        2.4527272727272726,
        2.5112121212121217
    ],
    "ntu": [
        3000.0,
        3000.0,
        3000.0,
        3000.0,
        3000.0
    ],
    "temp_avg": 28.67545454545455,
    "tds_avg": 1278.590303030303,
    "ph_avg": 2.3924583333333334,
    "ntu_avg": 3000.0
}