{
    "year": 2021,
    "month": 4,
    "day": 9,
    "hour": 11,
    "minute": 40,
    "temp": [
        29.49818181818182,
        29.449090909090934,
        29.440000000000026,
        29.440000000000026,
        29.440000000000026
    ],
    "tds": [
        1194.904545454546,
        1198.781212121212,
        1196.3399999999995,
        1196.3399999999995,
        1193.7521212121205
    ],
    "ph": [
        5.236666666666666,
        5.2309090909090905,
        5.3203125,
        5.327272727272728,
        5.276060606060606
    ],
    "ntu": [
        3000.0,
        3000.0,
        3000.0,
        3000.0,
        3000.0
    ],
    "temp_avg": 29.453454545454566,
    "tds_avg": 1196.0235757575756,
    "ph_avg": 5.278244318181819,
    "ntu_avg": 3000.0
}