{
    "year": 2021,
    "month": 4,
    "day": 25,
    "hour": 2,
    "minute": 15,
    "temp": [
        26.36999999999995,
        26.36999999999995,
        26.369999999999955,
        26.36999999999995,
        26.36999999999995
    ],
    "ntu": [
        625.1571428571428,
        632.5774647887324,
        632.4347826086956,
        632.169014084507,
        624.9428571428572
    ],
    "temp_avg": 26.369999999999955,
    "ntu_avg": 629.456252296387
}