{
    "year": 2021,
    "month": 4,
    "day": 20,
    "hour": 10,
    "minute": 55,
    "temp": [
        28.059999999999977,
        28.059999999999977,
        28.059999999999977,
        28.059999999999977,
        28.052499999999977
    ],
    "tds": [
        1126.0042424242424,
        1125.5,
        1127.1387878787882,
        1129.6600000000003,
        1127.7340625000002
    ],
    "ph": [
        4.235151515151515,
        4.277500000000001,
        4.263636363636363,
        4.261212121212122,
        4.115624999999999
    ],
    "ntu": [
        3000.0,
        3000.0,
        3000.0,
        3000.0,
        3000.0
    ],
    "temp_avg": 28.058499999999974,
    "tds_avg": 1127.2074185606064,
    "ph_avg": 4.230625,
    "ntu_avg": 3000.0
}