{
    "year": 2021,
    "month": 4,
    "day": 19,
    "hour": 23,
    "minute": 20,
    "temp": [
        27.746363636363636,
        27.804545454545433,
        27.853636363636365,
        27.876562500000006,
        27.940000000000023
    ],
    "tds": [
        1299.7584848484846,
        1296.6445454545456,
        1294.1809090909092,
        1292.7975000000004,
        1290.3600000000004
    ],
    "ph": [
        3.140606060606061,
        3.067272727272728,
        3.0499999999999994,
        3.0521875000000005,
        3.023333333333334
    ],
    "ntu": [
        3000.0,
        3000.0,
        3000.0,
        3000.0,
        3000.0
    ],
    "temp_avg": 27.844221590909093,
    "tds_avg": 1294.7482878787882,
    "ph_avg": 3.0666799242424245,
    "ntu_avg": 3000.0
}