{
    "year": 2021,
    "month": 4,
    "day": 23,
    "hour": 1,
    "minute": 21,
    "temp": [
        29.677833333333318,
        29.578305084745725,
        29.503,
        29.44000000000004,
        29.76066666666662
    ],
    "ntu": [
        2344.140999999999,
        2346.1749152542384,
        2347.5525000000002,
        2336.9708474576273,
        2385.4408333333336
    ],
    "temp_avg": 29.591961016949142,
    "ntu_avg": 2352.0560192090397
}