{
    "year": 2021,
    "month": 4,
    "day": 14,
    "hour": 1,
    "minute": 40,
    "temp": [
        29.576363636363624,
        29.62,
        29.62,
        29.679393939393965,
        29.690000000000026
    ],
    "tds": [
        1241.8993939393938,
        1230.2224242424245,
        1222.6668750000008,
        1217.0112121212114,
        1224.8730303030297
    ],
    "ph": [
        4.192424242424242,
        4.096363636363636,
        4.221249999999999,
        4.173030303030304,
        4.084545454545455
    ],
    "ntu": [
        3000.0,
        3000.0,
        3000.0,
        3000.0,
        3000.0
    ],
    "temp_avg": 29.637151515151526,
    "tds_avg": 1227.334587121212,
    "ph_avg": 4.153522727272727,
    "ntu_avg": 3000.0
}