{
    "year": 2021,
    "month": 4,
    "day": 13,
    "hour": 0,
    "minute": 20,
    "temp": [
        29.559999999999974,
        29.559999999999974,
        29.559999999999974,
        29.60909090909091,
        29.62
    ],
    "tds": [
        744.6499999999996,
        719.7500000000005,
        754.2909090909095,
        676.5863636363631,
        639.8490625000004
    ],
    "ph": [
        0.0,
        0.0,
        0.0,
        0.0,
        0.0
    ],
    "ntu": [
        3000.0,
        3000.0,
        3000.0,
        3000.0,
        3000.0
    ],
    "temp_avg": 29.581818181818164,
    "tds_avg": 707.0252670454545,
    "ph_avg": 0.0,
    "ntu_avg": 3000.0
}