{
    "year": 2021,
    "month": 4,
    "day": 14,
    "hour": 5,
    "minute": 0,
    "temp": [
        28.50363636363636,
        28.559999999999974,
        28.60875,
        28.632727272727283,
        28.690000000000026
    ],
    "tds": [
        1250.4336363636362,
        1251.7457575757571,
        1250.9946875,
        1250.1039393939388,
        1241.88
    ],
    "ph": [
        4.970000000000001,
        4.929393939393939,
        4.9059375,
        4.9457575757575745,
        4.9469696969696955
    ],
    "ntu": [
        3000.0,
        3000.0,
        3000.0,
        3000.0,
        3000.0
    ],
    "temp_avg": 28.59902272727273,
    "tds_avg": 1249.0316041666665,
    "ph_avg": 4.939611742424242,
    "ntu_avg": 3000.0
}