{
    "year": 2021,
    "month": 4,
    "day": 21,
    "hour": 1,
    "minute": 40,
    "temp": [
        28.56363636363635,
        28.576363636363624,
        28.62,
        28.690000000000026,
        28.74818181818182
    ],
    "tds": [
        1247.3200000000004,
        1246.7236363636366,
        1244.68,
        1241.88,
        1239.6896969696963
    ],
    "ph": [
        5.387272727272726,
        5.400606060606061,
        5.393124999999999,
        5.354848484848485,
        5.349090909090911
    ],
    "ntu": [
        3000.0,
        3000.0,
        3000.0,
        3000.0,
        3000.0
    ],
    "temp_avg": 28.639636363636363,
    "tds_avg": 1244.0586666666668,
    "ph_avg": 5.376988636363636,
    "ntu_avg": 3000.0
}