{
    "year": 2021,
    "month": 4,
    "day": 23,
    "hour": 14,
    "minute": 10,
    "temp": [
        29.93288135593221,
        29.998983050847457,
        29.951000000000036,
        29.886610169491483,
        29.84199999999997
    ],
    "ntu": [
        2351.58627118644,
        2184.7847457627113,
        2176.376166666666,
        2160.1752542372874,
        2163.7046666666665
    ],
    "temp_avg": 29.922294915254234,
    "ntu_avg": 2207.325420903954
}