{
    "year": 2021,
    "month": 4,
    "day": 15,
    "hour": 14,
    "minute": 25,
    "temp": [
        27.141212121212124,
        27.099374999999984,
        27.06363636363634,
        27.059999999999977,
        27.071249999999978
    ],
    "tds": [
        1149.7112121212126,
        1151.1350000000004,
        1152.8354545454542,
        1153.07,
        1152.58625
    ],
    "ph": [
        7.250303030303031,
        7.244687499999998,
        7.291818181818184,
        7.266969696969696,
        7.27125
    ],
    "ntu": [
        3000.0,
        3000.0,
        3000.0,
        3000.0,
        3000.0
    ],
    "temp_avg": 27.08709469696968,
    "tds_avg": 1151.8675833333334,
    "ph_avg": 7.265005681818181,
    "ntu_avg": 3000.0
}