{
    "year": 2021,
    "month": 4,
    "day": 9,
    "hour": 4,
    "minute": 55,
    "temp": [
        25.73181818181819,
        25.712500000000013,
        25.70454545454547,
        25.697272727272747,
        25.690000000000023
    ],
    "tds": [
        1404.5266666666666,
        1402.3928125000011,
        1400.611212121212,
        1406.6600000000003,
        1407.1900000000005
    ],
    "ph": [
        3.397272727272728,
        3.4015625000000016,
        3.4178787878787893,
        3.4166666666666674,
        3.4231250000000006
    ],
    "ntu": [
        3000.0,
        3000.0,
        3000.0,
        3000.0,
        3000.0
    ],
    "temp_avg": 25.707227272727287,
    "tds_avg": 1404.2761382575761,
    "ph_avg": 3.4113011363636376,
    "ntu_avg": 3000.0
}