{
    "year": 2021,
    "month": 4,
    "day": 15,
    "hour": 21,
    "minute": 40,
    "temp": [
        29.79909090909089,
        29.77812499999999,
        29.78636363636363,
        29.76272727272727,
        29.757499999999997
    ],
    "tds": [
        1131.668181818182,
        1131.7946874999998,
        1129.6336363636362,
        1129.150909090909,
        1129.5024999999998
    ],
    "ph": [
        7.427575757575757,
        7.4215624999999985,
        7.4127272727272695,
        7.41151515151515,
        7.433750000000002
    ],
    "ntu": [
        3000.0,
        3000.0,
        3000.0,
        3000.0,
        3000.0
    ],
    "temp_avg": 29.776761363636354,
    "tds_avg": 1130.349982954545,
    "ph_avg": 7.421426136363635,
    "ntu_avg": 3000.0
}