{
    "year": 2021,
    "month": 4,
    "day": 14,
    "hour": 18,
    "minute": 45,
    "temp": [
        28.75,
        28.75,
        28.75,
        28.76312499999999,
        28.786363636363614
    ],
    "tds": [
        1298.5500000000002,
        1296.1957575757572,
        1293.88,
        1293.5512500000002,
        1290.9593939393944
    ],
    "ph": [
        4.716969696969696,
        4.737575757575756,
        4.864375,
        4.8540625,
        4.77939393939394
    ],
    "ntu": [
        3000.0,
        3000.0,
        3000.0,
        3000.0,
        3000.0
    ],
    "temp_avg": 28.759897727272723,
    "tds_avg": 1294.6272803030304,
    "ph_avg": 4.790475378787879,
    "ntu_avg": 3000.0
}