{
    "year": 2021,
    "month": 4,
    "day": 20,
    "hour": 23,
    "minute": 10,
    "temp": [
        29.368125,
        29.31545454545452,
        29.309999999999974,
        29.279999999999998,
        29.25
    ],
    "tds": [
        1064.4965625000002,
        1065.7199999999991,
        1066.9199999999992,
        1067.8218749999996,
        1069.1399999999996
    ],
    "ph": [
        4.371875000000001,
        4.315151515151515,
        4.356363636363637,
        4.379062500000001,
        4.399696969696971
    ],
    "ntu": [
        3000.0,
        3000.0,
        3000.0,
        3000.0,
        3000.0
    ],
    "temp_avg": 29.304715909090895,
    "tds_avg": 1066.8196874999994,
    "ph_avg": 4.364429924242425,
    "ntu_avg": 3000.0
}