{
    "year": 2021,
    "month": 4,
    "day": 8,
    "hour": 20,
    "minute": 15,
    "temp": [
        29.690000000000026,
        29.690000000000026,
        29.733636363636364,
        29.75,
        29.78090909090907
    ],
    "tds": [
        1247.3746875000008,
        1249.225151515152,
        1240.2103030303028,
        1238.1546875,
        1246.533333333333
    ],
    "ph": [
        0.0,
        0.0,
        0.0,
        0.0,
        0.0
    ],
    "ntu": [
        3000.0,
        3000.0,
        3000.0,
        3000.0,
        3000.0
    ],
    "temp_avg": 29.7289090909091,
    "tds_avg": 1244.2996325757576,
    "ph_avg": 0.0,
    "ntu_avg": 3000.0
}