{
    "year": 2021,
    "month": 4,
    "day": 12,
    "hour": 20,
    "minute": 0,
    "temp": [
        27.449090909090923,
        27.50181818181818,
        27.556249999999977,
        27.58363636363636,
        27.632727272727283
    ],
    "tds": [
        1234.2712121212128,
        1231.87,
        1229.0500000000002,
        1176.9209090909094,
        1206.302121212121
    ],
    "ph": [
        0.9881818181818179,
        1.2703030303030303,
        2.16125,
        1.1557575757575753,
        0.5512121212121213
    ],
    "ntu": [
        3000.0,
        3000.0,
        3000.0,
        3000.0,
        3000.0
    ],
    "temp_avg": 27.544704545454543,
    "tds_avg": 1215.6828484848486,
    "ph_avg": 1.225340909090909,
    "ntu_avg": 3000.0
}