{
    "year": 2021,
    "month": 4,
    "day": 20,
    "hour": 12,
    "minute": 20,
    "temp": [
        27.262727272727275,
        27.25,
        27.25,
        27.24818181818182,
        27.20312500000002
    ],
    "tds": [
        1157.495151515151,
        1158.2799999999995,
        1158.2799999999995,
        1154.2999999999993,
        1156.2175000000004
    ],
    "ph": [
        4.668181818181818,
        4.645312499999999,
        4.572121212121212,
        4.465757575757576,
        4.495312500000002
    ],
    "ntu": [
        3000.0,
        3000.0,
        3000.0,
        3000.0,
        3000.0
    ],
    "temp_avg": 27.242806818181823,
    "tds_avg": 1156.91453030303,
    "ph_avg": 4.569337121212121,
    "ntu_avg": 3000.0
}