{
    "year": 2021,
    "month": 4,
    "day": 15,
    "hour": 3,
    "minute": 45,
    "temp": [
        27.570909090909073,
        27.572727272727256,
        27.57312499999998,
        27.59090909090908,
        27.583636363636348
    ],
    "tds": [
        1322.0975757575761,
        1322.474545454546,
        1322.1653125000005,
        1322.5687878787885,
        1322.286060606061
    ],
    "ph": [
        5.026060606060608,
        5.03090909090909,
        5.026562499999999,
        5.00757575757576,
        5.01030303030303
    ],
    "ntu": [
        3000.0,
        3000.0,
        3000.0,
        3000.0,
        3000.0
    ],
    "temp_avg": 27.578261363636347,
    "tds_avg": 1322.3184564393946,
    "ph_avg": 5.020282196969697,
    "ntu_avg": 3000.0
}