{
    "year": 2021,
    "month": 4,
    "day": 23,
    "hour": 20,
    "minute": 0,
    "temp": [
        30.187605633802825,
        30.22514285714288,
        30.136760563380232,
        30.07352112676053,
        30.0282857142857
    ],
    "ntu": [
        543.112676056338,
        553.9,
        557.7042253521126,
        560.1830985915493,
        560.0714285714286
    ],
    "temp_avg": 30.130263179074433,
    "ntu_avg": 554.9942857142858
}