{
    "year": 2021,
    "month": 4,
    "day": 21,
    "hour": 12,
    "minute": 35,
    "temp": [
        28.753636363636364,
        28.75,
        28.75,
        28.704545454545478,
        28.690000000000026
    ],
    "tds": [
        1090.7800000000002,
        1090.1145454545458,
        1091.2000000000003,
        1093.0899999999997,
        1093.5099999999995
    ],
    "ph": [
        6.744242424242426,
        6.680909090909091,
        6.716250000000001,
        6.745454545454545,
        6.737272727272728
    ],
    "ntu": [
        3000.0,
        3000.0,
        3000.0,
        3000.0,
        3000.0
    ],
    "temp_avg": 28.72963636363637,
    "tds_avg": 1091.738909090909,
    "ph_avg": 6.724825757575758,
    "ntu_avg": 3000.0
}