{
    "year": 2021,
    "month": 4,
    "day": 21,
    "hour": 3,
    "minute": 55,
    "temp": [
        28.941818181818206,
        28.935625000000023,
        28.87636363636364,
        28.87,
        28.815624999999976
    ],
    "tds": [
        1084.3100000000004,
        1084.4525000000003,
        1086.382727272727,
        1086.7293939393937,
        1088.8181249999998
    ],
    "ph": [
        4.381212121212121,
        4.376249999999999,
        4.379090909090908,
        4.381515151515152,
        4.3396875
    ],
    "ntu": [
        3000.0,
        3000.0,
        3000.0,
        3000.0,
        3000.0
    ],
    "temp_avg": 28.88788636363637,
    "tds_avg": 1086.1385492424242,
    "ph_avg": 4.371551136363636,
    "ntu_avg": 3000.0
}