{
    "year": 2021,
    "month": 4,
    "day": 24,
    "hour": 10,
    "minute": 56,
    "temp": [
        30.121971830985867,
        30.041142857142834,
        29.97718309859157,
        29.920999999999996,
        30.090281690140856
    ],
    "ntu": [
        -102.94366197183099,
        -100.01428571428572,
        -85.16901408450704,
        -91.34285714285714,
        310.15492957746477
    ],
    "temp_avg": 30.030315895372222,
    "ntu_avg": -13.862977867203233
}