{
    "year": 2021,
    "month": 4,
    "day": 12,
    "hour": 19,
    "minute": 40,
    "temp": [
        27.12,
        27.11625,
        27.069090909090885,
        27.059999999999977,
        27.059999999999977
    ],
    "tds": [
        1120.6600000000003,
        1120.9700000000003,
        1122.914545454545,
        1123.1399999999996,
        1123.1399999999996
    ],
    "ph": [
        1.0848484848484847,
        1.19875,
        1.1545454545454543,
        1.1257575757575757,
        1.140625
    ],
    "ntu": [
        3000.0,
        3000.0,
        3000.0,
        3000.0,
        3000.0
    ],
    "temp_avg": 27.085068181818166,
    "tds_avg": 1122.164909090909,
    "ph_avg": 1.140905303030303,
    "ntu_avg": 3000.0
}