{
    "year": 2021,
    "month": 4,
    "day": 26,
    "hour": 10,
    "minute": 25,
    "temp": [
        26.722571428571452,
        26.71619718309861,
        26.72718309859156,
        26.72000000000002,
        26.719577464788753
    ],
    "ntu": [
        433.6857142857143,
        446.7042253521127,
        448.90140845070425,
        451.6857142857143,
        453.8732394366197
    ],
    "temp_avg": 26.721105835010082,
    "ntu_avg": 446.97006036217306
}