{
    "year": 2021,
    "month": 4,
    "day": 12,
    "hour": 20,
    "minute": 55,
    "temp": [
        29.690000000000026,
        29.733636363636364,
        29.7590909090909,
        29.809999999999974,
        29.829999999999988
    ],
    "tds": [
        1132.8328125,
        1130.381818181818,
        1129.5836363636358,
        1127.4199999999992,
        1126.4863636363639
    ],
    "ph": [
        0.0,
        0.0,
        0.0,
        0.0,
        0.0
    ],
    "ntu": [
        3000.0,
        3000.0,
        3000.0,
        3000.0,
        3000.0
    ],
    "temp_avg": 29.764545454545452,
    "tds_avg": 1129.3409261363636,
    "ph_avg": 0.0,
    "ntu_avg": 3000.0
}