{
    "year": 2021,
    "month": 4,
    "day": 22,
    "hour": 13,
    "minute": 15,
    "temp": [
        28.69200000000004,
        28.69000000000004,
        28.69000000000004,
        28.66627118644067,
        28.621166666666625
    ],
    "ntu": [
        3000.0,
        3000.0,
        3000.0,
        3000.0,
        3000.0
    ],
    "temp_avg": 28.671887570621482,
    "ntu_avg": 3000.0
}