{
    "year": 2021,
    "month": 4,
    "day": 22,
    "hour": 20,
    "minute": 55,
    "temp": [
        29.317833333333283,
        29.284576271186424,
        29.220000000000027,
        29.123898305084705,
        29.04799999999997
    ],
    "ntu": [
        1653.6298333333334,
        1608.5989830508481,
        1611.4106666666667,
        1590.2003389830509,
        1619.6491666666661
    ],
    "temp_avg": 29.19886158192088,
    "ntu_avg": 1616.697797740113
}