{
    "year": 2021,
    "month": 4,
    "day": 14,
    "hour": 11,
    "minute": 0,
    "temp": [
        28.37,
        28.366363636363634,
        28.3281818181818,
        28.309999999999977,
        28.309999999999977
    ],
    "tds": [
        1191.6671875000004,
        1180.6181818181824,
        1178.3084848484853,
        1176.9787500000002,
        1174.5600000000002
    ],
    "ph": [
        5.269374999999999,
        5.025151515151515,
        5.066060606060607,
        5.093749999999999,
        4.646363636363637
    ],
    "ntu": [
        3000.0,
        3000.0,
        3000.0,
        3000.0,
        3000.0
    ],
    "temp_avg": 28.33690909090908,
    "tds_avg": 1180.4265208333338,
    "ph_avg": 5.020140151515152,
    "ntu_avg": 3000.0
}