{
    "year": 2021,
    "month": 4,
    "day": 14,
    "hour": 0,
    "minute": 30,
    "temp": [
        27.389687500000015,
        27.454545454545464,
        27.51636363636362,
        27.57124999999999,
        27.63060606060607
    ],
    "tds": [
        1350.6099999999992,
        1356.7681818181818,
        1351.6781818181819,
        1346.7946874999996,
        1326.0127272727275
    ],
    "ph": [
        3.735,
        3.7639393939393937,
        3.785454545454545,
        3.9634375,
        4.2703030303030305
    ],
    "ntu": [
        3000.0,
        3000.0,
        3000.0,
        3000.0,
        3000.0
    ],
    "temp_avg": 27.512490530303033,
    "tds_avg": 1346.372755681818,
    "ph_avg": 3.9036268939393937,
    "ntu_avg": 3000.0
}