{
    "year": 2021,
    "month": 4,
    "day": 15,
    "hour": 12,
    "minute": 55,
    "temp": [
        28.190000000000023,
        28.190000000000023,
        28.190000000000023,
        28.147575757575765,
        28.12
    ],
    "tds": [
        1094.4160606060607,
        1091.088125,
        1098.45606060606,
        1095.8690909090915,
        1098.48
    ],
    "ph": [
        7.287878787878792,
        7.271562499999998,
        7.253333333333332,
        7.246060606060608,
        7.232121212121214
    ],
    "ntu": [
        3000.0,
        3000.0,
        3000.0,
        3000.0,
        3000.0
    ],
    "temp_avg": 28.167515151515165,
    "tds_avg": 1095.6618674242425,
    "ph_avg": 7.258191287878789,
    "ntu_avg": 3000.0
}