{
    "year": 2021,
    "month": 4,
    "day": 10,
    "hour": 20,
    "minute": 30,
    "temp": [
        27.690000000000023,
        27.690000000000023,
        27.62636363636364,
        27.62,
        27.594545454545436
    ],
    "tds": [
        1123.5800000000008,
        1123.5800000000008,
        1125.8254545454545,
        1126.0499999999997,
        1127.2524242424236
    ],
    "ph": [
        5.741515151515152,
        5.7684375,
        5.800909090909092,
        5.778181818181819,
        5.775757575757576
    ],
    "ntu": [
        3000.0,
        3000.0,
        3000.0,
        3000.0,
        3000.0
    ],
    "temp_avg": 27.644181818181824,
    "tds_avg": 1125.2575757575758,
    "ph_avg": 5.772960227272728,
    "ntu_avg": 3000.0
}