{
    "year": 2021,
    "month": 4,
    "day": 16,
    "hour": 0,
    "minute": 0,
    "temp": [
        29.437878787878812,
        29.38272727272728,
        29.37,
        29.37,
        29.32272727272725
    ],
    "tds": [
        1150.1748484848479,
        1151.9712121212117,
        1150.5675757575757,
        1148.5168749999998,
        1150.154545454546
    ],
    "ph": [
        7.416666666666666,
        7.458787878787877,
        7.484545454545453,
        7.4575,
        7.415151515151516
    ],
    "ntu": [
        3000.0,
        3000.0,
        3000.0,
        3000.0,
        3000.0
    ],
    "temp_avg": 29.376666666666672,
    "tds_avg": 1150.2770113636363,
    "ph_avg": 7.446530303030302,
    "ntu_avg": 3000.0
}