{
    "year": 2021,
    "month": 4,
    "day": 8,
    "hour": 2,
    "minute": 0,
    "temp": [
        24.62,
        25.5,
        25.5,
        24.62,
        25.5
    ],
    "tds": [
        1486.8,
        0.0,
        0.0,
        1481.1,
        0.0
    ],
    "ph": [
        0.0,
        0.0,
        0.0,
        0.0,
        0.0
    ],
    "ntu": [
        3000.0,
        3000.0,
        3000.0,
        3000.0,
        3000.0
    ],
    "temp_avg": 25.148000000000003,
    "tds_avg": 593.5799999999999,
    "ph_avg": 0.0,
    "ntu_avg": 3000.0
}