{
    "year": 2021,
    "month": 4,
    "day": 24,
    "hour": 1,
    "minute": 40,
    "temp": [
        30.14577464788733,
        30.197714285714326,
        30.10309859154925,
        30.038028169014062,
        29.98028571428573
    ],
    "ntu": [
        656.0281690140845,
        660.1714285714286,
        661.4507042253521,
        661.9014084507043,
        662.4285714285714
    ],
    "temp_avg": 30.092980281690142,
    "ntu_avg": 660.3960563380282
}