{
    "year": 2021,
    "month": 4,
    "day": 15,
    "hour": 5,
    "minute": 10,
    "temp": [
        27.559999999999977,
        27.559999999999977,
        27.559999999999977,
        27.559999999999977,
        27.559999999999977
    ],
    "tds": [
        1269.7209090909093,
        1267.598181818182,
        1270.57,
        1266.3403125000002,
        1261.2400000000002
    ],
    "ph": [
        4.934848484848484,
        4.976969696969697,
        5.040000000000002,
        4.951249999999999,
        4.946060606060606
    ],
    "ntu": [
        3000.0,
        3000.0,
        3000.0,
        3000.0,
        3000.0
    ],
    "temp_avg": 27.55999999999998,
    "tds_avg": 1267.0938806818183,
    "ph_avg": 4.969825757575757,
    "ntu_avg": 3000.0
}