{
    "year": 2021,
    "month": 4,
    "day": 14,
    "hour": 12,
    "minute": 20,
    "temp": [
        27.309999999999977,
        27.277272727272717,
        27.218125000000022,
        27.190000000000023,
        27.101818181818164
    ],
    "tds": [
        1227.4284848484858,
        1240.3696969696966,
        1256.40625,
        1257.845757575758,
        1268.5672727272724
    ],
    "ph": [
        6.993939393939394,
        7.0166666666666675,
        7.081250000000001,
        7.116363636363637,
        7.147575757575758
    ],
    "ntu": [
        3000.0,
        3000.0,
        3000.0,
        3000.0,
        3000.0
    ],
    "temp_avg": 27.219443181818185,
    "tds_avg": 1250.1234924242424,
    "ph_avg": 7.071159090909092,
    "ntu_avg": 3000.0
}