{
    "year": 2021,
    "month": 4,
    "day": 23,
    "hour": 1,
    "minute": 16,
    "temp": [
        29.740000000000016,
        29.630169491525383,
        29.539661016949132,
        29.487000000000013,
        29.726440677966075
    ],
    "ntu": [
        2359.938499999999,
        2348.790677966101,
        2350.14813559322,
        2337.407833333334,
        2379.706440677967
    ],
    "temp_avg": 29.62465423728812,
    "ntu_avg": 2355.198317514124
}