{
    "year": 2021,
    "month": 4,
    "day": 5,
    "hour": 4,
    "minute": 50,
    "temp": [
        25.0,
        25.06,
        25.06,
        25.06,
        25.06
    ],
    "tds": [
        0.0,
        0.0,
        0.0,
        0.0,
        0.0
    ],
    "ph": [
        0.11,
        0.1,
        0.1,
        0.1,
        0.1
    ],
    "ntu": [
        3000.0,
        3000.0,
        3000.0,
        3000.0,
        3000.0
    ],
    "temp_avg": 25.048000000000002,
    "tds_avg": 0.0,
    "ph_avg": 0.10200000000000001,
    "ntu_avg": 3000.0
}