{
    "year": 2021,
    "month": 4,
    "day": 24,
    "hour": 23,
    "minute": 50,
    "temp": [
        26.36999999999995,
        26.36999999999995,
        26.36999999999995,
        26.36999999999995,
        26.36999999999995
    ],
    "ntu": [
        -5.591549295774648,
        -5.915492957746479,
        -5.9,
        -5.901408450704225,
        -5.774647887323944
    ],
    "temp_avg": 26.369999999999955,
    "ntu_avg": -5.816619718309859
}