{
    "year": 2021,
    "month": 4,
    "day": 9,
    "hour": 15,
    "minute": 30,
    "temp": [
        27.505454545454548,
        27.5,
        27.47272727272729,
        27.440000000000023,
        27.43343750000002
    ],
    "tds": [
        1131.4848484848483,
        1131.02,
        1132.3836363636362,
        1133.52,
        1136.850625
    ],
    "ph": [
        5.121818181818181,
        5.038484848484848,
        5.13151515151515,
        5.082424242424243,
        5.084687500000001
    ],
    "ntu": [
        3000.0,
        3000.0,
        3000.0,
        3000.0,
        3000.0
    ],
    "temp_avg": 27.470323863636377,
    "tds_avg": 1133.0518219696971,
    "ph_avg": 5.091785984848484,
    "ntu_avg": 3000.0
}