{
    "year": 2021,
    "month": 4,
    "day": 13,
    "hour": 21,
    "minute": 25,
    "temp": [
        29.231818181818184,
        29.26999999999999,
        29.309999999999974,
        29.366363636363637,
        29.393333333333345
    ],
    "tds": [
        1248.9854545454543,
        1246.4569696969693,
        1240.9199999999992,
        1238.336666666666,
        1237.3396969696964
    ],
    "ph": [
        0.012424242424242426,
        0.0,
        0.0,
        0.0,
        0.0
    ],
    "ntu": [
        3000.0,
        3000.0,
        3000.0,
        3000.0,
        3000.0
    ],
    "temp_avg": 29.31430303030303,
    "tds_avg": 1242.4077575757572,
    "ph_avg": 0.002484848484848485,
    "ntu_avg": 3000.0
}