{
    "year": 2021,
    "month": 4,
    "day": 11,
    "hour": 22,
    "minute": 20,
    "temp": [
        29.690000000000026,
        29.666666666666682,
        29.62,
        29.614374999999995,
        29.559999999999974
    ],
    "tds": [
        1046.2599999999993,
        1046.8436363636363,
        1048.4000000000005,
        1048.7359375000003,
        1050.484848484848
    ],
    "ph": [
        6.751874999999999,
        6.77090909090909,
        6.7687878787878795,
        6.775,
        6.73
    ],
    "ntu": [
        3000.0,
        3000.0,
        3000.0,
        3000.0,
        3000.0
    ],
    "temp_avg": 29.630208333333336,
    "tds_avg": 1048.144884469697,
    "ph_avg": 6.759314393939394,
    "ntu_avg": 3000.0
}