{
    "year": 2021,
    "month": 4,
    "day": 15,
    "hour": 4,
    "minute": 35,
    "temp": [
        27.559999999999977,
        27.559999999999977,
        27.559999999999977,
        27.559999999999977,
        27.559999999999977
    ],
    "tds": [
        1285.982727272727,
        1286.17125,
        1287.5639393939393,
        1292.740606060606,
        1298.9499999999998
    ],
    "ph": [
        4.784242424242426,
        4.748437499999999,
        4.69939393939394,
        4.625757575757577,
        4.544687500000001
    ],
    "ntu": [
        3000.0,
        3000.0,
        3000.0,
        3000.0,
        3000.0
    ],
    "temp_avg": 27.55999999999998,
    "tds_avg": 1290.2817045454544,
    "ph_avg": 4.680503787878789,
    "ntu_avg": 3000.0
}