{
    "year": 2021,
    "month": 4,
    "day": 15,
    "hour": 2,
    "minute": 5,
    "temp": [
        27.759090909090904,
        27.7575,
        27.75,
        27.75,
        27.75
    ],
    "tds": [
        1302.9624242424247,
        1303.7800000000007,
        1304.0678787878796,
        1304.0678787878796,
        1304.0650000000007
    ],
    "ph": [
        4.9784848484848485,
        5.060312500000001,
        5.1078787878787875,
        5.101818181818183,
        5.105937499999999
    ],
    "ntu": [
        3000.0,
        3000.0,
        3000.0,
        3000.0,
        3000.0
    ],
    "temp_avg": 27.75331818181818,
    "tds_avg": 1303.7886363636371,
    "ph_avg": 5.0708863636363635,
    "ntu_avg": 3000.0
}