{
    "year": 2021,
    "month": 4,
    "day": 12,
    "hour": 3,
    "minute": 40,
    "temp": [
        26.12,
        26.11818181818182,
        26.12,
        26.12,
        26.12
    ],
    "tds": [
        1336.9400000000003,
        1336.9400000000003,
        1336.9400000000003,
        1336.9400000000003,
        1336.9400000000003
    ],
    "ph": [
        7.19121212121212,
        7.2351515151515144,
        7.371250000000002,
        7.178787878787879,
        7.310303030303031
    ],
    "ntu": [
        3000.0,
        3000.0,
        3000.0,
        3000.0,
        3000.0
    ],
    "temp_avg": 26.119636363636364,
    "tds_avg": 1336.9400000000003,
    "ph_avg": 7.257340909090909,
    "ntu_avg": 3000.0
}