{
    "year": 2021,
    "month": 4,
    "day": 9,
    "hour": 18,
    "minute": 5,
    "temp": [
        29.967272727272736,
        29.986875000000005,
        29.95818181818184,
        29.940000000000026,
        29.940000000000026
    ],
    "tds": [
        1187.5499999999997,
        1187.3018749999997,
        1191.921818181818,
        1190.7018181818185,
        1188.4000000000008
    ],
    "ph": [
        5.21909090909091,
        5.266562499999999,
        5.2369696969696955,
        5.205454545454543,
        5.0921875
    ],
    "ntu": [
        3000.0,
        3000.0,
        3000.0,
        3000.0,
        3000.0
    ],
    "temp_avg": 29.958465909090926,
    "tds_avg": 1189.1751022727271,
    "ph_avg": 5.2040530303030295,
    "ntu_avg": 3000.0
}