{
    "year": 2021,
    "month": 4,
    "day": 12,
    "hour": 1,
    "minute": 45,
    "temp": [
        25.701250000000016,
        25.71181818181819,
        25.70454545454547,
        25.73181818181819,
        25.74454545454546
    ],
    "tds": [
        1380.3640625000007,
        1377.6603030303033,
        1379.4448484848492,
        1377.877272727273,
        1376.622727272728
    ],
    "ph": [
        7.200937499999999,
        7.206969696969694,
        7.216969696969695,
        7.206969696969694,
        7.217878787878787
    ],
    "ntu": [
        3000.0,
        3000.0,
        3000.0,
        3000.0,
        3000.0
    ],
    "temp_avg": 25.718795454545464,
    "tds_avg": 1378.393842803031,
    "ph_avg": 7.209945075757574,
    "ntu_avg": 3000.0
}