{
    "year": 2021,
    "month": 4,
    "day": 13,
    "hour": 11,
    "minute": 10,
    "temp": [
        28.940000000000026,
        28.986875,
        29.021818181818162,
        29.058181818181794,
        29.065454545454525
    ],
    "tds": [
        59.679696969696955,
        49.73124999999998,
        70.46090909090911,
        40.46242424242426,
        87.05090909090912
    ],
    "ph": [
        0.0,
        0.0,
        0.0,
        0.0,
        0.0
    ],
    "ntu": [
        3000.0,
        3000.0,
        3000.0,
        3000.0,
        3000.0
    ],
    "temp_avg": 29.014465909090898,
    "tds_avg": 61.47703787878788,
    "ph_avg": 0.0,
    "ntu_avg": 3000.0
}