{
    "year": 2021,
    "month": 4,
    "day": 21,
    "hour": 4,
    "minute": 50,
    "temp": [
        27.5,
        27.48727272727274,
        27.440000000000023,
        27.440000000000023,
        27.406060606060613
    ],
    "tds": [
        1143.73,
        1148.1203030303034,
        1147.7412500000005,
        1150.55,
        1149.9442424242422
    ],
    "ph": [
        4.275151515151515,
        4.3130303030303025,
        4.3765624999999995,
        4.319393939393941,
        4.377878787878787
    ],
    "ntu": [
        3000.0,
        3000.0,
        3000.0,
        3000.0,
        3000.0
    ],
    "temp_avg": 27.45466666666668,
    "tds_avg": 1148.0171590909092,
    "ph_avg": 4.33240340909091,
    "ntu_avg": 3000.0
}