{
    "year": 2021,
    "month": 4,
    "day": 11,
    "hour": 2,
    "minute": 20,
    "temp": [
        25.5,
        25.5,
        25.5,
        25.5,
        25.5
    ],
    "tds": [
        1404.4790909090916,
        1407.2300000000007,
        1403.8925000000006,
        1407.2300000000007,
        1403.8318181818183
    ],
    "ph": [
        4.916969696969696,
        4.991212121212121,
        4.9625,
        4.960909090909087,
        4.950909090909092
    ],
    "ntu": [
        3000.0,
        3000.0,
        3000.0,
        3000.0,
        3000.0
    ],
    "temp_avg": 25.5,
    "tds_avg": 1405.3326818181824,
    "ph_avg": 4.9565,
    "ntu_avg": 3000.0
}