{
    "year": 2021,
    "month": 4,
    "day": 14,
    "hour": 3,
    "minute": 15,
    "temp": [
        28.5,
        28.49636363636364,
        28.44363636363639,
        28.440000000000023,
        28.395454545454548
    ],
    "tds": [
        1123.0446875000002,
        1122.203333333334,
        1127.252727272728,
        1127.4762500000004,
        1132.341515151515
    ],
    "ph": [
        4.2971875,
        4.306060606060607,
        4.341212121212121,
        4.495000000000002,
        4.5227272727272725
    ],
    "ntu": [
        3000.0,
        3000.0,
        3000.0,
        3000.0,
        3000.0
    ],
    "temp_avg": 28.45509090909092,
    "tds_avg": 1126.4637026515156,
    "ph_avg": 4.392437500000001,
    "ntu_avg": 3000.0
}