{
    "year": 2021,
    "month": 4,
    "day": 24,
    "hour": 6,
    "minute": 5,
    "temp": [
        30.057464788732386,
        30.129859154929523,
        30.064285714285674,
        30.005070422535212,
        29.940857142857183
    ],
    "ntu": [
        599.3802816901408,
        601.4929577464789,
        602.6714285714286,
        604.9577464788732,
        606.4285714285714
    ],
    "temp_avg": 30.039507444667993,
    "ntu_avg": 602.9861971830986
}