{
    "year": 2021,
    "month": 4,
    "day": 23,
    "hour": 3,
    "minute": 30,
    "temp": [
        27.75033333333331,
        27.724576271186464,
        27.630499999999962,
        27.570169491525387,
        27.512
    ],
    "ntu": [
        1676.2933333333326,
        1616.402033898306,
        1610.9836666666667,
        1611.9699999999996,
        1608.6735000000006
    ],
    "temp_avg": 27.63751581920902,
    "ntu_avg": 1624.864506779661
}