{
    "year": 2021,
    "month": 4,
    "day": 25,
    "hour": 15,
    "minute": 26,
    "temp": [
        26.891690140845053,
        26.89799999999999,
        26.903521126760563,
        26.910000000000004,
        26.89070422535209
    ],
    "ntu": [
        246.25352112676057,
        242.27142857142857,
        254.57746478873239,
        288.42857142857144,
        325.15492957746477
    ],
    "temp_avg": 26.898783098591544,
    "ntu_avg": 271.3371830985916
}