{
    "year": 2021,
    "month": 4,
    "day": 11,
    "hour": 2,
    "minute": 25,
    "temp": [
        25.5,
        25.5,
        25.5,
        25.5,
        25.5
    ],
    "tds": [
        1404.0593750000005,
        1401.8899999999996,
        1402.6990909090907,
        1407.2350000000001,
        1423.1866666666658
    ],
    "ph": [
        4.983437499999999,
        4.286969696969696,
        3.512727272727272,
        3.3065625,
        3.1248484848484845
    ],
    "ntu": [
        3000.0,
        3000.0,
        3000.0,
        3000.0,
        3000.0
    ],
    "temp_avg": 25.5,
    "tds_avg": 1407.8140265151515,
    "ph_avg": 3.84290909090909,
    "ntu_avg": 3000.0
}