{
    "year": 2021,
    "month": 4,
    "day": 23,
    "hour": 14,
    "minute": 30,
    "temp": [
        29.712203389830513,
        29.72900000000002,
        29.648474576271152,
        29.58199999999997,
        29.527457627118636
    ],
    "ntu": [
        2141.958305084746,
        2090.459,
        2049.0627118644065,
        2057.7191666666668,
        2073.0145762711863
    ],
    "temp_avg": 29.639827118644057,
    "ntu_avg": 2082.4427519774013
}