{
    "year": 2021,
    "month": 4,
    "day": 11,
    "hour": 20,
    "minute": 50,
    "temp": [
        27.181515151515175,
        27.220000000000002,
        27.25,
        27.308181818181797,
        27.34375
    ],
    "tds": [
        1298.3490909090908,
        1296.3543749999994,
        1294.5593939393943,
        1291.9800000000005,
        1289.7149999999995
    ],
    "ph": [
        6.826969696969699,
        6.833750000000002,
        6.842424242424244,
        6.882727272727273,
        6.8762500000000015
    ],
    "ntu": [
        3000.0,
        3000.0,
        3000.0,
        3000.0,
        3000.0
    ],
    "temp_avg": 27.260689393939394,
    "tds_avg": 1294.191571969697,
    "ph_avg": 6.852424242424243,
    "ntu_avg": 3000.0
}