{
    "year": 2021,
    "month": 4,
    "day": 13,
    "hour": 2,
    "minute": 0,
    "temp": [
        28.00181818181818,
        27.96727272727275,
        27.947272727272743,
        27.931515151515168,
        27.87
    ],
    "tds": [
        0.0,
        0.0,
        0.0,
        0.0,
        0.0
    ],
    "ph": [
        0.0,
        0.0,
        0.0,
        0.0,
        0.0
    ],
    "ntu": [
        3000.0,
        3000.0,
        3000.0,
        3000.0,
        3000.0
    ],
    "temp_avg": 27.94357575757577,
    "tds_avg": 0.0,
    "ph_avg": 0.0,
    "ntu_avg": 3000.0
}