{
    "year": 2021,
    "month": 4,
    "day": 8,
    "hour": 18,
    "minute": 45,
    "temp": [
        27.07090909090907,
        27.059999999999977,
        27.059999999999977,
        27.059999999999977,
        27.02727272727272
    ],
    "tds": [
        0.0,
        0.0,
        0.0,
        0.0,
        0.0
    ],
    "ph": [
        0.0,
        0.0,
        0.0,
        0.0,
        0.0
    ],
    "ntu": [
        3000.0,
        3000.0,
        3000.0,
        3000.0,
        3000.0
    ],
    "temp_avg": 27.055636363636342,
    "tds_avg": 0.0,
    "ph_avg": 0.0,
    "ntu_avg": 3000.0
}