{
    "year": 2021,
    "month": 4,
    "day": 9,
    "hour": 8,
    "minute": 25,
    "temp": [
        29.581818181818164,
        29.62,
        29.62,
        29.6518181818182,
        29.687812500000025
    ],
    "tds": [
        1204.3872727272724,
        1201.4221874999996,
        1198.4933333333333,
        1195.96696969697,
        1195.0837500000007
    ],
    "ph": [
        4.757878787878788,
        4.697187499999999,
        4.726666666666666,
        4.759696969696971,
        4.9203125
    ],
    "ntu": [
        3000.0,
        3000.0,
        3000.0,
        3000.0,
        3000.0
    ],
    "temp_avg": 29.63228977272728,
    "tds_avg": 1199.0707026515151,
    "ph_avg": 4.772348484848484,
    "ntu_avg": 3000.0
}