{
    "year": 2021,
    "month": 4,
    "day": 15,
    "hour": 6,
    "minute": 40,
    "temp": [
        27.559999999999977,
        27.559999999999977,
        27.559999999999977,
        27.559999999999977,
        27.559999999999977
    ],
    "tds": [
        1275.2599999999998,
        1270.57,
        1270.57,
        1273.5545454545454,
        1275.8487499999997
    ],
    "ph": [
        4.781818181818183,
        4.815625,
        4.790000000000003,
        4.765757575757576,
        4.7721875
    ],
    "ntu": [
        3000.0,
        3000.0,
        3000.0,
        3000.0,
        3000.0
    ],
    "temp_avg": 27.55999999999998,
    "tds_avg": 1273.1606590909091,
    "ph_avg": 4.785077651515152,
    "ntu_avg": 3000.0
}