{
    "year": 2021,
    "month": 4,
    "day": 15,
    "hour": 0,
    "minute": 55,
    "temp": [
        28.24818181818182,
        28.221875000000015,
        28.195454545454567,
        28.190000000000023,
        28.190000000000023
    ],
    "tds": [
        1271.4709090909091,
        1272.30875,
        1273.5945454545458,
        1273.8600000000004,
        1273.8600000000004
    ],
    "ph": [
        5.130606060606061,
        5.122187500000001,
        5.110000000000002,
        5.103939393939394,
        5.118125000000001
    ],
    "ntu": [
        3000.0,
        3000.0,
        3000.0,
        3000.0,
        3000.0
    ],
    "temp_avg": 28.20910227272729,
    "tds_avg": 1273.018840909091,
    "ph_avg": 5.116971590909093,
    "ntu_avg": 3000.0
}