{
    "year": 2021,
    "month": 4,
    "day": 23,
    "hour": 14,
    "minute": 35,
    "temp": [
        29.583559322033853,
        29.601999999999972,
        29.52440677966101,
        29.465000000000032,
        29.397288135593183
    ],
    "ntu": [
        2128.6505084745763,
        2121.861166666667,
        2104.4601694915254,
        2126.682500000001,
        2133.8596610169484
    ],
    "temp_avg": 29.514450847457606,
    "ntu_avg": 2123.1028011299436
}