{
    "year": 2021,
    "month": 4,
    "day": 14,
    "hour": 2,
    "minute": 50,
    "temp": [
        29.21625000000002,
        29.190000000000026,
        29.151818181818186,
        29.12,
        29.10545454545453
    ],
    "tds": [
        1098.4065625000003,
        1102.015757575758,
        1099.7236363636366,
        1099.7075,
        1103.0981818181817
    ],
    "ph": [
        4.20375,
        4.3830303030303055,
        4.463030303030302,
        4.566562500000002,
        4.586969696969696
    ],
    "ntu": [
        3000.0,
        3000.0,
        3000.0,
        3000.0,
        3000.0
    ],
    "temp_avg": 29.156704545454552,
    "tds_avg": 1100.5903276515153,
    "ph_avg": 4.440668560606061,
    "ntu_avg": 3000.0
}