{
    "year": 2021,
    "month": 4,
    "day": 10,
    "hour": 9,
    "minute": 10,
    "temp": [
        28.485454545454555,
        28.441818181818203,
        28.42906250000002,
        28.37,
        28.36454545454545
    ],
    "tds": [
        1097.4060606060607,
        1098.8399999999997,
        1099.4274999999998,
        1101.1899999999998,
        1101.4045454545453
    ],
    "ph": [
        4.047272727272728,
        4.0633333333333335,
        4.09,
        4.05969696969697,
        4.033333333333334
    ],
    "ntu": [
        3000.0,
        3000.0,
        3000.0,
        3000.0,
        3000.0
    ],
    "temp_avg": 28.41817613636365,
    "tds_avg": 1099.653621212121,
    "ph_avg": 4.058727272727273,
    "ntu_avg": 3000.0
}