{
    "year": 2021,
    "month": 4,
    "day": 24,
    "hour": 21,
    "minute": 56,
    "temp": [
        26.559999999999963,
        26.559999999999963,
        26.559999999999963,
        26.559999999999963,
        26.559999999999963
    ],
    "ntu": [
        -5.450704225352113,
        -5.450704225352113,
        -4.9714285714285715,
        -5.042253521126761,
        629.4084507042254
    ],
    "temp_avg": 26.559999999999963,
    "ntu_avg": 121.69867203219317
}