{
    "year": 2021,
    "month": 4,
    "day": 11,
    "hour": 3,
    "minute": 30,
    "temp": [
        25.62424242424243,
        25.636969696969707,
        25.63531250000001,
        25.649696969696986,
        25.662424242424258
    ],
    "tds": [
        1405.2872727272727,
        1404.649090909091,
        1404.2934375,
        1404.4363636363635,
        1400.9533333333336
    ],
    "ph": [
        5.125151515151515,
        5.126363636363633,
        5.187187500000001,
        5.243636363636365,
        5.1978787878787855
    ],
    "ntu": [
        3000.0,
        3000.0,
        3000.0,
        3000.0,
        3000.0
    ],
    "temp_avg": 25.641729166666682,
    "tds_avg": 1403.923899621212,
    "ph_avg": 5.17604356060606,
    "ntu_avg": 3000.0
}