{
    "year": 2021,
    "month": 4,
    "day": 16,
    "hour": 3,
    "minute": 25,
    "temp": [
        27.808181818181797,
        27.809999999999977,
        27.806363636363614,
        27.806363636363614,
        27.79124999999999
    ],
    "tds": [
        1236.1509090909094,
        1235.0206250000003,
        1240.874242424242,
        1236.6875757575758,
        1231.966875
    ],
    "ph": [
        7.1933333333333325,
        7.1271875,
        7.1524242424242415,
        7.1424242424242435,
        7.161874999999998
    ],
    "ntu": [
        3000.0,
        3000.0,
        3000.0,
        3000.0,
        3000.0
    ],
    "temp_avg": 27.804431818181797,
    "tds_avg": 1236.1400454545455,
    "ph_avg": 7.155448863636363,
    "ntu_avg": 3000.0
}