{
    "year": 2021,
    "month": 4,
    "day": 20,
    "hour": 15,
    "minute": 10,
    "temp": [
        29.27,
        29.25,
        29.244375000000005,
        29.190000000000026,
        29.177272727272744
    ],
    "tds": [
        1076.027575757576,
        1076.91,
        1077.5428125,
        1079.16,
        1079.7763636363634
    ],
    "ph": [
        5.184242424242424,
        5.094242424242425,
        5.046875000000001,
        5.097878787878789,
        5.122121212121215
    ],
    "ntu": [
        3000.0,
        3000.0,
        3000.0,
        3000.0,
        3000.0
    ],
    "temp_avg": 29.226329545454554,
    "tds_avg": 1077.8833503787878,
    "ph_avg": 5.10907196969697,
    "ntu_avg": 3000.0
}