{
    "year": 2021,
    "month": 4,
    "day": 9,
    "hour": 21,
    "minute": 40,
    "temp": [
        29.864545454545453,
        29.834374999999984,
        29.809999999999974,
        29.809999999999974,
        29.809999999999974
    ],
    "tds": [
        1191.2045454545462,
        1190.3081250000002,
        1189.2324242424243,
        1189.3100000000002,
        1187.7275
    ],
    "ph": [
        4.586666666666666,
        4.602812499999999,
        4.633636363636363,
        4.626363636363635,
        4.370625
    ],
    "ntu": [
        3000.0,
        3000.0,
        3000.0,
        3000.0,
        3000.0
    ],
    "temp_avg": 29.82578409090907,
    "tds_avg": 1189.5565189393942,
    "ph_avg": 4.564020833333332,
    "ntu_avg": 3000.0
}