{
    "year": 2021,
    "month": 4,
    "day": 9,
    "hour": 4,
    "minute": 50,
    "temp": [
        25.75,
        25.75,
        25.75,
        25.746250000000003,
        25.739090909090915
    ],
    "tds": [
        1402.5674999999999,
        1404.5315151515144,
        1409.2606060606054,
        1399.5359375,
        1399.3384848484848
    ],
    "ph": [
        3.4496875000000005,
        3.41969696969697,
        3.3857575757575753,
        3.434062500000001,
        3.451515151515152
    ],
    "ntu": [
        3000.0,
        3000.0,
        3000.0,
        3000.0,
        3000.0
    ],
    "temp_avg": 25.747068181818186,
    "tds_avg": 1403.0468087121208,
    "ph_avg": 3.42814393939394,
    "ntu_avg": 3000.0
}