{
    "year": 2021,
    "month": 4,
    "day": 11,
    "hour": 14,
    "minute": 10,
    "temp": [
        28.505624999999995,
        28.559999999999974,
        28.57999999999999,
        28.62,
        28.687878787878812
    ],
    "tds": [
        1227.7440625000008,
        1225.163333333334,
        1228.1133333333328,
        1226.7799999999995,
        1223.1833333333338
    ],
    "ph": [
        6.302187500000002,
        6.298181818181819,
        6.265757575757575,
        6.266249999999997,
        6.25909090909091
    ],
    "ntu": [
        3000.0,
        3000.0,
        3000.0,
        3000.0,
        3000.0
    ],
    "temp_avg": 28.590700757575757,
    "tds_avg": 1226.1968125000003,
    "ph_avg": 6.278293560606061,
    "ntu_avg": 3000.0
}