{
    "year": 2021,
    "month": 4,
    "day": 15,
    "hour": 22,
    "minute": 20,
    "temp": [
        29.690000000000026,
        29.690000000000026,
        29.690000000000026,
        29.690000000000026,
        29.690000000000026
    ],
    "tds": [
        1140.1966666666665,
        1140.32,
        1137.6490625,
        1139.2099999999998,
        1136.4966666666667
    ],
    "ph": [
        7.473939393939393,
        7.470303030303029,
        7.479375,
        7.510000000000003,
        7.485454545454543
    ],
    "ntu": [
        3000.0,
        3000.0,
        3000.0,
        3000.0,
        3000.0
    ],
    "temp_avg": 29.690000000000026,
    "tds_avg": 1138.7744791666667,
    "ph_avg": 7.483814393939395,
    "ntu_avg": 3000.0
}