{
    "year": 2021,
    "month": 4,
    "day": 13,
    "hour": 14,
    "minute": 20,
    "temp": [
        28.87,
        28.918787878787903,
        28.940000000000026,
        28.986874999999998,
        29.00545454545454
    ],
    "tds": [
        215.56749999999997,
        187.58393939393932,
        251.39242424242425,
        249.54625000000004,
        295.39666666666676
    ],
    "ph": [
        0.0,
        0.0,
        0.0,
        0.0,
        0.0
    ],
    "ntu": [
        3000.0,
        3000.0,
        3000.0,
        3000.0,
        3000.0
    ],
    "temp_avg": 28.944223484848493,
    "tds_avg": 239.89735606060609,
    "ph_avg": 0.0,
    "ntu_avg": 3000.0
}