{
    "year": 2021,
    "month": 4,
    "day": 11,
    "hour": 15,
    "minute": 50,
    "temp": [
        28.628484848484852,
        28.62,
        28.582499999999985,
        28.559999999999974,
        28.550909090909073
    ],
    "tds": [
        1083.8699999999994,
        1084.2318181818173,
        1085.0918749999994,
        1086.1699999999992,
        1087.5587878787878
    ],
    "ph": [
        6.195151515151514,
        6.193636363636362,
        6.206875,
        6.195151515151515,
        6.173333333333331
    ],
    "ntu": [
        3000.0,
        3000.0,
        3000.0,
        3000.0,
        3000.0
    ],
    "temp_avg": 28.588378787878774,
    "tds_avg": 1085.3844962121207,
    "ph_avg": 6.192829545454545,
    "ntu_avg": 3000.0
}