{
    "year": 2021,
    "month": 4,
    "day": 15,
    "hour": 0,
    "minute": 0,
    "temp": [
        29.26090909090909,
        29.25,
        29.22187500000002,
        29.190000000000026,
        29.190000000000026
    ],
    "tds": [
        1225.8357575757577,
        1226.0,
        1227.3806250000002,
        1232.9963636363639,
        1228.7200000000005
    ],
    "ph": [
        5.608181818181819,
        5.524545454545455,
        5.542812500000001,
        5.5190909090909095,
        5.520606060606058
    ],
    "ntu": [
        3000.0,
        3000.0,
        3000.0,
        3000.0,
        3000.0
    ],
    "temp_avg": 29.222556818181836,
    "tds_avg": 1228.1865492424245,
    "ph_avg": 5.5430473484848495,
    "ntu_avg": 3000.0
}