{
    "year": 2021,
    "month": 4,
    "day": 8,
    "hour": 20,
    "minute": 55,
    "temp": [
        29.5,
        29.46545454545457,
        29.440000000000026,
        29.406060606060613,
        29.37
    ],
    "tds": [
        0.0,
        0.0,
        0.0,
        0.0,
        0.0
    ],
    "ph": [
        0.0,
        0.0,
        0.0,
        0.0,
        0.0
    ],
    "ntu": [
        3000.0,
        3000.0,
        3000.0,
        3000.0,
        3000.0
    ],
    "temp_avg": 29.436303030303044,
    "tds_avg": 0.0,
    "ph_avg": 0.0,
    "ntu_avg": 3000.0
}