{
    "year": 2021,
    "month": 4,
    "day": 11,
    "hour": 1,
    "minute": 20,
    "temp": [
        25.55999999999998,
        25.55454545454544,
        25.54312499999999,
        25.532727272727268,
        25.5
    ],
    "tds": [
        1398.3799999999999,
        1398.3799999999999,
        1400.203125,
        1401.5884848484857,
        1404.644242424243
    ],
    "ph": [
        5.047575757575757,
        5.082121212121211,
        5.109375000000002,
        5.050606060606062,
        5.084848484848485
    ],
    "ntu": [
        3000.0,
        3000.0,
        3000.0,
        3000.0,
        3000.0
    ],
    "temp_avg": 25.538079545454536,
    "tds_avg": 1400.6391704545458,
    "ph_avg": 5.074905303030304,
    "ntu_avg": 3000.0
}