{
    "year": 2021,
    "month": 4,
    "day": 12,
    "hour": 16,
    "minute": 45,
    "temp": [
        27.603125000000002,
        27.64757575757578,
        27.704545454545464,
        27.75,
        27.808181818181797
    ],
    "tds": [
        1227.0375,
        1225.0663636363633,
        1222.954545454545,
        1220.68,
        1218.0036363636355
    ],
    "ph": [
        1.8153125000000003,
        1.7930303030303028,
        1.7957575757575748,
        1.7865625000000005,
        1.7815151515151515
    ],
    "ntu": [
        3000.0,
        3000.0,
        3000.0,
        3000.0,
        3000.0
    ],
    "temp_avg": 27.702685606060612,
    "tds_avg": 1222.7484090909088,
    "ph_avg": 1.7944356060606061,
    "ntu_avg": 3000.0
}