{
    "year": 2021,
    "month": 4,
    "day": 25,
    "hour": 0,
    "minute": 40,
    "temp": [
        26.36999999999995,
        26.36999999999995,
        26.36999999999995,
        26.36828571428567,
        26.36999999999995
    ],
    "ntu": [
        625.830985915493,
        633.1267605633802,
        632.9577464788732,
        633.0,
        632.9859154929577
    ],
    "temp_avg": 26.369657142857097,
    "ntu_avg": 631.5802816901407
}