{
    "year": 2021,
    "month": 4,
    "day": 26,
    "hour": 11,
    "minute": 55,
    "temp": [
        30.519436619718306,
        30.468169014084523,
        30.388732394366166,
        30.205211267605655,
        30.155142857142827
    ],
    "ntu": [
        -342.6056338028169,
        -342.15492957746477,
        -344.2676056338028,
        -335.36619718309856,
        -338.6142857142857
    ],
    "temp_avg": 30.347338430583495,
    "ntu_avg": -340.60173038229374
}