{
    "year": 2021,
    "month": 4,
    "day": 23,
    "hour": 3,
    "minute": 55,
    "temp": [
        27.207833333333337,
        27.183898305084767,
        27.11799999999996,
        27.05796610169488,
        27.000999999999998
    ],
    "ntu": [
        1186.2106666666666,
        1099.5233898305084,
        1092.0986666666665,
        1105.9394915254238,
        1098.3279999999993
    ],
    "temp_avg": 27.11373954802259,
    "ntu_avg": 1116.420042937853
}