{
    "year": 2021,
    "month": 4,
    "day": 16,
    "hour": 10,
    "minute": 25,
    "temp": [
        29.190000000000026,
        29.190000000000026,
        29.16454545454547,
        29.12636363636364,
        29.12
    ],
    "tds": [
        1164.23,
        1164.30875,
        1163.9263636363637,
        1164.2045454545455,
        1162.55
    ],
    "ph": [
        7.540909090909091,
        7.553125,
        7.588484848484848,
        7.636363636363641,
        7.592500000000002
    ],
    "ntu": [
        3000.0,
        3000.0,
        3000.0,
        3000.0,
        3000.0
    ],
    "temp_avg": 29.158181818181834,
    "tds_avg": 1163.8439318181818,
    "ph_avg": 7.5822765151515155,
    "ntu_avg": 3000.0
}