{
    "year": 2021,
    "month": 4,
    "day": 12,
    "hour": 4,
    "minute": 55,
    "temp": [
        26.206363636363655,
        26.19562500000002,
        26.190000000000023,
        26.191818181818203,
        26.19187500000002
    ],
    "tds": [
        1355.8690909090913,
        1394.5590625000004,
        1371.4269696969704,
        1370.6487878787882,
        1361.1656249999994
    ],
    "ph": [
        7.162727272727272,
        7.203124999999996,
        7.153030303030301,
        7.136363636363633,
        7.115625000000005
    ],
    "ntu": [
        3000.0,
        3000.0,
        3000.0,
        3000.0,
        3000.0
    ],
    "temp_avg": 26.195136363636387,
    "tds_avg": 1370.73390719697,
    "ph_avg": 7.154174242424242,
    "ntu_avg": 3000.0
}