{
    "year": 2021,
    "month": 4,
    "day": 14,
    "hour": 8,
    "minute": 40,
    "temp": [
        27.458181818181824,
        27.5,
        27.55437499999998,
        27.616363636363637,
        27.662424242424265
    ],
    "tds": [
        1281.9403030303038,
        1277.944545454546,
        1275.3528124999998,
        1268.0924242424244,
        1265.860303030303
    ],
    "ph": [
        4.721818181818182,
        4.897878787878788,
        5.004999999999999,
        5.014242424242426,
        5.084242424242425
    ],
    "ntu": [
        3000.0,
        3000.0,
        3000.0,
        3000.0,
        3000.0
    ],
    "temp_avg": 27.55826893939394,
    "tds_avg": 1273.8380776515153,
    "ph_avg": 4.944636363636365,
    "ntu_avg": 3000.0
}