{
    "year": 2021,
    "month": 4,
    "day": 25,
    "hour": 5,
    "minute": 55,
    "temp": [
        26.36999999999995,
        26.36999999999995,
        26.36999999999995,
        26.36999999999995,
        26.36999999999995
    ],
    "ntu": [
        -25.971830985915492,
        -26.67142857142857,
        -26.140845070422536,
        -25.323943661971832,
        -25.742857142857144
    ],
    "temp_avg": 26.369999999999955,
    "ntu_avg": -25.970181086519112
}