{
    "year": 2021,
    "month": 4,
    "day": 9,
    "hour": 2,
    "minute": 0,
    "temp": [
        26.55624999999998,
        26.532727272727264,
        26.503636363636364,
        26.5,
        26.5
    ],
    "tds": [
        1360.1306249999998,
        1363.333636363636,
        1367.4254545454546,
        1367.93,
        1372.5754545454552
    ],
    "ph": [
        3.818124999999999,
        3.7903030303030314,
        3.7845454545454555,
        3.8368749999999996,
        3.8403030303030303
    ],
    "ntu": [
        3000.0,
        3000.0,
        3000.0,
        3000.0,
        3000.0
    ],
    "temp_avg": 26.51852272727272,
    "tds_avg": 1366.2790340909091,
    "ph_avg": 3.814030303030303,
    "ntu_avg": 3000.0
}