{
    "year": 2021,
    "month": 4,
    "day": 9,
    "hour": 1,
    "minute": 25,
    "temp": [
        26.75375,
        26.75,
        26.75,
        26.75,
        26.75
    ],
    "tds": [
        1394.3349999999998,
        1399.1872727272728,
        1402.02303030303,
        1352.1734375000008,
        1361.152121212121
    ],
    "ph": [
        2.7684375,
        2.7733333333333334,
        2.5266666666666664,
        2.9753125,
        3.5072727272727273
    ],
    "ntu": [
        3000.0,
        3000.0,
        3000.0,
        3000.0,
        3000.0
    ],
    "temp_avg": 26.75075,
    "tds_avg": 1381.7741723484846,
    "ph_avg": 2.9102045454545453,
    "ntu_avg": 3000.0
}