{
    "year": 2021,
    "month": 4,
    "day": 11,
    "hour": 19,
    "minute": 45,
    "temp": [
        28.190000000000023,
        28.147575757575765,
        28.12,
        28.12,
        28.069090909090885
    ],
    "tds": [
        1100.1699999999992,
        1101.7500000000005,
        1102.5400000000006,
        1102.8375000000003,
        1104.8478787878778
    ],
    "ph": [
        6.580312500000001,
        6.574545454545455,
        6.525151515151518,
        6.6321875000000015,
        6.564545454545455
    ],
    "ntu": [
        3000.0,
        3000.0,
        3000.0,
        3000.0,
        3000.0
    ],
    "temp_avg": 28.129333333333335,
    "tds_avg": 1102.4290757575757,
    "ph_avg": 6.575348484848486,
    "ntu_avg": 3000.0
}