{
    "year": 2021,
    "month": 4,
    "day": 21,
    "hour": 11,
    "minute": 30,
    "temp": [
        29.799090909090886,
        29.79874999999998,
        29.791818181818165,
        29.793636363636345,
        29.791249999999984
    ],
    "tds": [
        1046.2763636363632,
        1046.3590624999995,
        1046.0181818181811,
        1046.3409090909083,
        1046.4256249999994
    ],
    "ph": [
        6.82121212121212,
        6.830625000000003,
        6.8400000000000025,
        6.866060606060603,
        6.8734375000000005
    ],
    "ntu": [
        3000.0,
        3000.0,
        3000.0,
        3000.0,
        3000.0
    ],
    "temp_avg": 29.794909090909073,
    "tds_avg": 1046.2840284090903,
    "ph_avg": 6.846267045454546,
    "ntu_avg": 3000.0
}