{
    "year": 2021,
    "month": 4,
    "day": 11,
    "hour": 8,
    "minute": 55,
    "temp": [
        28.548749999999984,
        28.5,
        28.49454545454546,
        28.443750000000023,
        28.435757575757595
    ],
    "tds": [
        1086.8196875,
        1084.9824242424243,
        1084.709090909091,
        1086.7999999999997,
        1086.940606060606
    ],
    "ph": [
        4.356249999999998,
        4.394242424242425,
        4.35,
        4.309375,
        4.336666666666669
    ],
    "ntu": [
        3000.0,
        3000.0,
        3000.0,
        3000.0,
        3000.0
    ],
    "temp_avg": 28.484560606060615,
    "tds_avg": 1086.0503617424242,
    "ph_avg": 4.349306818181819,
    "ntu_avg": 3000.0
}