{
    "year": 2021,
    "month": 4,
    "day": 23,
    "hour": 5,
    "minute": 25,
    "temp": [
        28.902711864406783,
        28.87699999999997,
        28.79576271186438,
        28.72600000000002,
        28.671016949152538
    ],
    "ntu": [
        2083.1876271186443,
        2050.5425000000005,
        2050.7508474576275,
        2054.902333333333,
        2058.6828813559314
    ],
    "temp_avg": 28.794498305084737,
    "ntu_avg": 2059.6132378531074
}