{
    "year": 2021,
    "month": 4,
    "day": 16,
    "hour": 7,
    "minute": 55,
    "temp": [
        27.75,
        27.75,
        27.75,
        27.75,
        27.75
    ],
    "tds": [
        1216.19,
        1222.7984375,
        1225.19,
        1226.285757575757,
        1227.1687499999996
    ],
    "ph": [
        6.532121212121212,
        6.5359375,
        6.5515151515151535,
        6.564545454545456,
        6.589062500000002
    ],
    "ntu": [
        3000.0,
        3000.0,
        3000.0,
        3000.0,
        3000.0
    ],
    "temp_avg": 27.75,
    "tds_avg": 1223.5265890151516,
    "ph_avg": 6.554636363636365,
    "ntu_avg": 3000.0
}