{
    "year": 2021,
    "month": 4,
    "day": 15,
    "hour": 7,
    "minute": 15,
    "temp": [
        27.559999999999977,
        27.559999999999977,
        27.559999999999977,
        27.559999999999977,
        27.559999999999977
    ],
    "tds": [
        1265.9000000000008,
        1265.9000000000008,
        1265.9000000000008,
        1265.9000000000008,
        1265.9000000000008
    ],
    "ph": [
        5.11787878787879,
        5.1033333333333335,
        5.039696969696972,
        5.0521875,
        5.0572727272727285
    ],
    "ntu": [
        3000.0,
        3000.0,
        3000.0,
        3000.0,
        3000.0
    ],
    "temp_avg": 27.55999999999998,
    "tds_avg": 1265.9000000000008,
    "ph_avg": 5.0740738636363645,
    "ntu_avg": 3000.0
}