{
    "year": 2021,
    "month": 4,
    "day": 12,
    "hour": 15,
    "minute": 5,
    "temp": [
        24.30999999999998,
        24.306249999999984,
        24.30636363636362,
        24.30636363636362,
        24.306249999999984
    ],
    "tds": [
        1401.9572727272734,
        1407.670937500001,
        1409.4687878787886,
        1405.15,
        1407.9525000000012
    ],
    "ph": [
        2.9818181818181815,
        3.0596875000000003,
        3.0387878787878786,
        3.0096969696969693,
        2.9843749999999987
    ],
    "ntu": [
        3000.0,
        3000.0,
        3000.0,
        3000.0,
        3000.0
    ],
    "temp_avg": 24.307045454545438,
    "tds_avg": 1406.4398996212126,
    "ph_avg": 3.0148731060606058,
    "ntu_avg": 3000.0
}