{
    "year": 2021,
    "month": 4,
    "day": 11,
    "hour": 0,
    "minute": 10,
    "temp": [
        26.99636363636364,
        26.940000000000023,
        26.902812500000003,
        26.87,
        26.822727272727253
    ],
    "tds": [
        1207.9296969696968,
        1335.5039393939396,
        1336.0246874999993,
        1335.639696969698,
        1336.3090909090909
    ],
    "ph": [
        4.988484848484848,
        5.140000000000001,
        5.1225,
        5.093939393939395,
        5.0878787878787906
    ],
    "ntu": [
        3000.0,
        3000.0,
        3000.0,
        3000.0,
        3000.0
    ],
    "temp_avg": 26.906380681818188,
    "tds_avg": 1310.281422348485,
    "ph_avg": 5.086560606060607,
    "ntu_avg": 3000.0
}