{
    "year": 2021,
    "month": 4,
    "day": 12,
    "hour": 17,
    "minute": 0,
    "temp": [
        28.328749999999992,
        28.37,
        28.440000000000023,
        28.47272727272728,
        28.507499999999993
    ],
    "tds": [
        1195.3090625,
        1193.57,
        1191.0003030303021,
        1189.3999999999994,
        1187.706875
    ],
    "ph": [
        1.8090624999999996,
        1.8390909090909089,
        1.8984848484848487,
        1.866363636363636,
        1.8065624999999998
    ],
    "ntu": [
        3000.0,
        3000.0,
        3000.0,
        3000.0,
        3000.0
    ],
    "temp_avg": 28.423795454545463,
    "tds_avg": 1191.3972481060605,
    "ph_avg": 1.8439128787878787,
    "ntu_avg": 3000.0
}