{
    "year": 2021,
    "month": 4,
    "day": 16,
    "hour": 0,
    "minute": 40,
    "temp": [
        28.62,
        28.62,
        28.616363636363637,
        28.576874999999983,
        28.559999999999974
    ],
    "tds": [
        1187.3600000000004,
        1187.3600000000004,
        1187.4393939393942,
        1191.1162499999998,
        1194.32
    ],
    "ph": [
        7.419374999999999,
        7.4112121212121185,
        7.391212121212122,
        7.398749999999998,
        7.390303030303025
    ],
    "ntu": [
        3000.0,
        3000.0,
        3000.0,
        3000.0,
        3000.0
    ],
    "temp_avg": 28.59864772727272,
    "tds_avg": 1189.519128787879,
    "ph_avg": 7.402170454545453,
    "ntu_avg": 3000.0
}