{
    "year": 2021,
    "month": 4,
    "day": 20,
    "hour": 17,
    "minute": 5,
    "temp": [
        27.376363636363642,
        27.4357575757576,
        27.4925,
        27.5,
        27.556363636363614
    ],
    "tds": [
        1332.3742424242428,
        1329.5015151515147,
        1326.268124999999,
        1326.169999999999,
        1322.9463636363641
    ],
    "ph": [
        4.705757575757574,
        4.703636363636363,
        4.672812499999998,
        4.6933333333333325,
        4.705454545454545
    ],
    "ntu": [
        3000.0,
        3000.0,
        3000.0,
        3000.0,
        3000.0
    ],
    "temp_avg": 27.472196969696974,
    "tds_avg": 1327.452049242424,
    "ph_avg": 4.696198863636363,
    "ntu_avg": 3000.0
}