{
    "year": 2021,
    "month": 4,
    "day": 12,
    "hour": 1,
    "minute": 50,
    "temp": [
        25.746363636363636,
        25.75,
        25.75,
        25.75,
        25.75
    ],
    "tds": [
        1377.6778787878793,
        1377.4700000000005,
        1377.57393939394,
        1377.4700000000005,
        1377.4700000000005
    ],
    "ph": [
        7.237272727272724,
        7.240000000000002,
        7.223939393939392,
        7.249999999999999,
        7.265757575757577
    ],
    "ntu": [
        3000.0,
        3000.0,
        3000.0,
        3000.0,
        3000.0
    ],
    "temp_avg": 25.74927272727273,
    "tds_avg": 1377.5323636363642,
    "ph_avg": 7.24339393939394,
    "ntu_avg": 3000.0
}