{
    "year": 2021,
    "month": 4,
    "day": 10,
    "hour": 21,
    "minute": 20,
    "temp": [
        27.65718750000002,
        27.691818181818203,
        27.746363636363636,
        27.757499999999993,
        27.809999999999977
    ],
    "tds": [
        1289.7590625000005,
        1289.883636363637,
        1285.894848484848,
        1284.798749999999,
        1282.1999999999998
    ],
    "ph": [
        5.9371875,
        5.903939393939395,
        5.95090909090909,
        6.011874999999997,
        5.993636363636364
    ],
    "ntu": [
        3000.0,
        3000.0,
        3000.0,
        3000.0,
        3000.0
    ],
    "temp_avg": 27.732573863636368,
    "tds_avg": 1286.507259469697,
    "ph_avg": 5.95950946969697,
    "ntu_avg": 3000.0
}