{
    "year": 2021,
    "month": 4,
    "day": 10,
    "hour": 11,
    "minute": 5,
    "temp": [
        29.039999999999974,
        29.059999999999974,
        29.11818181818182,
        29.126363636363642,
        29.187812500000025
    ],
    "tds": [
        1226.3427272727265,
        1225.3499999999992,
        1219.222424242424,
        1220.664242424242,
        1218.1546875
    ],
    "ph": [
        4.816060606060607,
        4.8846875,
        4.877878787878789,
        4.947272727272726,
        4.97375
    ],
    "ntu": [
        3000.0,
        3000.0,
        3000.0,
        3000.0,
        3000.0
    ],
    "temp_avg": 29.10647159090909,
    "tds_avg": 1221.9468162878784,
    "ph_avg": 4.899929924242424,
    "ntu_avg": 3000.0
}