{
    "year": 2021,
    "month": 4,
    "day": 9,
    "hour": 7,
    "minute": 45,
    "temp": [
        25.25,
        25.25,
        25.25,
        25.25,
        25.248125
    ],
    "tds": [
        1410.55696969697,
        1407.5256250000004,
        1407.5127272727277,
        1408.3830303030309,
        1409.8793750000002
    ],
    "ph": [
        3.83969696969697,
        3.8884375000000007,
        3.977878787878788,
        3.9224242424242433,
        3.9043750000000013
    ],
    "ntu": [
        3000.0,
        3000.0,
        3000.0,
        3000.0,
        3000.0
    ],
    "temp_avg": 25.249625,
    "tds_avg": 1408.771545454546,
    "ph_avg": 3.9065625000000006,
    "ntu_avg": 3000.0
}