{
    "year": 2021,
    "month": 4,
    "day": 14,
    "hour": 4,
    "minute": 45,
    "temp": [
        27.808181818181797,
        27.866363636363637,
        27.894062500000018,
        27.960000000000004,
        28.00181818181818
    ],
    "tds": [
        1290.679090909091,
        1288.9936363636364,
        1287.326250000001,
        1285.2000000000007,
        1282.5012121212123
    ],
    "ph": [
        4.701515151515151,
        4.762121212121213,
        4.77625,
        4.825151515151514,
        4.8978787878787875
    ],
    "ntu": [
        3000.0,
        3000.0,
        3000.0,
        3000.0,
        3000.0
    ],
    "temp_avg": 27.90608522727273,
    "tds_avg": 1286.9400378787882,
    "ph_avg": 4.792583333333334,
    "ntu_avg": 3000.0
}