{
    "year": 2021,
    "month": 4,
    "day": 12,
    "hour": 11,
    "minute": 50,
    "temp": [
        29.813749999999974,
        29.809999999999974,
        29.764545454545456,
        29.75,
        29.730000000000018
    ],
    "tds": [
        1041.8121874999993,
        1040.4233333333327,
        1043.6160606060612,
        1043.7784375000008,
        1044.7418181818182
    ],
    "ph": [
        7.900000000000004,
        7.906969696969695,
        7.877878787878791,
        7.8365625,
        7.884545454545448
    ],
    "ntu": [
        3000.0,
        3000.0,
        3000.0,
        3000.0,
        3000.0
    ],
    "temp_avg": 29.773659090909085,
    "tds_avg": 1042.8743674242426,
    "ph_avg": 7.881191287878787,
    "ntu_avg": 3000.0
}