{
    "year": 2021,
    "month": 4,
    "day": 23,
    "hour": 4,
    "minute": 55,
    "temp": [
        28.40783333333334,
        28.404406779660984,
        28.30599999999997,
        28.245932203389835,
        28.190000000000037
    ],
    "ntu": [
        1675.9946666666667,
        1637.6571186440685,
        1672.8775000000003,
        1675.8605084745761,
        1667.5613333333333
    ],
    "temp_avg": 28.31083446327683,
    "ntu_avg": 1665.990225423729
}