{
    "year": 2021,
    "month": 4,
    "day": 11,
    "hour": 16,
    "minute": 15,
    "temp": [
        28.036363636363628,
        28.0,
        27.99818181818182,
        27.94937500000002,
        27.940000000000023
    ],
    "tds": [
        1106.078787878788,
        1107.3100000000002,
        1107.5281818181818,
        1109.5599999999995,
        1109.7099999999994
    ],
    "ph": [
        6.310606060606064,
        6.397878787878787,
        6.421515151515152,
        6.362812500000003,
        6.300909090909093
    ],
    "ntu": [
        3000.0,
        3000.0,
        3000.0,
        3000.0,
        3000.0
    ],
    "temp_avg": 27.984784090909095,
    "tds_avg": 1108.0373939393937,
    "ph_avg": 6.35874431818182,
    "ntu_avg": 3000.0
}