{
    "year": 2021,
    "month": 4,
    "day": 9,
    "hour": 13,
    "minute": 0,
    "temp": [
        29.3625,
        29.37,
        29.403939393939417,
        29.440000000000026,
        29.440000000000026
    ],
    "tds": [
        1203.4249999999997,
        1203.2599999999995,
        1201.6660606060605,
        1199.4234375,
        1198.2899999999997
    ],
    "ph": [
        4.535000000000001,
        4.524545454545454,
        4.519393939393939,
        4.6675,
        4.603939393939395
    ],
    "ntu": [
        3000.0,
        3000.0,
        3000.0,
        3000.0,
        3000.0
    ],
    "temp_avg": 29.403287878787893,
    "tds_avg": 1201.212899621212,
    "ph_avg": 4.570075757575758,
    "ntu_avg": 3000.0
}