{
    "year": 2021,
    "month": 4,
    "day": 12,
    "hour": 16,
    "minute": 25,
    "temp": [
        26.54181818181816,
        26.605454545454545,
        26.66375000000002,
        26.715454545454552,
        26.75181818181818
    ],
    "tds": [
        1276.4863636363643,
        1273.47090909091,
        1270.5875000000008,
        1268.381515151516,
        1266.3000000000006
    ],
    "ph": [
        1.8678787878787875,
        1.9236363636363638,
        1.9840624999999992,
        1.9593939393939397,
        1.9224242424242428
    ],
    "ntu": [
        3000.0,
        3000.0,
        3000.0,
        3000.0,
        3000.0
    ],
    "temp_avg": 26.65565909090909,
    "tds_avg": 1271.0452575757583,
    "ph_avg": 1.9314791666666664,
    "ntu_avg": 3000.0
}