{
    "year": 2021,
    "month": 4,
    "day": 9,
    "hour": 9,
    "minute": 10,
    "temp": [
        29.779999999999983,
        29.809999999999974,
        29.809999999999974,
        29.83999999999999,
        29.87
    ],
    "tds": [
        1198.1859375000006,
        1187.4699999999998,
        1187.314545454545,
        1186.6375,
        1186.8275757575757
    ],
    "ph": [
        5.136874999999999,
        5.196363636363635,
        5.17,
        5.165625000000001,
        5.197878787878786
    ],
    "ntu": [
        3000.0,
        3000.0,
        3000.0,
        3000.0,
        3000.0
    ],
    "temp_avg": 29.821999999999985,
    "tds_avg": 1189.2871117424243,
    "ph_avg": 5.173348484848484,
    "ntu_avg": 3000.0
}