{
    "year": 2021,
    "month": 4,
    "day": 13,
    "hour": 20,
    "minute": 30,
    "temp": [
        27.058181818181797,
        27.058181818181797,
        27.020624999999995,
        27.00181818181818,
        27.0
    ],
    "tds": [
        1183.7200000000005,
        1180.7760606060606,
        1183.6853125000007,
        1186.2469696969702,
        1185.4681818181825
    ],
    "ph": [
        0.3193939393939394,
        0.2869696969696969,
        0.30562500000000004,
        0.3703030303030303,
        0.4603030303030303
    ],
    "ntu": [
        3000.0,
        3000.0,
        3000.0,
        3000.0,
        3000.0
    ],
    "temp_avg": 27.02776136363635,
    "tds_avg": 1183.979304924243,
    "ph_avg": 0.3485189393939394,
    "ntu_avg": 3000.0
}