{
    "year": 2021,
    "month": 4,
    "day": 9,
    "hour": 12,
    "minute": 20,
    "temp": [
        29.440000000000026,
        29.443636363636386,
        29.440000000000026,
        29.43125000000002,
        29.37636363636364
    ],
    "tds": [
        1204.8478125000001,
        1204.6403030303031,
        1201.0209090909093,
        1205.1775,
        1203.1803030303026
    ],
    "ph": [
        4.432812500000001,
        4.460303030303029,
        4.513030303030304,
        4.514687499999998,
        4.48151515151515
    ],
    "ntu": [
        3000.0,
        3000.0,
        3000.0,
        3000.0,
        3000.0
    ],
    "temp_avg": 29.42625000000002,
    "tds_avg": 1203.7733655303032,
    "ph_avg": 4.480469696969696,
    "ntu_avg": 3000.0
}