{
    "year": 2021,
    "month": 4,
    "day": 13,
    "hour": 10,
    "minute": 55,
    "temp": [
        28.440000000000023,
        28.477500000000003,
        28.518181818181812,
        28.554545454545433,
        28.563749999999978
    ],
    "tds": [
        114.15151515151514,
        179.74906250000004,
        233.13939393939395,
        74.49393939393937,
        76.61843750000003
    ],
    "ph": [
        0.0,
        0.0,
        0.0,
        0.0,
        0.0
    ],
    "ntu": [
        3000.0,
        3000.0,
        3000.0,
        3000.0,
        3000.0
    ],
    "temp_avg": 28.510795454545452,
    "tds_avg": 135.6304696969697,
    "ph_avg": 0.0,
    "ntu_avg": 3000.0
}