{
    "year": 2021,
    "month": 4,
    "day": 12,
    "hour": 6,
    "minute": 0,
    "temp": [
        26.228181818181824,
        26.227500000000006,
        26.222727272727283,
        26.219090909090923,
        26.21812500000001
    ],
    "tds": [
        1364.474848484849,
        1361.8562499999998,
        1361.977272727273,
        1360.4706060606059,
        1351.764375
    ],
    "ph": [
        6.936363636363637,
        6.92625,
        6.916969696969698,
        6.907575757575755,
        6.923124999999996
    ],
    "ntu": [
        3000.0,
        3000.0,
        3000.0,
        3000.0,
        3000.0
    ],
    "temp_avg": 26.22312500000001,
    "tds_avg": 1360.1086704545455,
    "ph_avg": 6.922056818181818,
    "ntu_avg": 3000.0
}