{
    "year": 2021,
    "month": 4,
    "day": 12,
    "hour": 8,
    "minute": 30,
    "temp": [
        29.309999999999974,
        29.300909090909073,
        29.251875,
        29.24818181818182,
        29.19363636363639
    ],
    "tds": [
        1056.676666666667,
        1057.1551515151523,
        1057.5118750000008,
        1057.6463636363644,
        1060.6551515151511
    ],
    "ph": [
        7.326060606060608,
        7.34606060606061,
        7.382499999999995,
        7.364242424242431,
        7.366363636363639
    ],
    "ntu": [
        3000.0,
        3000.0,
        3000.0,
        3000.0,
        3000.0
    ],
    "temp_avg": 29.260920454545452,
    "tds_avg": 1057.9290416666672,
    "ph_avg": 7.357045454545457,
    "ntu_avg": 3000.0
}