{
    "year": 2021,
    "month": 4,
    "day": 11,
    "hour": 23,
    "minute": 55,
    "temp": [
        27.118181818181817,
        27.065624999999976,
        27.038181818181815,
        27.0,
        26.97187500000002
    ],
    "tds": [
        1141.8899999999996,
        1144.2009374999998,
        1145.5303030303028,
        1147.0099999999995,
        1256.5165624999997
    ],
    "ph": [
        6.9403030303030295,
        6.911874999999998,
        6.909090909090906,
        6.933636363636363,
        7.069062500000001
    ],
    "ntu": [
        3000.0,
        3000.0,
        3000.0,
        3000.0,
        3000.0
    ],
    "temp_avg": 27.038772727272725,
    "tds_avg": 1167.0295606060604,
    "ph_avg": 6.952793560606059,
    "ntu_avg": 3000.0
}