{
    "year": 2021,
    "month": 4,
    "day": 10,
    "hour": 1,
    "minute": 50,
    "temp": [
        25.25,
        25.25,
        25.25,
        25.25,
        25.25
    ],
    "tds": [
        1420.5200000000004,
        1432.4000000000008,
        1416.1342424242432,
        1410.7200000000005,
        1411.3733333333337
    ],
    "ph": [
        2.712812499999999,
        2.6178787878787877,
        2.633939393939394,
        2.670625,
        2.6578787878787886
    ],
    "ntu": [
        3000.0,
        3000.0,
        3000.0,
        3000.0,
        3000.0
    ],
    "temp_avg": 25.25,
    "tds_avg": 1418.2295151515157,
    "ph_avg": 2.658626893939394,
    "ntu_avg": 3000.0
}