{
    "year": 2021,
    "month": 4,
    "day": 22,
    "hour": 21,
    "minute": 55,
    "temp": [
        27.950000000000003,
        27.925166666666655,
        27.829322033898272,
        27.764999999999997,
        27.75
    ],
    "ntu": [
        1256.3622033898307,
        1181.393666666667,
        1187.748305084746,
        1195.234,
        1193.5203389830515
    ],
    "temp_avg": 27.843897740112983,
    "ntu_avg": 1202.8517028248589
}