{
    "year": 2021,
    "month": 4,
    "day": 11,
    "hour": 0,
    "minute": 5,
    "temp": [
        27.181515151515168,
        27.12,
        27.074545454545433,
        27.052727272727257,
        27.0
    ],
    "tds": [
        1148.387272727272,
        1150.4096875000005,
        1152.3663636363635,
        1153.148484848485,
        1155.6600000000003
    ],
    "ph": [
        4.9454545454545435,
        4.924375,
        4.855757575757576,
        4.885454545454544,
        4.890937500000001
    ],
    "ntu": [
        3000.0,
        3000.0,
        3000.0,
        3000.0,
        3000.0
    ],
    "temp_avg": 27.085757575757572,
    "tds_avg": 1151.9943617424244,
    "ph_avg": 4.900395833333333,
    "ntu_avg": 3000.0
}