{
    "year": 2021,
    "month": 4,
    "day": 24,
    "hour": 8,
    "minute": 31,
    "temp": [
        30.114225352112626,
        30.04028571428569,
        29.978873239436638,
        29.905999999999967,
        30.05788732394364
    ],
    "ntu": [
        325.63380281690144,
        323.6857142857143,
        320.36619718309856,
        314.75714285714287,
        309.49295774647885
    ],
    "temp_avg": 30.019454325955714,
    "ntu_avg": 318.7871629778672
}