{
    "year": 2021,
    "month": 4,
    "day": 13,
    "hour": 0,
    "minute": 5,
    "temp": [
        29.185625000000023,
        29.21545454545455,
        29.25363636363636,
        29.309999999999974,
        29.34454545454545
    ],
    "tds": [
        968.8712500000004,
        1138.3527272727272,
        1137.9981818181816,
        1134.45,
        1132.6899999999996
    ],
    "ph": [
        0.10687499999999998,
        0.36151515151515146,
        0.04000000000000001,
        0.0,
        0.0
    ],
    "ntu": [
        3000.0,
        3000.0,
        3000.0,
        3000.0,
        3000.0
    ],
    "temp_avg": 29.26185227272727,
    "tds_avg": 1102.4724318181818,
    "ph_avg": 0.10167803030303028,
    "ntu_avg": 3000.0
}