{
    "year": 2021,
    "month": 4,
    "day": 9,
    "hour": 4,
    "minute": 30,
    "temp": [
        25.809999999999977,
        25.809999999999977,
        25.809999999999977,
        25.809999999999977,
        25.806363636363617
    ],
    "tds": [
        1407.5175757575762,
        1400.922424242424,
        1407.242500000001,
        1412.0318181818188,
        1408.1048484848493
    ],
    "ph": [
        3.524545454545454,
        3.56212121212121,
        3.6103125,
        3.7615151515151513,
        3.6703030303030313
    ],
    "ntu": [
        3000.0,
        3000.0,
        3000.0,
        3000.0,
        3000.0
    ],
    "temp_avg": 25.809272727272706,
    "tds_avg": 1407.163833333334,
    "ph_avg": 3.6257594696969697,
    "ntu_avg": 3000.0
}