{
    "year": 2021,
    "month": 4,
    "day": 8,
    "hour": 21,
    "minute": 5,
    "temp": [
        29.190000000000026,
        29.187812500000025,
        29.128484848484852,
        29.12,
        29.073124999999976
    ],
    "tds": [
        0.0,
        0.0,
        0.0,
        0.0,
        0.0
    ],
    "ph": [
        0.0,
        0.0,
        0.0,
        0.0,
        0.0
    ],
    "ntu": [
        3000.0,
        3000.0,
        3000.0,
        3000.0,
        3000.0
    ],
    "temp_avg": 29.139884469696977,
    "tds_avg": 0.0,
    "ph_avg": 0.0,
    "ntu_avg": 3000.0
}