{
    "year": 2021,
    "month": 4,
    "day": 9,
    "hour": 0,
    "minute": 15,
    "temp": [
        28.059999999999977,
        28.031875,
        28.0,
        27.958181818181842,
        27.940000000000023
    ],
    "tds": [
        1331.0139393939398,
        1343.0374999999995,
        1347.285757575757,
        1339.0363636363647,
        1333.4400000000003
    ],
    "ph": [
        3.6672727272727283,
        3.7543750000000005,
        3.826666666666666,
        3.9160606060606065,
        3.8843749999999995
    ],
    "ntu": [
        3000.0,
        3000.0,
        3000.0,
        3000.0,
        3000.0
    ],
    "temp_avg": 27.99801136363637,
    "tds_avg": 1338.7627121212122,
    "ph_avg": 3.80975,
    "ntu_avg": 3000.0
}