{
    "year": 2021,
    "month": 4,
    "day": 9,
    "hour": 12,
    "minute": 50,
    "temp": [
        29.376562500000002,
        29.37,
        29.329999999999977,
        29.309999999999974,
        29.309999999999974
    ],
    "tds": [
        1199.5096875000004,
        1203.2599999999995,
        1206.5181818181825,
        1210.2200000000005,
        1213.1199999999997
    ],
    "ph": [
        4.210624999999999,
        4.272424242424242,
        4.377272727272727,
        4.3762500000000015,
        4.341515151515152
    ],
    "ntu": [
        3000.0,
        3000.0,
        3000.0,
        3000.0,
        3000.0
    ],
    "temp_avg": 29.339312499999984,
    "tds_avg": 1206.5255738636365,
    "ph_avg": 4.315617424242424,
    "ntu_avg": 3000.0
}