{
    "year": 2021,
    "month": 4,
    "day": 11,
    "hour": 6,
    "minute": 30,
    "temp": [
        25.81181818181816,
        25.81187499999998,
        25.819090909090892,
        25.81181818181816,
        25.809999999999977
    ],
    "tds": [
        1368.8700000000001,
        1368.8700000000001,
        1368.8700000000001,
        1368.6651515151516,
        1368.7643750000002
    ],
    "ph": [
        3.6300000000000003,
        3.6728125,
        3.90969696969697,
        3.982424242424242,
        4.063437499999999
    ],
    "ntu": [
        3000.0,
        3000.0,
        3000.0,
        3000.0,
        3000.0
    ],
    "temp_avg": 25.812920454545434,
    "tds_avg": 1368.8079053030306,
    "ph_avg": 3.8516742424242425,
    "ntu_avg": 3000.0
}