{
    "year": 2021,
    "month": 4,
    "day": 21,
    "hour": 9,
    "minute": 0,
    "temp": [
        27.693636363636386,
        27.690000000000023,
        27.68343750000002,
        27.62424242424243,
        27.62
    ],
    "tds": [
        1144.4866666666665,
        1144.6399999999996,
        1144.9562499999995,
        1146.939999999999,
        1147.1699999999992
    ],
    "ph": [
        5.002727272727271,
        5.027272727272728,
        5.025000000000001,
        5.021818181818182,
        5.004848484848485
    ],
    "ntu": [
        3000.0,
        3000.0,
        3000.0,
        3000.0,
        3000.0
    ],
    "temp_avg": 27.662263257575773,
    "tds_avg": 1145.6385833333327,
    "ph_avg": 5.016333333333334,
    "ntu_avg": 3000.0
}