{
    "year": 2021,
    "month": 4,
    "day": 10,
    "hour": 20,
    "minute": 55,
    "temp": [
        27.059999999999977,
        27.059999999999977,
        27.0290909090909,
        27.0,
        26.998125
    ],
    "tds": [
        1148.75,
        1148.75,
        1150.0009090909098,
        1151.3300000000008,
        1151.3300000000008
    ],
    "ph": [
        5.74030303030303,
        5.733437500000001,
        5.6824242424242435,
        5.706969696969697,
        5.6899999999999995
    ],
    "ntu": [
        3000.0,
        3000.0,
        3000.0,
        3000.0,
        3000.0
    ],
    "temp_avg": 27.02944318181817,
    "tds_avg": 1150.0321818181824,
    "ph_avg": 5.710626893939394,
    "ntu_avg": 3000.0
}