{
    "year": 2021,
    "month": 4,
    "day": 14,
    "hour": 1,
    "minute": 35,
    "temp": [
        29.5,
        29.5,
        29.50181818181818,
        29.550909090909066,
        29.559999999999974
    ],
    "tds": [
        1245.0062500000004,
        1247.972727272727,
        1246.8106060606067,
        1245.6499999999999,
        1221.2599999999998
    ],
    "ph": [
        3.5321875,
        3.7136363636363625,
        4.0218181818181815,
        4.144545454545454,
        4.414062499999999
    ],
    "ntu": [
        3000.0,
        3000.0,
        3000.0,
        3000.0,
        3000.0
    ],
    "temp_avg": 29.522545454545444,
    "tds_avg": 1241.3399166666666,
    "ph_avg": 3.9652499999999997,
    "ntu_avg": 3000.0
}