{
    "year": 2021,
    "month": 4,
    "day": 25,
    "hour": 2,
    "minute": 21,
    "temp": [
        26.36999999999995,
        26.36999999999995,
        26.36999999999995,
        26.36999999999995,
        26.36999999999995
    ],
    "ntu": [
        632.2676056338029,
        632.3802816901408,
        632.2857142857143,
        625.1830985915493,
        632.1142857142858
    ],
    "temp_avg": 26.369999999999955,
    "ntu_avg": 630.8461971830986
}