{
    "year": 2021,
    "month": 4,
    "day": 19,
    "hour": 19,
    "minute": 10,
    "temp": [
        28.372121212121215,
        28.44375000000002,
        28.5,
        28.5181818181818,
        28.559999999999974
    ],
    "tds": [
        1264.1433333333337,
        1259.9003124999997,
        1259.4100000000005,
        1258.5463636363634,
        1256.56
    ],
    "ph": [
        2.7084848484848494,
        2.6509374999999995,
        2.6481818181818184,
        2.643030303030304,
        2.625
    ],
    "ntu": [
        3000.0,
        3000.0,
        3000.0,
        3000.0,
        3000.0
    ],
    "temp_avg": 28.478810606060602,
    "tds_avg": 1259.7120018939393,
    "ph_avg": 2.655126893939394,
    "ntu_avg": 3000.0
}