{
    "year": 2021,
    "month": 4,
    "day": 20,
    "hour": 1,
    "minute": 25,
    "temp": [
        29.25,
        29.23727272727273,
        29.191875000000024,
        29.190000000000026,
        29.15181818181819
    ],
    "tds": [
        1069.1399999999996,
        1069.680606060606,
        1066.6443749999999,
        1071.3699999999994,
        1072.7890909090902
    ],
    "ph": [
        2.862727272727273,
        2.829696969696969,
        3.0603124999999993,
        2.857575757575758,
        2.8299999999999983
    ],
    "ntu": [
        3000.0,
        3000.0,
        3000.0,
        3000.0,
        3000.0
    ],
    "temp_avg": 29.20419318181819,
    "tds_avg": 1069.924814393939,
    "ph_avg": 2.8880624999999993,
    "ntu_avg": 3000.0
}