{
    "year": 2021,
    "month": 4,
    "day": 20,
    "hour": 3,
    "minute": 55,
    "temp": [
        28.838124999999998,
        28.88060606060607,
        28.937878787878812,
        28.973750000000003,
        29.0
    ],
    "tds": [
        1262.113125,
        1260.1669696969693,
        1257.68,
        1256.0881249999995,
        1254.8499999999992
    ],
    "ph": [
        2.394375000000001,
        2.3772727272727265,
        2.345151515151515,
        2.3365624999999994,
        2.3336363636363635
    ],
    "ntu": [
        3000.0,
        3000.0,
        3000.0,
        3000.0,
        3000.0
    ],
    "temp_avg": 28.926071969696977,
    "tds_avg": 1258.1796439393936,
    "ph_avg": 2.3573996212121213,
    "ntu_avg": 3000.0
}