{
    "year": 2021,
    "month": 4,
    "day": 24,
    "hour": 23,
    "minute": 55,
    "temp": [
        26.36999999999995,
        26.36999999999995,
        26.36999999999995,
        26.36999999999995,
        26.36999999999995
    ],
    "ntu": [
        -5.257142857142857,
        -5.394366197183099,
        -5.357142857142857,
        -5.309859154929577,
        -5.366197183098592
    ],
    "temp_avg": 26.369999999999955,
    "ntu_avg": -5.336941649899396
}