{
    "year": 2021,
    "month": 4,
    "day": 14,
    "hour": 18,
    "minute": 35,
    "temp": [
        28.690000000000026,
        28.690000000000026,
        28.690000000000026,
        28.708750000000013,
        28.730000000000004
    ],
    "tds": [
        1296.8499999999992,
        1292.7460606060606,
        1296.8499999999992,
        1294.0843749999997,
        1292.627878787879
    ],
    "ph": [
        4.748124999999997,
        4.743030303030302,
        4.789999999999999,
        4.8290625,
        4.807272727272727
    ],
    "ntu": [
        3000.0,
        3000.0,
        3000.0,
        3000.0,
        3000.0
    ],
    "temp_avg": 28.701750000000015,
    "tds_avg": 1294.6316628787877,
    "ph_avg": 4.783498106060605,
    "ntu_avg": 3000.0
}