{
    "year": 2021,
    "month": 4,
    "day": 20,
    "hour": 6,
    "minute": 35,
    "temp": [
        27.44727272727275,
        27.440000000000023,
        27.427272727272744,
        27.372121212121215,
        27.37
    ],
    "tds": [
        1137.908181818182,
        1142.0,
        1142.307878787879,
        1144.5400000000006,
        1144.5400000000006
    ],
    "ph": [
        1.7924242424242427,
        1.8253124999999992,
        1.8084848484848486,
        1.7881818181818185,
        1.8737500000000002
    ],
    "ntu": [
        3000.0,
        3000.0,
        3000.0,
        3000.0,
        3000.0
    ],
    "temp_avg": 27.411333333333346,
    "tds_avg": 1142.2592121212124,
    "ph_avg": 1.8176306818181822,
    "ntu_avg": 3000.0
}