{
    "year": 2021,
    "month": 4,
    "day": 11,
    "hour": 9,
    "minute": 15,
    "temp": [
        27.951250000000023,
        27.940000000000023,
        27.906060606060613,
        27.87,
        27.848181818181803
    ],
    "tds": [
        1122.8281250000002,
        1132.7000000000007,
        1115.4045454545453,
        1113.4106249999995,
        1117.0600000000002
    ],
    "ph": [
        4.3440625000000015,
        4.246666666666666,
        4.499393939393937,
        4.485312499999999,
        4.544242424242426
    ],
    "ntu": [
        3000.0,
        3000.0,
        3000.0,
        3000.0,
        3000.0
    ],
    "temp_avg": 27.903098484848492,
    "tds_avg": 1120.2806590909092,
    "ph_avg": 4.423935606060606,
    "ntu_avg": 3000.0
}