{
    "year": 2021,
    "month": 4,
    "day": 8,
    "hour": 20,
    "minute": 5,
    "temp": [
        29.55272727272725,
        29.561874999999976,
        29.614545454545457,
        29.62,
        29.62
    ],
    "tds": [
        1248.5548484848487,
        1244.143125,
        1236.7487878787874,
        1261.212424242425,
        1259.038125
    ],
    "ph": [
        0.0,
        0.0,
        0.0,
        0.0,
        0.0
    ],
    "ntu": [
        3000.0,
        3000.0,
        3000.0,
        3000.0,
        3000.0
    ],
    "temp_avg": 29.593829545454536,
    "tds_avg": 1249.9394621212123,
    "ph_avg": 0.0,
    "ntu_avg": 3000.0
}