{
    "year": 2021,
    "month": 4,
    "day": 24,
    "hour": 1,
    "minute": 45,
    "temp": [
        30.14352112676057,
        30.250857142857143,
        30.14267605633798,
        30.079436619718276,
        30.015428571428572
    ],
    "ntu": [
        -9.267605633802816,
        -6.5,
        -6.084507042253521,
        -5.915492957746479,
        -5.6
    ],
    "temp_avg": 30.12638390342051,
    "ntu_avg": -6.673521126760564
}