{
    "year": 2021,
    "month": 4,
    "day": 9,
    "hour": 21,
    "minute": 20,
    "temp": [
        29.616363636363637,
        29.62,
        29.622187500000003,
        29.624242424242425,
        29.62
    ],
    "tds": [
        1214.4112121212122,
        1213.4663636363641,
        1208.054375,
        1207.327878787879,
        1205.6300000000003
    ],
    "ph": [
        4.81818181818182,
        4.859090909090909,
        4.998750000000001,
        4.887575757575757,
        4.974545454545453
    ],
    "ntu": [
        3000.0,
        3000.0,
        3000.0,
        3000.0,
        3000.0
    ],
    "temp_avg": 29.620558712121216,
    "tds_avg": 1209.777965909091,
    "ph_avg": 4.907628787878788,
    "ntu_avg": 3000.0
}