{
    "year": 2021,
    "month": 4,
    "day": 20,
    "hour": 15,
    "minute": 50,
    "temp": [
        28.24636363636364,
        28.193636363636386,
        28.190000000000023,
        28.190000000000023,
        28.14545454545455
    ],
    "tds": [
        1114.3190909090906,
        1116.2909090909086,
        1116.5099999999995,
        1116.5856249999995,
        1118.1966666666667
    ],
    "ph": [
        4.855151515151516,
        4.858787878787877,
        4.925757575757575,
        4.8903124999999985,
        4.910606060606061
    ],
    "ntu": [
        3000.0,
        3000.0,
        3000.0,
        3000.0,
        3000.0
    ],
    "temp_avg": 28.193090909090927,
    "tds_avg": 1116.380458333333,
    "ph_avg": 4.888123106060605,
    "ntu_avg": 3000.0
}