{
    "year": 2021,
    "month": 4,
    "day": 12,
    "hour": 9,
    "minute": 25,
    "temp": [
        28.0,
        28.0,
        27.951250000000023,
        27.940000000000023,
        27.9357575757576
    ],
    "tds": [
        1103.2200000000005,
        1103.2924242424247,
        1105.1618750000002,
        1105.6100000000004,
        1105.8281818181822
    ],
    "ph": [
        7.315151515151515,
        7.3063636363636375,
        7.306250000000003,
        7.253333333333333,
        7.280606060606062
    ],
    "ntu": [
        3000.0,
        3000.0,
        3000.0,
        3000.0,
        3000.0
    ],
    "temp_avg": 27.96540151515153,
    "tds_avg": 1104.6224962121216,
    "ph_avg": 7.29234090909091,
    "ntu_avg": 3000.0
}