{
    "year": 2021,
    "month": 4,
    "day": 14,
    "hour": 15,
    "minute": 40,
    "temp": [
        26.974545454545456,
        27.0,
        27.0,
        27.0,
        27.029999999999987
    ],
    "tds": [
        1448.1336363636365,
        1463.7337500000006,
        1460.2657575757567,
        1466.5166666666669,
        1456.3837499999995
    ],
    "ph": [
        4.928484848484848,
        4.828124999999998,
        4.8487878787878795,
        4.884545454545455,
        4.921874999999999
    ],
    "ntu": [
        3000.0,
        3000.0,
        3000.0,
        3000.0,
        3000.0
    ],
    "temp_avg": 27.00090909090909,
    "tds_avg": 1459.0067121212119,
    "ph_avg": 4.882363636363636,
    "ntu_avg": 3000.0
}