{
    "year": 2021,
    "month": 4,
    "day": 14,
    "hour": 8,
    "minute": 15,
    "temp": [
        27.190000000000023,
        27.190000000000023,
        27.158181818181824,
        27.124375,
        27.12
    ],
    "tds": [
        1131.5040624999997,
        1134.972424242424,
        1149.088181818182,
        1142.7490624999996,
        1141.8899999999996
    ],
    "ph": [
        4.2796875000000005,
        4.286969696969697,
        4.136363636363637,
        4.2228125,
        4.269090909090909
    ],
    "ntu": [
        3000.0,
        3000.0,
        3000.0,
        3000.0,
        3000.0
    ],
    "temp_avg": 27.156511363636373,
    "tds_avg": 1140.040746212121,
    "ph_avg": 4.238984848484849,
    "ntu_avg": 3000.0
}