{
    "year": 2021,
    "month": 4,
    "day": 10,
    "hour": 18,
    "minute": 35,
    "temp": [
        29.37,
        29.40393939393942,
        29.440000000000026,
        29.485454545454544,
        29.50181818181818
    ],
    "tds": [
        1211.9000000000008,
        1207.4654545454543,
        1209.2400000000005,
        1207.3999999999992,
        1206.0787878787871
    ],
    "ph": [
        5.584848484848484,
        5.536666666666668,
        5.571250000000002,
        5.532424242424244,
        5.527878787878789
    ],
    "ntu": [
        3000.0,
        3000.0,
        3000.0,
        3000.0,
        3000.0
    ],
    "temp_avg": 29.440242424242435,
    "tds_avg": 1208.4168484848483,
    "ph_avg": 5.550613636363638,
    "ntu_avg": 3000.0
}