{
    "year": 2021,
    "month": 4,
    "day": 24,
    "hour": 14,
    "minute": 5,
    "temp": [
        30.15942857142858,
        30.194084507042287,
        30.111549295774598,
        30.041999999999973,
        29.985633802816913
    ],
    "ntu": [
        294.5285714285714,
        299.61971830985914,
        274.76056338028167,
        252.4142857142857,
        244.77464788732394
    ],
    "temp_avg": 30.09853923541247,
    "ntu_avg": 273.21955734406436
}