{
    "year": 2021,
    "month": 4,
    "day": 13,
    "hour": 8,
    "minute": 35,
    "temp": [
        29.945625000000025,
        29.9357575757576,
        29.853636363636348,
        29.809999999999974,
        29.7725
    ],
    "tds": [
        0.0,
        0.0,
        6.38,
        1000.1857575757577,
        891.9903125000002
    ],
    "ph": [
        0.0,
        0.0,
        0.0,
        0.0,
        0.0
    ],
    "ntu": [
        3000.0,
        3000.0,
        3000.0,
        3000.0,
        3000.0
    ],
    "temp_avg": 29.86350378787879,
    "tds_avg": 379.71121401515154,
    "ph_avg": 0.0,
    "ntu_avg": 3000.0
}