{
    "year": 2021,
    "month": 4,
    "day": 19,
    "hour": 18,
    "minute": 0,
    "temp": [
        27.809999999999977,
        27.763125000000002,
        27.75,
        27.719090909090927,
        27.690000000000023
    ],
    "tds": [
        1208.9800000000002,
        1211.1981249999994,
        1209.1487878787877,
        1198.0796969696976,
        1196.7884375000008
    ],
    "ph": [
        2.171212121212121,
        2.1168749999999994,
        2.1936363636363643,
        2.679090909090909,
        2.7837500000000004
    ],
    "ntu": [
        3000.0,
        3000.0,
        3000.0,
        3000.0,
        3000.0
    ],
    "temp_avg": 27.746443181818183,
    "tds_avg": 1204.839009469697,
    "ph_avg": 2.388912878787879,
    "ntu_avg": 3000.0
}