{
    "year": 2021,
    "month": 4,
    "day": 12,
    "hour": 23,
    "minute": 40,
    "temp": [
        27.81181818181816,
        27.87,
        27.914545454545475,
        27.945454545454563,
        27.998125
    ],
    "tds": [
        750.15,
        756.9865625,
        760.8851515151522,
        768.2975757575759,
        755.3693750000002
    ],
    "ph": [
        0.0,
        0.0,
        0.0,
        0.0,
        0.0
    ],
    "ntu": [
        3000.0,
        3000.0,
        3000.0,
        3000.0,
        3000.0
    ],
    "temp_avg": 27.907988636363644,
    "tds_avg": 758.3377329545457,
    "ph_avg": 0.0,
    "ntu_avg": 3000.0
}