{
    "year": 2021,
    "month": 4,
    "day": 11,
    "hour": 1,
    "minute": 0,
    "temp": [
        25.73545454545455,
        25.695454545454567,
        25.690000000000023,
        25.690000000000023,
        25.690000000000023
    ],
    "tds": [
        1393.8345454545452,
        1391.0945454545465,
        1391.410000000001,
        1395.8900000000006,
        1393.4900000000007
    ],
    "ph": [
        5.200303030303029,
        5.290606060606062,
        5.230937499999998,
        5.194848484848486,
        5.152727272727276
    ],
    "ntu": [
        3000.0,
        3000.0,
        3000.0,
        3000.0,
        3000.0
    ],
    "temp_avg": 25.700181818181836,
    "tds_avg": 1393.1438181818187,
    "ph_avg": 5.21388446969697,
    "ntu_avg": 3000.0
}