{
    "year": 2021,
    "month": 4,
    "day": 20,
    "hour": 2,
    "minute": 5,
    "temp": [
        28.302727272727253,
        28.255625000000002,
        28.25,
        28.230000000000015,
        28.191875000000024
    ],
    "tds": [
        1099.6430303030304,
        1100.0925,
        1097.82,
        1098.4609090909087,
        1100.1699999999992
    ],
    "ph": [
        2.6751515151515153,
        2.7268750000000006,
        2.6960606060606054,
        2.667878787878789,
        2.6584375
    ],
    "ntu": [
        3000.0,
        3000.0,
        3000.0,
        3000.0,
        3000.0
    ],
    "temp_avg": 28.24604545454546,
    "tds_avg": 1099.2372878787878,
    "ph_avg": 2.6848806818181816,
    "ntu_avg": 3000.0
}