{
    "year": 2021,
    "month": 4,
    "day": 10,
    "hour": 1,
    "minute": 0,
    "temp": [
        25.233636363636368,
        25.21909090909092,
        25.20636363636365,
        25.195625000000017,
        25.1918181818182
    ],
    "tds": [
        1420.044545454545,
        1429.8236363636372,
        1436.111212121212,
        1435.6024999999997,
        1430.7009090909082
    ],
    "ph": [
        3.4245454545454552,
        3.21878787878788,
        3.398181818181818,
        3.4746875000000004,
        3.4790909090909086
    ],
    "ntu": [
        3000.0,
        3000.0,
        3000.0,
        3000.0,
        3000.0
    ],
    "temp_avg": 25.20930681818183,
    "tds_avg": 1430.4565606060605,
    "ph_avg": 3.3990587121212124,
    "ntu_avg": 3000.0
}