{
    "year": 2021,
    "month": 4,
    "day": 15,
    "hour": 21,
    "minute": 35,
    "temp": [
        29.75,
        29.76272727272726,
        29.795454545454525,
        29.761249999999997,
        29.806363636363614
    ],
    "tds": [
        1129.7999999999997,
        1129.2951515151512,
        1128.213333333333,
        1129.2793749999998,
        1131.6681818181817
    ],
    "ph": [
        7.426249999999999,
        7.447878787878785,
        7.429696969696969,
        7.406874999999998,
        7.427878787878789
    ],
    "ntu": [
        3000.0,
        3000.0,
        3000.0,
        3000.0,
        3000.0
    ],
    "temp_avg": 29.775159090909078,
    "tds_avg": 1129.6512083333332,
    "ph_avg": 7.427715909090908,
    "ntu_avg": 3000.0
}