{
    "year": 2021,
    "month": 4,
    "day": 20,
    "hour": 2,
    "minute": 40,
    "temp": [
        27.547272727272713,
        27.5,
        27.5,
        27.474545454545467,
        27.440000000000023
    ],
    "tds": [
        1133.8006060606065,
        1135.2400000000005,
        1135.2400000000005,
        1135.9245454545455,
        1137.6739393939392
    ],
    "ph": [
        2.1406060606060606,
        2.106969696969697,
        2.0759374999999998,
        2.0781818181818186,
        2.088484848484848
    ],
    "ntu": [
        3000.0,
        3000.0,
        3000.0,
        3000.0,
        3000.0
    ],
    "temp_avg": 27.49236363636364,
    "tds_avg": 1135.5758181818182,
    "ph_avg": 2.098035984848485,
    "ntu_avg": 3000.0
}