{
    "year": 2021,
    "month": 4,
    "day": 20,
    "hour": 8,
    "minute": 40,
    "temp": [
        30.0,
        30.00181818181818,
        30.00937499999999,
        30.045454545454522,
        30.054545454545433
    ],
    "tds": [
        1213.1299999999997,
        1192.1733333333325,
        1043.0081249999996,
        1041.6693939393936,
        1041.0939393939389
    ],
    "ph": [
        3.3421212121212123,
        3.3187878787878784,
        3.2218750000000007,
        3.16969696969697,
        3.1912121212121205
    ],
    "ntu": [
        3000.0,
        3000.0,
        3000.0,
        3000.0,
        3000.0
    ],
    "temp_avg": 30.022238636363625,
    "tds_avg": 1106.2149583333328,
    "ph_avg": 3.248738636363636,
    "ntu_avg": 3000.0
}