{
    "year": 2021,
    "month": 4,
    "day": 12,
    "hour": 0,
    "minute": 40,
    "temp": [
        25.940000000000023,
        25.940000000000023,
        25.940000000000023,
        25.922500000000014,
        25.886969696969704
    ],
    "tds": [
        1362.1299999999999,
        1362.1299999999999,
        1362.1299999999999,
        1362.55,
        1364.879090909091
    ],
    "ph": [
        7.086250000000003,
        7.101818181818183,
        7.106969696969697,
        7.084062500000002,
        7.129090909090912
    ],
    "ntu": [
        3000.0,
        3000.0,
        3000.0,
        3000.0,
        3000.0
    ],
    "temp_avg": 25.925893939393955,
    "tds_avg": 1362.7638181818181,
    "ph_avg": 7.101638257575759,
    "ntu_avg": 3000.0
}