{
    "year": 2021,
    "month": 4,
    "day": 20,
    "hour": 19,
    "minute": 25,
    "temp": [
        29.085454545454525,
        29.059999999999974,
        29.039374999999993,
        29.0,
        28.98727272727274
    ],
    "tds": [
        1072.8036363636356,
        1075.8499999999995,
        1075.5053124999995,
        1075.6118181818179,
        1074.4627272727269
    ],
    "ph": [
        4.733636363636364,
        4.806666666666665,
        4.734999999999999,
        4.644848484848484,
        4.657272727272727
    ],
    "ntu": [
        3000.0,
        3000.0,
        3000.0,
        3000.0,
        3000.0
    ],
    "temp_avg": 29.034420454545444,
    "tds_avg": 1074.846698863636,
    "ph_avg": 4.715484848484848,
    "ntu_avg": 3000.0
}