{
    "year": 2021,
    "month": 4,
    "day": 11,
    "hour": 23,
    "minute": 35,
    "temp": [
        27.753636363636364,
        27.75,
        27.730000000000018,
        27.690000000000023,
        27.690000000000023
    ],
    "tds": [
        1116.98,
        1116.98,
        1118.3848484848475,
        1119.4199999999992,
        1119.4965624999993
    ],
    "ph": [
        6.930606060606059,
        7.016875,
        6.827575757575759,
        6.856060606060608,
        6.809375000000004
    ],
    "ntu": [
        3000.0,
        3000.0,
        3000.0,
        3000.0,
        3000.0
    ],
    "temp_avg": 27.722727272727287,
    "tds_avg": 1118.2522821969692,
    "ph_avg": 6.888098484848486,
    "ntu_avg": 3000.0
}