{
    "year": 2021,
    "month": 4,
    "day": 20,
    "hour": 2,
    "minute": 55,
    "temp": [
        27.25,
        27.21909090909093,
        27.190000000000023,
        27.190000000000023,
        27.179393939393954
    ],
    "tds": [
        1149.6500000000005,
        1150.97393939394,
        1152.2200000000005,
        1152.2200000000005,
        1153.6596969696973
    ],
    "ph": [
        1.887575757575757,
        1.9209090909090905,
        1.9203125000000003,
        2.043333333333333,
        1.9612121212121207
    ],
    "ntu": [
        3000.0,
        3000.0,
        3000.0,
        3000.0,
        3000.0
    ],
    "temp_avg": 27.205696969696987,
    "tds_avg": 1151.7447272727277,
    "ph_avg": 1.9466685606060605,
    "ntu_avg": 3000.0
}