{
    "year": 2021,
    "month": 4,
    "day": 12,
    "hour": 20,
    "minute": 50,
    "temp": [
        29.5,
        29.535624999999975,
        29.57272727272726,
        29.61818181818182,
        29.641212121212135
    ],
    "tds": [
        1133.1406060606066,
        1127.5393749999998,
        1132.9078787878784,
        1134.74606060606,
        1134.8342424242421
    ],
    "ph": [
        0.0,
        0.0,
        0.0,
        0.0,
        0.0
    ],
    "ntu": [
        3000.0,
        3000.0,
        3000.0,
        3000.0,
        3000.0
    ],
    "temp_avg": 29.573549242424235,
    "tds_avg": 1132.6336325757572,
    "ph_avg": 0.0,
    "ntu_avg": 3000.0
}