{
    "year": 2021,
    "month": 4,
    "day": 20,
    "hour": 13,
    "minute": 15,
    "temp": [
        28.56363636363634,
        28.62,
        28.649696969696993,
        28.687878787878812,
        28.73875
    ],
    "tds": [
        1275.3684848484852,
        1273.4175000000005,
        1273.6257575757581,
        1273.4384848484847,
        1268.5250000000003
    ],
    "ph": [
        4.6918181818181806,
        4.740937500000002,
        4.788181818181821,
        4.761818181818181,
        4.698125000000001
    ],
    "ntu": [
        3000.0,
        3000.0,
        3000.0,
        3000.0,
        3000.0
    ],
    "temp_avg": 28.65199242424243,
    "tds_avg": 1272.875045454546,
    "ph_avg": 4.736176136363637,
    "ntu_avg": 3000.0
}