{
    "year": 2021,
    "month": 4,
    "day": 12,
    "hour": 9,
    "minute": 10,
    "temp": [
        28.319374999999976,
        28.309999999999977,
        28.300909090909077,
        28.251875,
        28.25
    ],
    "tds": [
        1091.1499999999996,
        1091.4399999999996,
        1092.843939393939,
        1093.6337499999995,
        1093.7799999999995
    ],
    "ph": [
        7.293125000000004,
        7.2754545454545445,
        7.287878787878789,
        7.253749999999998,
        7.282424242424241
    ],
    "ntu": [
        3000.0,
        3000.0,
        3000.0,
        3000.0,
        3000.0
    ],
    "temp_avg": 28.286431818181804,
    "tds_avg": 1092.5695378787875,
    "ph_avg": 7.278526515151515,
    "ntu_avg": 3000.0
}