{
    "year": 2021,
    "month": 4,
    "day": 9,
    "hour": 21,
    "minute": 25,
    "temp": [
        29.62,
        29.62,
        29.62,
        29.62,
        29.62
    ],
    "tds": [
        1205.6300000000003,
        1205.4959375000003,
        1201.4993939393935,
        1201.3399999999995,
        1201.3399999999995
    ],
    "ph": [
        4.907575757575758,
        5.006875000000003,
        4.976969696969697,
        4.8545454545454545,
        4.631562499999999
    ],
    "ntu": [
        3000.0,
        3000.0,
        3000.0,
        3000.0,
        3000.0
    ],
    "temp_avg": 29.619999999999997,
    "tds_avg": 1203.0610662878785,
    "ph_avg": 4.875505681818183,
    "ntu_avg": 3000.0
}