{
    "year": 2021,
    "month": 4,
    "day": 14,
    "hour": 10,
    "minute": 5,
    "temp": [
        29.609090909090902,
        29.565624999999976,
        29.559999999999974,
        29.527272727272724,
        29.5
    ],
    "tds": [
        1061.4766666666671,
        1061.3050000000005,
        1064.9381818181816,
        1066.169696969697,
        1064.16
    ],
    "ph": [
        4.383030303030305,
        4.550312499999999,
        4.238787878787877,
        4.115151515151514,
        4.4553125
    ],
    "ntu": [
        3000.0,
        3000.0,
        3000.0,
        3000.0,
        3000.0
    ],
    "temp_avg": 29.552397727272716,
    "tds_avg": 1063.6099090909092,
    "ph_avg": 4.348518939393939,
    "ntu_avg": 3000.0
}