{
    "year": 2021,
    "month": 4,
    "day": 19,
    "hour": 21,
    "minute": 25,
    "temp": [
        28.75181818181818,
        28.75,
        28.731250000000017,
        28.690000000000026,
        28.690000000000026
    ],
    "tds": [
        1090.2157575757576,
        1091.2000000000003,
        1091.7053125,
        1093.4399999999994,
        1093.5099999999995
    ],
    "ph": [
        2.875454545454545,
        2.8436363636363633,
        2.8790625,
        2.8712121212121215,
        2.866363636363637
    ],
    "ntu": [
        3000.0,
        3000.0,
        3000.0,
        3000.0,
        3000.0
    ],
    "temp_avg": 28.72261363636365,
    "tds_avg": 1092.0142140151515,
    "ph_avg": 2.8671458333333333,
    "ntu_avg": 3000.0
}