{
    "year": 2021,
    "month": 4,
    "day": 23,
    "hour": 4,
    "minute": 50,
    "temp": [
        28.331016949152573,
        28.339333333333308,
        28.24491525423729,
        28.191000000000038,
        28.133050847457586
    ],
    "ntu": [
        1664.2550847457624,
        1617.2905000000003,
        1620.5681355932206,
        1603.7961666666667,
        1603.1944067796612
    ],
    "temp_avg": 28.24786327683616,
    "ntu_avg": 1621.820858757062
}