{
    "year": 2021,
    "month": 4,
    "day": 24,
    "hour": 10,
    "minute": 15,
    "temp": [
        30.10633802816903,
        30.192000000000025,
        30.104788732394322,
        30.046285714285684,
        29.989859154929587
    ],
    "ntu": [
        316.5492957746479,
        327.42857142857144,
        326.88732394366195,
        326.12857142857143,
        336.0
    ],
    "temp_avg": 30.087854325955732,
    "ntu_avg": 326.59875251509055
}