{
    "year": 2021,
    "month": 4,
    "day": 16,
    "hour": 4,
    "minute": 10,
    "temp": [
        27.75,
        27.75,
        27.75,
        27.75,
        27.75
    ],
    "tds": [
        1247.9499999999998,
        1244.619090909091,
        1247.9499999999998,
        1247.9499999999998,
        1247.9499999999998
    ],
    "ph": [
        7.116875000000004,
        7.120000000000004,
        7.112424242424247,
        7.1078125,
        7.158484848484847
    ],
    "ntu": [
        3000.0,
        3000.0,
        3000.0,
        3000.0,
        3000.0
    ],
    "temp_avg": 27.75,
    "tds_avg": 1247.283818181818,
    "ph_avg": 7.1231193181818195,
    "ntu_avg": 3000.0
}