{
    "year": 2021,
    "month": 4,
    "day": 24,
    "hour": 10,
    "minute": 5,
    "temp": [
        30.114225352112697,
        30.16799999999999,
        30.076901408450667,
        30.01436619718309,
        29.95714285714289
    ],
    "ntu": [
        330.92957746478874,
        303.5571428571429,
        281.38028169014086,
        283.19718309859155,
        288.0571428571429
    ],
    "temp_avg": 30.06612716297787,
    "ntu_avg": 297.4242655935614
}