{
    "year": 2021,
    "month": 4,
    "day": 23,
    "hour": 1,
    "minute": 46,
    "temp": [
        29.81299999999998,
        29.701186440678004,
        29.619166666666622,
        29.559999999999963,
        29.899500000000003
    ],
    "ntu": [
        2016.9448333333335,
        2021.6922033898302,
        2009.340166666667,
        2026.6910169491528,
        2059.7271666666666
    ],
    "temp_avg": 29.718570621468917,
    "ntu_avg": 2026.87907740113
}