{
    "year": 2021,
    "month": 4,
    "day": 10,
    "hour": 1,
    "minute": 35,
    "temp": [
        25.195625000000017,
        25.19000000000002,
        25.202727272727287,
        25.212500000000006,
        25.228181818181824
    ],
    "tds": [
        1429.568124999999,
        1427.0675757575752,
        1425.1412121212115,
        1433.1534375,
        1438.2136363636369
    ],
    "ph": [
        2.2503124999999997,
        2.32030303030303,
        2.2821212121212127,
        2.3815625000000002,
        2.4472727272727264
    ],
    "ntu": [
        3000.0,
        3000.0,
        3000.0,
        3000.0,
        3000.0
    ],
    "temp_avg": 25.20580681818183,
    "tds_avg": 1430.6287973484846,
    "ph_avg": 2.3363143939393938,
    "ntu_avg": 3000.0
}