{
    "year": 2021,
    "month": 4,
    "day": 10,
    "hour": 13,
    "minute": 50,
    "temp": [
        27.059999999999977,
        27.059999999999977,
        27.021818181818176,
        27.0,
        26.99818181818182
    ],
    "tds": [
        1148.6696875,
        1147.3133333333333,
        1150.8609090909101,
        1151.0600000000009,
        1151.3300000000008
    ],
    "ph": [
        5.0640624999999995,
        5.056060606060607,
        5.032727272727276,
        5.019687500000001,
        5.03030303030303
    ],
    "ntu": [
        3000.0,
        3000.0,
        3000.0,
        3000.0,
        3000.0
    ],
    "temp_avg": 27.02799999999999,
    "tds_avg": 1149.8467859848492,
    "ph_avg": 5.040568181818182,
    "ntu_avg": 3000.0
}