{
    "year": 2021,
    "month": 4,
    "day": 25,
    "hour": 15,
    "minute": 32,
    "temp": [
        26.906,
        26.899577464788724,
        26.89661971830985,
        26.902999999999984,
        26.89957746478872
    ],
    "ntu": [
        357.6714285714286,
        366.6056338028169,
        355.6901408450704,
        348.07142857142856,
        329.09859154929575
    ],
    "temp_avg": 26.90095492957746,
    "ntu_avg": 351.42744466800804
}