{
    "year": 2021,
    "month": 4,
    "day": 22,
    "hour": 15,
    "minute": 21,
    "temp": [
        72.48523809523805,
        28.119999999999962,
        28.109830508474545,
        28.059999999999963,
        28.544915254237313
    ],
    "ntu": [
        1484.3668253968249,
        1521.586271186441,
        1508.6228813559317,
        1499.9854999999995,
        1617.1610169491523
    ],
    "temp_avg": 37.06399677158997,
    "ntu_avg": 1526.34449897767
}