{
    "year": 2021,
    "month": 4,
    "day": 12,
    "hour": 5,
    "minute": 50,
    "temp": [
        26.230000000000008,
        26.226363636363647,
        26.227500000000006,
        26.220909090909096,
        26.226363636363644
    ],
    "tds": [
        1331.732424242424,
        1331.6345454545453,
        1329.8393749999996,
        1331.2872727272725,
        1330.0615151515149
    ],
    "ph": [
        6.963939393939396,
        6.945454545454544,
        6.930312499999999,
        6.9093939393939365,
        6.907575757575756
    ],
    "ntu": [
        3000.0,
        3000.0,
        3000.0,
        3000.0,
        3000.0
    ],
    "temp_avg": 26.226227272727282,
    "tds_avg": 1330.9110265151512,
    "ph_avg": 6.931335227272726,
    "ntu_avg": 3000.0
}