{
    "year": 2021,
    "month": 4,
    "day": 10,
    "hour": 9,
    "minute": 20,
    "temp": [
        28.18781250000002,
        28.12424242424243,
        28.12,
        28.078749999999978,
        28.059999999999977
    ],
    "tds": [
        1108.3850000000002,
        1115.3093939393939,
        1112.8221212121207,
        1112.2850000000003,
        1113.1100000000004
    ],
    "ph": [
        4.102499999999998,
        4.037575757575757,
        4.128181818181818,
        4.1459375,
        4.154242424242423
    ],
    "ntu": [
        3000.0,
        3000.0,
        3000.0,
        3000.0,
        3000.0
    ],
    "temp_avg": 28.11416098484848,
    "tds_avg": 1112.3823030303033,
    "ph_avg": 4.113687499999999,
    "ntu_avg": 3000.0
}