{
    "year": 2021,
    "month": 4,
    "day": 23,
    "hour": 23,
    "minute": 36,
    "temp": [
        30.353943661971787,
        30.26859154929577,
        30.214857142857173,
        30.150563380281646,
        30.284142857142804
    ],
    "ntu": [
        665.9577464788732,
        667.2112676056338,
        668.2857142857143,
        668.8169014084507,
        659.9857142857143
    ],
    "temp_avg": 30.254419718309833,
    "ntu_avg": 666.0514688128773
}