{
    "year": 2021,
    "month": 4,
    "day": 22,
    "hour": 20,
    "minute": 20,
    "temp": [
        29.802666666666628,
        29.76016949152543,
        29.68416666666669,
        29.612881355932167,
        29.558999999999962
    ],
    "ntu": [
        2072.5405000000005,
        2020.2769491525428,
        2007.2903333333334,
        2006.6235593220338,
        1988.7955
    ],
    "temp_avg": 29.683776836158177,
    "ntu_avg": 2019.1053683615821
}