{
    "year": 2021,
    "month": 4,
    "day": 19,
    "hour": 23,
    "minute": 30,
    "temp": [
        28.213636363636375,
        28.25545454545454,
        28.309999999999977,
        28.337272727272726,
        28.41454545454548
    ],
    "tds": [
        1280.6875757575754,
        1279.9536363636369,
        1277.2900000000006,
        1273.2975757575762,
        1272.4299999999994
    ],
    "ph": [
        2.9496969696969697,
        2.7660606060606057,
        2.7753124999999996,
        2.913636363636364,
        2.803030303030302
    ],
    "ntu": [
        3000.0,
        3000.0,
        3000.0,
        3000.0,
        3000.0
    ],
    "temp_avg": 28.30618181818182,
    "tds_avg": 1276.7317575757577,
    "ph_avg": 2.8415473484848484,
    "ntu_avg": 3000.0
}