{
    "year": 2021,
    "month": 4,
    "day": 12,
    "hour": 18,
    "minute": 40,
    "temp": [
        28.43781250000002,
        28.372121212121215,
        28.37,
        28.341874999999987,
        28.309999999999977
    ],
    "tds": [
        1068.9418749999995,
        1070.5145454545454,
        1071.8966666666663,
        1074.5637500000005,
        1075.4900000000007
    ],
    "ph": [
        1.5312499999999998,
        1.5439393939393937,
        1.5609090909090906,
        1.548125,
        1.6575757575757575
    ],
    "ntu": [
        3000.0,
        3000.0,
        3000.0,
        3000.0,
        3000.0
    ],
    "temp_avg": 28.366361742424242,
    "tds_avg": 1072.2813674242425,
    "ph_avg": 1.5683598484848482,
    "ntu_avg": 3000.0
}