{
    "year": 2021,
    "month": 4,
    "day": 25,
    "hour": 18,
    "minute": 50,
    "temp": [
        26.899999999999977,
        26.883802816901383,
        26.882816901408415,
        26.884999999999966,
        26.884788732394334
    ],
    "ntu": [
        -34.5,
        -33.436619718309856,
        -27.169014084507044,
        -22.785714285714285,
        -32.54929577464789
    ],
    "temp_avg": 26.887281690140817,
    "ntu_avg": -30.08812877263581
}