{
    "year": 2021,
    "month": 4,
    "day": 14,
    "hour": 11,
    "minute": 10,
    "temp": [
        28.190000000000023,
        28.190000000000023,
        28.190000000000023,
        28.170909090909106,
        28.12
    ],
    "tds": [
        1171.1500000000008,
        1171.1500000000008,
        1171.1500000000008,
        1172.1703030303033,
        1169.4399999999998
    ],
    "ph": [
        4.737575757575756,
        4.679393939393938,
        4.691250000000001,
        4.671212121212122,
        4.6969696969696955
    ],
    "ntu": [
        3000.0,
        3000.0,
        3000.0,
        3000.0,
        3000.0
    ],
    "temp_avg": 28.172181818181834,
    "tds_avg": 1171.0120606060611,
    "ph_avg": 4.6952803030303025,
    "ntu_avg": 3000.0
}