{
    "year": 2021,
    "month": 4,
    "day": 21,
    "hour": 5,
    "minute": 55,
    "temp": [
        28.57687499999999,
        28.62,
        28.62,
        28.62,
        28.62
    ],
    "tds": [
        1283.3059375,
        1281.1999999999998,
        1281.1999999999998,
        1281.1999999999998,
        1281.1999999999998
    ],
    "ph": [
        4.878437500000002,
        4.840606060606061,
        4.836060606060605,
        4.886562499999999,
        4.870000000000001
    ],
    "ntu": [
        3000.0,
        3000.0,
        3000.0,
        3000.0,
        3000.0
    ],
    "temp_avg": 28.611375,
    "tds_avg": 1281.6211875,
    "ph_avg": 4.862333333333334,
    "ntu_avg": 3000.0
}