{
    "year": 2021,
    "month": 4,
    "day": 19,
    "hour": 16,
    "minute": 25,
    "temp": [
        29.699090909090927,
        29.751875,
        29.782727272727247,
        29.809999999999974,
        29.83625
    ],
    "tds": [
        1168.811212121212,
        1163.4478125000005,
        1165.151212121212,
        1164.1899999999998,
        1163.100625
    ],
    "ph": [
        1.8039393939393937,
        1.8490625000000005,
        1.8663636363636362,
        1.904242424242424,
        1.859062500000001
    ],
    "ntu": [
        3000.0,
        3000.0,
        3000.0,
        3000.0,
        3000.0
    ],
    "temp_avg": 29.77598863636363,
    "tds_avg": 1164.9401723484848,
    "ph_avg": 1.856534090909091,
    "ntu_avg": 3000.0
}