{
    "year": 2021,
    "month": 4,
    "day": 14,
    "hour": 19,
    "minute": 35,
    "temp": [
        29.059999999999974,
        29.059999999999974,
        29.059999999999974,
        29.059999999999974,
        29.059999999999974
    ],
    "tds": [
        1283.8600000000004,
        1289.90375,
        1331.7024242424243,
        1288.7530303030298,
        1266.5849999999996
    ],
    "ph": [
        4.562727272727273,
        4.5528125,
        4.260606060606061,
        4.584545454545454,
        4.716562499999999
    ],
    "ntu": [
        3000.0,
        3000.0,
        3000.0,
        3000.0,
        3000.0
    ],
    "temp_avg": 29.059999999999974,
    "tds_avg": 1292.1608409090907,
    "ph_avg": 4.535450757575758,
    "ntu_avg": 3000.0
}