{
    "year": 2021,
    "month": 4,
    "day": 9,
    "hour": 6,
    "minute": 5,
    "temp": [
        25.37,
        25.37,
        25.37,
        25.37,
        25.37
    ],
    "tds": [
        1403.6675000000005,
        1403.6100000000004,
        1403.1254545454547,
        1398.4465624999996,
        1400.7027272727266
    ],
    "ph": [
        3.595312500000001,
        3.6648484848484846,
        3.6851515151515164,
        3.6953125,
        3.7024242424242417
    ],
    "ntu": [
        3000.0,
        3000.0,
        3000.0,
        3000.0,
        3000.0
    ],
    "temp_avg": 25.37,
    "tds_avg": 1401.9104488636362,
    "ph_avg": 3.6686098484848486,
    "ntu_avg": 3000.0
}