{
    "year": 2021,
    "month": 4,
    "day": 10,
    "hour": 6,
    "minute": 0,
    "temp": [
        25.72000000000001,
        25.71545454545456,
        25.71727272727274,
        25.720000000000013,
        25.71181818181819
    ],
    "tds": [
        1390.3256250000006,
        1390.3584848484857,
        1391.6472727272735,
        1389.7834375000007,
        1390.253333333334
    ],
    "ph": [
        2.5546874999999996,
        2.4966666666666666,
        2.515757575757576,
        2.4390625,
        2.4254545454545458
    ],
    "ntu": [
        3000.0,
        3000.0,
        3000.0,
        3000.0,
        3000.0
    ],
    "temp_avg": 25.716909090909105,
    "tds_avg": 1390.4736306818188,
    "ph_avg": 2.4863257575757576,
    "ntu_avg": 3000.0
}