{
    "year": 2021,
    "month": 4,
    "day": 25,
    "hour": 0,
    "minute": 25,
    "temp": [
        26.36999999999995,
        26.36999999999995,
        26.36999999999995,
        26.36999999999995,
        26.36999999999995
    ],
    "ntu": [
        625.8028169014085,
        633.056338028169,
        632.9857142857143,
        633.0140845070423,
        633.0
    ],
    "temp_avg": 26.369999999999955,
    "ntu_avg": 631.5717907444669
}