{
    "year": 2021,
    "month": 4,
    "day": 11,
    "hour": 3,
    "minute": 55,
    "temp": [
        25.690000000000023,
        25.690000000000023,
        25.690000000000023,
        25.690000000000023,
        25.690000000000023
    ],
    "tds": [
        1396.6900000000003,
        1396.6900000000003,
        1396.6900000000003,
        1396.6900000000003,
        1396.6900000000003
    ],
    "ph": [
        5.037575757575761,
        5.019999999999998,
        4.999696969696972,
        5.003939393939396,
        5.0509375
    ],
    "ntu": [
        3000.0,
        3000.0,
        3000.0,
        3000.0,
        3000.0
    ],
    "temp_avg": 25.69000000000002,
    "tds_avg": 1396.6900000000003,
    "ph_avg": 5.0224299242424255,
    "ntu_avg": 3000.0
}