{
    "year": 2021,
    "month": 4,
    "day": 14,
    "hour": 22,
    "minute": 27,
    "temp": [
        29.47272727272728,
        29.37,
        29.455000000000023,
        29.37,
        29.45272727272729
    ],
    "tds": [
        1220.625757575757,
        1234.0272727272722,
        1221.5999999999997,
        1234.5618181818177,
        1223.3536363636365
    ],
    "ph": [
        5.305757575757578,
        5.096363636363637,
        5.278437500000002,
        5.163333333333332,
        5.204545454545454
    ],
    "ntu": [
        3000.0,
        3000.0,
        3000.0,
        3000.0,
        3000.0
    ],
    "temp_avg": 29.42409090909092,
    "tds_avg": 1226.8336969696966,
    "ph_avg": 5.209687500000001,
    "ntu_avg": 3000.0
}