{
    "year": 2021,
    "month": 4,
    "day": 15,
    "hour": 15,
    "minute": 50,
    "temp": [
        27.87,
        27.872187500000003,
        27.927272727272747,
        27.93787878787881,
        27.940000000000023
    ],
    "tds": [
        1283.93,
        1279.0456250000004,
        1277.0845454545452,
        1276.2799999999995,
        1276.2799999999995
    ],
    "ph": [
        7.451212121212121,
        7.459062499999998,
        7.382424242424245,
        7.4457575757575745,
        7.522500000000002
    ],
    "ntu": [
        3000.0,
        3000.0,
        3000.0,
        3000.0,
        3000.0
    ],
    "temp_avg": 27.909467803030317,
    "tds_avg": 1278.524034090909,
    "ph_avg": 7.452191287878788,
    "ntu_avg": 3000.0
}