{
    "year": 2021,
    "month": 4,
    "day": 14,
    "hour": 0,
    "minute": 35,
    "temp": [
        27.693636363636383,
        27.75,
        27.81181818181816,
        27.87,
        27.894062500000018
    ],
    "tds": [
        1316.7366666666676,
        1313.6540625,
        1324.3466666666666,
        1322.3118181818174,
        1318.6059374999998
    ],
    "ph": [
        4.525757575757577,
        4.4359375,
        4.162121212121213,
        3.9478787878787887,
        3.9003125000000005
    ],
    "ntu": [
        3000.0,
        3000.0,
        3000.0,
        3000.0,
        3000.0
    ],
    "temp_avg": 27.803903409090914,
    "tds_avg": 1319.13103030303,
    "ph_avg": 4.194401515151516,
    "ntu_avg": 3000.0
}