{
    "year": 2021,
    "month": 4,
    "day": 11,
    "hour": 7,
    "minute": 0,
    "temp": [
        25.87,
        25.87,
        25.87,
        25.87,
        25.87
    ],
    "tds": [
        1365.49,
        1365.49,
        1365.49,
        1363.5587499999997,
        1364.553636363636
    ],
    "ph": [
        3.8796874999999993,
        3.857272727272726,
        3.811212121212121,
        3.666875,
        3.811515151515152
    ],
    "ntu": [
        3000.0,
        3000.0,
        3000.0,
        3000.0,
        3000.0
    ],
    "temp_avg": 25.869999999999997,
    "tds_avg": 1364.9164772727272,
    "ph_avg": 3.8053124999999994,
    "ntu_avg": 3000.0
}