{
    "year": 2021,
    "month": 4,
    "day": 24,
    "hour": 6,
    "minute": 25,
    "temp": [
        30.032394366197128,
        30.100285714285675,
        29.95028571428575,
        29.88099999999995,
        30.045352112676014
    ],
    "ntu": [
        596.7746478873239,
        594.3571428571429,
        590.5857142857143,
        586.6714285714286,
        577.2957746478874
    ],
    "temp_avg": 30.00186358148891,
    "ntu_avg": 589.1369416498994
}