{
    "year": 2021,
    "month": 4,
    "day": 12,
    "hour": 20,
    "minute": 20,
    "temp": [
        28.309999999999977,
        28.37,
        28.39757575757578,
        28.440000000000023,
        28.494374999999998
    ],
    "tds": [
        1191.6950000000004,
        1189.2200000000005,
        1187.8600000000008,
        1186.5800000000008,
        1184.1237499999993
    ],
    "ph": [
        1.4868749999999995,
        1.2884848484848488,
        1.0769696969696967,
        0.9987878787878786,
        0.8596874999999999
    ],
    "ntu": [
        3000.0,
        3000.0,
        3000.0,
        3000.0,
        3000.0
    ],
    "temp_avg": 28.402390151515156,
    "tds_avg": 1187.8957500000004,
    "ph_avg": 1.1421609848484846,
    "ntu_avg": 3000.0
}