{
    "year": 2021,
    "month": 4,
    "day": 20,
    "hour": 5,
    "minute": 35,
    "temp": [
        28.954545454545478,
        28.940000000000026,
        28.905000000000005,
        28.87,
        28.862727272727266
    ],
    "tds": [
        1083.5500000000002,
        1086.8236363636363,
        1089.2865625000004,
        1090.4396969696973,
        1090.5487878787878
    ],
    "ph": [
        2.843030303030302,
        2.846060606060605,
        2.848437500000001,
        2.8406060606060612,
        2.8512121212121206
    ],
    "ntu": [
        3000.0,
        3000.0,
        3000.0,
        3000.0,
        3000.0
    ],
    "temp_avg": 28.906454545454558,
    "tds_avg": 1088.1297367424245,
    "ph_avg": 2.8458693181818178,
    "ntu_avg": 3000.0
}