{
    "year": 2021,
    "month": 4,
    "day": 24,
    "hour": 10,
    "minute": 30,
    "temp": [
        30.11400000000002,
        30.15943661971828,
        30.08197183098588,
        30.011142857142854,
        29.944225352112714
    ],
    "ntu": [
        314.01428571428573,
        308.61971830985914,
        326.90140845070425,
        344.2,
        335.7323943661972
    ],
    "temp_avg": 30.06215533199195,
    "ntu_avg": 325.89356136820925
}