{
    "year": 2021,
    "month": 4,
    "day": 10,
    "hour": 19,
    "minute": 40,
    "temp": [
        29.25,
        29.21062500000002,
        29.190000000000026,
        29.128484848484852,
        29.11062499999999
    ],
    "tds": [
        1065.2700000000002,
        1066.7268750000005,
        1067.4900000000007,
        1069.4409090909085,
        1070.1299999999994
    ],
    "ph": [
        5.465151515151511,
        5.468749999999998,
        5.455757575757573,
        5.589999999999998,
        5.655625
    ],
    "ntu": [
        3000.0,
        3000.0,
        3000.0,
        3000.0,
        3000.0
    ],
    "temp_avg": 29.17794696969698,
    "tds_avg": 1067.8115568181818,
    "ph_avg": 5.5270568181818165,
    "ntu_avg": 3000.0
}