{
    "year": 2021,
    "month": 4,
    "day": 24,
    "hour": 6,
    "minute": 36,
    "temp": [
        30.080571428571393,
        30.003380281690145,
        29.937000000000033,
        29.870140845070367,
        30.028450704225307
    ],
    "ntu": [
        547.7142857142857,
        538.2676056338029,
        531.7571428571429,
        524.9014084507043,
        515.2676056338029
    ],
    "temp_avg": 29.983908651911452,
    "ntu_avg": 531.5816096579476
}