{
    "year": 2021,
    "month": 4,
    "day": 11,
    "hour": 6,
    "minute": 15,
    "temp": [
        25.809999999999977,
        25.809999999999977,
        25.809999999999977,
        25.809999999999977,
        25.809999999999977
    ],
    "tds": [
        1367.1433333333334,
        1368.8700000000001,
        1368.8700000000001,
        1367.6142424242428,
        1368.8700000000001
    ],
    "ph": [
        4.176666666666667,
        4.138125,
        4.098484848484849,
        3.9251515151515153,
        3.835
    ],
    "ntu": [
        3000.0,
        3000.0,
        3000.0,
        3000.0,
        3000.0
    ],
    "temp_avg": 25.80999999999998,
    "tds_avg": 1368.273515151515,
    "ph_avg": 4.034685606060607,
    "ntu_avg": 3000.0
}