{
    "year": 2021,
    "month": 4,
    "day": 21,
    "hour": 13,
    "minute": 30,
    "temp": [
        27.811874999999976,
        27.809999999999977,
        27.806363636363614,
        27.798749999999984,
        27.757272727272728
    ],
    "tds": [
        1127.0099999999995,
        1127.0099999999995,
        1127.234545454545,
        1128.0134374999998,
        1126.5727272727272
    ],
    "ph": [
        6.616250000000004,
        6.6169696969697,
        6.624848484848485,
        6.625625,
        6.631818181818177
    ],
    "ntu": [
        3000.0,
        3000.0,
        3000.0,
        3000.0,
        3000.0
    ],
    "temp_avg": 27.796852272727257,
    "tds_avg": 1127.1681420454543,
    "ph_avg": 6.623102272727273,
    "ntu_avg": 3000.0
}