{
    "year": 2021,
    "month": 4,
    "day": 14,
    "hour": 0,
    "minute": 20,
    "temp": [
        27.0,
        27.01124999999999,
        27.05272727272725,
        27.059999999999977,
        27.07124999999999
    ],
    "tds": [
        1371.8600000000004,
        1371.5496875000003,
        1368.6503030303033,
        1359.0942424242428,
        1367.0890625000004
    ],
    "ph": [
        3.9739393939393928,
        3.9121874999999995,
        3.8515151515151516,
        3.9427272727272724,
        3.83875
    ],
    "ntu": [
        3000.0,
        3000.0,
        3000.0,
        3000.0,
        3000.0
    ],
    "temp_avg": 27.03904545454544,
    "tds_avg": 1367.6486590909094,
    "ph_avg": 3.903823863636364,
    "ntu_avg": 3000.0
}