{
    "year": 2021,
    "month": 4,
    "day": 22,
    "hour": 17,
    "minute": 38,
    "temp": [
        27.369999999999962,
        27.31999999999996,
        27.45847457627119,
        27.426000000000002,
        27.357796610169462
    ],
    "ntu": [
        1448.1662711864408,
        1462.9398333333336,
        1841.4771186440678,
        1697.7769999999998,
        1689.069322033898
    ],
    "temp_avg": 27.386454237288113,
    "ntu_avg": 1627.885909039548
}