{
    "year": 2021,
    "month": 4,
    "day": 13,
    "hour": 13,
    "minute": 20,
    "temp": [
        27.165937500000013,
        27.12,
        27.12,
        27.074999999999978,
        27.059999999999977
    ],
    "tds": [
        639.4906250000001,
        27.226363636363637,
        0.0,
        0.0,
        0.0
    ],
    "ph": [
        0.0,
        0.0,
        0.0,
        0.0,
        0.0
    ],
    "ntu": [
        3000.0,
        3000.0,
        3000.0,
        3000.0,
        3000.0
    ],
    "temp_avg": 27.108187499999996,
    "tds_avg": 133.34339772727276,
    "ph_avg": 0.0,
    "ntu_avg": 3000.0
}