{
    "year": 2021,
    "month": 4,
    "day": 14,
    "hour": 13,
    "minute": 55,
    "temp": [
        28.409375000000008,
        28.378484848484852,
        28.418787878787892,
        28.37,
        28.37
    ],
    "tds": [
        1245.946875,
        1179.2542424242429,
        1164.3066666666673,
        1166.0924999999997,
        1173.0425000000005
    ],
    "ph": [
        6.135937500000002,
        6.082121212121211,
        6.125151515151512,
        6.139999999999998,
        6.166249999999997
    ],
    "ntu": [
        3000.0,
        3000.0,
        3000.0,
        3000.0,
        3000.0
    ],
    "temp_avg": 28.38932954545455,
    "tds_avg": 1185.728556818182,
    "ph_avg": 6.129892045454544,
    "ntu_avg": 3000.0
}