{
    "year": 2021,
    "month": 4,
    "day": 11,
    "hour": 1,
    "minute": 35,
    "temp": [
        25.498125,
        25.492727272727276,
        25.490909090909092,
        25.48500000000001,
        25.481818181818188
    ],
    "tds": [
        1407.4518750000007,
        1407.3375757575764,
        1407.7678787878795,
        1407.7846875000002,
        1408.9512121212124
    ],
    "ph": [
        4.892499999999998,
        4.890606060606061,
        4.875151515151515,
        4.84875,
        4.829090909090908
    ],
    "ntu": [
        3000.0,
        3000.0,
        3000.0,
        3000.0,
        3000.0
    ],
    "temp_avg": 25.48971590909091,
    "tds_avg": 1407.8586458333339,
    "ph_avg": 4.867219696969697,
    "ntu_avg": 3000.0
}