{
    "year": 2021,
    "month": 4,
    "day": 12,
    "hour": 6,
    "minute": 55,
    "temp": [
        26.25,
        26.25,
        26.253749999999997,
        26.25363636363636,
        26.260909090909088
    ],
    "tds": [
        1327.9381818181812,
        1328.696363636363,
        1330.2587499999995,
        1326.6296969696964,
        1329.8103030303025
    ],
    "ph": [
        6.730606060606059,
        6.715757575757575,
        6.707187500000001,
        6.7306060606060605,
        6.721515151515152
    ],
    "ntu": [
        3000.0,
        3000.0,
        3000.0,
        3000.0,
        3000.0
    ],
    "temp_avg": 26.25365909090909,
    "tds_avg": 1328.6666590909085,
    "ph_avg": 6.721134469696969,
    "ntu_avg": 3000.0
}