{
    "year": 2021,
    "month": 4,
    "day": 25,
    "hour": 15,
    "minute": 5,
    "temp": [
        26.88380281690137,
        26.879999999999967,
        26.876901408450667,
        26.87887323943659,
        26.87799999999996
    ],
    "ntu": [
        284.1267605633803,
        293.72857142857146,
        282.83098591549293,
        273.4225352112676,
        260.37142857142857
    ],
    "temp_avg": 26.87951549295771,
    "ntu_avg": 278.8960563380282
}