{
    "year": 2021,
    "month": 4,
    "day": 26,
    "hour": 7,
    "minute": 40,
    "temp": [
        26.69942857142861,
        26.69422535211271,
        26.695000000000036,
        26.692571428571465,
        26.692535211267643
    ],
    "ntu": [
        511.64285714285717,
        507.36619718309856,
        496.65277777777777,
        482.6142857142857,
        469.84507042253523
    ],
    "temp_avg": 26.694752112676092,
    "ntu_avg": 493.6242376481109
}