{
    "year": 2021,
    "month": 4,
    "day": 14,
    "hour": 20,
    "minute": 35,
    "temp": [
        29.309999999999974,
        29.309999999999974,
        29.309999999999974,
        29.31545454545452,
        29.315624999999976
    ],
    "tds": [
        1232.0800000000008,
        1232.0800000000008,
        1232.0800000000008,
        1227.7821212121214,
        1228.1981250000003
    ],
    "ph": [
        4.899393939393939,
        5.0025,
        4.972424242424241,
        4.97060606060606,
        4.875000000000001
    ],
    "ntu": [
        3000.0,
        3000.0,
        3000.0,
        3000.0,
        3000.0
    ],
    "temp_avg": 29.312215909090884,
    "tds_avg": 1230.4440492424249,
    "ph_avg": 4.943984848484848,
    "ntu_avg": 3000.0
}