{
    "year": 2021,
    "month": 4,
    "day": 14,
    "hour": 18,
    "minute": 5,
    "temp": [
        28.39545454545456,
        28.440000000000023,
        28.440000000000023,
        28.440000000000023,
        28.440000000000023
    ],
    "tds": [
        1324.5884848484839,
        1325.7072727272728,
        1325.6393749999997,
        1319.1890909090907,
        1318.32
    ],
    "ph": [
        4.9918181818181795,
        4.984848484848487,
        5.004687500000001,
        4.974242424242423,
        4.937878787878788
    ],
    "ntu": [
        3000.0,
        3000.0,
        3000.0,
        3000.0,
        3000.0
    ],
    "temp_avg": 28.431090909090933,
    "tds_avg": 1322.6888446969692,
    "ph_avg": 4.978695075757575,
    "ntu_avg": 3000.0
}