{
    "year": 2021,
    "month": 4,
    "day": 7,
    "hour": 6,
    "minute": 13,
    "temp": [
        25.75,
        25.69,
        25.56,
        25.56,
        25.56
    ],
    "tds": [
        1435.96,
        1468.78,
        1463.4,
        1463.4,
        1463.4
    ],
    "ph": [
        0.0,
        0.0,
        0.0,
        0.0,
        0.0
    ],
    "ntu": [
        3000.0,
        3000.0,
        3000.0,
        3000.0,
        3000.0
    ],
    "temp_avg": 25.624000000000002,
    "tds_avg": 1458.9879999999998,
    "ph_avg": 0.0,
    "ntu_avg": 3000.0
}