{
    "year": 2021,
    "month": 4,
    "day": 12,
    "hour": 13,
    "minute": 50,
    "temp": [
        24.44000000000002,
        24.44000000000002,
        24.44000000000002,
        24.44000000000002,
        24.44000000000002
    ],
    "tds": [
        1441.7699999999993,
        1438.9849999999994,
        1441.7699999999993,
        1441.7699999999993,
        1441.7699999999993
    ],
    "ph": [
        3.74,
        3.7487499999999994,
        3.8087878787878777,
        3.871212121212121,
        3.8453124999999995
    ],
    "ntu": [
        3000.0,
        3000.0,
        3000.0,
        3000.0,
        3000.0
    ],
    "temp_avg": 24.44000000000002,
    "tds_avg": 1441.2129999999993,
    "ph_avg": 3.8028124999999995,
    "ntu_avg": 3000.0
}