{
    "year": 2021,
    "month": 4,
    "day": 8,
    "hour": 23,
    "minute": 55,
    "temp": [
        28.940000000000026,
        28.87,
        28.811818181818158,
        28.759375,
        28.720909090909114
    ],
    "tds": [
        1284.450937500001,
        1287.9115151515152,
        1290.8509090909092,
        1290.2306250000001,
        1295.4099999999996
    ],
    "ph": [
        3.7868749999999993,
        3.746060606060606,
        3.7427272727272722,
        3.7596875,
        3.786969696969697
    ],
    "ntu": [
        3000.0,
        3000.0,
        3000.0,
        3000.0,
        3000.0
    ],
    "temp_avg": 28.820420454545463,
    "tds_avg": 1289.770797348485,
    "ph_avg": 3.764464015151515,
    "ntu_avg": 3000.0
}