{
    "year": 2021,
    "month": 4,
    "day": 10,
    "hour": 10,
    "minute": 20,
    "temp": [
        27.331818181818175,
        27.37,
        27.433636363636385,
        27.454545454545464,
        27.5
    ],
    "tds": [
        1296.8645454545458,
        1293.7300000000005,
        1290.765151515151,
        1290.1527272727276,
        1290.713125
    ],
    "ph": [
        4.4739393939393945,
        4.480625,
        4.524545454545455,
        4.512727272727273,
        4.525312500000001
    ],
    "ntu": [
        3000.0,
        3000.0,
        3000.0,
        3000.0,
        3000.0
    ],
    "temp_avg": 27.418000000000006,
    "tds_avg": 1292.445109848485,
    "ph_avg": 4.5034299242424245,
    "ntu_avg": 3000.0
}