{
    "year": 2021,
    "month": 4,
    "day": 8,
    "hour": 18,
    "minute": 35,
    "temp": [
        27.24272727272728,
        27.199375000000018,
        27.190000000000023,
        27.190000000000023,
        27.18781250000002
    ],
    "tds": [
        0.0,
        0.0,
        0.0,
        331.46303030303034,
        1121.8112499999993
    ],
    "ph": [
        0.0,
        0.0,
        0.0,
        0.0,
        0.0
    ],
    "ntu": [
        3000.0,
        3000.0,
        3000.0,
        3000.0,
        3000.0
    ],
    "temp_avg": 27.201982954545475,
    "tds_avg": 290.65485606060594,
    "ph_avg": 0.0,
    "ntu_avg": 3000.0
}