{
    "year": 2021,
    "month": 4,
    "day": 23,
    "hour": 4,
    "minute": 35,
    "temp": [
        27.938644067796588,
        27.94583333333335,
        27.869999999999962,
        27.825999999999965,
        27.803898305084715
    ],
    "ntu": [
        2033.3522033898307,
        1980.1928333333333,
        1968.2654237288136,
        1973.288999999999,
        1959.0957627118646
    ],
    "temp_avg": 27.87687514124292,
    "ntu_avg": 1982.839044632768
}