{
    "year": 2021,
    "month": 4,
    "day": 12,
    "hour": 16,
    "minute": 20,
    "temp": [
        26.26272727272726,
        26.31187499999998,
        26.37424242424243,
        26.440000000000023,
        26.49625
    ],
    "tds": [
        1290.1909090909085,
        1287.6581249999992,
        1284.5027272727273,
        1281.7300000000005,
        1278.785
    ],
    "ph": [
        1.951212121212122,
        1.9424999999999997,
        1.9393939393939403,
        1.9072727272727268,
        1.8999999999999997
    ],
    "ntu": [
        3000.0,
        3000.0,
        3000.0,
        3000.0,
        3000.0
    ],
    "temp_avg": 26.377018939393942,
    "tds_avg": 1284.573352272727,
    "ph_avg": 1.9280757575757579,
    "ntu_avg": 3000.0
}