{
    "year": 2021,
    "month": 4,
    "day": 11,
    "hour": 12,
    "minute": 55,
    "temp": [
        27.762727272727272,
        27.75,
        27.744375000000005,
        27.690000000000023,
        27.690000000000023
    ],
    "tds": [
        1116.6842424242425,
        1116.98,
        1117.4374999999998,
        1119.4199999999992,
        1119.4199999999992
    ],
    "ph": [
        5.435757575757576,
        5.743333333333332,
        6.085937500000003,
        6.105454545454547,
        6.124242424242424
    ],
    "ntu": [
        3000.0,
        3000.0,
        3000.0,
        3000.0,
        3000.0
    ],
    "temp_avg": 27.727420454545467,
    "tds_avg": 1117.9883484848483,
    "ph_avg": 5.8989450757575765,
    "ntu_avg": 3000.0
}