{
    "year": 2021,
    "month": 4,
    "day": 10,
    "hour": 1,
    "minute": 55,
    "temp": [
        25.25545454545454,
        25.259090909090908,
        25.262727272727272,
        25.279999999999994,
        25.299090909090893
    ],
    "tds": [
        1420.8696969696973,
        1416.0581818181818,
        1415.0251515151515,
        1417.8087499999995,
        1413.5063636363632
    ],
    "ph": [
        2.765454545454546,
        2.822727272727273,
        2.863636363636364,
        2.9025000000000003,
        2.899999999999999
    ],
    "ntu": [
        3000.0,
        3000.0,
        3000.0,
        3000.0,
        3000.0
    ],
    "temp_avg": 25.27127272727272,
    "tds_avg": 1416.6536287878785,
    "ph_avg": 2.8508636363636364,
    "ntu_avg": 3000.0
}