{
    "year": 2021,
    "month": 4,
    "day": 11,
    "hour": 11,
    "minute": 40,
    "temp": [
        29.710000000000022,
        29.690000000000026,
        29.6369696969697,
        29.62,
        29.573124999999976
    ],
    "tds": [
        1041.6006060606062,
        1042.5,
        1044.3072727272734,
        1045.6581818181828,
        1046.2940624999992
    ],
    "ph": [
        6.408484848484849,
        6.422499999999999,
        6.398181818181817,
        6.382121212121214,
        6.335625
    ],
    "ntu": [
        3000.0,
        3000.0,
        3000.0,
        3000.0,
        3000.0
    ],
    "temp_avg": 29.646018939393947,
    "tds_avg": 1044.0720246212122,
    "ph_avg": 6.389382575757575,
    "ntu_avg": 3000.0
}