{
    "year": 2021,
    "month": 4,
    "day": 20,
    "hour": 15,
    "minute": 40,
    "temp": [
        28.47272727272729,
        28.441818181818203,
        28.440000000000023,
        28.406060606060613,
        28.37
    ],
    "tds": [
        1105.0627272727272,
        1106.858181818182,
        1106.93,
        1108.588787878788,
        1109.3100000000002
    ],
    "ph": [
        4.8078787878787885,
        4.842727272727271,
        4.835625000000001,
        4.836060606060609,
        4.837575757575759
    ],
    "ntu": [
        3000.0,
        3000.0,
        3000.0,
        3000.0,
        3000.0
    ],
    "temp_avg": 28.426121212121227,
    "tds_avg": 1107.3499393939396,
    "ph_avg": 4.831973484848485,
    "ntu_avg": 3000.0
}