{
    "year": 2021,
    "month": 4,
    "day": 21,
    "hour": 2,
    "minute": 5,
    "temp": [
        28.87,
        28.87,
        28.87,
        28.878484848484856,
        28.940000000000026
    ],
    "tds": [
        1233.56,
        1233.56,
        1233.56,
        1233.06,
        1230.81
    ],
    "ph": [
        5.255757575757577,
        5.23,
        5.208124999999998,
        5.212424242424239,
        5.121515151515152
    ],
    "ntu": [
        3000.0,
        3000.0,
        3000.0,
        3000.0,
        3000.0
    ],
    "temp_avg": 28.885696969696976,
    "tds_avg": 1232.9099999999999,
    "ph_avg": 5.205564393939394,
    "ntu_avg": 3000.0
}