{
    "year": 2021,
    "month": 4,
    "day": 13,
    "hour": 17,
    "minute": 30,
    "temp": [
        28.34375,
        28.37,
        28.431515151515175,
        28.471875000000004,
        28.50363636363636
    ],
    "tds": [
        1327.521874999999,
        1326.169999999999,
        1321.3512121212113,
        1321.6609374999994,
        1316.7830303030298
    ],
    "ph": [
        0.5081249999999998,
        0.21000000000000005,
        0.2051515151515152,
        0.044687500000000026,
        0.12606060606060607
    ],
    "ntu": [
        3000.0,
        3000.0,
        3000.0,
        3000.0,
        3000.0
    ],
    "temp_avg": 28.424155303030307,
    "tds_avg": 1322.6974109848477,
    "ph_avg": 0.21880492424242423,
    "ntu_avg": 3000.0
}