{
    "year": 2021,
    "month": 4,
    "day": 10,
    "hour": 8,
    "minute": 20,
    "temp": [
        30.00181818181818,
        30.01636363636363,
        30.02624999999999,
        30.003636363636364,
        30.0
    ],
    "tds": [
        1137.5775757575764,
        1050.0490909090913,
        1049.6981250000003,
        1050.5654545454552,
        1051.0869696969705
    ],
    "ph": [
        3.743636363636363,
        3.667878787878789,
        3.7221874999999995,
        3.7021212121212117,
        3.708787878787879
    ],
    "ntu": [
        3000.0,
        3000.0,
        3000.0,
        3000.0,
        3000.0
    ],
    "temp_avg": 30.009613636363632,
    "tds_avg": 1067.7954431818187,
    "ph_avg": 3.7089223484848484,
    "ntu_avg": 3000.0
}