{
    "year": 2021,
    "month": 4,
    "day": 21,
    "hour": 3,
    "minute": 15,
    "temp": [
        30.00176470588235,
        30.00363636363636,
        30.020624999999995,
        30.012727272727272,
        30.005454545454544
    ],
    "tds": [
        1177.2320588235298,
        1037.3230303030305,
        1038.4384375000002,
        1038.8400000000001,
        1039.3466666666668
    ],
    "ph": [
        4.603235294117648,
        4.6539393939393925,
        4.626562500000002,
        4.625757575757576,
        4.6524242424242415
    ],
    "ntu": [
        3000.0,
        3000.0,
        3000.0,
        3000.0,
        3000.0
    ],
    "temp_avg": 30.008841577540107,
    "tds_avg": 1066.2360386586454,
    "ph_avg": 4.632383801247772,
    "ntu_avg": 3000.0
}