{
    "year": 2021,
    "month": 4,
    "day": 23,
    "hour": 5,
    "minute": 10,
    "temp": [
        28.67033333333334,
        28.65322033898302,
        28.56305084745759,
        28.5,
        28.446101694915292
    ],
    "ntu": [
        2058.2850000000003,
        2013.7237288135595,
        2002.0659322033894,
        2017.8908333333331,
        2022.722711864407
    ],
    "temp_avg": 28.56654124293785,
    "ntu_avg": 2022.937641242938
}