{
    "year": 2021,
    "month": 4,
    "day": 11,
    "hour": 22,
    "minute": 25,
    "temp": [
        29.559999999999974,
        29.50375,
        29.49818181818182,
        29.441818181818206,
        29.440000000000026
    ],
    "tds": [
        1050.6151515151512,
        1052.6328125000005,
        1052.8315151515155,
        1054.6727272727267,
        1054.8699999999992
    ],
    "ph": [
        6.784545454545452,
        6.7396875,
        6.713636363636364,
        6.745757575757575,
        6.718124999999999
    ],
    "ntu": [
        3000.0,
        3000.0,
        3000.0,
        3000.0,
        3000.0
    ],
    "temp_avg": 29.488750000000003,
    "tds_avg": 1053.1244412878784,
    "ph_avg": 6.740350378787878,
    "ntu_avg": 3000.0
}