{
    "year": 2021,
    "month": 4,
    "day": 12,
    "hour": 11,
    "minute": 45,
    "temp": [
        29.956363636363662,
        29.940000000000026,
        29.922500000000014,
        29.872121212121215,
        29.86454545454545
    ],
    "tds": [
        1037.5366666666673,
        1037.7900000000006,
        1036.9909375000004,
        1039.9000000000005,
        1040.2196969696972
    ],
    "ph": [
        7.77606060606061,
        7.759393939393936,
        7.812500000000001,
        7.863636363636365,
        7.882121212121207
    ],
    "ntu": [
        3000.0,
        3000.0,
        3000.0,
        3000.0,
        3000.0
    ],
    "temp_avg": 29.911106060606073,
    "tds_avg": 1038.4874602272732,
    "ph_avg": 7.818742424242423,
    "ntu_avg": 3000.0
}