{
    "year": 2021,
    "month": 4,
    "day": 15,
    "hour": 19,
    "minute": 40,
    "temp": [
        29.529090909090893,
        29.521818181818183,
        29.541249999999987,
        29.532727272727254,
        29.54545454545453
    ],
    "tds": [
        1134.7757575757578,
        1135.8412121212123,
        1133.7031250000002,
        1135.0803030303034,
        1139.9503030303024
    ],
    "ph": [
        7.5263636363636355,
        7.531212121212121,
        7.535937499999998,
        7.534242424242425,
        7.533939393939397
    ],
    "ntu": [
        3000.0,
        3000.0,
        3000.0,
        3000.0,
        3000.0
    ],
    "temp_avg": 29.534068181818167,
    "tds_avg": 1135.870140151515,
    "ph_avg": 7.532339015151516,
    "ntu_avg": 3000.0
}