{
    "year": 2021,
    "month": 4,
    "day": 15,
    "hour": 20,
    "minute": 55,
    "temp": [
        29.75,
        29.75,
        29.75,
        29.75,
        29.75
    ],
    "tds": [
        1129.7999999999997,
        1129.7999999999997,
        1129.7999999999997,
        1129.7999999999997,
        1129.7999999999997
    ],
    "ph": [
        7.479999999999998,
        7.450909090909089,
        7.485937500000002,
        7.460303030303031,
        7.466969696969695
    ],
    "ntu": [
        3000.0,
        3000.0,
        3000.0,
        3000.0,
        3000.0
    ],
    "temp_avg": 29.75,
    "tds_avg": 1129.7999999999997,
    "ph_avg": 7.468823863636362,
    "ntu_avg": 3000.0
}