{
    "year": 2021,
    "month": 4,
    "day": 22,
    "hour": 22,
    "minute": 0,
    "temp": [
        27.84099999999996,
        27.842542372881333,
        27.77440677966101,
        27.706000000000035,
        27.648474576271155
    ],
    "ntu": [
        1675.1268333333333,
        1608.6964406779666,
        1602.1638983050848,
        1586.365666666667,
        1609.4310169491528
    ],
    "temp_avg": 27.7624847457627,
    "ntu_avg": 1616.356771186441
}