{
    "year": 2021,
    "month": 4,
    "day": 14,
    "hour": 20,
    "minute": 5,
    "temp": [
        29.190000000000026,
        29.19545454545457,
        29.193636363636386,
        29.190000000000026,
        29.197272727272747
    ],
    "tds": [
        1242.0,
        1241.243636363636,
        1240.3530303030302,
        1242.0,
        1241.3309090909088
    ],
    "ph": [
        5.102812499999999,
        5.055757575757575,
        4.9915151515151495,
        4.9840624999999985,
        4.9599999999999955
    ],
    "ntu": [
        3000.0,
        3000.0,
        3000.0,
        3000.0,
        3000.0
    ],
    "temp_avg": 29.19327272727275,
    "tds_avg": 1241.385515151515,
    "ph_avg": 5.018829545454542,
    "ntu_avg": 3000.0
}