{
    "year": 2021,
    "month": 4,
    "day": 15,
    "hour": 11,
    "minute": 15,
    "temp": [
        29.87,
        29.819090909090885,
        29.809999999999974,
        29.81363636363634,
        29.866363636363637
    ],
    "tds": [
        1043.4039393939402,
        1042.1921212121206,
        1045.7599999999993,
        1042.385151515151,
        1042.4672727272734
    ],
    "ph": [
        7.036060606060605,
        6.969090909090906,
        6.9903125,
        6.954848484848484,
        7.0463636363636395
    ],
    "ntu": [
        3000.0,
        3000.0,
        3000.0,
        3000.0,
        3000.0
    ],
    "temp_avg": 29.835818181818166,
    "tds_avg": 1043.241696969697,
    "ph_avg": 6.999335227272726,
    "ntu_avg": 3000.0
}