{
    "year": 2021,
    "month": 4,
    "day": 16,
    "hour": 10,
    "minute": 20,
    "temp": [
        29.248125,
        29.22272727272729,
        29.191818181818206,
        29.190000000000026,
        29.190000000000026
    ],
    "tds": [
        1166.6353125000003,
        1171.023636363636,
        1172.56303030303,
        1172.6399999999996,
        1168.43
    ],
    "ph": [
        7.513750000000001,
        7.520000000000002,
        7.518787878787879,
        7.545312500000003,
        7.528787878787879
    ],
    "ntu": [
        3000.0,
        3000.0,
        3000.0,
        3000.0,
        3000.0
    ],
    "temp_avg": 29.208534090909108,
    "tds_avg": 1170.2583958333332,
    "ph_avg": 7.525327651515153,
    "ntu_avg": 3000.0
}