{
    "year": 2021,
    "month": 4,
    "day": 8,
    "hour": 23,
    "minute": 30,
    "temp": [
        29.029999999999983,
        29.059999999999974,
        29.1,
        29.122187500000003,
        29.181515151515175
    ],
    "tds": [
        1280.7309374999998,
        1282.4690909090912,
        1278.0748484848482,
        1267.5662499999999,
        1274.9121212121208
    ],
    "ph": [
        4.0462500000000015,
        3.8651515151515152,
        4.037272727272727,
        4.2096875,
        4.067575757575758
    ],
    "ntu": [
        3000.0,
        3000.0,
        3000.0,
        3000.0,
        3000.0
    ],
    "temp_avg": 29.09874053030303,
    "tds_avg": 1276.750649621212,
    "ph_avg": 4.0451875,
    "ntu_avg": 3000.0
}