{
    "year": 2021,
    "month": 4,
    "day": 20,
    "hour": 16,
    "minute": 40,
    "temp": [
        27.233125000000015,
        27.195454545454567,
        27.190000000000023,
        27.190000000000023,
        27.15181818181819
    ],
    "tds": [
        1155.008125,
        1156.383636363637,
        1156.5400000000006,
        1156.5400000000006,
        1158.3521212121211
    ],
    "ph": [
        4.509999999999999,
        4.511212121212123,
        4.510606060606061,
        4.5346874999999995,
        4.515454545454544
    ],
    "ntu": [
        3000.0,
        3000.0,
        3000.0,
        3000.0,
        3000.0
    ],
    "temp_avg": 27.19207954545457,
    "tds_avg": 1156.564776515152,
    "ph_avg": 4.516392045454545,
    "ntu_avg": 3000.0
}