{
    "year": 2021,
    "month": 4,
    "day": 11,
    "hour": 3,
    "minute": 40,
    "temp": [
        25.690000000000023,
        25.690000000000023,
        25.690000000000023,
        25.690000000000023,
        25.690000000000023
    ],
    "tds": [
        1396.7957575757578,
        1396.6900000000003,
        1395.2500000000007,
        1396.6900000000003,
        1396.6900000000003
    ],
    "ph": [
        5.233636363636364,
        5.227500000000001,
        5.22030303030303,
        5.261212121212122,
        5.300937500000001
    ],
    "ntu": [
        3000.0,
        3000.0,
        3000.0,
        3000.0,
        3000.0
    ],
    "temp_avg": 25.69000000000002,
    "tds_avg": 1396.4231515151519,
    "ph_avg": 5.248717803030304,
    "ntu_avg": 3000.0
}