{
    "year": 2021,
    "month": 4,
    "day": 10,
    "hour": 10,
    "minute": 30,
    "temp": [
        27.748125,
        27.79363636363634,
        27.809999999999977,
        27.86625,
        27.903939393939417
    ],
    "tds": [
        1272.0146874999994,
        1277.4030303030304,
        1277.0754545454545,
        1277.013125,
        1272.5545454545463
    ],
    "ph": [
        4.448749999999999,
        4.545454545454547,
        4.50909090909091,
        4.648124999999999,
        4.642727272727271
    ],
    "ntu": [
        3000.0,
        3000.0,
        3000.0,
        3000.0,
        3000.0
    ],
    "temp_avg": 27.82439015151515,
    "tds_avg": 1275.212168560606,
    "ph_avg": 4.558829545454545,
    "ntu_avg": 3000.0
}