{
    "year": 2021,
    "month": 4,
    "day": 11,
    "hour": 11,
    "minute": 45,
    "temp": [
        29.559999999999974,
        29.52363636363636,
        29.5,
        29.46909090909093,
        29.440000000000026
    ],
    "tds": [
        1046.7599999999993,
        1051.508484848485,
        1049.0284374999999,
        1050.2781818181822,
        1051.2909090909097
    ],
    "ph": [
        6.326363636363638,
        6.335151515151516,
        6.285,
        6.353030303030303,
        6.363939393939393
    ],
    "ntu": [
        3000.0,
        3000.0,
        3000.0,
        3000.0,
        3000.0
    ],
    "temp_avg": 29.498545454545457,
    "tds_avg": 1049.7732026515152,
    "ph_avg": 6.33269696969697,
    "ntu_avg": 3000.0
}