{
    "year": 2021,
    "month": 4,
    "day": 8,
    "hour": 20,
    "minute": 30,
    "temp": [
        29.91454545454548,
        29.940000000000026,
        29.952727272727287,
        30.0,
        30.0
    ],
    "tds": [
        1228.344242424243,
        1226.9000000000008,
        1227.3033333333333,
        1225.2721212121212,
        1225.0337500000005
    ],
    "ph": [
        0.0,
        0.0,
        0.0,
        0.0,
        0.0
    ],
    "ntu": [
        3000.0,
        3000.0,
        3000.0,
        3000.0,
        3000.0
    ],
    "temp_avg": 29.961454545454558,
    "tds_avg": 1226.5706893939398,
    "ph_avg": 0.0,
    "ntu_avg": 3000.0
}