{
    "year": 2021,
    "month": 4,
    "day": 16,
    "hour": 6,
    "minute": 30,
    "temp": [
        27.73181818181819,
        27.72375000000001,
        27.726363636363644,
        27.728181818181824,
        27.729375000000008
    ],
    "tds": [
        1244.406363636364,
        1244.1715625000002,
        1244.4927272727273,
        1244.1472727272728,
        1244.1715625
    ],
    "ph": [
        6.866060606060607,
        6.840937500000001,
        6.836969696969696,
        6.836666666666664,
        6.813125
    ],
    "ntu": [
        3000.0,
        3000.0,
        3000.0,
        3000.0,
        3000.0
    ],
    "temp_avg": 27.72789772727274,
    "tds_avg": 1244.2778977272728,
    "ph_avg": 6.838751893939394,
    "ntu_avg": 3000.0
}