{
    "year": 2021,
    "month": 4,
    "day": 13,
    "hour": 0,
    "minute": 50,
    "temp": [
        29.929393939393965,
        29.940000000000026,
        29.951250000000016,
        30.0,
        30.00181818181818
    ],
    "tds": [
        583.0969696969698,
        597.8833333333331,
        601.8496874999998,
        599.3660606060606,
        617.0445454545459
    ],
    "ph": [
        0.0,
        0.0,
        0.0,
        0.0,
        0.0
    ],
    "ntu": [
        3000.0,
        3000.0,
        3000.0,
        3000.0,
        3000.0
    ],
    "temp_avg": 29.96449242424244,
    "tds_avg": 599.8481193181818,
    "ph_avg": 0.0,
    "ntu_avg": 3000.0
}