{
    "year": 2021,
    "month": 4,
    "day": 12,
    "hour": 10,
    "minute": 35,
    "temp": [
        27.32818181818181,
        27.376562500000006,
        27.445454545454563,
        27.50181818181818,
        27.559999999999977
    ],
    "tds": [
        1276.7300000000002,
        1274.3787499999999,
        1271.4063636363633,
        1264.9203030303036,
        1265.9000000000008
    ],
    "ph": [
        8.169090909090905,
        8.163437499999995,
        8.172121212121208,
        8.152727272727276,
        8.116875000000002
    ],
    "ntu": [
        3000.0,
        3000.0,
        3000.0,
        3000.0,
        3000.0
    ],
    "temp_avg": 27.442403409090907,
    "tds_avg": 1270.6670833333335,
    "ph_avg": 8.154850378787877,
    "ntu_avg": 3000.0
}