{
    "year": 2021,
    "month": 4,
    "day": 10,
    "hour": 8,
    "minute": 35,
    "temp": [
        29.643333333333338,
        29.62,
        29.561874999999976,
        29.556363636363614,
        29.5
    ],
    "tds": [
        1059.063333333334,
        1059.8560606060612,
        1061.9018750000005,
        1062.2354545454548,
        1064.16
    ],
    "ph": [
        3.978181818181817,
        3.995151515151515,
        4.000625,
        4.003030303030302,
        3.996060606060605
    ],
    "ntu": [
        3000.0,
        3000.0,
        3000.0,
        3000.0,
        3000.0
    ],
    "temp_avg": 29.576314393939384,
    "tds_avg": 1061.4433446969701,
    "ph_avg": 3.994609848484848,
    "ntu_avg": 3000.0
}