{
    "year": 2021,
    "month": 4,
    "day": 11,
    "hour": 2,
    "minute": 0,
    "temp": [
        25.443636363636383,
        25.44000000000002,
        25.445454545454563,
        25.44000000000002,
        25.44562500000002
    ],
    "tds": [
        1405.2615151515142,
        1406.4278124999992,
        1408.9412121212115,
        1405.09909090909,
        1407.4893749999997
    ],
    "ph": [
        4.773636363636363,
        4.74875,
        4.773636363636364,
        4.775454545454545,
        4.8140624999999995
    ],
    "ntu": [
        3000.0,
        3000.0,
        3000.0,
        3000.0,
        3000.0
    ],
    "temp_avg": 25.4429431818182,
    "tds_avg": 1406.643801136363,
    "ph_avg": 4.777107954545454,
    "ntu_avg": 3000.0
}