{
    "year": 2021,
    "month": 4,
    "day": 9,
    "hour": 21,
    "minute": 45,
    "temp": [
        29.824545454545436,
        29.866363636363637,
        29.87,
        29.87,
        29.940000000000026
    ],
    "tds": [
        1188.2784848484844,
        1185.0915151515153,
        1190.8381250000004,
        1191.4696875000002,
        1189.423030303031
    ],
    "ph": [
        4.318484848484848,
        4.356969696969697,
        4.43125,
        4.343125000000001,
        4.3993939393939385
    ],
    "ntu": [
        3000.0,
        3000.0,
        3000.0,
        3000.0,
        3000.0
    ],
    "temp_avg": 29.874181818181818,
    "tds_avg": 1189.0201685606062,
    "ph_avg": 4.369844696969698,
    "ntu_avg": 3000.0
}