{
    "year": 2021,
    "month": 4,
    "day": 13,
    "hour": 8,
    "minute": 46,
    "temp": [
        29.559999999999974,
        29.525454545454544,
        29.5,
        29.45312500000002,
        29.440000000000026
    ],
    "tds": [
        0.0,
        0.0,
        0.0,
        0.0,
        0.0
    ],
    "ph": [
        0.0,
        0.0,
        0.0,
        0.0,
        0.0
    ],
    "ntu": [
        3000.0,
        3000.0,
        3000.0,
        3000.0,
        3000.0
    ],
    "temp_avg": 29.495715909090915,
    "tds_avg": 0.0,
    "ph_avg": 0.0,
    "ntu_avg": 3000.0
}