{
    "year": 2021,
    "month": 4,
    "day": 12,
    "hour": 13,
    "minute": 40,
    "temp": [
        24.503749999999997,
        24.5,
        24.5,
        24.5,
        24.49636363636364
    ],
    "tds": [
        1508.7471875000003,
        1500.6009090909097,
        1453.1163636363628,
        1449.1999999999996,
        1449.4284848484847
    ],
    "ph": [
        7.4165625,
        7.011515151515151,
        4.396363636363636,
        4.056250000000001,
        4.0648484848484845
    ],
    "ntu": [
        3000.0,
        3000.0,
        3000.0,
        3000.0,
        3000.0
    ],
    "temp_avg": 24.50002272727273,
    "tds_avg": 1472.2185890151516,
    "ph_avg": 5.389107954545454,
    "ntu_avg": 3000.0
}