{
    "year": 2021,
    "month": 4,
    "day": 23,
    "hour": 20,
    "minute": 51,
    "temp": [
        30.42225352112676,
        30.341714285714254,
        30.27788732394365,
        30.227714285714306,
        30.371267605633818
    ],
    "ntu": [
        -38.436619718309856,
        -35.15714285714286,
        -32.732394366197184,
        -30.84285714285714,
        -44.056338028169016
    ],
    "temp_avg": 30.32816740442656,
    "ntu_avg": -36.245070422535214
}