{
    "year": 2021,
    "month": 4,
    "day": 21,
    "hour": 9,
    "minute": 15,
    "temp": [
        27.440000000000023,
        27.378484848484852,
        27.37,
        27.37,
        27.340909090909076
    ],
    "tds": [
        1155.074545454545,
        1157.02909090909,
        1157.4199999999992,
        1157.4199999999992,
        1158.5187878787874
    ],
    "ph": [
        5.060000000000001,
        5.055151515151516,
        5.050937500000002,
        5.071515151515149,
        5.083636363636363
    ],
    "ntu": [
        3000.0,
        3000.0,
        3000.0,
        3000.0,
        3000.0
    ],
    "temp_avg": 27.379878787878788,
    "tds_avg": 1157.0924848484842,
    "ph_avg": 5.064248106060606,
    "ntu_avg": 3000.0
}