{
    "year": 2021,
    "month": 4,
    "day": 20,
    "hour": 18,
    "minute": 55,
    "temp": [
        30.0,
        29.98545454545456,
        29.943750000000023,
        29.940000000000026,
        29.90181818181819
    ],
    "tds": [
        1043.1399999999996,
        1044.1678787878782,
        1045.1937499999992,
        1045.2599999999993,
        1046.544848484849
    ],
    "ph": [
        4.915151515151513,
        4.944545454545455,
        4.953437499999999,
        4.941212121212122,
        4.9278787878787895
    ],
    "ntu": [
        3000.0,
        3000.0,
        3000.0,
        3000.0,
        3000.0
    ],
    "temp_avg": 29.95420454545456,
    "tds_avg": 1044.861295454545,
    "ph_avg": 4.936445075757576,
    "ntu_avg": 3000.0
}