{
    "year": 2021,
    "month": 4,
    "day": 21,
    "hour": 2,
    "minute": 50,
    "temp": [
        29.75181818181818,
        29.791818181818158,
        29.809999999999974,
        29.809999999999974,
        29.811818181818158
    ],
    "tds": [
        1213.2699999999998,
        1211.2624242424245,
        1210.6199999999997,
        1208.41,
        1210.6199999999997
    ],
    "ph": [
        4.6857575757575765,
        4.6884848484848485,
        4.701562499999999,
        4.6893939393939394,
        4.665151515151513
    ],
    "ntu": [
        3000.0,
        3000.0,
        3000.0,
        3000.0,
        3000.0
    ],
    "temp_avg": 29.79509090909089,
    "tds_avg": 1210.8364848484848,
    "ph_avg": 4.686070075757575,
    "ntu_avg": 3000.0
}