{
    "year": 2021,
    "month": 4,
    "day": 25,
    "hour": 13,
    "minute": 55,
    "temp": [
        26.832285714285675,
        26.82352112676052,
        26.823714285714242,
        26.83957746478869,
        26.83788732394362
    ],
    "ntu": [
        -44.642857142857146,
        -49.394366197183096,
        -51.18571428571428,
        -49.478873239436616,
        -49.66197183098591
    ],
    "temp_avg": 26.831397183098552,
    "ntu_avg": -48.87275653923541
}