{
    "year": 2021,
    "month": 4,
    "day": 9,
    "hour": 14,
    "minute": 50,
    "temp": [
        28.687878787878812,
        28.632727272727276,
        28.618125,
        28.570909090909065,
        28.559999999999974
    ],
    "tds": [
        1083.03,
        1087.2227272727266,
        1087.8499999999995,
        1089.8100000000002,
        1090.16
    ],
    "ph": [
        4.717878787878787,
        4.7718181818181815,
        4.782187500000002,
        4.800303030303031,
        4.831212121212121
    ],
    "ntu": [
        3000.0,
        3000.0,
        3000.0,
        3000.0,
        3000.0
    ],
    "temp_avg": 28.613928030303025,
    "tds_avg": 1087.6145454545454,
    "ph_avg": 4.780679924242425,
    "ntu_avg": 3000.0
}