{
    "year": 2021,
    "month": 4,
    "day": 16,
    "hour": 0,
    "minute": 30,
    "temp": [
        28.806363636363614,
        28.761249999999997,
        28.75,
        28.75,
        28.72937500000002
    ],
    "tds": [
        1179.7854545454545,
        1181.4924999999996,
        1182.1399999999996,
        1182.1399999999996,
        1182.8712499999997
    ],
    "ph": [
        7.42151515151515,
        7.394687499999998,
        7.407878787878786,
        7.419999999999997,
        7.418437499999997
    ],
    "ntu": [
        3000.0,
        3000.0,
        3000.0,
        3000.0,
        3000.0
    ],
    "temp_avg": 28.75939772727272,
    "tds_avg": 1181.6858409090905,
    "ph_avg": 7.412503787878786,
    "ntu_avg": 3000.0
}