{
    "year": 2021,
    "month": 4,
    "day": 24,
    "hour": 4,
    "minute": 22,
    "temp": [
        30.10542857142853,
        30.038028169014062,
        29.97942857142859,
        30.094366197183103,
        30.149577464788685
    ],
    "ntu": [
        655.3571428571429,
        656.3802816901408,
        657.1428571428571,
        651.3239436619718,
        652.8169014084507
    ],
    "temp_avg": 30.07336579476859,
    "ntu_avg": 654.6042253521126
}