{
    "year": 2021,
    "month": 4,
    "day": 10,
    "hour": 15,
    "minute": 20,
    "temp": [
        29.808181818181794,
        29.809999999999974,
        29.820909090909076,
        29.866363636363637,
        29.87
    ],
    "tds": [
        1196.0200000000002,
        1197.7900000000006,
        1192.9245454545455,
        1193.1275757575754,
        1195.2
    ],
    "ph": [
        4.921212121212121,
        4.917812499999999,
        5.016666666666666,
        4.948181818181817,
        5.009062500000001
    ],
    "ntu": [
        3000.0,
        3000.0,
        3000.0,
        3000.0,
        3000.0
    ],
    "temp_avg": 29.8350909090909,
    "tds_avg": 1195.0124242424242,
    "ph_avg": 4.962587121212121,
    "ntu_avg": 3000.0
}