{
    "year": 2021,
    "month": 4,
    "day": 25,
    "hour": 10,
    "minute": 51,
    "temp": [
        26.690000000000037,
        26.690000000000037,
        26.690000000000037,
        26.690000000000037,
        26.690000000000037
    ],
    "ntu": [
        -54.352112676056336,
        -74.18571428571428,
        -52.971830985915496,
        -62.36619718309859,
        -57.68571428571428
    ],
    "temp_avg": 26.690000000000037,
    "ntu_avg": -60.312313883299794
}