{
    "year": 2021,
    "month": 4,
    "day": 9,
    "hour": 15,
    "minute": 0,
    "temp": [
        28.364374999999995,
        28.31545454545452,
        28.308181818181797,
        28.251875,
        28.25
    ],
    "tds": [
        1097.9809375000007,
        1099.428787878788,
        1099.571515151515,
        1102.6765625000003,
        1103.9054545454549
    ],
    "ph": [
        4.6031249999999995,
        4.704242424242423,
        4.66030303030303,
        4.6184375,
        4.8066666666666675
    ],
    "ntu": [
        3000.0,
        3000.0,
        3000.0,
        3000.0,
        3000.0
    ],
    "temp_avg": 28.297977272727262,
    "tds_avg": 1100.7126515151517,
    "ph_avg": 4.678554924242424,
    "ntu_avg": 3000.0
}