{
    "year": 2021,
    "month": 4,
    "day": 13,
    "hour": 6,
    "minute": 25,
    "temp": [
        27.391875000000002,
        27.37,
        27.344545454545436,
        27.309999999999977,
        27.297272727272716
    ],
    "tds": [
        0.0,
        0.0,
        0.0,
        0.0,
        0.0
    ],
    "ph": [
        0.0,
        0.0,
        0.0,
        0.0,
        0.0
    ],
    "ntu": [
        3000.0,
        3000.0,
        3000.0,
        3000.0,
        3000.0
    ],
    "temp_avg": 27.342738636363627,
    "tds_avg": 0.0,
    "ph_avg": 0.0,
    "ntu_avg": 3000.0
}