{
    "year": 2021,
    "month": 4,
    "day": 12,
    "hour": 12,
    "minute": 30,
    "temp": [
        28.558787878787882,
        28.222727272727287,
        28.248125,
        28.257272727272742,
        28.171818181818193
    ],
    "tds": [
        1144.862727272727,
        1116.1457575757568,
        1114.0999999999995,
        1100.2833333333326,
        1194.9630303030303
    ],
    "ph": [
        8.462424242424241,
        8.463636363636367,
        8.52875,
        8.553636363636365,
        8.899393939393942
    ],
    "ntu": [
        3000.0,
        3000.0,
        3000.0,
        3000.0,
        3000.0
    ],
    "temp_avg": 28.29174621212122,
    "tds_avg": 1134.0709696969693,
    "ph_avg": 8.581568181818184,
    "ntu_avg": 3000.0
}