{
    "year": 2021,
    "month": 4,
    "day": 12,
    "hour": 21,
    "minute": 10,
    "temp": [
        29.940000000000026,
        29.920909090909106,
        29.872121212121215,
        29.864374999999995,
        29.809999999999974
    ],
    "tds": [
        476.0196875,
        321.3975757575758,
        1020.6215151515154,
        1020.3306249999999,
        1020.32303030303
    ],
    "ph": [
        0.0,
        0.005454545454545454,
        0.08666666666666667,
        0.351875,
        0.6181818181818182
    ],
    "ntu": [
        3000.0,
        3000.0,
        3000.0,
        3000.0,
        3000.0
    ],
    "temp_avg": 29.881481060606063,
    "tds_avg": 771.7384867424242,
    "ph_avg": 0.21243560606060602,
    "ntu_avg": 3000.0
}