{
    "year": 2021,
    "month": 4,
    "day": 25,
    "hour": 19,
    "minute": 20,
    "temp": [
        26.873943661971783,
        26.87295774647883,
        26.871999999999954,
        26.871971830985867,
        26.87098591549291
    ],
    "ntu": [
        557.5352112676056,
        560.5492957746479,
        555.8714285714286,
        553.9295774647887,
        548.2535211267606
    ],
    "temp_avg": 26.872371830985866,
    "ntu_avg": 555.2278068410462
}