{
    "year": 2021,
    "month": 4,
    "day": 11,
    "hour": 4,
    "minute": 45,
    "temp": [
        25.75,
        25.75,
        25.75,
        25.75,
        25.75
    ],
    "tds": [
        1387.9400000000003,
        1387.9400000000003,
        1387.9400000000003,
        1389.419374999999,
        1393.0406060606058
    ],
    "ph": [
        5.033939393939395,
        5.082121212121213,
        4.905757575757576,
        4.818125000000001,
        4.755757575757576
    ],
    "ntu": [
        3000.0,
        3000.0,
        3000.0,
        3000.0,
        3000.0
    ],
    "temp_avg": 25.75,
    "tds_avg": 1389.2559962121209,
    "ph_avg": 4.919140151515153,
    "ntu_avg": 3000.0
}