{
    "year": 2021,
    "month": 4,
    "day": 15,
    "hour": 14,
    "minute": 40,
    "temp": [
        26.99818181818182,
        27.0,
        26.97636363636365,
        26.949090909090927,
        26.943750000000023
    ],
    "tds": [
        1229.8357575757577,
        1336.75,
        1333.9742424242424,
        1333.573636363636,
        1330.0612500000002
    ],
    "ph": [
        7.313939393939396,
        7.424374999999999,
        7.4157575757575716,
        7.419090909090907,
        7.3887499999999955
    ],
    "ntu": [
        3000.0,
        3000.0,
        3000.0,
        3000.0,
        3000.0
    ],
    "temp_avg": 26.973477272727287,
    "tds_avg": 1312.8389772727273,
    "ph_avg": 7.3923825757575745,
    "ntu_avg": 3000.0
}