{
    "year": 2021,
    "month": 4,
    "day": 14,
    "hour": 17,
    "minute": 0,
    "temp": [
        27.25,
        27.25,
        27.281874999999985,
        27.309999999999977,
        27.326363636363624
    ],
    "tds": [
        1462.2163636363632,
        1473.1045454545458,
        1482.8681250000002,
        1483.682424242424,
        1466.5442424242422
    ],
    "ph": [
        4.509696969696971,
        4.493636363636363,
        4.500937500000001,
        4.540303030303032,
        4.596363636363635
    ],
    "ntu": [
        3000.0,
        3000.0,
        3000.0,
        3000.0,
        3000.0
    ],
    "temp_avg": 27.283647727272715,
    "tds_avg": 1473.683140151515,
    "ph_avg": 4.5281875,
    "ntu_avg": 3000.0
}