{
    "year": 2021,
    "month": 4,
    "day": 14,
    "hour": 17,
    "minute": 45,
    "temp": [
        28.12,
        28.12,
        28.132727272727283,
        28.174687500000022,
        28.191818181818203
    ],
    "tds": [
        1333.76,
        1332.5890909090906,
        1328.648181818182,
        1330.8240625000008,
        1324.9566666666665
    ],
    "ph": [
        5.11875,
        5.249999999999999,
        5.18,
        5.189374999999999,
        5.255151515151514
    ],
    "ntu": [
        3000.0,
        3000.0,
        3000.0,
        3000.0,
        3000.0
    ],
    "temp_avg": 28.147846590909104,
    "tds_avg": 1330.1556003787878,
    "ph_avg": 5.198655303030302,
    "ntu_avg": 3000.0
}