{
    "year": 2021,
    "month": 4,
    "day": 14,
    "hour": 13,
    "minute": 20,
    "temp": [
        27.862727272727273,
        27.87,
        27.878750000000007,
        27.929393939393957,
        27.941818181818206
    ],
    "tds": [
        1345.6496969696968,
        1337.1715151515161,
        1333.2556249999996,
        1330.4921212121217,
        1329.9239393939388
    ],
    "ph": [
        6.012424242424245,
        6.054848484848486,
        6.104062500000003,
        6.114242424242426,
        6.068787878787881
    ],
    "ntu": [
        3000.0,
        3000.0,
        3000.0,
        3000.0,
        3000.0
    ],
    "temp_avg": 27.89653787878789,
    "tds_avg": 1335.2985795454547,
    "ph_avg": 6.070873106060608,
    "ntu_avg": 3000.0
}