{
    "year": 2021,
    "month": 4,
    "day": 25,
    "hour": 8,
    "minute": 30,
    "temp": [
        26.495774647887327,
        26.497428571428575,
        26.499154929577465,
        26.5,
        26.5
    ],
    "ntu": [
        397.2676056338028,
        383.6714285714286,
        385.5774647887324,
        393.2857142857143,
        383.15492957746477
    ],
    "temp_avg": 26.498471629778674,
    "ntu_avg": 388.59142857142854
}