{
    "year": 2021,
    "month": 4,
    "day": 10,
    "hour": 14,
    "minute": 15,
    "temp": [
        27.62,
        27.66812500000002,
        27.697272727272747,
        27.75,
        27.809999999999977
    ],
    "tds": [
        1291.169999999999,
        1289.1006250000007,
        1287.0300000000002,
        1285.0799999999988,
        1278.2190625
    ],
    "ph": [
        5.260909090909092,
        5.237812500000001,
        5.231212121212123,
        5.244242424242424,
        5.239062499999998
    ],
    "ntu": [
        3000.0,
        3000.0,
        3000.0,
        3000.0,
        3000.0
    ],
    "temp_avg": 27.70907954545455,
    "tds_avg": 1286.1199374999999,
    "ph_avg": 5.242647727272727,
    "ntu_avg": 3000.0
}