{
    "year": 2021,
    "month": 4,
    "day": 13,
    "hour": 15,
    "minute": 30,
    "temp": [
        28.884848484848487,
        28.866363636363634,
        28.809999999999974,
        28.789999999999992,
        28.75
    ],
    "tds": [
        0.0,
        0.0,
        0.0,
        0.0,
        0.0
    ],
    "ph": [
        0.0,
        0.0,
        0.0,
        0.0,
        0.0
    ],
    "ntu": [
        3000.0,
        3000.0,
        3000.0,
        3000.0,
        3000.0
    ],
    "temp_avg": 28.820242424242416,
    "tds_avg": 0.0,
    "ph_avg": 0.0,
    "ntu_avg": 3000.0
}