{
    "year": 2021,
    "month": 4,
    "day": 14,
    "hour": 16,
    "minute": 55,
    "temp": [
        27.12,
        27.13312500000001,
        27.18787878787881,
        27.190000000000023,
        27.20875000000001
    ],
    "tds": [
        1454.040303030303,
        1450.9993749999999,
        1445.5824242424233,
        1446.2766666666666,
        1444.9456249999996
    ],
    "ph": [
        4.378787878787879,
        4.310937499999999,
        4.339696969696968,
        4.466060606060606,
        4.5178125
    ],
    "ntu": [
        3000.0,
        3000.0,
        3000.0,
        3000.0,
        3000.0
    ],
    "temp_avg": 27.167950757575774,
    "tds_avg": 1448.3688787878784,
    "ph_avg": 4.40265909090909,
    "ntu_avg": 3000.0
}