{
    "year": 2021,
    "month": 4,
    "day": 22,
    "hour": 23,
    "minute": 50,
    "temp": [
        28.876166666666684,
        28.874406779660983,
        28.76868852459016,
        28.69711864406783,
        28.64916666666663
    ],
    "ntu": [
        1825.4903333333327,
        1757.6115254237293,
        1740.2932786885249,
        1740.0208474576268,
        1732.0618333333334
    ],
    "temp_avg": 28.773109456330456,
    "ntu_avg": 1759.0955636473093
}