{
    "year": 2021,
    "month": 4,
    "day": 14,
    "hour": 12,
    "minute": 35,
    "temp": [
        26.81363636363634,
        26.851818181818178,
        26.87,
        26.90606060606063,
        26.9818181818182
    ],
    "tds": [
        1461.8690909090913,
        1432.943333333333,
        1393.93375,
        1376.0430303030296,
        1363.6051515151519
    ],
    "ph": [
        6.263636363636364,
        6.229999999999999,
        6.1246874999999985,
        6.035151515151516,
        6.013939393939393
    ],
    "ntu": [
        3000.0,
        3000.0,
        3000.0,
        3000.0,
        3000.0
    ],
    "temp_avg": 26.884666666666668,
    "tds_avg": 1405.678871212121,
    "ph_avg": 6.133482954545454,
    "ntu_avg": 3000.0
}