{
    "year": 2021,
    "month": 4,
    "day": 15,
    "hour": 7,
    "minute": 50,
    "temp": [
        27.58363636363635,
        27.603124999999995,
        27.610909090909093,
        27.62,
        27.62
    ],
    "tds": [
        1254.093333333333,
        1254.5721875000006,
        1258.5063636363645,
        1258.4181818181828,
        1258.3300000000008
    ],
    "ph": [
        5.207575757575757,
        5.1159374999999985,
        5.084848484848485,
        5.148181818181818,
        5.0190624999999995
    ],
    "ntu": [
        3000.0,
        3000.0,
        3000.0,
        3000.0,
        3000.0
    ],
    "temp_avg": 27.607534090909088,
    "tds_avg": 1256.7840132575764,
    "ph_avg": 5.1151212121212115,
    "ntu_avg": 3000.0
}