{
    "year": 2021,
    "month": 4,
    "day": 10,
    "hour": 12,
    "minute": 45,
    "temp": [
        28.78272727272727,
        28.75,
        28.72937500000002,
        28.690000000000026,
        28.668787878787892
    ],
    "tds": [
        1082.2927272727268,
        1083.2599999999993,
        1083.9040624999996,
        1085.5499999999997,
        1086.246969696969
    ],
    "ph": [
        4.893333333333333,
        4.865454545454545,
        4.863125000000001,
        4.863030303030301,
        4.863636363636364
    ],
    "ntu": [
        3000.0,
        3000.0,
        3000.0,
        3000.0,
        3000.0
    ],
    "temp_avg": 28.72417803030304,
    "tds_avg": 1084.250751893939,
    "ph_avg": 4.869715909090909,
    "ntu_avg": 3000.0
}