{
    "year": 2021,
    "month": 4,
    "day": 11,
    "hour": 15,
    "minute": 10,
    "temp": [
        29.77,
        29.75,
        29.713636363636386,
        29.690000000000026,
        29.670312500000012
    ],
    "tds": [
        1043.3590909090913,
        1044.1300000000008,
        1045.3563636363633,
        1046.2599999999993,
        1046.9287499999998
    ],
    "ph": [
        6.175151515151513,
        6.12875,
        6.255151515151515,
        6.258484848484849,
        6.358125000000001
    ],
    "ntu": [
        3000.0,
        3000.0,
        3000.0,
        3000.0,
        3000.0
    ],
    "temp_avg": 29.718789772727284,
    "tds_avg": 1045.206840909091,
    "ph_avg": 6.235132575757575,
    "ntu_avg": 3000.0
}