{
    "year": 2021,
    "month": 4,
    "day": 16,
    "hour": 2,
    "minute": 20,
    "temp": [
        27.87,
        27.87,
        27.87,
        27.87,
        27.87
    ],
    "tds": [
        1233.1600000000005,
        1233.1600000000005,
        1235.6363636363646,
        1233.1600000000005,
        1233.1600000000005
    ],
    "ph": [
        7.300909090909094,
        7.307812499999999,
        7.280909090909092,
        7.280303030303032,
        7.3154545454545445
    ],
    "ntu": [
        3000.0,
        3000.0,
        3000.0,
        3000.0,
        3000.0
    ],
    "temp_avg": 27.869999999999997,
    "tds_avg": 1233.6552727272733,
    "ph_avg": 7.297077651515153,
    "ntu_avg": 3000.0
}