{
    "year": 2021,
    "month": 4,
    "day": 13,
    "hour": 13,
    "minute": 35,
    "temp": [
        27.24625,
        27.29363636363634,
        27.31545454545453,
        27.35363636363636,
        27.384848484848497
    ],
    "tds": [
        320.1368749999998,
        354.1524242424243,
        320.04636363636365,
        373.5269696969696,
        275.93303030303025
    ],
    "ph": [
        0.0,
        0.0,
        0.0,
        0.0,
        0.0
    ],
    "ntu": [
        3000.0,
        3000.0,
        3000.0,
        3000.0,
        3000.0
    ],
    "temp_avg": 27.318765151515144,
    "tds_avg": 328.75913257575746,
    "ph_avg": 0.0,
    "ntu_avg": 3000.0
}