{
    "year": 2021,
    "month": 4,
    "day": 21,
    "hour": 14,
    "minute": 5,
    "temp": [
        27.311874999999976,
        27.309999999999977,
        27.309999999999977,
        27.293124999999986,
        27.26090909090909
    ],
    "tds": [
        1146.9306249999997,
        1147.0899999999997,
        1146.5712121212118,
        1147.4081250000002,
        1148.482727272728
    ],
    "ph": [
        6.5840625000000035,
        6.5712121212121195,
        6.5645454545454545,
        6.5540625000000015,
        6.557575757575759
    ],
    "ntu": [
        3000.0,
        3000.0,
        3000.0,
        3000.0,
        3000.0
    ],
    "temp_avg": 27.297181818181805,
    "tds_avg": 1147.2965378787878,
    "ph_avg": 6.566291666666667,
    "ntu_avg": 3000.0
}