{
    "year": 2021,
    "month": 4,
    "day": 24,
    "hour": 4,
    "minute": 32,
    "temp": [
        30.09514285714282,
        30.025352112676046,
        29.96657142857146,
        30.09197183098592,
        30.13591549295769
    ],
    "ntu": [
        653.1571428571428,
        654.5352112676056,
        655.0285714285715,
        650.2112676056338,
        651.7042253521126
    ],
    "temp_avg": 30.06299074446678,
    "ntu_avg": 652.9272837022133
}