{
    "year": 2021,
    "month": 4,
    "day": 14,
    "hour": 2,
    "minute": 20,
    "temp": [
        30.024374999999992,
        30.00181818181818,
        30.0,
        29.996250000000003,
        29.960000000000022
    ],
    "tds": [
        1050.4196875000005,
        1051.9357575757579,
        1050.6300000000008,
        1054.5343750000006,
        1055.2257575757576
    ],
    "ph": [
        4.196874999999999,
        4.321212121212122,
        4.199999999999999,
        4.092812499999999,
        4.088181818181818
    ],
    "ntu": [
        3000.0,
        3000.0,
        3000.0,
        3000.0,
        3000.0
    ],
    "temp_avg": 29.996488636363644,
    "tds_avg": 1052.5491155303037,
    "ph_avg": 4.179816287878788,
    "ntu_avg": 3000.0
}