{
    "year": 2021,
    "month": 4,
    "day": 9,
    "hour": 6,
    "minute": 10,
    "temp": [
        25.37,
        25.37,
        25.37,
        25.36818181818182,
        25.364375
    ],
    "tds": [
        1398.2799999999995,
        1398.2799999999995,
        1398.60303030303,
        1399.8951515151514,
        1405.3959375000006
    ],
    "ph": [
        3.7484848484848494,
        3.7925,
        3.81121212121212,
        3.836969696969696,
        3.8840624999999998
    ],
    "ntu": [
        3000.0,
        3000.0,
        3000.0,
        3000.0,
        3000.0
    ],
    "temp_avg": 25.368511363636365,
    "tds_avg": 1400.0908238636362,
    "ph_avg": 3.8146458333333326,
    "ntu_avg": 3000.0
}