{
    "year": 2021,
    "month": 4,
    "day": 10,
    "hour": 4,
    "minute": 50,
    "temp": [
        25.75,
        25.74636363636364,
        25.75,
        25.75,
        25.75
    ],
    "tds": [
        1393.3090624999995,
        1395.3899999999999,
        1392.029999999999,
        1391.1715624999997,
        1390.171515151514
    ],
    "ph": [
        2.7446875,
        2.5530303030303036,
        2.6493939393939394,
        2.8003124999999986,
        2.8354545454545446
    ],
    "ntu": [
        3000.0,
        3000.0,
        3000.0,
        3000.0,
        3000.0
    ],
    "temp_avg": 25.74927272727273,
    "tds_avg": 1392.4144280303026,
    "ph_avg": 2.716575757575757,
    "ntu_avg": 3000.0
}