{
    "year": 2021,
    "month": 4,
    "day": 13,
    "hour": 16,
    "minute": 5,
    "temp": [
        27.87,
        27.87,
        27.84454545454544,
        27.809999999999977,
        27.809999999999977
    ],
    "tds": [
        0.0,
        0.0,
        0.0,
        0.0,
        0.0
    ],
    "ph": [
        0.0,
        0.0,
        0.0,
        0.0,
        0.0
    ],
    "ntu": [
        3000.0,
        3000.0,
        3000.0,
        3000.0,
        3000.0
    ],
    "temp_avg": 27.840909090909076,
    "tds_avg": 0.0,
    "ph_avg": 0.0,
    "ntu_avg": 3000.0
}