{
    "year": 2021,
    "month": 4,
    "day": 26,
    "hour": 1,
    "minute": 30,
    "temp": [
        26.75,
        26.75,
        26.749142857142857,
        26.749154929577465,
        26.747464788732398
    ],
    "ntu": [
        616.5352112676056,
        623.5633802816901,
        623.6571428571428,
        623.7887323943662,
        623.6338028169014
    ],
    "temp_avg": 26.749152515090543,
    "ntu_avg": 622.2356539235412
}