{
    "year": 2021,
    "month": 4,
    "day": 20,
    "hour": 21,
    "minute": 20,
    "temp": [
        27.937812500000025,
        27.981818181818184,
        28.023636363636342,
        28.069374999999983,
        28.114848484848487
    ],
    "tds": [
        1294.530625000001,
        1296.3436363636358,
        1291.0027272727268,
        1290.749687499999,
        1290.5018181818177
    ],
    "ph": [
        4.471562499999998,
        4.481515151515151,
        4.465454545454545,
        4.509375,
        4.521515151515152
    ],
    "ntu": [
        3000.0,
        3000.0,
        3000.0,
        3000.0,
        3000.0
    ],
    "temp_avg": 28.025498106060603,
    "tds_avg": 1292.625698863636,
    "ph_avg": 4.489884469696969,
    "ntu_avg": 3000.0
}