{
    "year": 2021,
    "month": 4,
    "day": 10,
    "hour": 18,
    "minute": 45,
    "temp": [
        29.693636363636386,
        29.748125,
        29.75181818181818,
        29.789999999999978,
        29.802499999999977
    ],
    "tds": [
        1198.4936363636364,
        1196.1300000000003,
        1195.3590909090908,
        1194.4881818181823,
        1191.5393750000007
    ],
    "ph": [
        5.593333333333334,
        5.469687499999999,
        5.538484848484853,
        5.55212121212121,
        5.49375
    ],
    "ntu": [
        3000.0,
        3000.0,
        3000.0,
        3000.0,
        3000.0
    ],
    "temp_avg": 29.757215909090906,
    "tds_avg": 1195.2020568181822,
    "ph_avg": 5.529475378787879,
    "ntu_avg": 3000.0
}