{
    "year": 2021,
    "month": 4,
    "day": 16,
    "hour": 1,
    "minute": 25,
    "temp": [
        28.12,
        28.12,
        28.12,
        28.12,
        28.12
    ],
    "tds": [
        1222.0400000000006,
        1219.5256250000002,
        1221.633636363637,
        1224.7551515151513,
        1226.5199999999998
    ],
    "ph": [
        7.316666666666669,
        7.350625,
        7.366363636363638,
        7.3930303030303035,
        7.432499999999999
    ],
    "ntu": [
        3000.0,
        3000.0,
        3000.0,
        3000.0,
        3000.0
    ],
    "temp_avg": 28.119999999999997,
    "tds_avg": 1222.8948825757577,
    "ph_avg": 7.371837121212122,
    "ntu_avg": 3000.0
}