{
    "year": 2021,
    "month": 4,
    "day": 14,
    "hour": 13,
    "minute": 35,
    "temp": [
        28.25,
        28.253636363636364,
        28.30692307692305,
        28.309999999999977,
        28.309999999999977
    ],
    "tds": [
        1297.4,
        1298.7881818181822,
        1234.9600000000014,
        1236.2915151515163,
        1251.4521875000003
    ],
    "ph": [
        6.1487878787878785,
        6.112424242424243,
        5.270769230769233,
        6.116060606060608,
        6.197499999999999
    ],
    "ntu": [
        3000.0,
        3000.0,
        3000.0,
        3000.0,
        3000.0
    ],
    "temp_avg": 28.286111888111872,
    "tds_avg": 1263.77837689394,
    "ph_avg": 5.969108391608392,
    "ntu_avg": 3000.0
}