{
    "year": 2021,
    "month": 4,
    "day": 20,
    "hour": 6,
    "minute": 5,
    "temp": [
        28.183636363636385,
        28.124375000000004,
        28.12,
        28.085454545454525,
        28.059999999999977
    ],
    "tds": [
        1114.4578787878786,
        1114.8100000000002,
        1115.0596969696971,
        1117.9221212121215,
        1118.9078125
    ],
    "ph": [
        2.7918181818181815,
        2.788125,
        2.702727272727272,
        2.68909090909091,
        2.6131249999999993
    ],
    "ntu": [
        3000.0,
        3000.0,
        3000.0,
        3000.0,
        3000.0
    ],
    "temp_avg": 28.114693181818176,
    "tds_avg": 1116.2315018939394,
    "ph_avg": 2.7169772727272723,
    "ntu_avg": 3000.0
}