{
    "year": 2021,
    "month": 4,
    "day": 10,
    "hour": 7,
    "minute": 40,
    "temp": [
        25.75,
        25.75,
        25.75,
        25.75,
        25.75
    ],
    "tds": [
        1390.8090909090902,
        1392.5624242424244,
        1390.8987499999994,
        1396.2457575757576,
        1394.963333333333
    ],
    "ph": [
        2.593333333333333,
        2.564545454545455,
        2.5703125,
        2.5739393939393924,
        2.540303030303031
    ],
    "ntu": [
        3000.0,
        3000.0,
        3000.0,
        3000.0,
        3000.0
    ],
    "temp_avg": 25.75,
    "tds_avg": 1393.095871212121,
    "ph_avg": 2.568486742424242,
    "ntu_avg": 3000.0
}