{
    "year": 2021,
    "month": 4,
    "day": 20,
    "hour": 21,
    "minute": 25,
    "temp": [
        28.181515151515175,
        28.190000000000023,
        28.235454545454544,
        28.26454545454544,
        28.328749999999992
    ],
    "tds": [
        1283.349393939393,
        1285.271249999999,
        1285.7869696969692,
        1280.883333333334,
        1281.1899999999998
    ],
    "ph": [
        4.493939393939392,
        4.399687500000001,
        4.3884848484848495,
        4.3487878787878795,
        4.3871875000000005
    ],
    "ntu": [
        3000.0,
        3000.0,
        3000.0,
        3000.0,
        3000.0
    ],
    "temp_avg": 28.240053030303034,
    "tds_avg": 1283.296189393939,
    "ph_avg": 4.403617424242425,
    "ntu_avg": 3000.0
}