{
    "year": 2021,
    "month": 4,
    "day": 11,
    "hour": 9,
    "minute": 20,
    "temp": [
        27.809999999999977,
        27.809999999999977,
        27.768181818181816,
        27.75,
        27.72187500000002
    ],
    "tds": [
        1118.68,
        1118.4975000000002,
        1116.2406060606063,
        1122.039393939394,
        1120.9756249999996
    ],
    "ph": [
        4.5209090909090905,
        4.6003125,
        4.571515151515153,
        4.56939393939394,
        4.635625000000001
    ],
    "ntu": [
        3000.0,
        3000.0,
        3000.0,
        3000.0,
        3000.0
    ],
    "temp_avg": 27.77201136363636,
    "tds_avg": 1119.286625,
    "ph_avg": 4.579551136363637,
    "ntu_avg": 3000.0
}