{
    "year": 2021,
    "month": 4,
    "day": 25,
    "hour": 21,
    "minute": 0,
    "temp": [
        26.85732394366192,
        26.851408450704174,
        26.844285714285668,
        26.845492957746433,
        26.84126760563376
    ],
    "ntu": [
        615.2253521126761,
        622.169014084507,
        622.8285714285714,
        623.2957746478874,
        623.6619718309859
    ],
    "temp_avg": 26.84795573440639,
    "ntu_avg": 621.4361368209254
}