{
    "year": 2021,
    "month": 4,
    "day": 8,
    "hour": 23,
    "minute": 15,
    "temp": [
        28.471875000000004,
        28.5,
        28.53636363636361,
        28.559999999999974,
        28.612727272727273
    ],
    "tds": [
        1307.0256250000004,
        1302.9554545454537,
        1304.1736363636362,
        1303.9874999999997,
        1298.1569696969696
    ],
    "ph": [
        3.480625,
        3.848787878787879,
        3.956969696969695,
        3.9390625000000012,
        3.896060606060608
    ],
    "ntu": [
        3000.0,
        3000.0,
        3000.0,
        3000.0,
        3000.0
    ],
    "temp_avg": 28.536193181818174,
    "tds_avg": 1303.259837121212,
    "ph_avg": 3.824301136363637,
    "ntu_avg": 3000.0
}