{
    "year": 2021,
    "month": 4,
    "day": 13,
    "hour": 2,
    "minute": 30,
    "temp": [
        27.190000000000023,
        27.130606060606063,
        27.12,
        27.083636363636344,
        27.059999999999977
    ],
    "tds": [
        0.0,
        0.0,
        0.0,
        0.0,
        0.0
    ],
    "ph": [
        0.0,
        0.0,
        0.0,
        0.0,
        0.0
    ],
    "ntu": [
        3000.0,
        3000.0,
        3000.0,
        3000.0,
        3000.0
    ],
    "temp_avg": 27.116848484848482,
    "tds_avg": 0.0,
    "ph_avg": 0.0,
    "ntu_avg": 3000.0
}