{
    "year": 2021,
    "month": 4,
    "day": 11,
    "hour": 7,
    "minute": 25,
    "temp": [
        25.872121212121215,
        25.87,
        25.87,
        25.878484848484856,
        25.896250000000013
    ],
    "tds": [
        1360.3399999999992,
        1360.3399999999992,
        1360.136969696969,
        1359.9339393939388,
        1359.7118749999993
    ],
    "ph": [
        4.046666666666667,
        4.005151515151515,
        4.00060606060606,
        3.9151515151515155,
        3.79125
    ],
    "ntu": [
        3000.0,
        3000.0,
        3000.0,
        3000.0,
        3000.0
    ],
    "temp_avg": 25.877371212121222,
    "tds_avg": 1360.092556818181,
    "ph_avg": 3.9517651515151515,
    "ntu_avg": 3000.0
}