{
    "year": 2021,
    "month": 4,
    "day": 23,
    "hour": 9,
    "minute": 40,
    "temp": [
        27.210338983050853,
        27.20800000000003,
        27.137796610169456,
        27.083999999999968,
        27.03864406779659
    ],
    "ntu": [
        1713.2208474576273,
        1660.6668333333332,
        1662.3047457627117,
        1670.1578333333334,
        1658.6794915254231
    ],
    "temp_avg": 27.13575593220338,
    "ntu_avg": 1673.0059502824856
}