{
    "year": 2021,
    "month": 4,
    "day": 26,
    "hour": 10,
    "minute": 45,
    "temp": [
        26.709436619718343,
        26.70200000000003,
        26.70098591549299,
        26.70183098591552,
        26.7054285714286
    ],
    "ntu": [
        -28.507042253521128,
        -28.457142857142856,
        -27.450704225352112,
        -28.12676056338028,
        -27.542857142857144
    ],
    "temp_avg": 26.7039364185111,
    "ntu_avg": -28.016901408450707
}