{
    "year": 2021,
    "month": 4,
    "day": 24,
    "hour": 12,
    "minute": 31,
    "temp": [
        30.15999999999997,
        30.07098591549292,
        30.00253521126761,
        29.951142857142894,
        30.12070422535212
    ],
    "ntu": [
        252.04285714285714,
        275.6478873239437,
        301.2535211267606,
        298.4142857142857,
        285.49295774647885
    ],
    "temp_avg": 30.061073641851106,
    "ntu_avg": 282.5703018108652
}