{
    "year": 2021,
    "month": 4,
    "day": 14,
    "hour": 2,
    "minute": 25,
    "temp": [
        29.940000000000026,
        29.91812500000001,
        29.87,
        29.868181818181817,
        29.819374999999976
    ],
    "tds": [
        1060.6854545454546,
        1061.0015624999999,
        1063.2027272727266,
        1069.984545454546,
        1071.8353124999994
    ],
    "ph": [
        3.966060606060604,
        3.9571874999999985,
        4.00939393939394,
        4.096969696969698,
        4.263749999999999
    ],
    "ntu": [
        3000.0,
        3000.0,
        3000.0,
        3000.0,
        3000.0
    ],
    "temp_avg": 29.883136363636368,
    "tds_avg": 1065.3419204545453,
    "ph_avg": 4.058672348484848,
    "ntu_avg": 3000.0
}