{
    "year": 2021,
    "month": 4,
    "day": 25,
    "hour": 23,
    "minute": 25,
    "temp": [
        26.803239436619688,
        26.800704225352078,
        26.79647887323941,
        26.79714285714283,
        26.804084507042216
    ],
    "ntu": [
        618.0422535211268,
        625.4507042253521,
        625.2676056338029,
        625.3142857142857,
        625.3802816901408
    ],
    "temp_avg": 26.800329979879244,
    "ntu_avg": 623.8910261569416
}