{
    "year": 2021,
    "month": 4,
    "day": 20,
    "hour": 22,
    "minute": 5,
    "temp": [
        29.364545454545457,
        29.378484848484856,
        29.437812500000025,
        29.384848484848494,
        29.37636363636364
    ],
    "tds": [
        1235.8815151515148,
        1232.1290909090908,
        1235.5156250000002,
        1237.3396969696962,
        1238.0869696969687
    ],
    "ph": [
        4.243333333333333,
        4.175454545454546,
        4.235,
        4.306060606060606,
        4.346060606060605
    ],
    "ntu": [
        3000.0,
        3000.0,
        3000.0,
        3000.0,
        3000.0
    ],
    "temp_avg": 29.38841098484849,
    "tds_avg": 1235.790579545454,
    "ph_avg": 4.261181818181817,
    "ntu_avg": 3000.0
}