{
    "year": 2021,
    "month": 4,
    "day": 14,
    "hour": 2,
    "minute": 45,
    "temp": [
        29.368181818181817,
        29.32090909090907,
        29.309999999999974,
        29.262727272727275,
        29.25
    ],
    "tds": [
        1082.3318181818188,
        1088.9218181818178,
        1086.3899999999996,
        1091.1203030303034,
        1095.1354545454549
    ],
    "ph": [
        4.277575757575759,
        4.156666666666667,
        4.111249999999999,
        4.1,
        4.075454545454545
    ],
    "ntu": [
        3000.0,
        3000.0,
        3000.0,
        3000.0,
        3000.0
    ],
    "temp_avg": 29.302363636363623,
    "tds_avg": 1088.7798787878787,
    "ph_avg": 4.144189393939394,
    "ntu_avg": 3000.0
}