{
    "year": 2021,
    "month": 4,
    "day": 21,
    "hour": 7,
    "minute": 15,
    "temp": [
        29.87,
        29.87,
        29.88093750000001,
        29.937878787878812,
        29.940000000000026
    ],
    "tds": [
        1221.3845454545462,
        1223.927878787879,
        1224.7393750000003,
        1222.731818181818,
        1222.57
    ],
    "ph": [
        4.99969696969697,
        4.996666666666668,
        4.956249999999999,
        4.953939393939394,
        4.9784848484848485
    ],
    "ntu": [
        3000.0,
        3000.0,
        3000.0,
        3000.0,
        3000.0
    ],
    "temp_avg": 29.899763257575774,
    "tds_avg": 1223.0707234848487,
    "ph_avg": 4.977007575757575,
    "ntu_avg": 3000.0
}