{
    "year": 2021,
    "month": 4,
    "day": 25,
    "hour": 22,
    "minute": 0,
    "temp": [
        26.810857142857103,
        26.809999999999963,
        26.809999999999963,
        26.809999999999963,
        26.809999999999963
    ],
    "ntu": [
        621.0142857142857,
        626.830985915493,
        627.112676056338,
        627.2714285714286,
        627.3661971830986
    ],
    "temp_avg": 26.81017142857139,
    "ntu_avg": 625.9191146881288
}