{
    "year": 2021,
    "month": 4,
    "day": 14,
    "hour": 18,
    "minute": 30,
    "temp": [
        28.690000000000026,
        28.690000000000026,
        28.690000000000026,
        28.690000000000026,
        28.690000000000026
    ],
    "tds": [
        1296.8527272727267,
        1290.0709090909095,
        1285.075000000001,
        1282.9000000000008,
        1285.9933333333338
    ],
    "ph": [
        4.762424242424244,
        4.726969696969697,
        4.793750000000002,
        4.795151515151516,
        4.77121212121212
    ],
    "ntu": [
        3000.0,
        3000.0,
        3000.0,
        3000.0,
        3000.0
    ],
    "temp_avg": 28.690000000000026,
    "tds_avg": 1288.1783939393943,
    "ph_avg": 4.769901515151515,
    "ntu_avg": 3000.0
}