{
    "year": 2021,
    "month": 4,
    "day": 23,
    "hour": 4,
    "minute": 0,
    "temp": [
        27.09694915254234,
        27.09399999999998,
        27.025423728813557,
        26.992000000000008,
        26.940000000000037
    ],
    "ntu": [
        1629.8149152542378,
        1566.4294999999997,
        1562.2613559322033,
        1787.007666666667,
        1982.4167796610172
    ],
    "temp_avg": 27.029674576271184,
    "ntu_avg": 1705.586043502825
}