{
    "year": 2021,
    "month": 4,
    "day": 23,
    "hour": 8,
    "minute": 40,
    "temp": [
        28.595762711864374,
        28.582372881355898,
        28.511000000000003,
        28.43983050847461,
        28.371166666666625
    ],
    "ntu": [
        1769.1667796610168,
        1748.1310169491526,
        1740.400166666666,
        1724.7308474576266,
        1721.1673333333338
    ],
    "temp_avg": 28.500026553672303,
    "ntu_avg": 1740.7192288135593
}