{
    "year": 2021,
    "month": 4,
    "day": 10,
    "hour": 15,
    "minute": 55,
    "temp": [
        29.559999999999974,
        29.547272727272713,
        29.5,
        29.477500000000017,
        29.440000000000026
    ],
    "tds": [
        1054.34,
        1054.8660606060605,
        1056.4442424242418,
        1057.6681249999995,
        1058.6899999999996
    ],
    "ph": [
        5.0425,
        5.065757575757575,
        5.051818181818181,
        5.044375,
        5.09030303030303
    ],
    "ntu": [
        3000.0,
        3000.0,
        3000.0,
        3000.0,
        3000.0
    ],
    "temp_avg": 29.504954545454545,
    "tds_avg": 1056.4016856060603,
    "ph_avg": 5.058950757575757,
    "ntu_avg": 3000.0
}