{
    "year": 2021,
    "month": 4,
    "day": 15,
    "hour": 4,
    "minute": 15,
    "temp": [
        27.559999999999977,
        27.559999999999977,
        27.559999999999977,
        27.559999999999977,
        27.559999999999977
    ],
    "tds": [
        1344.2533333333338,
        1344.8509090909097,
        1356.8533333333332,
        1340.4665625000002,
        1355.1990909090907
    ],
    "ph": [
        4.578181818181819,
        4.536363636363637,
        4.48969696969697,
        4.5521875,
        4.5575757575757585
    ],
    "ntu": [
        3000.0,
        3000.0,
        3000.0,
        3000.0,
        3000.0
    ],
    "temp_avg": 27.55999999999998,
    "tds_avg": 1348.3246458333335,
    "ph_avg": 4.542801136363638,
    "ntu_avg": 3000.0
}