{
    "year": 2021,
    "month": 4,
    "day": 23,
    "hour": 4,
    "minute": 30,
    "temp": [
        27.78966101694913,
        27.814999999999973,
        27.745932203389835,
        27.690000000000037,
        27.637796610169456
    ],
    "ntu": [
        2018.0601694915258,
        1966.1146666666668,
        1970.9296610169492,
        1975.0644999999997,
        1971.7489830508475
    ],
    "temp_avg": 27.735677966101683,
    "ntu_avg": 1980.383596045198
}