{
    "year": 2021,
    "month": 4,
    "day": 14,
    "hour": 20,
    "minute": 40,
    "temp": [
        29.341874999999998,
        29.368181818181817,
        29.366363636363634,
        29.364374999999995,
        29.35363636363636
    ],
    "tds": [
        1229.6450000000004,
        1225.0521212121216,
        1225.0521212121216,
        1225.2240625000004,
        1219.9503030303024
    ],
    "ph": [
        4.8215625,
        4.793030303030303,
        4.786363636363639,
        4.7806250000000015,
        4.83939393939394
    ],
    "ntu": [
        3000.0,
        3000.0,
        3000.0,
        3000.0,
        3000.0
    ],
    "temp_avg": 29.358886363636362,
    "tds_avg": 1224.9847215909092,
    "ph_avg": 4.804195075757576,
    "ntu_avg": 3000.0
}