{
    "year": 2021,
    "month": 4,
    "day": 20,
    "hour": 13,
    "minute": 10,
    "temp": [
        28.37,
        28.378484848484852,
        28.440000000000023,
        28.485,
        28.5
    ],
    "tds": [
        1284.6693750000006,
        1283.204545454546,
        1281.9781818181816,
        1281.3262499999996,
        1282.2436363636355
    ],
    "ph": [
        4.75125,
        4.726060606060606,
        4.7327272727272724,
        4.743437499999999,
        4.729090909090909
    ],
    "ntu": [
        3000.0,
        3000.0,
        3000.0,
        3000.0,
        3000.0
    ],
    "temp_avg": 28.434696969696972,
    "tds_avg": 1282.6843977272724,
    "ph_avg": 4.736513257575757,
    "ntu_avg": 3000.0
}