{
    "year": 2021,
    "month": 4,
    "day": 20,
    "hour": 8,
    "minute": 15,
    "temp": [
        29.565454545454525,
        29.61625,
        29.622187500000003,
        29.6857575757576,
        29.690000000000026
    ],
    "tds": [
        1225.4099999999999,
        1218.5800000000008,
        1226.8812500000006,
        1224.9260606060598,
        1224.5999999999992
    ],
    "ph": [
        3.1633333333333336,
        3.3293749999999998,
        3.115937499999999,
        3.133939393939393,
        3.1290909090909085
    ],
    "ntu": [
        3000.0,
        3000.0,
        3000.0,
        3000.0,
        3000.0
    ],
    "temp_avg": 29.63592992424243,
    "tds_avg": 1224.0794621212121,
    "ph_avg": 3.174335227272727,
    "ntu_avg": 3000.0
}