{
    "year": 2021,
    "month": 4,
    "day": 16,
    "hour": 1,
    "minute": 35,
    "temp": [
        28.059999999999977,
        28.059999999999977,
        28.059999999999977,
        28.059999999999977,
        28.059999999999977
    ],
    "tds": [
        1226.203125,
        1229.2900000000006,
        1226.8409090909095,
        1224.8000000000002,
        1224.97375
    ],
    "ph": [
        7.375937499999997,
        7.409999999999997,
        7.361515151515154,
        7.36757575757576,
        7.3528125000000015
    ],
    "ntu": [
        3000.0,
        3000.0,
        3000.0,
        3000.0,
        3000.0
    ],
    "temp_avg": 28.05999999999998,
    "tds_avg": 1226.4215568181821,
    "ph_avg": 7.3735681818181815,
    "ntu_avg": 3000.0
}