{
    "year": 2021,
    "month": 4,
    "day": 7,
    "hour": 13,
    "minute": 19,
    "temp": [
        26.25,
        26.31,
        27.81,
        27.81,
        26.37
    ],
    "tds": [
        1402.26,
        1404.04,
        0.0,
        0.0,
        1395.35
    ],
    "ph": [
        0.0,
        0.0,
        0.0,
        0.0,
        0.0
    ],
    "ntu": [
        3000.0,
        3000.0,
        3000.0,
        3000.0,
        3000.0
    ],
    "temp_avg": 26.910000000000004,
    "tds_avg": 840.3299999999999,
    "ph_avg": 0.0,
    "ntu_avg": 3000.0
}