{
    "year": 2021,
    "month": 4,
    "day": 25,
    "hour": 2,
    "minute": 27,
    "temp": [
        26.36999999999995,
        26.369142857142812,
        26.36999999999995,
        26.36999999999995,
        26.36914285714281
    ],
    "ntu": [
        631.9577464788732,
        631.8428571428572,
        631.887323943662,
        624.8169014084507,
        631.9285714285714
    ],
    "temp_avg": 26.369657142857097,
    "ntu_avg": 630.4866800804829
}