{
    "year": 2021,
    "month": 4,
    "day": 14,
    "hour": 16,
    "minute": 50,
    "temp": [
        27.056249999999977,
        27.059999999999977,
        27.059999999999977,
        27.071249999999985,
        27.12
    ],
    "tds": [
        1446.43625,
        1435.7336363636364,
        1461.852727272726,
        1451.9728124999997,
        1458.4693939393937
    ],
    "ph": [
        4.369062499999999,
        4.4339393939393945,
        4.390000000000001,
        4.384999999999999,
        4.44
    ],
    "ntu": [
        3000.0,
        3000.0,
        3000.0,
        3000.0,
        3000.0
    ],
    "temp_avg": 27.073499999999985,
    "tds_avg": 1450.8929640151512,
    "ph_avg": 4.403600378787879,
    "ntu_avg": 3000.0
}