{
    "year": 2021,
    "month": 4,
    "day": 15,
    "hour": 18,
    "minute": 20,
    "temp": [
        29.059999999999974,
        29.059999999999974,
        29.059999999999974,
        29.059999999999974,
        29.059999999999974
    ],
    "tds": [
        1152.52,
        1152.5957575757575,
        1157.3275757575755,
        1156.0409375000002,
        1155.5527272727277
    ],
    "ph": [
        7.496874999999998,
        7.468181818181818,
        7.497878787878786,
        7.481874999999997,
        7.489696969696971
    ],
    "ntu": [
        3000.0,
        3000.0,
        3000.0,
        3000.0,
        3000.0
    ],
    "temp_avg": 29.059999999999974,
    "tds_avg": 1154.807399621212,
    "ph_avg": 7.486901515151514,
    "ntu_avg": 3000.0
}