{
    "year": 2021,
    "month": 4,
    "day": 26,
    "hour": 10,
    "minute": 35,
    "temp": [
        26.73478873239438,
        26.726857142857156,
        26.733098591549307,
        26.731408450704237,
        26.732000000000014
    ],
    "ntu": [
        442.85915492957747,
        451.1714285714286,
        459.32394366197184,
        463.38028169014086,
        465.2142857142857
    ],
    "temp_avg": 26.731630583501023,
    "ntu_avg": 456.38981891348084
}