{
    "year": 2021,
    "month": 4,
    "day": 22,
    "hour": 17,
    "minute": 23,
    "temp": [
        27.584406779660988,
        27.544999999999973,
        27.67542372881358,
        27.637499999999964,
        27.564067796610136
    ],
    "ntu": [
        1374.626440677966,
        1363.4725,
        1475.1362711864406,
        1389.510833333333,
        1405.6203389830505
    ],
    "temp_avg": 27.601279661016928,
    "ntu_avg": 1401.673276836158
}