{
    "year": 2021,
    "month": 4,
    "day": 9,
    "hour": 17,
    "minute": 40,
    "temp": [
        29.690000000000026,
        29.690000000000026,
        29.690000000000026,
        29.70272727272729,
        29.74625
    ],
    "tds": [
        1211.5999999999992,
        1206.8978124999999,
        1203.0099999999995,
        1205.2924242424244,
        1202.5246875000007
    ],
    "ph": [
        5.571212121212122,
        5.325312500000001,
        5.328181818181819,
        5.378181818181819,
        5.352499999999997
    ],
    "ntu": [
        3000.0,
        3000.0,
        3000.0,
        3000.0,
        3000.0
    ],
    "temp_avg": 29.703795454545475,
    "tds_avg": 1205.8649848484845,
    "ph_avg": 5.391077651515151,
    "ntu_avg": 3000.0
}