{
    "year": 2021,
    "month": 4,
    "day": 19,
    "hour": 17,
    "minute": 45,
    "temp": [
        28.25,
        28.21062500000002,
        28.190000000000023,
        28.15181818181819,
        28.12
    ],
    "tds": [
        1194.5199999999998,
        1196.7643750000002,
        1197.261212121212,
        1198.6418181818185,
        1198.0765625000004
    ],
    "ph": [
        2.1760606060606067,
        2.1759375000000003,
        2.1739393939393947,
        2.1996969696969697,
        2.2003125000000003
    ],
    "ntu": [
        3000.0,
        3000.0,
        3000.0,
        3000.0,
        3000.0
    ],
    "temp_avg": 28.184488636363646,
    "tds_avg": 1197.0527935606065,
    "ph_avg": 2.1851893939393947,
    "ntu_avg": 3000.0
}