{
    "year": 2021,
    "month": 4,
    "day": 12,
    "hour": 6,
    "minute": 20,
    "temp": [
        26.244545454545456,
        26.2425,
        26.24636363636364,
        26.25,
        26.248125
    ],
    "tds": [
        1335.3551515151519,
        1331.5003124999994,
        1330.6557575757572,
        1330.5578787878783,
        1330.6618749999996
    ],
    "ph": [
        6.845454545454543,
        6.843125000000002,
        6.82333333333333,
        6.816666666666663,
        6.813125000000001
    ],
    "ntu": [
        3000.0,
        3000.0,
        3000.0,
        3000.0,
        3000.0
    ],
    "temp_avg": 26.246306818181818,
    "tds_avg": 1331.7461950757574,
    "ph_avg": 6.828340909090907,
    "ntu_avg": 3000.0
}