{
    "year": 2021,
    "month": 4,
    "day": 20,
    "hour": 15,
    "minute": 20,
    "temp": [
        29.0,
        28.973750000000024,
        28.940000000000026,
        28.908181818181827,
        28.87
    ],
    "tds": [
        1085.9700000000005,
        1087.0434374999998,
        1088.2599999999993,
        1089.3751515151519,
        1090.4881250000003
    ],
    "ph": [
        4.981212121212121,
        4.965312499999999,
        4.95,
        4.944545454545454,
        4.946874999999999
    ],
    "ntu": [
        3000.0,
        3000.0,
        3000.0,
        3000.0,
        3000.0
    ],
    "temp_avg": 28.938386363636376,
    "tds_avg": 1088.2273428030305,
    "ph_avg": 4.957589015151514,
    "ntu_avg": 3000.0
}