{
    "year": 2021,
    "month": 4,
    "day": 12,
    "hour": 13,
    "minute": 45,
    "temp": [
        24.489090909090912,
        24.48312500000001,
        24.460000000000008,
        24.45636363636365,
        24.443636363636383
    ],
    "tds": [
        1444.7421212121217,
        1445.8365625000004,
        1440.1875757575756,
        1441.0918181818176,
        1441.6569696969689
    ],
    "ph": [
        4.039090909090909,
        3.9328125000000007,
        3.9372727272727266,
        3.8251515151515147,
        3.7948484848484845
    ],
    "ntu": [
        3000.0,
        3000.0,
        3000.0,
        3000.0,
        3000.0
    ],
    "temp_avg": 24.466443181818192,
    "tds_avg": 1442.703009469697,
    "ph_avg": 3.905835227272727,
    "ntu_avg": 3000.0
}