{
    "year": 2021,
    "month": 4,
    "day": 11,
    "hour": 12,
    "minute": 20,
    "temp": [
        28.618181818181817,
        28.58181818181816,
        28.559999999999974,
        28.547272727272713,
        28.5
    ],
    "tds": [
        1083.8699999999994,
        1085.6124242424237,
        1086.1699999999992,
        1086.6599999999999,
        1088.4799999999998
    ],
    "ph": [
        6.354242424242424,
        6.358787878787881,
        6.345000000000001,
        6.377878787878788,
        6.325454545454548
    ],
    "ntu": [
        3000.0,
        3000.0,
        3000.0,
        3000.0,
        3000.0
    ],
    "temp_avg": 28.561454545454534,
    "tds_avg": 1086.1584848484842,
    "ph_avg": 6.352272727272728,
    "ntu_avg": 3000.0
}