{
    "year": 2021,
    "month": 4,
    "day": 9,
    "hour": 9,
    "minute": 20,
    "temp": [
        29.809999999999974,
        29.809999999999974,
        29.809999999999974,
        29.809999999999974,
        29.809999999999974
    ],
    "tds": [
        1185.0899999999995,
        1188.4148484848486,
        1186.1449999999998,
        1204.000909090909,
        1195.9930303030308
    ],
    "ph": [
        5.073939393939393,
        5.088181818181819,
        4.9846875000000015,
        4.830303030303029,
        4.984242424242424
    ],
    "ntu": [
        3000.0,
        3000.0,
        3000.0,
        3000.0,
        3000.0
    ],
    "temp_avg": 29.809999999999974,
    "tds_avg": 1191.9287575757576,
    "ph_avg": 4.992270833333333,
    "ntu_avg": 3000.0
}