{
    "year": 2021,
    "month": 4,
    "day": 16,
    "hour": 7,
    "minute": 25,
    "temp": [
        27.75,
        27.75,
        27.75,
        27.75,
        27.75
    ],
    "tds": [
        1214.0184848484844,
        1217.8737500000002,
        1216.19,
        1215.918484848485,
        1216.19
    ],
    "ph": [
        6.589090909090907,
        6.549687500000001,
        6.523333333333333,
        6.526363636363638,
        6.507187499999997
    ],
    "ntu": [
        3000.0,
        3000.0,
        3000.0,
        3000.0,
        3000.0
    ],
    "temp_avg": 27.75,
    "tds_avg": 1216.0381439393939,
    "ph_avg": 6.5391325757575745,
    "ntu_avg": 3000.0
}