{
    "year": 2021,
    "month": 4,
    "day": 8,
    "hour": 22,
    "minute": 40,
    "temp": [
        27.0,
        27.039999999999978,
        27.06187499999998,
        27.114545454545457,
        27.12424242424243
    ],
    "tds": [
        1386.2830303030314,
        1379.7121212121208,
        1378.6999999999996,
        1375.6727272727273,
        1374.9687878787875
    ],
    "ph": [
        0.0,
        0.0,
        0.0,
        0.0,
        0.0
    ],
    "ntu": [
        3000.0,
        3000.0,
        3000.0,
        3000.0,
        3000.0
    ],
    "temp_avg": 27.068132575757566,
    "tds_avg": 1379.0673333333334,
    "ph_avg": 0.0,
    "ntu_avg": 3000.0
}