{
    "year": 2021,
    "month": 4,
    "day": 25,
    "hour": 22,
    "minute": 40,
    "temp": [
        26.809999999999963,
        26.809999999999963,
        26.809999999999963,
        26.809999999999963,
        26.809999999999963
    ],
    "ntu": [
        619.0285714285715,
        626.2535211267606,
        626.169014084507,
        626.0428571428571,
        626.0140845070423
    ],
    "temp_avg": 26.809999999999963,
    "ntu_avg": 624.7016096579476
}