{
    "year": 2021,
    "month": 4,
    "day": 9,
    "hour": 7,
    "minute": 20,
    "temp": [
        25.25,
        25.25,
        25.25,
        25.25,
        25.25
    ],
    "tds": [
        1407.8618750000005,
        1410.7200000000005,
        1405.5030303030294,
        1408.7025000000006,
        1406.6442424242425
    ],
    "ph": [
        3.8724999999999996,
        3.848484848484849,
        3.8827272727272732,
        3.889375,
        3.898181818181818
    ],
    "ntu": [
        3000.0,
        3000.0,
        3000.0,
        3000.0,
        3000.0
    ],
    "temp_avg": 25.25,
    "tds_avg": 1407.8863295454546,
    "ph_avg": 3.878253787878788,
    "ntu_avg": 3000.0
}