{
    "year": 2021,
    "month": 4,
    "day": 13,
    "hour": 2,
    "minute": 45,
    "temp": [
        27.059999999999977,
        27.074545454545444,
        27.12,
        27.175151515151537,
        27.21909090909091
    ],
    "tds": [
        655.6766666666663,
        672.9957575757576,
        678.4359375000004,
        687.7978787878792,
        681.1066666666665
    ],
    "ph": [
        0.0,
        0.0,
        0.0,
        0.0,
        0.0
    ],
    "ntu": [
        3000.0,
        3000.0,
        3000.0,
        3000.0,
        3000.0
    ],
    "temp_avg": 27.129757575757573,
    "tds_avg": 675.202581439394,
    "ph_avg": 0.0,
    "ntu_avg": 3000.0
}