{
    "year": 2021,
    "month": 4,
    "day": 24,
    "hour": 1,
    "minute": 50,
    "temp": [
        30.145915492957755,
        30.1874285714286,
        30.093802816901373,
        30.02366197183098,
        29.96314285714289
    ],
    "ntu": [
        -5.971830985915493,
        -6.428571428571429,
        -6.535211267605634,
        -6.338028169014085,
        -6.385714285714286
    ],
    "temp_avg": 30.082790342052316,
    "ntu_avg": -6.331871227364186
}