{
    "year": 2021,
    "month": 4,
    "day": 20,
    "hour": 9,
    "minute": 40,
    "temp": [
        28.74818181818182,
        28.706363636363662,
        28.690000000000026,
        28.677272727272744,
        28.62424242424243
    ],
    "tds": [
        1091.9275757575758,
        1098.4075757575754,
        1094.1349999999995,
        1096.6318181818176,
        1099.637272727272
    ],
    "ph": [
        2.4030303030303033,
        2.362424242424243,
        2.4137500000000007,
        2.451818181818182,
        2.481515151515151
    ],
    "ntu": [
        3000.0,
        3000.0,
        3000.0,
        3000.0,
        3000.0
    ],
    "temp_avg": 28.689212121212137,
    "tds_avg": 1096.147848484848,
    "ph_avg": 2.422507575757576,
    "ntu_avg": 3000.0
}