{
    "year": 2021,
    "month": 4,
    "day": 19,
    "hour": 17,
    "minute": 0,
    "temp": [
        29.50375,
        29.5,
        29.461818181818206,
        29.440000000000026,
        29.423030303030316
    ],
    "tds": [
        1052.4984375000004,
        1052.7000000000005,
        1054.4754545454539,
        1055.2281249999994,
        1059.102727272727
    ],
    "ph": [
        1.745625,
        1.701515151515151,
        1.6960606060606063,
        1.7456249999999998,
        1.760909090909091
    ],
    "ntu": [
        3000.0,
        3000.0,
        3000.0,
        3000.0,
        3000.0
    ],
    "temp_avg": 29.46571969696971,
    "tds_avg": 1054.8009488636362,
    "ph_avg": 1.7299469696969694,
    "ntu_avg": 3000.0
}