{
    "year": 2021,
    "month": 4,
    "day": 13,
    "hour": 22,
    "minute": 50,
    "temp": [
        28.559999999999974,
        28.559999999999974,
        28.55437499999998,
        28.507272727272728,
        28.5
    ],
    "tds": [
        1085.9609090909082,
        1086.1699999999992,
        1094.3784375000002,
        1097.9363636363637,
        1101.1324242424243
    ],
    "ph": [
        2.242424242424243,
        1.8693939393939394,
        1.1740625,
        1.0115151515151517,
        1.0051515151515154
    ],
    "ntu": [
        3000.0,
        3000.0,
        3000.0,
        3000.0,
        3000.0
    ],
    "temp_avg": 28.53632954545453,
    "tds_avg": 1093.1156268939392,
    "ph_avg": 1.4605094696969698,
    "ntu_avg": 3000.0
}