{
    "year": 2021,
    "month": 4,
    "day": 14,
    "hour": 14,
    "minute": 35,
    "temp": [
        27.748125,
        27.731818181818188,
        27.700909090909107,
        27.690000000000023,
        27.690000000000023
    ],
    "tds": [
        1186.6865624999998,
        1178.8560606060607,
        1172.0903030303027,
        1190.3178125000004,
        1190.2590909090916
    ],
    "ph": [
        3.437187500000001,
        3.5312121212121212,
        3.5427272727272725,
        3.4521874999999995,
        3.38909090909091
    ],
    "ntu": [
        3000.0,
        3000.0,
        3000.0,
        3000.0,
        3000.0
    ],
    "temp_avg": 27.71217045454547,
    "tds_avg": 1183.6419659090911,
    "ph_avg": 3.4704810606060605,
    "ntu_avg": 3000.0
}