{
    "year": 2021,
    "month": 4,
    "day": 10,
    "hour": 20,
    "minute": 25,
    "temp": [
        27.82687499999998,
        27.809999999999977,
        27.795454545454533,
        27.75,
        27.74272727272728
    ],
    "tds": [
        1118.2243750000002,
        1114.5400000000006,
        1119.7936363636366,
        1121.1300000000006,
        1121.5012121212123
    ],
    "ph": [
        5.6546875,
        5.703636363636361,
        5.725454545454546,
        5.755937500000001,
        5.721212121212119
    ],
    "ntu": [
        3000.0,
        3000.0,
        3000.0,
        3000.0,
        3000.0
    ],
    "temp_avg": 27.78501136363635,
    "tds_avg": 1119.03784469697,
    "ph_avg": 5.712185606060606,
    "ntu_avg": 3000.0
}