{
    "year": 2021,
    "month": 4,
    "day": 12,
    "hour": 1,
    "minute": 5,
    "temp": [
        25.724545454545463,
        25.71545454545456,
        25.704545454545467,
        25.695454545454567,
        25.69187500000002
    ],
    "tds": [
        1374.1199999999997,
        1374.533333333333,
        1374.946666666666,
        1375.4633333333325,
        1375.563437499999
    ],
    "ph": [
        7.110606060606064,
        7.105454545454549,
        7.109696969696971,
        7.130303030303029,
        7.117812500000002
    ],
    "ntu": [
        3000.0,
        3000.0,
        3000.0,
        3000.0,
        3000.0
    ],
    "temp_avg": 25.706375000000016,
    "tds_avg": 1374.925354166666,
    "ph_avg": 7.114774621212123,
    "ntu_avg": 3000.0
}