{
    "year": 2021,
    "month": 4,
    "day": 13,
    "hour": 23,
    "minute": 30,
    "temp": [
        27.808181818181797,
        27.755625000000002,
        27.75,
        27.735454545454555,
        27.69187500000002
    ],
    "tds": [
        1132.8172727272724,
        1126.3203125000002,
        1130.15303030303,
        1118.603333333333,
        1119.4199999999992
    ],
    "ph": [
        0.9430303030303031,
        1.0284375000000001,
        1.2996969696969696,
        1.3754545454545455,
        1.5721875000000003
    ],
    "ntu": [
        3000.0,
        3000.0,
        3000.0,
        3000.0,
        3000.0
    ],
    "temp_avg": 27.748227272727274,
    "tds_avg": 1125.4627897727269,
    "ph_avg": 1.2437613636363636,
    "ntu_avg": 3000.0
}