{
    "year": 2021,
    "month": 4,
    "day": 15,
    "hour": 16,
    "minute": 20,
    "temp": [
        28.37,
        28.37424242424243,
        28.372187500000003,
        28.40818181818184,
        28.440000000000023
    ],
    "tds": [
        1248.2757575757578,
        1247.0375757575764,
        1246.8118750000008,
        1245.1054545454556,
        1244.0800000000008
    ],
    "ph": [
        7.468181818181815,
        7.4799999999999995,
        7.460312499999999,
        7.387272727272725,
        7.548484848484847
    ],
    "ntu": [
        3000.0,
        3000.0,
        3000.0,
        3000.0,
        3000.0
    ],
    "temp_avg": 28.39292234848486,
    "tds_avg": 1246.2621325757584,
    "ph_avg": 7.468850378787877,
    "ntu_avg": 3000.0
}