{
    "year": 2021,
    "month": 4,
    "day": 26,
    "hour": 7,
    "minute": 15,
    "temp": [
        26.690845070422572,
        26.690845070422576,
        26.690000000000037,
        26.690000000000037,
        26.69085714285718
    ],
    "ntu": [
        499.88732394366195,
        510.943661971831,
        507.42857142857144,
        507.3098591549296,
        515.2571428571429
    ],
    "temp_avg": 26.690509456740482,
    "ntu_avg": 508.16531187122735
}