{
    "year": 2021,
    "month": 4,
    "day": 11,
    "hour": 12,
    "minute": 25,
    "temp": [
        28.498125,
        28.454545454545478,
        28.440000000000023,
        28.43562500000002,
        28.37
    ],
    "tds": [
        1088.5524999999998,
        1090.1672727272723,
        1090.7999999999997,
        1091.0184374999997,
        1093.1300000000006
    ],
    "ph": [
        6.292812500000001,
        6.328787878787879,
        6.305151515151516,
        6.310000000000001,
        6.317575757575757
    ],
    "ntu": [
        3000.0,
        3000.0,
        3000.0,
        3000.0,
        3000.0
    ],
    "temp_avg": 28.439659090909107,
    "tds_avg": 1090.7336420454544,
    "ph_avg": 6.310865530303031,
    "ntu_avg": 3000.0
}