{
    "year": 2021,
    "month": 4,
    "day": 12,
    "hour": 2,
    "minute": 25,
    "temp": [
        25.866363636363637,
        25.87,
        25.87,
        25.87,
        25.87
    ],
    "tds": [
        1355.1999999999996,
        1352.640000000001,
        1352.0969696969694,
        1351.941818181818,
        1351.200000000001
    ],
    "ph": [
        7.2227272727272736,
        7.204374999999998,
        7.142727272727272,
        7.172424242424241,
        7.168124999999995
    ],
    "ntu": [
        3000.0,
        3000.0,
        3000.0,
        3000.0,
        3000.0
    ],
    "temp_avg": 25.869272727272726,
    "tds_avg": 1352.6157575757577,
    "ph_avg": 7.182075757575755,
    "ntu_avg": 3000.0
}