{
    "year": 2021,
    "month": 4,
    "day": 13,
    "hour": 11,
    "minute": 30,
    "temp": [
        29.586249999999993,
        29.612727272727273,
        29.63060606060607,
        29.661562500000027,
        29.693636363636386
    ],
    "tds": [
        201.00468750000002,
        182.19060606060603,
        181.9318181818181,
        726.9784374999999,
        339.4669696969697
    ],
    "ph": [
        0.0,
        0.0,
        0.0,
        0.0,
        0.0
    ],
    "ntu": [
        3000.0,
        3000.0,
        3000.0,
        3000.0,
        3000.0
    ],
    "temp_avg": 29.636956439393952,
    "tds_avg": 326.3145037878788,
    "ph_avg": 0.0,
    "ntu_avg": 3000.0
}