{
    "year": 2021,
    "month": 4,
    "day": 11,
    "hour": 1,
    "minute": 10,
    "temp": [
        25.62,
        25.62,
        25.62,
        25.597499999999993,
        25.5781818181818
    ],
    "tds": [
        1396.3706250000005,
        1400.18,
        1398.947272727273,
        1401.3899999999999,
        1401.0696969696967
    ],
    "ph": [
        5.093437499999999,
        5.08060606060606,
        5.0657575757575755,
        5.106874999999999,
        5.15090909090909
    ],
    "ntu": [
        3000.0,
        3000.0,
        3000.0,
        3000.0,
        3000.0
    ],
    "temp_avg": 25.607136363636357,
    "tds_avg": 1399.591518939394,
    "ph_avg": 5.099517045454545,
    "ntu_avg": 3000.0
}