{
    "year": 2021,
    "month": 4,
    "day": 15,
    "hour": 14,
    "minute": 55,
    "temp": [
        26.99818181818182,
        27.0,
        27.0,
        27.04363636363634,
        27.059999999999977
    ],
    "tds": [
        1334.3472727272726,
        1336.75,
        1334.96303030303,
        1332.883333333333,
        1328.6299999999999
    ],
    "ph": [
        7.40121212121212,
        7.400312500000002,
        7.400303030303031,
        7.404848484848486,
        7.3990625
    ],
    "ntu": [
        3000.0,
        3000.0,
        3000.0,
        3000.0,
        3000.0
    ],
    "temp_avg": 27.02036363636363,
    "tds_avg": 1333.5147272727272,
    "ph_avg": 7.401147727272727,
    "ntu_avg": 3000.0
}