{
    "year": 2021,
    "month": 4,
    "day": 12,
    "hour": 6,
    "minute": 10,
    "temp": [
        26.231250000000006,
        26.23545454545455,
        26.224545454545463,
        26.235000000000007,
        26.23363636363637
    ],
    "tds": [
        1353.2684374999997,
        1351.5300000000002,
        1347.993333333333,
        1348.5446874999998,
        1346.553939393939
    ],
    "ph": [
        6.887812499999998,
        6.891212121212117,
        6.8712121212121255,
        6.862500000000006,
        6.860303030303036
    ],
    "ntu": [
        3000.0,
        3000.0,
        3000.0,
        3000.0,
        3000.0
    ],
    "temp_avg": 26.231977272727285,
    "tds_avg": 1349.5780795454543,
    "ph_avg": 6.874607954545456,
    "ntu_avg": 3000.0
}