{
    "year": 2021,
    "month": 4,
    "day": 24,
    "hour": 2,
    "minute": 41,
    "temp": [
        30.164999999999985,
        30.073714285714246,
        29.999154929577465,
        29.942535211267646,
        30.12528571428572
    ],
    "ntu": [
        657.2619047619048,
        657.9571428571429,
        659.3380281690141,
        660.4507042253521,
        -9.557142857142857
    ],
    "temp_avg": 30.06113802816901,
    "ntu_avg": 525.0901274312542
}