{
    "year": 2021,
    "month": 4,
    "day": 11,
    "hour": 22,
    "minute": 15,
    "temp": [
        29.83363636363634,
        29.809999999999974,
        29.778125,
        29.75,
        29.71727272727275
    ],
    "tds": [
        1041.4984848484844,
        1042.0099999999993,
        1043.2025000000003,
        1044.1300000000008,
        1045.0981818181815
    ],
    "ph": [
        6.744545454545456,
        6.73121212121212,
        6.7859375,
        6.745454545454545,
        6.797272727272729
    ],
    "ntu": [
        3000.0,
        3000.0,
        3000.0,
        3000.0,
        3000.0
    ],
    "temp_avg": 29.777806818181812,
    "tds_avg": 1043.1878333333334,
    "ph_avg": 6.76088446969697,
    "ntu_avg": 3000.0
}