{
    "year": 2021,
    "month": 4,
    "day": 19,
    "hour": 14,
    "minute": 11,
    "temp": [
        27.868181818181817,
        27.84187499999998,
        27.809999999999977,
        27.808181818181797,
        27.768749999999997
    ],
    "tds": [
        1120.2133333333331,
        1121.6149999999996,
        1120.4448484848483,
        1120.8972727272728,
        1120.0518750000008
    ],
    "ph": [
        0.10666666666666672,
        0.0984375,
        0.08484848484848484,
        0.0793939393939394,
        0.08656250000000001
    ],
    "ntu": [
        3000.0,
        3000.0,
        3000.0,
        3000.0,
        3000.0
    ],
    "temp_avg": 27.81939772727271,
    "tds_avg": 1120.644465909091,
    "ph_avg": 0.09118181818181818,
    "ntu_avg": 3000.0
}