{
    "year": 2021,
    "month": 4,
    "day": 23,
    "hour": 6,
    "minute": 10,
    "temp": [
        29.38366666666667,
        29.374406779660983,
        29.272372881355928,
        29.21800000000003,
        29.154406779660988
    ],
    "ntu": [
        2355.851,
        2318.4818644067796,
        2318.604576271187,
        2315.6278333333335,
        2314.8538983050844
    ],
    "temp_avg": 29.28057062146892,
    "ntu_avg": 2324.683834463277
}