{
    "year": 2021,
    "month": 4,
    "day": 11,
    "hour": 8,
    "minute": 25,
    "temp": [
        29.480000000000015,
        29.440000000000026,
        29.414545454545465,
        29.37,
        29.339999999999982
    ],
    "tds": [
        1053.489090909091,
        1054.8699999999992,
        1055.6590909090908,
        1057.0400000000006,
        1058.3403125
    ],
    "ph": [
        4.014242424242424,
        4.0756250000000005,
        4.097878787878789,
        4.037878787878789,
        4.1278125
    ],
    "ntu": [
        3000.0,
        3000.0,
        3000.0,
        3000.0,
        3000.0
    ],
    "temp_avg": 29.4089090909091,
    "tds_avg": 1055.8796988636363,
    "ph_avg": 4.0706875,
    "ntu_avg": 3000.0
}