{
    "year": 2021,
    "month": 4,
    "day": 15,
    "hour": 22,
    "minute": 10,
    "temp": [
        29.731818181818195,
        29.735454545454548,
        29.75,
        29.73545454545455,
        29.740909090909096
    ],
    "tds": [
        1134.6499999999994,
        1132.2,
        1129.8749999999998,
        1130.3090909090909,
        1130.0181818181818
    ],
    "ph": [
        7.488787878787878,
        7.462424242424243,
        7.4915625,
        7.484242424242425,
        7.498484848484846
    ],
    "ntu": [
        3000.0,
        3000.0,
        3000.0,
        3000.0,
        3000.0
    ],
    "temp_avg": 29.738727272727278,
    "tds_avg": 1131.4104545454543,
    "ph_avg": 7.4851003787878785,
    "ntu_avg": 3000.0
}