{
    "year": 2021,
    "month": 4,
    "day": 20,
    "hour": 10,
    "minute": 45,
    "temp": [
        28.12,
        28.12,
        28.12,
        28.11818181818182,
        28.116363636363637
    ],
    "tds": [
        1123.0600000000002,
        1123.0600000000002,
        1123.0600000000002,
        1123.1339393939395,
        1123.2078787878788
    ],
    "ph": [
        4.115151515151515,
        4.117575757575757,
        4.133125000000001,
        4.12787878787879,
        4.117878787878787
    ],
    "ntu": [
        3000.0,
        3000.0,
        3000.0,
        3000.0,
        3000.0
    ],
    "temp_avg": 28.118909090909092,
    "tds_avg": 1123.1043636363638,
    "ph_avg": 4.12232196969697,
    "ntu_avg": 3000.0
}