{
    "year": 2021,
    "month": 4,
    "day": 12,
    "hour": 19,
    "minute": 5,
    "temp": [
        27.809999999999977,
        27.809999999999977,
        27.784545454545448,
        27.75,
        27.75
    ],
    "tds": [
        1094.0499999999997,
        1094.0499999999997,
        1095.2709090909084,
        1096.4199999999992,
        1096.4199999999992
    ],
    "ph": [
        1.7106060606060607,
        1.6706060606060602,
        1.623333333333334,
        1.6503030303030295,
        1.6240625000000002
    ],
    "ntu": [
        3000.0,
        3000.0,
        3000.0,
        3000.0,
        3000.0
    ],
    "temp_avg": 27.78090909090908,
    "tds_avg": 1095.2421818181813,
    "ph_avg": 1.655782196969697,
    "ntu_avg": 3000.0
}