{
    "year": 2021,
    "month": 4,
    "day": 10,
    "hour": 16,
    "minute": 25,
    "temp": [
        28.62,
        28.60363636363635,
        28.559999999999974,
        28.552727272727253,
        28.50181818181818
    ],
    "tds": [
        1087.8499999999995,
        1088.4099999999999,
        1090.16,
        1090.3709090909092,
        1092.409696969697
    ],
    "ph": [
        5.2239393939393945,
        5.208787878787877,
        5.215937500000001,
        5.221818181818182,
        5.176969696969695
    ],
    "ntu": [
        3000.0,
        3000.0,
        3000.0,
        3000.0,
        3000.0
    ],
    "temp_avg": 28.567636363636353,
    "tds_avg": 1089.8401212121212,
    "ph_avg": 5.2094905303030306,
    "ntu_avg": 3000.0
}