{
    "year": 2021,
    "month": 4,
    "day": 24,
    "hour": 14,
    "minute": 46,
    "temp": [
        30.210571428571466,
        30.12788732394361,
        30.060857142857106,
        30.000845070422535,
        30.158169014084514
    ],
    "ntu": [
        -91.24285714285715,
        -85.83098591549296,
        -82.02857142857142,
        -78.43661971830986,
        -72.64788732394366
    ],
    "temp_avg": 30.111665995975848,
    "ntu_avg": -82.037384305835
}