{
    "year": 2021,
    "month": 4,
    "day": 9,
    "hour": 3,
    "minute": 15,
    "temp": [
        26.047272727272713,
        26.01454545454545,
        26.0075,
        26.00181818181818,
        26.0
    ],
    "tds": [
        1387.5833333333337,
        1387.466666666667,
        1383.352500000001,
        1379.33696969697,
        1377.080909090909
    ],
    "ph": [
        3.832121212121213,
        3.800606060606062,
        3.7715625000000013,
        3.7336363636363625,
        3.6860606060606074
    ],
    "ntu": [
        3000.0,
        3000.0,
        3000.0,
        3000.0,
        3000.0
    ],
    "temp_avg": 26.014227272727272,
    "tds_avg": 1382.9640757575762,
    "ph_avg": 3.764797348484849,
    "ntu_avg": 3000.0
}