{
    "year": 2021,
    "month": 4,
    "day": 12,
    "hour": 1,
    "minute": 30,
    "temp": [
        25.690000000000023,
        25.690000000000023,
        25.690000000000023,
        25.690000000000023,
        25.690000000000023
    ],
    "tds": [
        1380.9000000000008,
        1380.9000000000008,
        1380.9000000000008,
        1380.9000000000008,
        1376.9378787878784
    ],
    "ph": [
        7.1165625000000015,
        7.1299999999999955,
        7.127878787878791,
        7.131249999999998,
        7.1230303030303
    ],
    "ntu": [
        3000.0,
        3000.0,
        3000.0,
        3000.0,
        3000.0
    ],
    "temp_avg": 25.69000000000002,
    "tds_avg": 1380.1075757575763,
    "ph_avg": 7.125744318181818,
    "ntu_avg": 3000.0
}