{
    "year": 2021,
    "month": 4,
    "day": 24,
    "hour": 10,
    "minute": 45,
    "temp": [
        30.103142857142867,
        30.15845070422532,
        30.07371428571425,
        30.001690140845067,
        29.940845070422576
    ],
    "ntu": [
        -103.37142857142857,
        -96.84507042253522,
        -113.28571428571429,
        -111.59154929577464,
        -106.32394366197182
    ],
    "temp_avg": 30.055568611670015,
    "ntu_avg": -106.28354124748492
}