{
    "year": 2021,
    "month": 4,
    "day": 14,
    "hour": 15,
    "minute": 10,
    "temp": [
        27.213636363636386,
        27.190000000000023,
        27.190000000000023,
        27.149696969696972,
        27.12
    ],
    "tds": [
        1200.64393939394,
        1201.145625,
        1205.0600000000002,
        1206.4818181818182,
        1204.3593749999998
    ],
    "ph": [
        3.8690909090909096,
        3.9650000000000003,
        3.9436363636363643,
        3.9142424242424245,
        3.9203125000000005
    ],
    "ntu": [
        3000.0,
        3000.0,
        3000.0,
        3000.0,
        3000.0
    ],
    "temp_avg": 27.17266666666668,
    "tds_avg": 1203.5381515151516,
    "ph_avg": 3.9224564393939394,
    "ntu_avg": 3000.0
}