{
    "year": 2021,
    "month": 4,
    "day": 12,
    "hour": 19,
    "minute": 55,
    "temp": [
        27.23,
        27.270624999999985,
        27.309999999999977,
        27.362727272727273,
        27.41812500000002
    ],
    "tds": [
        1244.2199999999998,
        1242.5424999999996,
        1240.303636363636,
        1234.4672727272725,
        1235.4099999999999
    ],
    "ph": [
        1.2881818181818179,
        1.3937499999999996,
        1.4106060606060606,
        1.1024242424242423,
        1.0334375000000002
    ],
    "ntu": [
        3000.0,
        3000.0,
        3000.0,
        3000.0,
        3000.0
    ],
    "temp_avg": 27.31829545454545,
    "tds_avg": 1239.3886818181816,
    "ph_avg": 1.2456799242424244,
    "ntu_avg": 3000.0
}