{
    "year": 2021,
    "month": 4,
    "day": 14,
    "hour": 15,
    "minute": 50,
    "temp": [
        27.105,
        27.11818181818182,
        27.12,
        27.163750000000018,
        27.190000000000023
    ],
    "tds": [
        1236.9153124999998,
        1242.1451515151516,
        1239.920909090909,
        1238.9712500000003,
        1226.9248484848488
    ],
    "ph": [
        4.226875000000001,
        4.184848484848485,
        3.864242424242424,
        3.626875,
        3.583939393939394
    ],
    "ntu": [
        3000.0,
        3000.0,
        3000.0,
        3000.0,
        3000.0
    ],
    "temp_avg": 27.139386363636373,
    "tds_avg": 1236.975494318182,
    "ph_avg": 3.89735606060606,
    "ntu_avg": 3000.0
}