{
    "year": 2021,
    "month": 4,
    "day": 22,
    "hour": 17,
    "minute": 28,
    "temp": [
        27.516,
        27.475593220339004,
        27.591999999999963,
        27.573220338983017,
        27.501
    ],
    "ntu": [
        1369.179,
        1395.035254237288,
        1560.9273333333335,
        1463.496610169491,
        1423.4151666666667
    ],
    "temp_avg": 27.5315627118644,
    "ntu_avg": 1442.4106728813558
}