{
    "year": 2021,
    "month": 4,
    "day": 19,
    "hour": 15,
    "minute": 10,
    "temp": [
        27.68121212121214,
        27.714375000000004,
        27.771818181818162,
        27.809999999999977,
        27.84187499999999
    ],
    "tds": [
        1252.8478787878787,
        1249.7437499999996,
        1246.8272727272727,
        1245.0999999999992,
        1261.1843749999994
    ],
    "ph": [
        0.1572727272727273,
        0.1746875,
        0.17878787878787877,
        0.16909090909090904,
        0.26499999999999996
    ],
    "ntu": [
        3000.0,
        3000.0,
        3000.0,
        3000.0,
        3000.0
    ],
    "temp_avg": 27.763856060606052,
    "tds_avg": 1251.1406553030297,
    "ph_avg": 0.18896780303030303,
    "ntu_avg": 3000.0
}