{
    "year": 2021,
    "month": 4,
    "day": 26,
    "hour": 0,
    "minute": 15,
    "temp": [
        26.754285714285714,
        26.752535211267602,
        26.752535211267602,
        26.752571428571425,
        26.75
    ],
    "ntu": [
        617.8857142857142,
        625.1408450704225,
        624.8591549295775,
        624.8714285714286,
        624.6338028169014
    ],
    "temp_avg": 26.75238551307847,
    "ntu_avg": 623.4781891348088
}