{
    "year": 2021,
    "month": 4,
    "day": 24,
    "hour": 21,
    "minute": 41,
    "temp": [
        26.61999999999995,
        26.61999999999995,
        26.61999999999995,
        26.619142857142812,
        26.603943661971787
    ],
    "ntu": [
        633.8169014084507,
        633.8142857142857,
        633.8732394366198,
        633.9142857142857,
        -9.56338028169014
    ],
    "temp_avg": 26.616617303822892,
    "ntu_avg": 505.1710663983903
}