{
    "year": 2021,
    "month": 4,
    "day": 19,
    "hour": 17,
    "minute": 55,
    "temp": [
        27.93781250000002,
        27.880606060606063,
        27.87,
        27.821249999999978,
        27.809999999999977
    ],
    "tds": [
        1203.7093750000006,
        1205.9215151515152,
        1206.25,
        1208.468125,
        1208.9800000000002
    ],
    "ph": [
        2.2059374999999997,
        2.2130303030303025,
        2.188181818181819,
        2.1412500000000008,
        2.1569696969696963
    ],
    "ntu": [
        3000.0,
        3000.0,
        3000.0,
        3000.0,
        3000.0
    ],
    "temp_avg": 27.863933712121206,
    "tds_avg": 1206.6658030303033,
    "ph_avg": 2.181073863636364,
    "ntu_avg": 3000.0
}