{
    "year": 2021,
    "month": 4,
    "day": 10,
    "hour": 11,
    "minute": 50,
    "temp": [
        29.940000000000026,
        29.941818181818206,
        29.960000000000015,
        29.98125000000001,
        29.961818181818206
    ],
    "tds": [
        1185.5056250000002,
        1188.4000000000008,
        1187.6272727272728,
        1189.2509375,
        1191.9218181818183
    ],
    "ph": [
        5.149374999999998,
        5.093333333333334,
        5.042424242424244,
        4.9896875,
        4.99030303030303
    ],
    "ntu": [
        3000.0,
        3000.0,
        3000.0,
        3000.0,
        3000.0
    ],
    "temp_avg": 29.956977272727293,
    "tds_avg": 1188.5411306818182,
    "ph_avg": 5.0530246212121215,
    "ntu_avg": 3000.0
}