{
    "year": 2021,
    "month": 4,
    "day": 8,
    "hour": 20,
    "minute": 20,
    "temp": [
        29.809999999999974,
        29.85125,
        29.864545454545457,
        29.86818181818182,
        29.849374999999988
    ],
    "tds": [
        1245.4499999999998,
        1242.6578124999996,
        1230.7290909090902,
        1240.2981818181815,
        1232.1225
    ],
    "ph": [
        0.0,
        0.0,
        0.0,
        0.0,
        0.0
    ],
    "ntu": [
        3000.0,
        3000.0,
        3000.0,
        3000.0,
        3000.0
    ],
    "temp_avg": 29.84867045454545,
    "tds_avg": 1238.2515170454542,
    "ph_avg": 0.0,
    "ntu_avg": 3000.0
}