{
    "year": 2021,
    "month": 4,
    "day": 26,
    "hour": 9,
    "minute": 20,
    "temp": [
        26.713142857142888,
        26.70267605633806,
        26.698450704225387,
        26.702857142857173,
        26.700140845070454
    ],
    "ntu": [
        481.92857142857144,
        489.61971830985914,
        481.9577464788732,
        473.9,
        470.0
    ],
    "temp_avg": 26.70345352112679,
    "ntu_avg": 479.4812072434608
}