{
    "year": 2021,
    "month": 4,
    "day": 12,
    "hour": 13,
    "minute": 20,
    "temp": [
        21.085312500000015,
        21.087272727272726,
        21.17939393939395,
        21.190000000000012,
        21.059999999999988
    ],
    "tds": [
        71.38937499999996,
        86.14060606060603,
        85.99727272727273,
        85.99406250000003,
        84.59454545454541
    ],
    "ph": [
        10.662187500000002,
        10.76969696969697,
        10.81,
        10.810312500000002,
        10.796363636363642
    ],
    "ntu": [
        3000.0,
        3000.0,
        3000.0,
        3000.0,
        3000.0
    ],
    "temp_avg": 21.12039583333334,
    "tds_avg": 82.82317234848483,
    "ph_avg": 10.769712121212123,
    "ntu_avg": 3000.0
}