{
    "year": 2021,
    "month": 4,
    "day": 12,
    "hour": 8,
    "minute": 45,
    "temp": [
        28.937878787878812,
        28.891212121212124,
        28.87,
        28.8590909090909,
        28.809999999999974
    ],
    "tds": [
        1072.5299999999995,
        1074.166363636363,
        1072.2140624999993,
        1072.6496969696966,
        1073.2290909090914
    ],
    "ph": [
        7.243636363636366,
        7.211818181818181,
        7.217500000000001,
        7.246060606060603,
        7.274545454545454
    ],
    "ntu": [
        3000.0,
        3000.0,
        3000.0,
        3000.0,
        3000.0
    ],
    "temp_avg": 28.873636363636365,
    "tds_avg": 1072.95784280303,
    "ph_avg": 7.238712121212122,
    "ntu_avg": 3000.0
}