{
    "year": 2021,
    "month": 4,
    "day": 10,
    "hour": 4,
    "minute": 20,
    "temp": [
        25.690000000000023,
        25.690000000000023,
        25.690000000000023,
        25.690000000000023,
        25.690000000000023
    ],
    "tds": [
        1386.1399999999996,
        1386.1399999999996,
        1386.1399999999996,
        1391.410000000001,
        1392.7300000000007
    ],
    "ph": [
        2.9309090909090925,
        2.8293749999999993,
        2.7630303030303023,
        2.741818181818182,
        2.6290625
    ],
    "ntu": [
        3000.0,
        3000.0,
        3000.0,
        3000.0,
        3000.0
    ],
    "temp_avg": 25.69000000000002,
    "tds_avg": 1388.5120000000002,
    "ph_avg": 2.778839015151515,
    "ntu_avg": 3000.0
}