{
    "year": 2021,
    "month": 4,
    "day": 14,
    "hour": 5,
    "minute": 50,
    "temp": [
        29.6309375,
        29.622121212121215,
        29.622121212121215,
        29.62,
        29.664545454545475
    ],
    "tds": [
        1225.0678125000004,
        1229.8060606060608,
        1223.856060606061,
        1215.87375,
        1211.8818181818178
    ],
    "ph": [
        4.616874999999999,
        4.656363636363637,
        4.790606060606061,
        4.739062500000001,
        4.790000000000002
    ],
    "ntu": [
        3000.0,
        3000.0,
        3000.0,
        3000.0,
        3000.0
    ],
    "temp_avg": 29.631945075757585,
    "tds_avg": 1221.297100378788,
    "ph_avg": 4.71858143939394,
    "ntu_avg": 3000.0
}