{
    "year": 2021,
    "month": 4,
    "day": 26,
    "hour": 11,
    "minute": 20,
    "temp": [
        26.75,
        26.75,
        26.75,
        26.75,
        26.75
    ],
    "ntu": [
        438.94444444444446,
        432.15492957746477,
        426.5285714285714,
        425.4507042253521,
        423.943661971831
    ],
    "temp_avg": 26.75,
    "ntu_avg": 429.40446232953275
}