{
    "year": 2021,
    "month": 4,
    "day": 15,
    "hour": 17,
    "minute": 55,
    "temp": [
        28.80437499999998,
        28.809999999999974,
        28.809999999999974,
        28.811874999999976,
        28.81363636363634
    ],
    "tds": [
        1223.5971875,
        1223.0,
        1223.8054545454545,
        1223.0,
        1222.8357575757577
    ],
    "ph": [
        7.568437500000001,
        7.58727272727273,
        7.565151515151516,
        7.5365625000000005,
        7.580000000000001
    ],
    "ntu": [
        3000.0,
        3000.0,
        3000.0,
        3000.0,
        3000.0
    ],
    "temp_avg": 28.809977272727245,
    "tds_avg": 1223.2476799242424,
    "ph_avg": 7.56748484848485,
    "ntu_avg": 3000.0
}