{
    "year": 2021,
    "month": 4,
    "day": 25,
    "hour": 21,
    "minute": 30,
    "temp": [
        26.826666666666625,
        26.811714285714245,
        26.811690140845034,
        26.811714285714245,
        26.81169014084503
    ],
    "ntu": [
        619.8194444444445,
        626.7857142857143,
        626.7042253521126,
        626.7285714285714,
        626.8450704225352
    ],
    "temp_avg": 26.814695103957035,
    "ntu_avg": 625.3766051866756
}