{
    "year": 2021,
    "month": 4,
    "day": 14,
    "hour": 17,
    "minute": 30,
    "temp": [
        27.83624999999999,
        27.85727272727273,
        27.87,
        27.87,
        27.89757575757578
    ],
    "tds": [
        1383.1625000000001,
        1377.2478787878777,
        1373.211212121211,
        1371.089999999999,
        1366.2433333333327
    ],
    "ph": [
        4.719687499999999,
        4.822121212121212,
        4.941818181818181,
        5.1196874999999995,
        5.185151515151515
    ],
    "ntu": [
        3000.0,
        3000.0,
        3000.0,
        3000.0,
        3000.0
    ],
    "temp_avg": 27.8662196969697,
    "tds_avg": 1374.1909848484843,
    "ph_avg": 4.957693181818181,
    "ntu_avg": 3000.0
}