{
    "year": 2021,
    "month": 4,
    "day": 11,
    "hour": 14,
    "minute": 25,
    "temp": [
        29.12,
        29.17727272727275,
        29.190000000000026,
        29.248125,
        29.28636363636361
    ],
    "tds": [
        1200.8600000000004,
        1198.708181818182,
        1198.0706060606062,
        1195.9287499999994,
        1194.0972727272729
    ],
    "ph": [
        6.336250000000004,
        6.333333333333336,
        6.352121212121215,
        6.3643750000000034,
        6.360909090909092
    ],
    "ntu": [
        3000.0,
        3000.0,
        3000.0,
        3000.0,
        3000.0
    ],
    "temp_avg": 29.204352272727277,
    "tds_avg": 1197.5329621212122,
    "ph_avg": 6.34939772727273,
    "ntu_avg": 3000.0
}