{
    "year": 2021,
    "month": 4,
    "day": 19,
    "hour": 20,
    "minute": 15,
    "temp": [
        29.75181818181818,
        29.753636363636364,
        29.761249999999993,
        29.81181818181816,
        29.87
    ],
    "tds": [
        1205.8399999999992,
        1204.6699999999992,
        1203.7728124999996,
        1201.7436363636364,
        1202.0378787878788
    ],
    "ph": [
        2.959090909090908,
        2.9396969696969713,
        2.9078125,
        2.8518181818181816,
        2.7960606060606072
    ],
    "ntu": [
        3000.0,
        3000.0,
        3000.0,
        3000.0,
        3000.0
    ],
    "temp_avg": 29.789704545454537,
    "tds_avg": 1203.6128655303025,
    "ph_avg": 2.8908958333333334,
    "ntu_avg": 3000.0
}