{
    "year": 2021,
    "month": 4,
    "day": 11,
    "hour": 2,
    "minute": 10,
    "temp": [
        25.47000000000001,
        25.480000000000004,
        25.481818181818188,
        25.49625,
        25.492727272727272
    ],
    "tds": [
        1408.8940625,
        1408.4133333333336,
        1408.4133333333336,
        1407.5628125000005,
        1403.6151515151512
    ],
    "ph": [
        4.987812499999999,
        5.081515151515152,
        5.07969696969697,
        4.905000000000001,
        4.896666666666666
    ],
    "ntu": [
        3000.0,
        3000.0,
        3000.0,
        3000.0,
        3000.0
    ],
    "temp_avg": 25.484159090909095,
    "tds_avg": 1407.3797386363638,
    "ph_avg": 4.990138257575757,
    "ntu_avg": 3000.0
}