{
    "year": 2021,
    "month": 4,
    "day": 15,
    "hour": 0,
    "minute": 40,
    "temp": [
        28.440000000000023,
        28.43787878787881,
        28.39545454545455,
        28.37,
        28.37
    ],
    "tds": [
        1276.2706249999997,
        1262.3669696969694,
        1264.1933333333338,
        1265.1500000000008,
        1265.1500000000008
    ],
    "ph": [
        4.4853125,
        5.020303030303029,
        5.048181818181819,
        4.9740625000000005,
        5.068484848484848
    ],
    "ntu": [
        3000.0,
        3000.0,
        3000.0,
        3000.0,
        3000.0
    ],
    "temp_avg": 28.402666666666676,
    "tds_avg": 1266.6261856060607,
    "ph_avg": 4.919268939393939,
    "ntu_avg": 3000.0
}