{
    "year": 2021,
    "month": 4,
    "day": 22,
    "hour": 12,
    "minute": 5,
    "temp": [
        29.998983050847457,
        29.955000000000034,
        29.94000000000004,
        29.94000000000004,
        29.905593220338964
    ],
    "ntu": [
        2921.316949152541,
        2862.5623333333338,
        2855.799152542372,
        2931.940666666667,
        2936.0315254237285
    ],
    "temp_avg": 29.94791525423731,
    "ntu_avg": 2901.5301254237284
}