{
    "year": 2021,
    "month": 4,
    "day": 25,
    "hour": 8,
    "minute": 5,
    "temp": [
        26.442535211267646,
        26.440845070422572,
        26.44085714285718,
        26.441690140845107,
        26.441690140845107
    ],
    "ntu": [
        447.53521126760563,
        442.9718309859155,
        449.7,
        449.71830985915494,
        436.7042253521127
    ],
    "temp_avg": 26.441523541247523,
    "ntu_avg": 445.32591549295773
}