{
    "year": 2021,
    "month": 4,
    "day": 11,
    "hour": 14,
    "minute": 15,
    "temp": [
        28.706363636363648,
        28.751875,
        28.806363636363614,
        28.842727272727274,
        28.874375000000004
    ],
    "tds": [
        1223.2127272727273,
        1221.225,
        1217.6212121212118,
        1212.4881818181816,
        1214.4371874999995
    ],
    "ph": [
        6.276666666666667,
        6.273125000000001,
        6.272424242424241,
        6.289090909090908,
        6.3034375
    ],
    "ntu": [
        3000.0,
        3000.0,
        3000.0,
        3000.0,
        3000.0
    ],
    "temp_avg": 28.796340909090908,
    "tds_avg": 1217.7968617424242,
    "ph_avg": 6.2829488636363635,
    "ntu_avg": 3000.0
}