{
    "year": 2021,
    "month": 4,
    "day": 26,
    "hour": 1,
    "minute": 35,
    "temp": [
        26.749142857142857,
        26.75,
        26.749142857142857,
        26.749154929577465,
        26.749154929577465
    ],
    "ntu": [
        616.7,
        623.7605633802817,
        623.6428571428571,
        623.5211267605633,
        623.5352112676056
    ],
    "temp_avg": 26.749319114688127,
    "ntu_avg": 622.2319517102616
}