{
    "year": 2021,
    "month": 4,
    "day": 25,
    "hour": 4,
    "minute": 50,
    "temp": [
        26.36999999999995,
        26.36999999999995,
        26.36999999999995,
        26.36999999999995,
        26.36999999999995
    ],
    "ntu": [
        -6.690140845070423,
        -7.014285714285714,
        -6.845070422535211,
        -6.464788732394366,
        -6.585714285714285
    ],
    "temp_avg": 26.369999999999955,
    "ntu_avg": -6.719999999999999
}