{
    "year": 2021,
    "month": 4,
    "day": 13,
    "hour": 11,
    "minute": 50,
    "temp": [
        29.882727272727276,
        29.866249999999997,
        29.81545454545452,
        29.804545454545433,
        29.75
    ],
    "tds": [
        0.0,
        0.0,
        0.0,
        0.0,
        0.0
    ],
    "ph": [
        0.0,
        0.0,
        0.0,
        0.0,
        0.0
    ],
    "ntu": [
        3000.0,
        3000.0,
        3000.0,
        3000.0,
        3000.0
    ],
    "temp_avg": 29.823795454545444,
    "tds_avg": 0.0,
    "ph_avg": 0.0,
    "ntu_avg": 3000.0
}