{
    "year": 2021,
    "month": 4,
    "day": 15,
    "hour": 19,
    "minute": 10,
    "temp": [
        29.37,
        29.37,
        29.37,
        29.407187500000017,
        29.410303030303055
    ],
    "tds": [
        1140.2099999999994,
        1140.136363636363,
        1140.2099999999994,
        1138.6153124999996,
        1138.3690909090903
    ],
    "ph": [
        7.429687500000002,
        7.422121212121208,
        7.411212121212122,
        7.417499999999998,
        7.4357575757575765
    ],
    "ntu": [
        3000.0,
        3000.0,
        3000.0,
        3000.0,
        3000.0
    ],
    "temp_avg": 29.385498106060616,
    "tds_avg": 1139.50815340909,
    "ph_avg": 7.423255681818181,
    "ntu_avg": 3000.0
}