{
    "year": 2021,
    "month": 4,
    "day": 19,
    "hour": 22,
    "minute": 10,
    "temp": [
        27.860909090909086,
        27.811818181818158,
        27.809999999999977,
        27.809999999999977,
        27.799090909090893
    ],
    "tds": [
        1124.6990909090907,
        1126.7863636363631,
        1127.0099999999995,
        1127.0848484848482,
        1125.601515151515
    ],
    "ph": [
        3.0663636363636355,
        3.0700000000000003,
        3.065312499999999,
        3.0209090909090905,
        3.028787878787879
    ],
    "ntu": [
        3000.0,
        3000.0,
        3000.0,
        3000.0,
        3000.0
    ],
    "temp_avg": 27.81836363636362,
    "tds_avg": 1126.2363636363632,
    "ph_avg": 3.050274621212121,
    "ntu_avg": 3000.0
}