{
    "year": 2021,
    "month": 4,
    "day": 19,
    "hour": 23,
    "minute": 45,
    "temp": [
        28.63060606060607,
        28.672727272727297,
        28.733124999999998,
        28.75181818181818,
        28.828181818181807
    ],
    "tds": [
        1262.2999999999997,
        1260.3951515151514,
        1258.0075,
        1256.7769696969697,
        1253.4354545454553
    ],
    "ph": [
        2.9721212121212117,
        2.9796969696969686,
        2.999375000000001,
        3.033939393939395,
        3.0451515151515154
    ],
    "ntu": [
        3000.0,
        3000.0,
        3000.0,
        3000.0,
        3000.0
    ],
    "temp_avg": 28.72329166666667,
    "tds_avg": 1258.1830151515153,
    "ph_avg": 3.0060568181818184,
    "ntu_avg": 3000.0
}