{
    "year": 2021,
    "month": 4,
    "day": 10,
    "hour": 12,
    "minute": 55,
    "temp": [
        28.5,
        28.443636363636386,
        28.440000000000023,
        28.387500000000003,
        28.37
    ],
    "tds": [
        1092.5528124999998,
        1094.386363636364,
        1094.8100000000002,
        1096.1993750000006,
        1097.1500000000005
    ],
    "ph": [
        4.965312499999999,
        4.954242424242424,
        4.985454545454546,
        4.993124999999999,
        5.0224242424242425
    ],
    "ntu": [
        3000.0,
        3000.0,
        3000.0,
        3000.0,
        3000.0
    ],
    "temp_avg": 28.42822727272728,
    "tds_avg": 1095.0197102272732,
    "ph_avg": 4.9841117424242425,
    "ntu_avg": 3000.0
}