{
    "year": 2021,
    "month": 4,
    "day": 12,
    "hour": 19,
    "minute": 45,
    "temp": [
        27.034545454545444,
        27.0,
        27.0,
        26.99818181818182,
        27.0
    ],
    "tds": [
        1124.503636363636,
        1125.6399999999996,
        1125.6399999999996,
        1125.6399999999996,
        1254.9921212121205
    ],
    "ph": [
        1.0972727272727276,
        1.0396969696969698,
        0.9753124999999999,
        0.9893939393939394,
        1.0793939393939398
    ],
    "ntu": [
        3000.0,
        3000.0,
        3000.0,
        3000.0,
        3000.0
    ],
    "temp_avg": 27.006545454545453,
    "tds_avg": 1151.283151515151,
    "ph_avg": 1.0362140151515153,
    "ntu_avg": 3000.0
}