{
    "year": 2021,
    "month": 4,
    "day": 7,
    "hour": 20,
    "minute": 20,
    "temp": [
        26.37,
        27.5,
        26.37,
        27.5,
        26.37
    ],
    "tds": [
        0.0,
        1097.76,
        0.0,
        1126.81,
        0.0
    ],
    "ph": [
        0.0,
        0.0,
        0.0,
        0.0,
        0.0
    ],
    "ntu": [
        3000.0,
        3000.0,
        3000.0,
        3000.0,
        3000.0
    ],
    "temp_avg": 26.822000000000003,
    "tds_avg": 444.91399999999993,
    "ph_avg": 0.0,
    "ntu_avg": 3000.0
}