{
    "year": 2021,
    "month": 4,
    "day": 22,
    "hour": 17,
    "minute": 0,
    "temp": [
        27.24423728813556,
        27.186166666666672,
        27.115932203389793,
        27.060999999999964,
        27.018305084745762
    ],
    "ntu": [
        2154.9444067796608,
        2032.7458333333327,
        2043.1032203389827,
        2018.498333333333,
        2013.0806779661011
    ],
    "temp_avg": 27.12512824858755,
    "ntu_avg": 2052.474494350282
}