{
    "year": 2021,
    "month": 4,
    "day": 11,
    "hour": 20,
    "minute": 10,
    "temp": [
        27.62,
        27.60124999999999,
        27.559999999999977,
        27.559999999999977,
        27.520625
    ],
    "tds": [
        1121.8699999999994,
        1122.715625,
        1124.3300000000008,
        1124.4051515151523,
        1125.6475000000003
    ],
    "ph": [
        6.635454545454544,
        6.653125000000002,
        6.659090909090908,
        6.6375757575757515,
        6.6596874999999995
    ],
    "ntu": [
        3000.0,
        3000.0,
        3000.0,
        3000.0,
        3000.0
    ],
    "temp_avg": 27.572374999999987,
    "tds_avg": 1123.7936553030306,
    "ph_avg": 6.64898674242424,
    "ntu_avg": 3000.0
}