{
    "year": 2021,
    "month": 4,
    "day": 12,
    "hour": 3,
    "minute": 25,
    "temp": [
        26.059999999999977,
        26.059999999999977,
        26.059999999999977,
        26.059999999999977,
        26.059999999999977
    ],
    "tds": [
        1340.1999999999996,
        1340.1999999999996,
        1340.1999999999996,
        1340.1999999999996,
        1340.1999999999996
    ],
    "ph": [
        7.22151515151515,
        7.237878787878789,
        7.240312499999998,
        7.187878787878787,
        7.186060606060604
    ],
    "ntu": [
        3000.0,
        3000.0,
        3000.0,
        3000.0,
        3000.0
    ],
    "temp_avg": 26.05999999999998,
    "tds_avg": 1340.1999999999996,
    "ph_avg": 7.214729166666666,
    "ntu_avg": 3000.0
}