{
    "year": 2021,
    "month": 4,
    "day": 19,
    "hour": 22,
    "minute": 40,
    "temp": [
        27.309999999999977,
        27.309999999999977,
        27.306363636363617,
        27.260909090909088,
        27.25
    ],
    "tds": [
        1147.0127272727268,
        1147.0899999999997,
        1147.400303030303,
        1149.0293939393946,
        1149.6500000000005
    ],
    "ph": [
        2.9706060606060594,
        2.9575,
        2.956363636363637,
        2.977878787878787,
        3.0012500000000006
    ],
    "ntu": [
        3000.0,
        3000.0,
        3000.0,
        3000.0,
        3000.0
    ],
    "temp_avg": 27.287454545454533,
    "tds_avg": 1148.0364848484849,
    "ph_avg": 2.9727196969696967,
    "ntu_avg": 3000.0
}