{
    "year": 2021,
    "month": 4,
    "day": 11,
    "hour": 13,
    "minute": 10,
    "temp": [
        27.440000000000023,
        27.429062500000015,
        27.372121212121215,
        27.37,
        27.362499999999997
    ],
    "tds": [
        1129.2900000000006,
        1129.7587500000006,
        1131.562727272728,
        1132.0469696969703,
        1132.5012500000005
    ],
    "ph": [
        6.2627272727272745,
        6.228437499999997,
        6.212424242424243,
        6.2321212121212115,
        6.2534375
    ],
    "ntu": [
        3000.0,
        3000.0,
        3000.0,
        3000.0,
        3000.0
    ],
    "temp_avg": 27.394736742424254,
    "tds_avg": 1131.0319393939399,
    "ph_avg": 6.237829545454545,
    "ntu_avg": 3000.0
}