{
    "year": 2021,
    "month": 4,
    "day": 13,
    "hour": 16,
    "minute": 30,
    "temp": [
        27.384848484848487,
        27.37636363636364,
        27.37,
        27.36818181818182,
        27.36454545454545
    ],
    "tds": [
        1170.8309090909088,
        1178.5487878787878,
        1249.9281249999997,
        1225.3375757575764,
        1208.447272727273
    ],
    "ph": [
        3.5548484848484847,
        0.5739393939393939,
        0.6909375,
        0.9015151515151515,
        0.41151515151515156
    ],
    "ntu": [
        3000.0,
        3000.0,
        3000.0,
        3000.0,
        3000.0
    ],
    "temp_avg": 27.372787878787882,
    "tds_avg": 1206.6185340909092,
    "ph_avg": 1.2265511363636363,
    "ntu_avg": 3000.0
}