{
    "year": 2021,
    "month": 4,
    "day": 14,
    "hour": 15,
    "minute": 35,
    "temp": [
        26.940000000000023,
        26.940000000000023,
        26.940000000000023,
        26.940000000000023,
        26.943636363636383
    ],
    "tds": [
        1469.6200000000003,
        1472.9045454545449,
        1469.6200000000003,
        1464.2753125000004,
        1448.0354545454543
    ],
    "ph": [
        4.912187499999998,
        4.893030303030301,
        4.854545454545455,
        4.7953125000000005,
        4.888484848484849
    ],
    "ntu": [
        3000.0,
        3000.0,
        3000.0,
        3000.0,
        3000.0
    ],
    "temp_avg": 26.940727272727294,
    "tds_avg": 1464.8910625,
    "ph_avg": 4.868712121212122,
    "ntu_avg": 3000.0
}