{
    "year": 2021,
    "month": 4,
    "day": 12,
    "hour": 16,
    "minute": 15,
    "temp": [
        25.971875,
        26.02727272727271,
        26.079999999999995,
        26.14625000000002,
        26.197272727272743
    ],
    "tds": [
        1304.7925000000007,
        1301.8875757575752,
        1298.942121212121,
        1296.7393749999997,
        1293.52303030303
    ],
    "ph": [
        1.975625,
        1.982424242424242,
        1.8781818181818184,
        1.9537499999999997,
        1.9327272727272724
    ],
    "ntu": [
        3000.0,
        3000.0,
        3000.0,
        3000.0,
        3000.0
    ],
    "temp_avg": 26.084534090909095,
    "tds_avg": 1299.1769204545453,
    "ph_avg": 1.9445416666666664,
    "ntu_avg": 3000.0
}