{
    "year": 2021,
    "month": 4,
    "day": 9,
    "hour": 2,
    "minute": 5,
    "temp": [
        26.5,
        26.5,
        26.5,
        26.48545454545455,
        26.460625000000018
    ],
    "tds": [
        1367.6203030303031,
        1360.4387500000003,
        1362.4590909090907,
        1363.4254545454546,
        1371.5093750000008
    ],
    "ph": [
        3.7751515151515154,
        3.8037500000000017,
        3.82,
        3.8566666666666665,
        3.879062499999999
    ],
    "ntu": [
        3000.0,
        3000.0,
        3000.0,
        3000.0,
        3000.0
    ],
    "temp_avg": 26.489215909090916,
    "tds_avg": 1365.09059469697,
    "ph_avg": 3.8269261363636367,
    "ntu_avg": 3000.0
}