{
    "year": 2021,
    "month": 4,
    "day": 12,
    "hour": 4,
    "minute": 20,
    "temp": [
        26.190000000000023,
        26.190000000000023,
        26.190000000000023,
        26.190000000000023,
        26.190000000000023
    ],
    "tds": [
        1333.6900000000003,
        1331.5603030303032,
        1333.6900000000003,
        1333.6900000000003,
        1333.0815151515155
    ],
    "ph": [
        7.1699999999999955,
        7.148484848484845,
        7.114242424242428,
        7.132187499999997,
        7.138484848484846
    ],
    "ntu": [
        3000.0,
        3000.0,
        3000.0,
        3000.0,
        3000.0
    ],
    "temp_avg": 26.19000000000002,
    "tds_avg": 1333.1423636363638,
    "ph_avg": 7.140679924242422,
    "ntu_avg": 3000.0
}