{
    "year": 2021,
    "month": 4,
    "day": 15,
    "hour": 23,
    "minute": 55,
    "temp": [
        29.536363636363625,
        29.5,
        29.5,
        29.461818181818206,
        29.440000000000026
    ],
    "tds": [
        1141.983636363636,
        1143.5299999999995,
        1145.273636363636,
        1146.3330303030305,
        1147.9112499999992
    ],
    "ph": [
        7.466363636363634,
        7.482500000000002,
        7.478484848484847,
        7.4790909090909095,
        7.471874999999998
    ],
    "ntu": [
        3000.0,
        3000.0,
        3000.0,
        3000.0,
        3000.0
    ],
    "temp_avg": 29.487636363636376,
    "tds_avg": 1145.0063106060602,
    "ph_avg": 7.475662878787878,
    "ntu_avg": 3000.0
}