{
    "year": 2021,
    "month": 4,
    "day": 20,
    "hour": 9,
    "minute": 10,
    "temp": [
        29.440000000000026,
        29.4357575757576,
        29.376562500000002,
        29.37,
        29.34636363636362
    ],
    "tds": [
        1061.2433333333333,
        1062.037878787879,
        1063.1903125000006,
        1063.5533333333335,
        1065.4699999999996
    ],
    "ph": [
        2.1833333333333327,
        2.203636363636364,
        2.2215625,
        2.228787878787878,
        2.2536363636363643
    ],
    "ntu": [
        3000.0,
        3000.0,
        3000.0,
        3000.0,
        3000.0
    ],
    "temp_avg": 29.39373674242425,
    "tds_avg": 1063.098971590909,
    "ph_avg": 2.2181912878787875,
    "ntu_avg": 3000.0
}