{
    "year": 2021,
    "month": 4,
    "day": 23,
    "hour": 6,
    "minute": 5,
    "temp": [
        29.274067796610115,
        29.303999999999974,
        29.232711864406795,
        29.144499999999958,
        29.0681355932203
    ],
    "ntu": [
        2346.3506779661016,
        2309.0843333333337,
        2310.140677966102,
        2315.974333333333,
        2321.306949152543
    ],
    "temp_avg": 29.20468305084743,
    "ntu_avg": 2320.571394350283
}