{
    "year": 2021,
    "month": 4,
    "day": 15,
    "hour": 5,
    "minute": 50,
    "temp": [
        27.559999999999977,
        27.559999999999977,
        27.559999999999977,
        27.559999999999977,
        27.559999999999977
    ],
    "tds": [
        1261.2400000000002,
        1261.8048484848491,
        1265.9000000000008,
        1267.893030303031,
        1327.3296969696974
    ],
    "ph": [
        4.834848484848487,
        4.847575757575759,
        4.852499999999998,
        4.811212121212122,
        4.228787878787878
    ],
    "ntu": [
        3000.0,
        3000.0,
        3000.0,
        3000.0,
        3000.0
    ],
    "temp_avg": 27.55999999999998,
    "tds_avg": 1276.8335151515157,
    "ph_avg": 4.714984848484849,
    "ntu_avg": 3000.0
}