{
    "year": 2021,
    "month": 4,
    "day": 10,
    "hour": 0,
    "minute": 55,
    "temp": [
        25.25,
        25.25,
        25.25,
        25.25,
        25.24818181818182
    ],
    "tds": [
        1424.2349999999994,
        1425.9627272727266,
        1421.5199999999993,
        1421.6331249999994,
        1424.6481818181812
    ],
    "ph": [
        3.9587499999999993,
        3.9554545454545447,
        3.964848484848484,
        3.9512499999999995,
        3.85
    ],
    "ntu": [
        3000.0,
        3000.0,
        3000.0,
        3000.0,
        3000.0
    ],
    "temp_avg": 25.249636363636363,
    "tds_avg": 1423.5998068181812,
    "ph_avg": 3.936060606060605,
    "ntu_avg": 3000.0
}