{
    "year": 2021,
    "month": 4,
    "day": 10,
    "hour": 14,
    "minute": 40,
    "temp": [
        28.62,
        28.65281250000002,
        28.690000000000026,
        28.73,
        28.75
    ],
    "tds": [
        1240.18,
        1239.3306250000003,
        1240.2509090909089,
        1240.0266666666662,
        1235.2421875000002
    ],
    "ph": [
        5.243333333333331,
        5.230312500000001,
        5.217272727272726,
        5.161818181818182,
        5.181249999999999
    ],
    "ntu": [
        3000.0,
        3000.0,
        3000.0,
        3000.0,
        3000.0
    ],
    "temp_avg": 28.68856250000001,
    "tds_avg": 1239.0060776515152,
    "ph_avg": 5.206797348484848,
    "ntu_avg": 3000.0
}