{
    "year": 2021,
    "month": 4,
    "day": 11,
    "hour": 7,
    "minute": 5,
    "temp": [
        25.87,
        25.87,
        25.87,
        25.87,
        25.87
    ],
    "tds": [
        1365.49,
        1360.3399999999992,
        1360.3399999999992,
        1360.3399999999992,
        1360.3399999999992
    ],
    "ph": [
        3.946969696969696,
        4.036875000000001,
        4.215757575757575,
        4.149090909090909,
        4.108437499999999
    ],
    "ntu": [
        3000.0,
        3000.0,
        3000.0,
        3000.0,
        3000.0
    ],
    "temp_avg": 25.869999999999997,
    "tds_avg": 1361.3699999999994,
    "ph_avg": 4.091426136363635,
    "ntu_avg": 3000.0
}