{
    "year": 2021,
    "month": 4,
    "day": 10,
    "hour": 10,
    "minute": 25,
    "temp": [
        27.558181818181797,
        27.567272727272712,
        27.618125000000003,
        27.668787878787903,
        27.693636363636383
    ],
    "tds": [
        1289.6124242424244,
        1288.9090909090912,
        1276.9075,
        1282.1648484848486,
        1280.353030303031
    ],
    "ph": [
        4.536666666666669,
        4.5621212121212125,
        4.52875,
        4.531818181818183,
        4.536666666666667
    ],
    "ntu": [
        3000.0,
        3000.0,
        3000.0,
        3000.0,
        3000.0
    ],
    "temp_avg": 27.621200757575757,
    "tds_avg": 1283.589378787879,
    "ph_avg": 4.539204545454547,
    "ntu_avg": 3000.0
}