{
    "year": 2021,
    "month": 4,
    "day": 9,
    "hour": 15,
    "minute": 5,
    "temp": [
        28.204545454545478,
        28.190000000000023,
        28.130606060606063,
        28.12,
        28.069374999999976
    ],
    "tds": [
        1107.3839393939395,
        1109.9715625000003,
        1107.3206060606058,
        1110.7099999999994,
        1108.6365624999994
    ],
    "ph": [
        4.762121212121212,
        4.679687500000001,
        4.683636363636364,
        4.786666666666666,
        4.7003125
    ],
    "ntu": [
        3000.0,
        3000.0,
        3000.0,
        3000.0,
        3000.0
    ],
    "temp_avg": 28.142905303030307,
    "tds_avg": 1108.8045340909089,
    "ph_avg": 4.722484848484848,
    "ntu_avg": 3000.0
}