{
    "year": 2021,
    "month": 4,
    "day": 7,
    "hour": 5,
    "minute": 50,
    "temp": [
        25.69,
        25.69,
        25.69,
        25.69,
        25.69
    ],
    "tds": [
        1450.49,
        1445.03,
        1445.03,
        1445.03,
        1445.03
    ],
    "ph": [
        0.0,
        0.0,
        0.0,
        0.0,
        0.0
    ],
    "ntu": [
        3000.0,
        3000.0,
        3000.0,
        3000.0,
        3000.0
    ],
    "temp_avg": 25.690000000000005,
    "tds_avg": 1446.1219999999998,
    "ph_avg": 0.0,
    "ntu_avg": 3000.0
}