{
    "year": 2021,
    "month": 4,
    "day": 16,
    "hour": 7,
    "minute": 50,
    "temp": [
        27.75,
        27.75,
        27.75,
        27.75,
        27.75
    ],
    "tds": [
        1216.19,
        1216.19,
        1212.3887878787873,
        1212.8299999999997,
        1216.19
    ],
    "ph": [
        6.472499999999998,
        6.492727272727272,
        6.507878787878787,
        6.535000000000002,
        6.535151515151516
    ],
    "ntu": [
        3000.0,
        3000.0,
        3000.0,
        3000.0,
        3000.0
    ],
    "temp_avg": 27.75,
    "tds_avg": 1214.7577575757575,
    "ph_avg": 6.508651515151516,
    "ntu_avg": 3000.0
}