{
    "year": 2021,
    "month": 4,
    "day": 12,
    "hour": 7,
    "minute": 30,
    "temp": [
        26.309999999999977,
        26.309999999999977,
        26.309999999999977,
        26.309999999999977,
        26.309999999999977
    ],
    "tds": [
        1322.410909090909,
        1322.410909090909,
        1326.150625,
        1325.5799999999992,
        1324.825454545455
    ],
    "ph": [
        6.717272727272729,
        6.716969696969697,
        6.702187499999997,
        6.683030303030304,
        6.70818181818182
    ],
    "ntu": [
        3000.0,
        3000.0,
        3000.0,
        3000.0,
        3000.0
    ],
    "temp_avg": 26.30999999999998,
    "tds_avg": 1324.2755795454543,
    "ph_avg": 6.705528409090908,
    "ntu_avg": 3000.0
}