{
    "year": 2021,
    "month": 4,
    "day": 20,
    "hour": 14,
    "minute": 15,
    "temp": [
        29.80272727272725,
        29.813749999999978,
        29.809999999999974,
        29.81545454545452,
        29.809999999999974
    ],
    "tds": [
        1222.885151515152,
        1219.8125000000002,
        1219.7748484848487,
        1222.3181818181822,
        1220.8737500000004
    ],
    "ph": [
        4.798484848484847,
        4.777812500000001,
        4.784848484848485,
        4.754848484848485,
        4.7640625000000005
    ],
    "ntu": [
        3000.0,
        3000.0,
        3000.0,
        3000.0,
        3000.0
    ],
    "temp_avg": 29.810386363636336,
    "tds_avg": 1221.1328863636368,
    "ph_avg": 4.776011363636364,
    "ntu_avg": 3000.0
}