{
    "year": 2021,
    "month": 4,
    "day": 15,
    "hour": 3,
    "minute": 35,
    "temp": [
        27.603124999999995,
        27.609090909090906,
        27.614545454545453,
        27.606874999999995,
        27.609090909090906
    ],
    "tds": [
        1320.124375,
        1320.2127272727273,
        1320.2127272727273,
        1318.6462499999998,
        1319.617272727273
    ],
    "ph": [
        4.989374999999999,
        5.006060606060607,
        5.010909090909092,
        5.1009375,
        5.090000000000001
    ],
    "ntu": [
        3000.0,
        3000.0,
        3000.0,
        3000.0,
        3000.0
    ],
    "temp_avg": 27.608545454545446,
    "tds_avg": 1319.7626704545455,
    "ph_avg": 5.039456439393939,
    "ntu_avg": 3000.0
}