{
    "year": 2021,
    "month": 4,
    "day": 14,
    "hour": 12,
    "minute": 55,
    "temp": [
        27.25,
        27.240909090909092,
        27.25,
        27.25,
        27.295454545454525
    ],
    "tds": [
        1386.0606060606053,
        1382.5087878787888,
        1374.1168750000004,
        1377.2330303030305,
        1379.1736363636367
    ],
    "ph": [
        6.117878787878789,
        6.100303030303031,
        6.069687499999999,
        5.990303030303029,
        6.009090909090907
    ],
    "ntu": [
        3000.0,
        3000.0,
        3000.0,
        3000.0,
        3000.0
    ],
    "temp_avg": 27.257272727272728,
    "tds_avg": 1379.8185871212122,
    "ph_avg": 6.057452651515151,
    "ntu_avg": 3000.0
}