{
    "year": 2021,
    "month": 4,
    "day": 26,
    "hour": 11,
    "minute": 0,
    "temp": [
        26.73521739130436,
        26.729718309859166,
        26.727183098591567,
        26.714857142857166,
        26.719577464788753
    ],
    "ntu": [
        452.7971014492754,
        439.056338028169,
        436.38028169014086,
        431.6,
        425.7042253521127
    ],
    "temp_avg": 26.725310681480202,
    "ntu_avg": 437.10758930393956
}