{
    "year": 2021,
    "month": 4,
    "day": 21,
    "hour": 6,
    "minute": 15,
    "temp": [
        29.0,
        29.00545454545454,
        29.058124999999976,
        29.059999999999974,
        29.09454545454545
    ],
    "tds": [
        1263.9000000000008,
        1263.7278787878793,
        1261.2375,
        1261.06,
        1259.6878787878793
    ],
    "ph": [
        4.943636363636364,
        4.9254545454545475,
        4.9078125,
        4.944848484848485,
        4.958181818181815
    ],
    "ntu": [
        3000.0,
        3000.0,
        3000.0,
        3000.0,
        3000.0
    ],
    "temp_avg": 29.043624999999984,
    "tds_avg": 1261.922651515152,
    "ph_avg": 4.935986742424243,
    "ntu_avg": 3000.0
}