{
    "year": 2021,
    "month": 4,
    "day": 15,
    "hour": 0,
    "minute": 15,
    "temp": [
        28.935625000000023,
        28.87424242424243,
        28.87,
        28.866249999999997,
        28.811818181818158
    ],
    "tds": [
        1239.9706249999995,
        1242.1530303030306,
        1242.4900000000002,
        1244.1012500000006,
        1249.6096969696964
    ],
    "ph": [
        5.030625000000001,
        4.949696969696968,
        4.841212121212122,
        4.767499999999999,
        4.645757575757574
    ],
    "ntu": [
        3000.0,
        3000.0,
        3000.0,
        3000.0,
        3000.0
    ],
    "temp_avg": 28.871587121212123,
    "tds_avg": 1243.6649204545456,
    "ph_avg": 4.846958333333333,
    "ntu_avg": 3000.0
}