{
    "year": 2021,
    "month": 4,
    "day": 26,
    "hour": 1,
    "minute": 56,
    "temp": [
        26.701142857142887,
        26.70098591549299,
        26.695915492957784,
        26.696000000000037,
        26.73901408450705
    ],
    "ntu": [
        -5.9714285714285715,
        -6.028169014084507,
        -6.014084507042254,
        -6.014285714285714,
        616.8450704225352
    ],
    "temp_avg": 26.706611670020152,
    "ntu_avg": 118.56342052313883
}