{
    "year": 2021,
    "month": 4,
    "day": 13,
    "hour": 12,
    "minute": 40,
    "temp": [
        28.25,
        28.222727272727287,
        28.190000000000023,
        28.16812500000001,
        28.12
    ],
    "tds": [
        0.0,
        0.0,
        0.0,
        0.0,
        0.0
    ],
    "ph": [
        0.0,
        0.0,
        0.0,
        0.0,
        0.0
    ],
    "ntu": [
        3000.0,
        3000.0,
        3000.0,
        3000.0,
        3000.0
    ],
    "temp_avg": 28.190170454545466,
    "tds_avg": 0.0,
    "ph_avg": 0.0,
    "ntu_avg": 3000.0
}