{
    "year": 2021,
    "month": 4,
    "day": 20,
    "hour": 17,
    "minute": 20,
    "temp": [
        28.07090909090908,
        28.12,
        28.17687500000002,
        28.190000000000023,
        28.242727272727272
    ],
    "tds": [
        1297.8027272727268,
        1295.5299999999995,
        1293.1940625000004,
        1292.5400000000006,
        1289.921818181818
    ],
    "ph": [
        4.8042424242424255,
        4.8124242424242425,
        4.882812500000001,
        4.86969696969697,
        4.886666666666666
    ],
    "ntu": [
        3000.0,
        3000.0,
        3000.0,
        3000.0,
        3000.0
    ],
    "temp_avg": 28.16010227272728,
    "tds_avg": 1293.797721590909,
    "ph_avg": 4.851168560606061,
    "ntu_avg": 3000.0
}