{
    "year": 2021,
    "month": 4,
    "day": 16,
    "hour": 7,
    "minute": 20,
    "temp": [
        27.75,
        27.75,
        27.75,
        27.75,
        27.75
    ],
    "tds": [
        1243.37,
        1226.9833333333331,
        1220.5439393939396,
        1216.19,
        1211.7099999999994
    ],
    "ph": [
        6.657187500000001,
        6.532727272727272,
        6.546666666666667,
        6.525624999999998,
        6.535151515151517
    ],
    "ntu": [
        3000.0,
        3000.0,
        3000.0,
        3000.0,
        3000.0
    ],
    "temp_avg": 27.75,
    "tds_avg": 1223.7594545454544,
    "ph_avg": 6.559471590909091,
    "ntu_avg": 3000.0
}