{
    "year": 2021,
    "month": 4,
    "day": 20,
    "hour": 7,
    "minute": 15,
    "temp": [
        27.35181818181818,
        27.384848484848497,
        27.445625000000017,
        27.49818181818182,
        27.554545454545433
    ],
    "tds": [
        1336.665454545455,
        1336.1745454545455,
        1334.0124999999996,
        1330.954848484849,
        1327.7100000000007
    ],
    "ph": [
        1.5857575757575757,
        1.656363636363636,
        1.7315624999999997,
        1.7906060606060603,
        1.8078787878787879
    ],
    "ntu": [
        3000.0,
        3000.0,
        3000.0,
        3000.0,
        3000.0
    ],
    "temp_avg": 27.447003787878792,
    "tds_avg": 1333.10346969697,
    "ph_avg": 1.7144337121212119,
    "ntu_avg": 3000.0
}