{
    "year": 2021,
    "month": 4,
    "day": 12,
    "hour": 23,
    "minute": 35,
    "temp": [
        27.614375000000003,
        27.664545454545475,
        27.690000000000023,
        27.75,
        27.80090909090907
    ],
    "tds": [
        842.7837499999997,
        795.7133333333334,
        741.7090909090907,
        769.1874999999999,
        765.3451515151518
    ],
    "ph": [
        0.0,
        0.0,
        0.0,
        0.0,
        0.0
    ],
    "ntu": [
        3000.0,
        3000.0,
        3000.0,
        3000.0,
        3000.0
    ],
    "temp_avg": 27.703965909090915,
    "tds_avg": 782.9477651515151,
    "ph_avg": 0.0,
    "ntu_avg": 3000.0
}