{
    "year": 2021,
    "month": 4,
    "day": 11,
    "hour": 14,
    "minute": 50,
    "temp": [
        29.940000000000026,
        29.940000000000026,
        29.940000000000026,
        29.940000000000026,
        29.985
    ],
    "tds": [
        1170.7421875000005,
        1171.0212121212128,
        1171.524242424243,
        1171.6500000000008,
        1169.7750000000005
    ],
    "ph": [
        6.363125000000002,
        6.38242424242424,
        6.376666666666665,
        6.367500000000003,
        6.366562500000001
    ],
    "ntu": [
        3000.0,
        3000.0,
        3000.0,
        3000.0,
        3000.0
    ],
    "temp_avg": 29.949000000000023,
    "tds_avg": 1170.9425284090917,
    "ph_avg": 6.371255681818182,
    "ntu_avg": 3000.0
}