{
    "year": 2021,
    "month": 4,
    "day": 25,
    "hour": 19,
    "minute": 40,
    "temp": [
        26.86999999999995,
        26.86999999999995,
        26.86999999999995,
        26.86999999999995,
        26.86999999999995
    ],
    "ntu": [
        553.7285714285714,
        544.7887323943662,
        549.1971830985915,
        555.3714285714286,
        562.112676056338
    ],
    "temp_avg": 26.869999999999955,
    "ntu_avg": 553.0397183098592
}