{
    "year": 2021,
    "month": 4,
    "day": 24,
    "hour": 18,
    "minute": 20,
    "temp": [
        30.022112676056288,
        30.085352112676023,
        30.003428571428568,
        29.939014084507082,
        29.870142857142802
    ],
    "ntu": [
        469.0422535211268,
        471.5633802816901,
        471.2142857142857,
        470.0845070422535,
        468.5857142857143
    ],
    "temp_avg": 29.984010060362152,
    "ntu_avg": 470.0980281690141
}