{
    "year": 2021,
    "month": 4,
    "day": 5,
    "hour": 10,
    "minute": 45,
    "temp": [
        25.5,
        25.44,
        25.44,
        25.44,
        25.44
    ],
    "tds": [
        0.0,
        1196.42,
        0.0,
        0.0,
        0.0
    ],
    "ph": [
        0.15,
        5.93,
        0.16,
        0.16,
        0.15
    ],
    "ntu": [
        3000.0,
        3000.0,
        3000.0,
        3000.0,
        3000.0
    ],
    "temp_avg": 25.451999999999998,
    "tds_avg": 239.28400000000002,
    "ph_avg": 1.31,
    "ntu_avg": 3000.0
}