{
    "year": 2021,
    "month": 4,
    "day": 13,
    "hour": 8,
    "minute": 15,
    "temp": [
        29.559999999999974,
        29.60875,
        29.62,
        29.656060606060628,
        29.690000000000026
    ],
    "tds": [
        239.62939393939408,
        217.72124999999994,
        207.23181818181808,
        207.74969696969697,
        244.56499999999997
    ],
    "ph": [
        0.0,
        0.0,
        0.0,
        0.0,
        0.0
    ],
    "ntu": [
        3000.0,
        3000.0,
        3000.0,
        3000.0,
        3000.0
    ],
    "temp_avg": 29.626962121212124,
    "tds_avg": 223.3794318181818,
    "ph_avg": 0.0,
    "ntu_avg": 3000.0
}