{
    "year": 2021,
    "month": 4,
    "day": 21,
    "hour": 0,
    "minute": 30,
    "temp": [
        27.5,
        27.48909090909092,
        27.443636363636386,
        27.440000000000023,
        27.433636363636385
    ],
    "tds": [
        1135.2400000000005,
        1135.5442424242426,
        1137.6739393939392,
        1137.75,
        1137.9799999999998
    ],
    "ph": [
        4.171562499999999,
        4.2769696969696955,
        4.3930303030303035,
        4.481249999999999,
        4.531515151515153
    ],
    "ntu": [
        3000.0,
        3000.0,
        3000.0,
        3000.0,
        3000.0
    ],
    "temp_avg": 27.461272727272746,
    "tds_avg": 1136.8376363636364,
    "ph_avg": 4.37086553030303,
    "ntu_avg": 3000.0
}