{
    "year": 2021,
    "month": 4,
    "day": 13,
    "hour": 20,
    "minute": 45,
    "temp": [
        27.322727272727263,
        27.372121212121215,
        27.43781250000002,
        27.494545454545452,
        27.519999999999982
    ],
    "tds": [
        1334.679393939394,
        1330.8366666666666,
        1325.6393749999997,
        1324.684545454545,
        1320.6100000000001
    ],
    "ph": [
        1.4400000000000002,
        1.305151515151515,
        1.198125,
        1.2333333333333332,
        1.4375757575757573
    ],
    "ntu": [
        3000.0,
        3000.0,
        3000.0,
        3000.0,
        3000.0
    ],
    "temp_avg": 27.429441287878785,
    "tds_avg": 1327.2899962121214,
    "ph_avg": 1.3228371212121213,
    "ntu_avg": 3000.0
}