{
    "year": 2021,
    "month": 4,
    "day": 9,
    "hour": 22,
    "minute": 20,
    "temp": [
        29.559999999999974,
        29.505625000000002,
        29.48545454545456,
        29.440000000000026,
        29.391875000000002
    ],
    "tds": [
        1062.5006060606065,
        1064.0231250000002,
        1064.8933333333334,
        1077.734848484849,
        1077.3968749999995
    ],
    "ph": [
        4.171818181818182,
        4.2128125,
        4.211818181818184,
        4.040606060606062,
        3.9181250000000003
    ],
    "ntu": [
        3000.0,
        3000.0,
        3000.0,
        3000.0,
        3000.0
    ],
    "temp_avg": 29.476590909090913,
    "tds_avg": 1069.3097575757579,
    "ph_avg": 4.111035984848486,
    "ntu_avg": 3000.0
}