{
    "year": 2021,
    "month": 4,
    "day": 20,
    "hour": 11,
    "minute": 45,
    "temp": [
        27.668787878787896,
        27.62,
        27.62,
        27.62,
        27.62
    ],
    "tds": [
        1145.5599999999995,
        1147.0118749999992,
        1147.1699999999992,
        1147.1699999999992,
        1147.1699999999992
    ],
    "ph": [
        4.407575757575758,
        4.411874999999998,
        4.410909090909089,
        4.432424242424242,
        4.443749999999999
    ],
    "ntu": [
        3000.0,
        3000.0,
        3000.0,
        3000.0,
        3000.0
    ],
    "temp_avg": 27.629757575757584,
    "tds_avg": 1146.8163749999992,
    "ph_avg": 4.421306818181817,
    "ntu_avg": 3000.0
}