{
    "year": 2021,
    "month": 4,
    "day": 11,
    "hour": 11,
    "minute": 20,
    "temp": [
        29.992727272727272,
        30.0,
        30.0,
        30.0,
        30.0
    ],
    "tds": [
        1035.7633333333335,
        1035.7000000000005,
        1034.3545454545456,
        1033.6818181818185,
        1033.1562500000002
    ],
    "ph": [
        5.961818181818183,
        6.014374999999999,
        6.104545454545455,
        6.101515151515153,
        6.154374999999998
    ],
    "ntu": [
        3000.0,
        3000.0,
        3000.0,
        3000.0,
        3000.0
    ],
    "temp_avg": 29.998545454545457,
    "tds_avg": 1034.5311893939397,
    "ph_avg": 6.067325757575758,
    "ntu_avg": 3000.0
}