{
    "year": 2021,
    "month": 4,
    "day": 10,
    "hour": 14,
    "minute": 50,
    "temp": [
        28.99625,
        29.01272727272726,
        29.059999999999974,
        29.0975,
        29.12
    ],
    "tds": [
        1224.0865625000006,
        1224.1221212121209,
        1223.6166666666663,
        1223.5190624999998,
        1218.25
    ],
    "ph": [
        5.047500000000001,
        5.118181818181817,
        5.1457575757575755,
        5.164374999999999,
        5.167878787878787
    ],
    "ntu": [
        3000.0,
        3000.0,
        3000.0,
        3000.0,
        3000.0
    ],
    "temp_avg": 29.057295454545446,
    "tds_avg": 1222.7188825757576,
    "ph_avg": 5.128738636363637,
    "ntu_avg": 3000.0
}