{
    "year": 2021,
    "month": 4,
    "day": 20,
    "hour": 14,
    "minute": 55,
    "temp": [
        29.690000000000026,
        29.647575757575762,
        29.62,
        29.59636363636362,
        29.559999999999974
    ],
    "tds": [
        1061.4199999999992,
        1062.747272727273,
        1063.6100000000004,
        1064.2736363636366,
        1065.7999999999997
    ],
    "ph": [
        5.17939393939394,
        5.19,
        5.220312500000001,
        5.208484848484848,
        5.210606060606059
    ],
    "ntu": [
        3000.0,
        3000.0,
        3000.0,
        3000.0,
        3000.0
    ],
    "temp_avg": 29.622787878787882,
    "tds_avg": 1063.5701818181817,
    "ph_avg": 5.201759469696969,
    "ntu_avg": 3000.0
}