{
    "year": 2021,
    "month": 4,
    "day": 9,
    "hour": 16,
    "minute": 15,
    "temp": [
        27.65281250000002,
        27.70454545454547,
        27.75,
        27.791249999999977,
        27.809999999999977
    ],
    "tds": [
        1294.3156250000006,
        1292.3545454545463,
        1289.9000000000008,
        1283.6849999999997,
        1274.669696969698
    ],
    "ph": [
        5.302812500000002,
        5.320000000000001,
        5.277575757575758,
        5.2037499999999985,
        5.263636363636366
    ],
    "ntu": [
        3000.0,
        3000.0,
        3000.0,
        3000.0,
        3000.0
    ],
    "temp_avg": 27.741721590909087,
    "tds_avg": 1286.984973484849,
    "ph_avg": 5.273554924242425,
    "ntu_avg": 3000.0
}