{
    "year": 2021,
    "month": 4,
    "day": 26,
    "hour": 9,
    "minute": 40,
    "temp": [
        26.724647887323968,
        26.72428571428573,
        26.714507042253544,
        26.723428571428588,
        26.70774647887327
    ],
    "ntu": [
        477.1830985915493,
        489.8285714285714,
        496.80281690140845,
        501.3285714285714,
        505.32394366197184
    ],
    "temp_avg": 26.71892313883302,
    "ntu_avg": 494.0934004024145
}