{
    "year": 2021,
    "month": 4,
    "day": 23,
    "hour": 3,
    "minute": 10,
    "temp": [
        28.174406779661048,
        28.163166666666648,
        28.081355932203355,
        28.019,
        27.954237288135626
    ],
    "ntu": [
        1706.578305084746,
        1650.272833333333,
        1638.3457627118644,
        1648.5681666666667,
        1630.3744067796604
    ],
    "temp_avg": 28.078433333333333,
    "ntu_avg": 1654.827894915254
}