{
    "year": 2021,
    "month": 4,
    "day": 10,
    "hour": 20,
    "minute": 35,
    "temp": [
        27.559999999999977,
        27.55624999999998,
        27.503636363636364,
        27.5,
        27.47000000000002
    ],
    "tds": [
        1128.5299999999995,
        1128.7634374999996,
        1130.7936363636363,
        1128.9787878787881,
        1132.42625
    ],
    "ph": [
        5.755151515151517,
        5.752812499999999,
        5.731818181818183,
        5.765757575757576,
        5.760625000000001
    ],
    "ntu": [
        3000.0,
        3000.0,
        3000.0,
        3000.0,
        3000.0
    ],
    "temp_avg": 27.51797727272727,
    "tds_avg": 1129.8984223484847,
    "ph_avg": 5.753232954545455,
    "ntu_avg": 3000.0
}