{
    "year": 2021,
    "month": 4,
    "day": 13,
    "hour": 16,
    "minute": 0,
    "temp": [
        28.0,
        27.99454545454546,
        27.943636363636386,
        27.940000000000023,
        27.910303030303037
    ],
    "tds": [
        0.0,
        0.0,
        0.0,
        0.0,
        0.0
    ],
    "ph": [
        0.0,
        0.0,
        0.0,
        0.0,
        0.0
    ],
    "ntu": [
        3000.0,
        3000.0,
        3000.0,
        3000.0,
        3000.0
    ],
    "temp_avg": 27.95769696969698,
    "tds_avg": 0.0,
    "ph_avg": 0.0,
    "ntu_avg": 3000.0
}