{
    "year": 2021,
    "month": 4,
    "day": 12,
    "hour": 2,
    "minute": 0,
    "temp": [
        25.75,
        25.75181818181818,
        25.75,
        25.759090909090904,
        25.76999999999999
    ],
    "tds": [
        1377.4700000000005,
        1375.259696969697,
        1374.3274999999999,
        1372.3227272727272,
        1373.3290909090902
    ],
    "ph": [
        7.246969696969697,
        7.221212121212122,
        7.2846875,
        7.245151515151514,
        7.252727272727272
    ],
    "ntu": [
        3000.0,
        3000.0,
        3000.0,
        3000.0,
        3000.0
    ],
    "temp_avg": 25.756181818181812,
    "tds_avg": 1374.541803030303,
    "ph_avg": 7.250149621212121,
    "ntu_avg": 3000.0
}