{
    "year": 2021,
    "month": 4,
    "day": 15,
    "hour": 0,
    "minute": 5,
    "temp": [
        29.13272727272728,
        29.12,
        29.118181818181817,
        29.0672727272727,
        29.059999999999974
    ],
    "tds": [
        1230.9536363636362,
        1231.4499999999998,
        1231.6990909090912,
        1233.9924242424245,
        1234.19
    ],
    "ph": [
        5.458787878787878,
        5.3665625000000015,
        5.28939393939394,
        5.1845454545454555,
        5.174687499999999
    ],
    "ntu": [
        3000.0,
        3000.0,
        3000.0,
        3000.0,
        3000.0
    ],
    "temp_avg": 29.099636363636353,
    "tds_avg": 1232.4570303030305,
    "ph_avg": 5.294795454545455,
    "ntu_avg": 3000.0
}