{
    "year": 2021,
    "month": 4,
    "day": 9,
    "hour": 0,
    "minute": 30,
    "temp": [
        27.62,
        27.593749999999982,
        27.559999999999977,
        27.559999999999977,
        27.509375
    ],
    "tds": [
        1339.43,
        1344.7653125000004,
        1344.2533333333338,
        1343.7524242424247,
        1355.1062499999996
    ],
    "ph": [
        3.680303030303031,
        3.6624999999999996,
        3.6406060606060615,
        3.6230303030303044,
        3.7328124999999988
    ],
    "ntu": [
        3000.0,
        3000.0,
        3000.0,
        3000.0,
        3000.0
    ],
    "temp_avg": 27.568624999999987,
    "tds_avg": 1345.4614640151517,
    "ph_avg": 3.667850378787879,
    "ntu_avg": 3000.0
}