{
    "year": 2021,
    "month": 4,
    "day": 11,
    "hour": 13,
    "minute": 30,
    "temp": [
        27.020000000000003,
        27.0,
        26.99818181818182,
        26.99818181818182,
        26.98687500000001
    ],
    "tds": [
        1146.0754545454542,
        1147.0099999999995,
        1147.0099999999995,
        1268.2306060606059,
        1303.4256249999996
    ],
    "ph": [
        6.241212121212119,
        6.261562500000001,
        6.2263636363636365,
        6.278787878787881,
        6.394374999999999
    ],
    "ntu": [
        3000.0,
        3000.0,
        3000.0,
        3000.0,
        3000.0
    ],
    "temp_avg": 27.000647727272728,
    "tds_avg": 1202.3503371212119,
    "ph_avg": 6.2804602272727275,
    "ntu_avg": 3000.0
}