{
    "year": 2021,
    "month": 4,
    "day": 14,
    "hour": 4,
    "minute": 30,
    "temp": [
        27.122121212121215,
        27.160303030303055,
        27.190000000000023,
        27.210000000000008,
        27.25
    ],
    "tds": [
        1318.060303030303,
        1319.7687878787874,
        1321.2528125,
        1314.289090909091,
        1309.4700000000005
    ],
    "ph": [
        4.93878787878788,
        4.8987878787878785,
        4.8934375,
        4.94121212121212,
        4.843030303030304
    ],
    "ntu": [
        3000.0,
        3000.0,
        3000.0,
        3000.0,
        3000.0
    ],
    "temp_avg": 27.18648484848486,
    "tds_avg": 1316.5681988636363,
    "ph_avg": 4.903051136363636,
    "ntu_avg": 3000.0
}