{
    "year": 2021,
    "month": 4,
    "day": 8,
    "hour": 4,
    "minute": 13,
    "temp": [
        25.44,
        24.81,
        25.5,
        24.87,
        24.87
    ],
    "tds": [
        1432.38,
        1469.58,
        1428.76,
        1463.96,
        1460.18
    ],
    "ph": [
        0.0,
        0.0,
        0.0,
        0.0,
        0.0
    ],
    "ntu": [
        3000.0,
        3000.0,
        3000.0,
        3000.0,
        3000.0
    ],
    "temp_avg": 25.098000000000003,
    "tds_avg": 1450.9720000000002,
    "ph_avg": 0.0,
    "ntu_avg": 3000.0
}