{
    "year": 2021,
    "month": 4,
    "day": 21,
    "hour": 13,
    "minute": 5,
    "temp": [
        28.25,
        28.213636363636386,
        28.190000000000023,
        28.190000000000023,
        28.190000000000023
    ],
    "tds": [
        1110.0099999999995,
        1111.313636363637,
        1112.4000000000005,
        1112.4000000000005,
        1112.473030303031
    ],
    "ph": [
        6.601515151515151,
        6.713636363636361,
        6.6190625,
        6.647575757575757,
        6.643030303030301
    ],
    "ntu": [
        3000.0,
        3000.0,
        3000.0,
        3000.0,
        3000.0
    ],
    "temp_avg": 28.20672727272729,
    "tds_avg": 1111.719333333334,
    "ph_avg": 6.644964015151514,
    "ntu_avg": 3000.0
}