{
    "year": 2021,
    "month": 4,
    "day": 14,
    "hour": 11,
    "minute": 45,
    "temp": [
        27.872187500000003,
        27.87,
        27.862727272727266,
        27.819374999999976,
        27.809999999999977
    ],
    "tds": [
        1154.0400000000006,
        1154.1693939393945,
        1154.2718181818186,
        1155.9271875,
        1161.0148484848482
    ],
    "ph": [
        4.592500000000001,
        4.24,
        4.258484848484848,
        4.271875000000001,
        4.277575757575757
    ],
    "ntu": [
        3000.0,
        3000.0,
        3000.0,
        3000.0,
        3000.0
    ],
    "temp_avg": 27.84685795454545,
    "tds_avg": 1155.8846496212125,
    "ph_avg": 4.328087121212122,
    "ntu_avg": 3000.0
}