{
    "year": 2021,
    "month": 4,
    "day": 10,
    "hour": 19,
    "minute": 45,
    "temp": [
        29.059999999999974,
        29.045454545454533,
        29.0,
        28.970909090909114,
        28.940000000000026
    ],
    "tds": [
        1071.9500000000003,
        1072.6966666666667,
        1074.1899999999996,
        1075.2809090909088,
        1076.4399999999996
    ],
    "ph": [
        5.609393939393938,
        5.667878787878786,
        5.726562499999999,
        5.67848484848485,
        5.7351515151515144
    ],
    "ntu": [
        3000.0,
        3000.0,
        3000.0,
        3000.0,
        3000.0
    ],
    "temp_avg": 29.00327272727273,
    "tds_avg": 1074.111515151515,
    "ph_avg": 5.683494318181817,
    "ntu_avg": 3000.0
}