{
    "year": 2021,
    "month": 4,
    "day": 11,
    "hour": 14,
    "minute": 30,
    "temp": [
        29.311818181818158,
        29.37,
        29.38093750000001,
        29.440000000000026,
        29.467272727272732
    ],
    "tds": [
        1192.8330303030307,
        1190.4000000000008,
        1189.9143750000005,
        1187.1660606060607,
        1182.7842424242426
    ],
    "ph": [
        6.380303030303028,
        6.366875000000002,
        6.362812500000001,
        6.390909090909089,
        6.336969696969698
    ],
    "ntu": [
        3000.0,
        3000.0,
        3000.0,
        3000.0,
        3000.0
    ],
    "temp_avg": 29.394005681818186,
    "tds_avg": 1188.619541666667,
    "ph_avg": 6.3675738636363635,
    "ntu_avg": 3000.0
}