{
    "year": 2021,
    "month": 4,
    "day": 16,
    "hour": 5,
    "minute": 5,
    "temp": [
        27.748125,
        27.74818181818182,
        27.75,
        27.744375000000005,
        27.740909090909096
    ],
    "tds": [
        1241.5137499999998,
        1245.4000000000003,
        1245.626363636363,
        1254.2612500000002,
        1258.5112121212128
    ],
    "ph": [
        6.998124999999999,
        6.992424242424241,
        6.998181818181817,
        6.940625,
        6.95969696969697
    ],
    "ntu": [
        3000.0,
        3000.0,
        3000.0,
        3000.0,
        3000.0
    ],
    "temp_avg": 27.746318181818186,
    "tds_avg": 1249.0625151515153,
    "ph_avg": 6.977810606060605,
    "ntu_avg": 3000.0
}