{
    "year": 2021,
    "month": 4,
    "day": 16,
    "hour": 8,
    "minute": 55,
    "temp": [
        29.19562500000002,
        29.23909090909091,
        29.25181818181818,
        29.279999999999987,
        29.309999999999974
    ],
    "tds": [
        1163.2103124999999,
        1158.323030303031,
        1162.6493939393938,
        1169.3618749999996,
        1172.4948484848478
    ],
    "ph": [
        6.846875000000001,
        6.868484848484848,
        6.883030303030303,
        6.845625000000002,
        6.94848484848485
    ],
    "ntu": [
        3000.0,
        3000.0,
        3000.0,
        3000.0,
        3000.0
    ],
    "temp_avg": 29.255306818181815,
    "tds_avg": 1165.2078920454544,
    "ph_avg": 6.878500000000001,
    "ntu_avg": 3000.0
}