{
    "year": 2021,
    "month": 4,
    "day": 10,
    "hour": 0,
    "minute": 30,
    "temp": [
        25.55999999999998,
        25.55090909090908,
        25.503636363636364,
        25.5,
        25.49625
    ],
    "tds": [
        1409.0299999999995,
        1409.890606060606,
        1412.1496969696982,
        1412.580000000001,
        1412.691562500001
    ],
    "ph": [
        4.102121212121212,
        4.134242424242425,
        4.168787878787879,
        4.195454545454546,
        4.1409375000000015
    ],
    "ntu": [
        3000.0,
        3000.0,
        3000.0,
        3000.0,
        3000.0
    ],
    "temp_avg": 25.522159090909085,
    "tds_avg": 1411.268373106061,
    "ph_avg": 4.148308712121212,
    "ntu_avg": 3000.0
}