{
    "year": 2021,
    "month": 4,
    "day": 12,
    "hour": 22,
    "minute": 25,
    "temp": [
        28.059999999999977,
        28.059999999999977,
        28.02181818181818,
        28.0,
        28.0
    ],
    "tds": [
        526.7966666666667,
        0.0,
        741.3745454545456,
        6.676969696969696,
        0.0
    ],
    "ph": [
        0.0,
        0.0,
        0.0,
        0.0,
        0.0
    ],
    "ntu": [
        3000.0,
        3000.0,
        3000.0,
        3000.0,
        3000.0
    ],
    "temp_avg": 28.02836363636363,
    "tds_avg": 254.9696363636364,
    "ph_avg": 0.0,
    "ntu_avg": 3000.0
}