{
    "year": 2021,
    "month": 4,
    "day": 12,
    "hour": 14,
    "minute": 5,
    "temp": [
        24.37,
        24.37,
        24.37,
        24.37,
        24.37
    ],
    "tds": [
        1439.8072727272718,
        1439.919999999999,
        1438.569696969696,
        1435.7003030303022,
        1436.2646874999991
    ],
    "ph": [
        3.656666666666668,
        3.6446875000000016,
        3.6124242424242423,
        3.5751515151515134,
        3.583749999999999
    ],
    "ntu": [
        3000.0,
        3000.0,
        3000.0,
        3000.0,
        3000.0
    ],
    "temp_avg": 24.37,
    "tds_avg": 1438.0523920454536,
    "ph_avg": 3.614535984848485,
    "ntu_avg": 3000.0
}