{
    "year": 2021,
    "month": 4,
    "day": 20,
    "hour": 3,
    "minute": 40,
    "temp": [
        28.103636363636365,
        28.15606060606063,
        28.20312500000001,
        28.25545454545454,
        28.31181818181816
    ],
    "tds": [
        1296.2572727272723,
        1293.7178787878793,
        1291.60875,
        1289.2012121212122,
        1286.5999999999992
    ],
    "ph": [
        2.178787878787879,
        2.2118181818181815,
        2.2809375,
        2.2333333333333334,
        2.257878787878788
    ],
    "ntu": [
        3000.0,
        3000.0,
        3000.0,
        3000.0,
        3000.0
    ],
    "temp_avg": 28.206018939393942,
    "tds_avg": 1291.4770227272725,
    "ph_avg": 2.232551136363637,
    "ntu_avg": 3000.0
}