{
    "year": 2021,
    "month": 4,
    "day": 9,
    "hour": 19,
    "minute": 0,
    "temp": [
        28.59749999999998,
        28.559999999999974,
        28.529090909090904,
        28.5,
        28.461818181818206
    ],
    "tds": [
        1095.7137499999997,
        1098.1699999999992,
        1103.415757575758,
        1102.035,
        1103.903333333333
    ],
    "ph": [
        4.57625,
        4.390606060606061,
        4.515151515151516,
        4.569375,
        4.673030303030303
    ],
    "ntu": [
        3000.0,
        3000.0,
        3000.0,
        3000.0,
        3000.0
    ],
    "temp_avg": 28.529681818181814,
    "tds_avg": 1100.6475681818179,
    "ph_avg": 4.544882575757575,
    "ntu_avg": 3000.0
}