{
    "year": 2021,
    "month": 4,
    "day": 13,
    "hour": 22,
    "minute": 20,
    "temp": [
        29.25,
        29.224545454545478,
        29.190000000000026,
        29.190000000000026,
        29.14545454545455
    ],
    "tds": [
        1069.7278787878784,
        1073.0963636363633,
        1063.6199999999994,
        1063.6872727272723,
        1069.0433333333326
    ],
    "ph": [
        1.9518181818181812,
        1.9430303030303027,
        2.3434375,
        2.047575757575758,
        1.632121212121212
    ],
    "ntu": [
        3000.0,
        3000.0,
        3000.0,
        3000.0,
        3000.0
    ],
    "temp_avg": 29.200000000000017,
    "tds_avg": 1067.8349696969694,
    "ph_avg": 1.983596590909091,
    "ntu_avg": 3000.0
}