{
    "year": 2021,
    "month": 4,
    "day": 20,
    "hour": 12,
    "minute": 5,
    "temp": [
        27.440000000000023,
        27.440000000000023,
        27.440000000000023,
        27.43787878787881,
        27.414545454545472
    ],
    "tds": [
        1150.55,
        1150.55,
        1150.55,
        1150.7051515151513,
        1151.4536363636362
    ],
    "ph": [
        4.5978787878787895,
        4.5639393939393935,
        4.570312500000002,
        4.575454545454546,
        4.533636363636363
    ],
    "ntu": [
        3000.0,
        3000.0,
        3000.0,
        3000.0,
        3000.0
    ],
    "temp_avg": 27.434484848484868,
    "tds_avg": 1150.7617575757574,
    "ph_avg": 4.568244318181819,
    "ntu_avg": 3000.0
}