{
    "year": 2021,
    "month": 4,
    "day": 16,
    "hour": 8,
    "minute": 15,
    "temp": [
        27.809999999999977,
        27.809999999999977,
        27.809999999999977,
        27.809999999999977,
        27.809999999999977
    ],
    "tds": [
        1231.44,
        1228.152727272727,
        1226.9199999999992,
        1224.3831250000005,
        1222.4100000000005
    ],
    "ph": [
        6.715454545454547,
        6.6921212121212115,
        6.691515151515149,
        6.709999999999999,
        6.6945454545454535
    ],
    "ntu": [
        3000.0,
        3000.0,
        3000.0,
        3000.0,
        3000.0
    ],
    "temp_avg": 27.80999999999998,
    "tds_avg": 1226.6611704545453,
    "ph_avg": 6.700727272727272,
    "ntu_avg": 3000.0
}