{
    "year": 2021,
    "month": 4,
    "day": 14,
    "hour": 0,
    "minute": 10,
    "temp": [
        27.025454545454537,
        27.0,
        27.0,
        26.99818181818182,
        26.989090909090915
    ],
    "tds": [
        1167.47,
        1154.4927272727282,
        1154.5775000000003,
        1222.494545454546,
        1362.9742424242422
    ],
    "ph": [
        3.6742424242424243,
        4.0606060606060606,
        4.399375,
        4.506363636363637,
        4.703333333333332
    ],
    "ntu": [
        3000.0,
        3000.0,
        3000.0,
        3000.0,
        3000.0
    ],
    "temp_avg": 27.00254545454545,
    "tds_avg": 1212.4018030303034,
    "ph_avg": 4.268784090909091,
    "ntu_avg": 3000.0
}