{
    "year": 2021,
    "month": 4,
    "day": 14,
    "hour": 3,
    "minute": 0,
    "temp": [
        28.940000000000026,
        28.8869696969697,
        28.87,
        28.823124999999976,
        28.809999999999974
    ],
    "tds": [
        1100.2000000000003,
        1102.2475757575753,
        1102.5299999999995,
        1104.2925000000005,
        1106.83393939394
    ],
    "ph": [
        4.3390625,
        4.317878787878787,
        4.3060606060606075,
        4.298437500000001,
        4.289393939393941
    ],
    "ntu": [
        3000.0,
        3000.0,
        3000.0,
        3000.0,
        3000.0
    ],
    "temp_avg": 28.86601893939394,
    "tds_avg": 1103.2208030303032,
    "ph_avg": 4.310166666666667,
    "ntu_avg": 3000.0
}