{
    "year": 2021,
    "month": 4,
    "day": 20,
    "hour": 20,
    "minute": 50,
    "temp": [
        27.12,
        27.098181818181803,
        27.061818181818158,
        27.059999999999977,
        27.02909090909091
    ],
    "tds": [
        1152.2450000000003,
        1151.6900000000003,
        1153.3103030303034,
        1157.4000000000005,
        1158.902727272727
    ],
    "ph": [
        4.653124999999999,
        4.639696969696969,
        4.633030303030304,
        4.5640625,
        4.550000000000001
    ],
    "ntu": [
        3000.0,
        3000.0,
        3000.0,
        3000.0,
        3000.0
    ],
    "temp_avg": 27.073818181818172,
    "tds_avg": 1154.7096060606063,
    "ph_avg": 4.607982954545455,
    "ntu_avg": 3000.0
}