{
    "year": 2021,
    "month": 4,
    "day": 20,
    "hour": 0,
    "minute": 5,
    "temp": [
        29.246363636363636,
        29.24625,
        29.25,
        29.2118181818182,
        29.191875000000024
    ],
    "tds": [
        1236.9578787878788,
        1235.0678125,
        1234.8933333333332,
        1236.6433333333332,
        1237.56
    ],
    "ph": [
        3.2057575757575747,
        3.2309374999999987,
        3.276969696969698,
        3.2660606060606066,
        3.2624999999999993
    ],
    "ntu": [
        3000.0,
        3000.0,
        3000.0,
        3000.0,
        3000.0
    ],
    "temp_avg": 29.229261363636375,
    "tds_avg": 1236.2244715909092,
    "ph_avg": 3.248445075757575,
    "ntu_avg": 3000.0
}