{
    "year": 2021,
    "month": 4,
    "day": 23,
    "hour": 8,
    "minute": 35,
    "temp": [
        28.743833333333306,
        28.73983050847459,
        28.62849999999996,
        28.552881355932172,
        28.494000000000007
    ],
    "ntu": [
        1747.220666666666,
        1690.2452542372876,
        1710.4431666666665,
        1730.7923728813564,
        1718.3113333333329
    ],
    "temp_avg": 28.631809039548006,
    "ntu_avg": 1719.402558757062
}