{
    "year": 2021,
    "month": 4,
    "day": 25,
    "hour": 21,
    "minute": 5,
    "temp": [
        26.845142857142818,
        26.83535211267602,
        26.82542857142853,
        26.836197183098548,
        26.830281690140797
    ],
    "ntu": [
        616.8428571428572,
        624.3521126760563,
        624.5142857142857,
        624.6760563380282,
        625.0845070422536
    ],
    "temp_avg": 26.834480482897344,
    "ntu_avg": 623.0939637826962
}