{
    "year": 2021,
    "month": 4,
    "day": 16,
    "hour": 5,
    "minute": 50,
    "temp": [
        27.700909090909107,
        27.708750000000016,
        27.715454545454556,
        27.70818181818183,
        27.725625000000008
    ],
    "tds": [
        1244.5421212121216,
        1242.8434374999997,
        1245.0972727272726,
        1240.521212121212,
        1239.9537500000001
    ],
    "ph": [
        7.007272727272729,
        7.019687500000001,
        7.0248484848484845,
        6.997575757575759,
        6.989375
    ],
    "ntu": [
        3000.0,
        3000.0,
        3000.0,
        3000.0,
        3000.0
    ],
    "temp_avg": 27.7117840909091,
    "tds_avg": 1242.5915587121212,
    "ph_avg": 7.007751893939395,
    "ntu_avg": 3000.0
}