{
    "year": 2021,
    "month": 4,
    "day": 13,
    "hour": 22,
    "minute": 40,
    "temp": [
        28.809999999999974,
        28.768181818181816,
        28.75,
        28.746250000000003,
        28.691818181818206
    ],
    "tds": [
        1092.8699999999994,
        1094.5572727272724,
        1079.3100000000004,
        1089.3756250000001,
        1096.5530303030298
    ],
    "ph": [
        0.5974999999999999,
        0.716060606060606,
        1.2166666666666668,
        0.9953124999999999,
        0.6215151515151512
    ],
    "ntu": [
        3000.0,
        3000.0,
        3000.0,
        3000.0,
        3000.0
    ],
    "temp_avg": 28.75325,
    "tds_avg": 1090.5331856060607,
    "ph_avg": 0.8294109848484847,
    "ntu_avg": 3000.0
}