{
    "year": 2021,
    "month": 4,
    "day": 12,
    "hour": 17,
    "minute": 20,
    "temp": [
        29.224545454545456,
        29.25,
        29.309999999999974,
        29.340909090909086,
        29.372121212121215
    ],
    "tds": [
        1158.4490909090916,
        1157.5400000000006,
        1154.686875,
        1152.9190909090908,
        1152.4203030303029
    ],
    "ph": [
        1.8715151515151516,
        1.8221212121212127,
        1.8206250000000004,
        1.814848484848485,
        1.7254545454545454
    ],
    "ntu": [
        3000.0,
        3000.0,
        3000.0,
        3000.0,
        3000.0
    ],
    "temp_avg": 29.299515151515145,
    "tds_avg": 1155.2030719696972,
    "ph_avg": 1.8109128787878788,
    "ntu_avg": 3000.0
}