{
    "year": 2021,
    "month": 4,
    "day": 20,
    "hour": 5,
    "minute": 10,
    "temp": [
        29.68343750000002,
        29.62,
        29.616363636363634,
        29.567499999999974,
        29.559999999999974
    ],
    "tds": [
        1058.0525000000002,
        1064.3075757575757,
        1067.5739393939393,
        1069.6500000000005,
        1069.6500000000005
    ],
    "ph": [
        2.832187499999999,
        2.8221212121212123,
        2.615454545454546,
        2.5425,
        2.5539393939393933
    ],
    "ntu": [
        3000.0,
        3000.0,
        3000.0,
        3000.0,
        3000.0
    ],
    "temp_avg": 29.609460227272724,
    "tds_avg": 1065.8468030303034,
    "ph_avg": 2.67324053030303,
    "ntu_avg": 3000.0
}