{
    "year": 2021,
    "month": 4,
    "day": 20,
    "hour": 1,
    "minute": 30,
    "temp": [
        29.12,
        29.10363636363635,
        29.069090909090885,
        29.059999999999974,
        29.033749999999994
    ],
    "tds": [
        1073.5999999999995,
        1074.4181818181812,
        1075.645454545454,
        1071.9500000000003,
        1073.7671874999999
    ],
    "ph": [
        2.8393749999999995,
        2.8587878787878793,
        2.8563636363636364,
        2.973939393939393,
        2.9790625000000004
    ],
    "ntu": [
        3000.0,
        3000.0,
        3000.0,
        3000.0,
        3000.0
    ],
    "temp_avg": 29.077295454545443,
    "tds_avg": 1073.876164772727,
    "ph_avg": 2.9015056818181817,
    "ntu_avg": 3000.0
}