{
    "year": 2021,
    "month": 4,
    "day": 8,
    "hour": 18,
    "minute": 42,
    "temp": [
        27.12,
        27.12,
        28.96727272727273,
        27.112499999999997,
        29.0
    ],
    "tds": [
        0.0,
        0.0,
        1263.426363636364,
        0.0,
        1282.7721874999995
    ],
    "ph": [
        0.0,
        0.0,
        0.0,
        0.0,
        0.0
    ],
    "ntu": [
        3000.0,
        3000.0,
        3000.0,
        3000.0,
        3000.0
    ],
    "temp_avg": 27.863954545454543,
    "tds_avg": 509.2397102272727,
    "ph_avg": 0.0,
    "ntu_avg": 3000.0
}