{
    "year": 2021,
    "month": 4,
    "day": 20,
    "hour": 12,
    "minute": 15,
    "temp": [
        27.31545454545452,
        27.309999999999977,
        27.309999999999977,
        27.309999999999977,
        27.299090909090893
    ],
    "tds": [
        1154.9863636363634,
        1155.6899999999998,
        1155.6899999999998,
        1155.7709375,
        1154.985151515151
    ],
    "ph": [
        4.581515151515151,
        4.600909090909092,
        4.587272727272726,
        4.619062500000001,
        4.6518181818181805
    ],
    "ntu": [
        3000.0,
        3000.0,
        3000.0,
        3000.0,
        3000.0
    ],
    "temp_avg": 27.308909090909072,
    "tds_avg": 1155.4244905303028,
    "ph_avg": 4.60811553030303,
    "ntu_avg": 3000.0
}