{
    "year": 2021,
    "month": 4,
    "day": 15,
    "hour": 2,
    "minute": 15,
    "temp": [
        27.75,
        27.75,
        27.75,
        27.744374999999998,
        27.74454545454546
    ],
    "tds": [
        1304.1600000000008,
        1304.1600000000008,
        1304.1600000000008,
        1298.6521874999996,
        1301.0772727272736
    ],
    "ph": [
        5.118125000000002,
        5.096969696969696,
        5.096969696969697,
        5.1125000000000025,
        5.0896969696969725
    ],
    "ntu": [
        3000.0,
        3000.0,
        3000.0,
        3000.0,
        3000.0
    ],
    "temp_avg": 27.74778409090909,
    "tds_avg": 1302.441892045455,
    "ph_avg": 5.102852272727274,
    "ntu_avg": 3000.0
}