{
    "year": 2021,
    "month": 4,
    "day": 13,
    "hour": 19,
    "minute": 40,
    "temp": [
        27.809999999999977,
        27.809999999999977,
        27.809999999999977,
        27.804545454545437,
        27.75
    ],
    "tds": [
        1152.32,
        1152.32,
        1152.32,
        1152.940606060606,
        1154.647272727273
    ],
    "ph": [
        0.0,
        0.0,
        0.005937500000000001,
        0.0,
        0.0
    ],
    "ntu": [
        3000.0,
        3000.0,
        3000.0,
        3000.0,
        3000.0
    ],
    "temp_avg": 27.79690909090907,
    "tds_avg": 1152.9095757575758,
    "ph_avg": 0.0011875000000000002,
    "ntu_avg": 3000.0
}