{
    "year": 2021,
    "month": 4,
    "day": 25,
    "hour": 6,
    "minute": 21,
    "temp": [
        26.382816901408418,
        26.37985915492954,
        26.374999999999957,
        26.377887323943625,
        26.385999999999967
    ],
    "ntu": [
        592.0985915492957,
        588.5915492957746,
        589.9571428571429,
        591.5070422535211,
        581.0714285714286
    ],
    "temp_avg": 26.380312676056302,
    "ntu_avg": 588.6451509054326
}