{
    "year": 2021,
    "month": 4,
    "day": 9,
    "hour": 5,
    "minute": 40,
    "temp": [
        25.50181818181818,
        25.5,
        25.5,
        25.5,
        25.5
    ],
    "tds": [
        1376.1163636363644,
        1381.8457575757573,
        1385.99,
        1382.961515151516,
        1380.7300000000007
    ],
    "ph": [
        3.7375757575757573,
        3.751212121212122,
        3.7259374999999983,
        3.752424242424243,
        3.8081818181818177
    ],
    "ntu": [
        3000.0,
        3000.0,
        3000.0,
        3000.0,
        3000.0
    ],
    "temp_avg": 25.500363636363637,
    "tds_avg": 1381.5287272727278,
    "ph_avg": 3.7550662878787877,
    "ntu_avg": 3000.0
}