{
    "year": 2021,
    "month": 4,
    "day": 20,
    "hour": 12,
    "minute": 25,
    "temp": [
        27.190000000000023,
        27.190000000000023,
        27.157187500000003,
        27.122121212121215,
        27.12
    ],
    "tds": [
        1160.0909090909092,
        1161.143636363637,
        1166.04875,
        1167.6912121212115,
        1167.8499999999995
    ],
    "ph": [
        4.41939393939394,
        4.423939393939393,
        4.4609374999999964,
        4.463939393939394,
        4.38969696969697
    ],
    "ntu": [
        3000.0,
        3000.0,
        3000.0,
        3000.0,
        3000.0
    ],
    "temp_avg": 27.155861742424253,
    "tds_avg": 1164.5649015151514,
    "ph_avg": 4.4315814393939394,
    "ntu_avg": 3000.0
}