{
    "year": 2021,
    "month": 4,
    "day": 11,
    "hour": 4,
    "minute": 50,
    "temp": [
        25.75,
        25.748125,
        25.74818181818182,
        25.74818181818182,
        25.75
    ],
    "tds": [
        1389.6390909090896,
        1393.3090624999995,
        1393.1999999999996,
        1393.1999999999996,
        1392.3781249999993
    ],
    "ph": [
        4.765757575757576,
        4.713749999999999,
        4.717575757575755,
        4.713939393939392,
        4.730624999999999
    ],
    "ntu": [
        3000.0,
        3000.0,
        3000.0,
        3000.0,
        3000.0
    ],
    "temp_avg": 25.74889772727273,
    "tds_avg": 1392.3452556818177,
    "ph_avg": 4.728329545454544,
    "ntu_avg": 3000.0
}