{
    "year": 2021,
    "month": 4,
    "day": 11,
    "hour": 17,
    "minute": 30,
    "temp": [
        27.876363636363642,
        27.93343750000002,
        27.979999999999997,
        28.023636363636346,
        28.07312499999999
    ],
    "tds": [
        1264.8984848484847,
        1262.4406249999993,
        1259.9257575757572,
        1258.5803030303034,
        1255.5218750000004
    ],
    "ph": [
        6.584848484848486,
        6.575937500000003,
        6.569090909090911,
        6.604545454545455,
        6.480625000000003
    ],
    "ntu": [
        3000.0,
        3000.0,
        3000.0,
        3000.0,
        3000.0
    ],
    "temp_avg": 27.977312499999993,
    "tds_avg": 1260.273409090909,
    "ph_avg": 6.56300946969697,
    "ntu_avg": 3000.0
}