{
    "year": 2021,
    "month": 4,
    "day": 21,
    "hour": 13,
    "minute": 15,
    "temp": [
        28.059999999999977,
        28.059999999999977,
        28.054545454545433,
        28.007272727272728,
        28.0
    ],
    "tds": [
        1117.23,
        1117.23,
        1117.5245454545457,
        1119.5127272727277,
        1119.6600000000003
    ],
    "ph": [
        6.630606060606057,
        6.642499999999999,
        6.633939393939389,
        6.643030303030301,
        6.640606060606057
    ],
    "ntu": [
        3000.0,
        3000.0,
        3000.0,
        3000.0,
        3000.0
    ],
    "temp_avg": 28.03636363636362,
    "tds_avg": 1118.2314545454549,
    "ph_avg": 6.63813636363636,
    "ntu_avg": 3000.0
}