{
    "year": 2021,
    "month": 4,
    "day": 9,
    "hour": 18,
    "minute": 25,
    "temp": [
        29.868125,
        29.837272727272705,
        29.806363636363614,
        29.751875,
        29.728181818181838
    ],
    "tds": [
        1047.3800000000008,
        1049.6063636363642,
        1050.9866666666671,
        1051.66,
        1052.8381818181817
    ],
    "ph": [
        4.731249999999999,
        4.682424242424242,
        4.746969696969698,
        4.8565625,
        4.8466666666666685
    ],
    "ntu": [
        3000.0,
        3000.0,
        3000.0,
        3000.0,
        3000.0
    ],
    "temp_avg": 29.798363636363625,
    "tds_avg": 1050.4942424242429,
    "ph_avg": 4.772774621212121,
    "ntu_avg": 3000.0
}