{
    "year": 2021,
    "month": 4,
    "day": 13,
    "hour": 15,
    "minute": 25,
    "temp": [
        29.1090909090909,
        29.059999999999974,
        29.020000000000003,
        28.980000000000018,
        28.940000000000026
    ],
    "tds": [
        0.0,
        0.0,
        0.0,
        136.78212121212118,
        75.6021875
    ],
    "ph": [
        0.0,
        0.0,
        0.0,
        0.0,
        0.0
    ],
    "ntu": [
        3000.0,
        3000.0,
        3000.0,
        3000.0,
        3000.0
    ],
    "temp_avg": 29.021818181818183,
    "tds_avg": 42.47686174242424,
    "ph_avg": 0.0,
    "ntu_avg": 3000.0
}