{
    "year": 2021,
    "month": 4,
    "day": 20,
    "hour": 3,
    "minute": 0,
    "temp": [
        27.12,
        27.12,
        27.118181818181817,
        27.065624999999976,
        27.059999999999977
    ],
    "tds": [
        1154.7290625000003,
        1154.8100000000002,
        1155.0454545454547,
        1156.8334375000006,
        1157.4000000000005
    ],
    "ph": [
        1.9728124999999999,
        1.9906060606060596,
        1.9503030303030302,
        1.9306249999999998,
        1.9203030303030293
    ],
    "ntu": [
        3000.0,
        3000.0,
        3000.0,
        3000.0,
        3000.0
    ],
    "temp_avg": 27.096761363636354,
    "tds_avg": 1155.7635909090911,
    "ph_avg": 1.9529299242424236,
    "ntu_avg": 3000.0
}