{
    "year": 2021,
    "month": 4,
    "day": 10,
    "hour": 17,
    "minute": 45,
    "temp": [
        27.52624999999998,
        27.559999999999977,
        27.61818181818182,
        27.65718750000002,
        27.691818181818203
    ],
    "tds": [
        1291.9784375,
        1291.1572727272728,
        1291.2612121212112,
        1289.6650000000009,
        1288.1600000000008
    ],
    "ph": [
        5.396874999999999,
        5.3933333333333335,
        5.419999999999998,
        5.408749999999998,
        5.439090909090906
    ],
    "ntu": [
        3000.0,
        3000.0,
        3000.0,
        3000.0,
        3000.0
    ],
    "temp_avg": 27.6106875,
    "tds_avg": 1290.444384469697,
    "ph_avg": 5.411609848484846,
    "ntu_avg": 3000.0
}