{
    "year": 2021,
    "month": 4,
    "day": 14,
    "hour": 4,
    "minute": 10,
    "temp": [
        27.190000000000023,
        27.18562500000002,
        27.1369696969697,
        27.12,
        27.12
    ],
    "tds": [
        1145.3139393939382,
        1148.0003124999994,
        1148.297272727273,
        1142.2799999999997,
        1148.4975000000006
    ],
    "ph": [
        4.870303030303031,
        4.917812499999999,
        4.955757575757575,
        4.886363636363637,
        4.8587500000000015
    ],
    "ntu": [
        3000.0,
        3000.0,
        3000.0,
        3000.0,
        3000.0
    ],
    "temp_avg": 27.150518939393947,
    "tds_avg": 1146.477804924242,
    "ph_avg": 4.897797348484849,
    "ntu_avg": 3000.0
}