{
    "year": 2021,
    "month": 4,
    "day": 22,
    "hour": 12,
    "minute": 30,
    "temp": [
        29.497000000000003,
        29.462372881355957,
        29.44000000000004,
        29.44000000000004,
        29.402033898305053
    ],
    "ntu": [
        3000.0,
        3000.0,
        3000.0,
        3000.0,
        3000.0
    ],
    "temp_avg": 29.44828135593222,
    "ntu_avg": 3000.0
}