{
    "year": 2021,
    "month": 4,
    "day": 25,
    "hour": 12,
    "minute": 20,
    "temp": [
        26.75,
        26.75,
        26.750857142857143,
        26.75,
        26.751690140845067
    ],
    "ntu": [
        221.5142857142857,
        216.0,
        184.28571428571428,
        186.2394366197183,
        212.05633802816902
    ],
    "temp_avg": 26.75050945674044,
    "ntu_avg": 204.01915492957747
}