{
    "year": 2021,
    "month": 4,
    "day": 11,
    "hour": 0,
    "minute": 45,
    "temp": [
        25.97272727272729,
        25.941818181818203,
        25.940000000000023,
        25.929393939393954,
        25.872121212121215
    ],
    "tds": [
        1381.616363636364,
        1382.8600000000004,
        1382.8600000000004,
        1383.4836363636368,
        1386.1860606060613
    ],
    "ph": [
        5.196060606060605,
        5.160606060606061,
        5.1759375,
        5.183030303030301,
        5.184848484848484
    ],
    "ntu": [
        3000.0,
        3000.0,
        3000.0,
        3000.0,
        3000.0
    ],
    "temp_avg": 25.931212121212138,
    "tds_avg": 1383.4012121212127,
    "ph_avg": 5.1800965909090895,
    "ntu_avg": 3000.0
}