{
    "year": 2021,
    "month": 4,
    "day": 15,
    "hour": 1,
    "minute": 35,
    "temp": [
        27.878484848484856,
        27.87,
        27.87,
        27.87,
        27.87
    ],
    "tds": [
        1292.996363636364,
        1293.2662500000004,
        1293.3600000000004,
        1293.3600000000004,
        1293.3600000000004
    ],
    "ph": [
        4.9412121212121205,
        4.946249999999998,
        4.970606060606062,
        5.004242424242424,
        5.004687499999998
    ],
    "ntu": [
        3000.0,
        3000.0,
        3000.0,
        3000.0,
        3000.0
    ],
    "temp_avg": 27.871696969696973,
    "tds_avg": 1293.2685227272732,
    "ph_avg": 4.9733996212121205,
    "ntu_avg": 3000.0
}