{
    "year": 2021,
    "month": 4,
    "day": 21,
    "hour": 12,
    "minute": 0,
    "temp": [
        29.433636363636385,
        29.39406250000001,
        29.37,
        29.37,
        29.364374999999995
    ],
    "tds": [
        1066.42696969697,
        1067.6721875,
        1068.2351515151513,
        1068.57,
        1068.98625
    ],
    "ph": [
        6.761515151515153,
        6.740624999999999,
        6.669696969696968,
        6.711818181818182,
        6.771875
    ],
    "ntu": [
        3000.0,
        3000.0,
        3000.0,
        3000.0,
        3000.0
    ],
    "temp_avg": 29.386414772727278,
    "tds_avg": 1067.978111742424,
    "ph_avg": 6.731106060606061,
    "ntu_avg": 3000.0
}