{
    "year": 2021,
    "month": 4,
    "day": 19,
    "hour": 16,
    "minute": 10,
    "temp": [
        29.440000000000026,
        29.440000000000026,
        29.445454545454567,
        29.501875,
        29.53090909090907
    ],
    "tds": [
        1179.3300000000008,
        1179.3300000000008,
        1178.866363636364,
        1176.7799999999995,
        1175.3945454545456
    ],
    "ph": [
        1.6031250000000001,
        1.5796969696969703,
        1.595454545454546,
        1.5943750000000003,
        1.6118181818181818
    ],
    "ntu": [
        3000.0,
        3000.0,
        3000.0,
        3000.0,
        3000.0
    ],
    "temp_avg": 29.47164772727274,
    "tds_avg": 1177.940181818182,
    "ph_avg": 1.5968939393939396,
    "ntu_avg": 3000.0
}