{
    "year": 2021,
    "month": 4,
    "day": 25,
    "hour": 20,
    "minute": 30,
    "temp": [
        26.86999999999995,
        26.86999999999995,
        26.86999999999995,
        26.86999999999995,
        26.86999999999995
    ],
    "ntu": [
        591.1,
        599.4929577464789,
        601.4647887323944,
        601.6571428571428,
        602.6338028169014
    ],
    "temp_avg": 26.869999999999955,
    "ntu_avg": 599.2697384305835
}