{
    "year": 2021,
    "month": 4,
    "day": 10,
    "hour": 11,
    "minute": 0,
    "temp": [
        28.87,
        28.87424242424243,
        28.940000000000026,
        28.95687500000001,
        29.0
    ],
    "tds": [
        1230.6462499999998,
        1230.4012121212113,
        1228.3990909090905,
        1226.1746875000001,
        1227.9460606060616
    ],
    "ph": [
        4.9275,
        4.928787878787878,
        4.887575757575757,
        4.9321875,
        4.86818181818182
    ],
    "ntu": [
        3000.0,
        3000.0,
        3000.0,
        3000.0,
        3000.0
    ],
    "temp_avg": 28.92822348484849,
    "tds_avg": 1228.7134602272727,
    "ph_avg": 4.908846590909091,
    "ntu_avg": 3000.0
}