{
    "year": 2021,
    "month": 4,
    "day": 11,
    "hour": 0,
    "minute": 35,
    "temp": [
        26.190000000000023,
        26.18787878787881,
        26.130606060606066,
        26.12,
        26.109090909090902
    ],
    "tds": [
        1369.2900000000006,
        1369.392121212122,
        1372.4557575757585,
        1372.3375000000008,
        1373.3769696969703
    ],
    "ph": [
        5.002187500000001,
        4.988181818181818,
        4.990000000000001,
        4.984062499999999,
        5.009696969696969
    ],
    "ntu": [
        3000.0,
        3000.0,
        3000.0,
        3000.0,
        3000.0
    ],
    "temp_avg": 26.147515151515158,
    "tds_avg": 1371.3704696969703,
    "ph_avg": 4.994825757575758,
    "ntu_avg": 3000.0
}