{
    "year": 2021,
    "month": 4,
    "day": 15,
    "hour": 23,
    "minute": 30,
    "temp": [
        29.6687878787879,
        29.624375000000004,
        29.64757575757577,
        29.62,
        29.622187500000003
    ],
    "tds": [
        1138.7142424242422,
        1138.518749999999,
        1137.7669696969692,
        1139.3384848484843,
        1139.562499999999
    ],
    "ph": [
        7.486969696969695,
        7.4584375,
        7.47060606060606,
        7.474242424242424,
        7.460624999999999
    ],
    "ntu": [
        3000.0,
        3000.0,
        3000.0,
        3000.0,
        3000.0
    ],
    "temp_avg": 29.636585227272736,
    "tds_avg": 1138.7801893939388,
    "ph_avg": 7.470176136363635,
    "ntu_avg": 3000.0
}