{
    "year": 2021,
    "month": 4,
    "day": 25,
    "hour": 20,
    "minute": 20,
    "temp": [
        26.86999999999995,
        26.86999999999995,
        26.86999999999995,
        26.86999999999995,
        26.86999999999995
    ],
    "ntu": [
        597.2285714285714,
        602.5633802816901,
        592.1857142857143,
        590.1267605633802,
        593.2112676056338
    ],
    "temp_avg": 26.869999999999955,
    "ntu_avg": 595.0631388329979
}