{
    "year": 2021,
    "month": 4,
    "day": 25,
    "hour": 21,
    "minute": 20,
    "temp": [
        26.828857142857103,
        26.818450704225313,
        26.81591549295771,
        26.818571428571392,
        26.814225352112636
    ],
    "ntu": [
        618.9285714285714,
        626.1549295774648,
        626.4084507042254,
        626.4428571428572,
        626.4366197183099
    ],
    "temp_avg": 26.81920402414483,
    "ntu_avg": 624.8742857142857
}