{
    "year": 2021,
    "month": 4,
    "day": 12,
    "hour": 15,
    "minute": 20,
    "temp": [
        24.288181818181805,
        24.273636363636356,
        24.275454545454537,
        24.27437499999999,
        24.26454545454545
    ],
    "tds": [
        1406.36,
        1408.0721212121216,
        1406.8,
        1407.3171875000003,
        1412.8433333333337
    ],
    "ph": [
        2.7987878787878806,
        2.776363636363637,
        2.756666666666667,
        2.7024999999999992,
        2.702727272727273
    ],
    "ntu": [
        3000.0,
        3000.0,
        3000.0,
        3000.0,
        3000.0
    ],
    "temp_avg": 24.27523863636363,
    "tds_avg": 1408.278528409091,
    "ph_avg": 2.7474090909090916,
    "ntu_avg": 3000.0
}