{
    "year": 2021,
    "month": 4,
    "day": 15,
    "hour": 23,
    "minute": 15,
    "temp": [
        29.683437500000025,
        29.690000000000026,
        29.687878787878812,
        29.68343750000002,
        29.6857575757576
    ],
    "tds": [
        1132.8,
        1132.4909090909093,
        1138.371515151515,
        1136.25,
        1136.7633333333329
    ],
    "ph": [
        7.467499999999999,
        7.481515151515148,
        7.4821212121212115,
        7.476562499999999,
        7.488181818181815
    ],
    "ntu": [
        3000.0,
        3000.0,
        3000.0,
        3000.0,
        3000.0
    ],
    "temp_avg": 29.6861022727273,
    "tds_avg": 1135.3351515151512,
    "ph_avg": 7.479176136363634,
    "ntu_avg": 3000.0
}