{
    "year": 2021,
    "month": 4,
    "day": 23,
    "hour": 14,
    "minute": 40,
    "temp": [
        29.48299999999999,
        29.49186440677967,
        29.42133333333333,
        29.35067796610166,
        29.292999999999974
    ],
    "ntu": [
        2198.3129999999996,
        2182.5293220338986,
        2191.7255,
        2188.729322033898,
        2210.7750000000005
    ],
    "temp_avg": 29.407975141242922,
    "ntu_avg": 2194.414428813559
}