{
    "year": 2021,
    "month": 4,
    "day": 24,
    "hour": 14,
    "minute": 31,
    "temp": [
        30.1860563380282,
        30.10542857142853,
        30.0414084507042,
        29.984571428571442,
        30.135774647887327
    ],
    "ntu": [
        194.08450704225353,
        180.21428571428572,
        167.66197183098592,
        165.75714285714287,
        163.29577464788733
    ],
    "temp_avg": 30.09064788732394,
    "ntu_avg": 174.20273641851105
}