{
    "year": 2021,
    "month": 4,
    "day": 12,
    "hour": 0,
    "minute": 5,
    "temp": [
        26.75,
        26.73363636363638,
        26.691818181818203,
        26.676875000000013,
        26.62
    ],
    "tds": [
        1319.731562500001,
        1320.6918181818182,
        1322.99,
        1323.58625,
        1326.0736363636352
    ],
    "ph": [
        7.115937500000002,
        7.079999999999999,
        7.115757575757581,
        7.129687499999998,
        7.143030303030304
    ],
    "ntu": [
        3000.0,
        3000.0,
        3000.0,
        3000.0,
        3000.0
    ],
    "temp_avg": 26.694465909090916,
    "tds_avg": 1322.6146534090908,
    "ph_avg": 7.116882575757577,
    "ntu_avg": 3000.0
}