{
    "year": 2021,
    "month": 4,
    "day": 13,
    "hour": 7,
    "minute": 30,
    "temp": [
        28.721875,
        28.75363636363636,
        28.800909090909066,
        28.809999999999974,
        28.86818181818182
    ],
    "tds": [
        481.47999999999996,
        445.56060606060583,
        507.50303030303036,
        457.87249999999983,
        413.6506060606064
    ],
    "ph": [
        0.0,
        0.0,
        0.0,
        0.0,
        0.0
    ],
    "ntu": [
        3000.0,
        3000.0,
        3000.0,
        3000.0,
        3000.0
    ],
    "temp_avg": 28.790920454545443,
    "tds_avg": 461.2133484848484,
    "ph_avg": 0.0,
    "ntu_avg": 3000.0
}