{
    "year": 2021,
    "month": 4,
    "day": 12,
    "hour": 23,
    "minute": 45,
    "temp": [
        28.049090909090886,
        28.07090909090908,
        28.122187500000003,
        28.19666666666667,
        28.23000000000002
    ],
    "tds": [
        760.6578787878785,
        789.3803030303035,
        747.451875,
        743.6063636363633,
        1182.2457575757574
    ],
    "ph": [
        0.0,
        0.0,
        0.0,
        0.0,
        0.0
    ],
    "ntu": [
        3000.0,
        3000.0,
        3000.0,
        3000.0,
        3000.0
    ],
    "temp_avg": 28.133770833333337,
    "tds_avg": 844.6684356060605,
    "ph_avg": 0.0,
    "ntu_avg": 3000.0
}