{
    "year": 2021,
    "month": 4,
    "day": 23,
    "hour": 0,
    "minute": 35,
    "temp": [
        29.434576271186423,
        29.46933333333335,
        29.332372881355898,
        29.258,
        29.19000000000004
    ],
    "ntu": [
        2055.6766101694916,
        1996.6998333333331,
        2006.802711864407,
        1998.3000000000002,
        2001.1518644067792
    ],
    "temp_avg": 29.33685649717514,
    "ntu_avg": 2011.7262039548023
}