{
    "year": 2021,
    "month": 4,
    "day": 15,
    "hour": 9,
    "minute": 35,
    "temp": [
        29.809999999999974,
        29.809999999999974,
        29.809999999999974,
        29.809999999999974,
        29.809999999999974
    ],
    "tds": [
        1176.6899999999998,
        1179.4833333333336,
        1176.6899999999998,
        1173.5549999999996,
        1172.5099999999995
    ],
    "ph": [
        6.129393939393939,
        6.13060606060606,
        6.172424242424242,
        6.120625,
        6.159090909090906
    ],
    "ntu": [
        3000.0,
        3000.0,
        3000.0,
        3000.0,
        3000.0
    ],
    "temp_avg": 29.809999999999974,
    "tds_avg": 1175.7856666666662,
    "ph_avg": 6.142428030303029,
    "ntu_avg": 3000.0
}