{
    "year": 2021,
    "month": 4,
    "day": 15,
    "hour": 12,
    "minute": 45,
    "temp": [
        28.35545454545453,
        28.362727272727273,
        28.341874999999977,
        28.309999999999977,
        28.309999999999977
    ],
    "tds": [
        1085.8199999999997,
        1085.3999999999996,
        1086.3471874999998,
        1087.43,
        1089.0806060606058
    ],
    "ph": [
        7.256666666666666,
        7.238484848484849,
        7.25625,
        7.247878787878789,
        7.2700000000000005
    ],
    "ntu": [
        3000.0,
        3000.0,
        3000.0,
        3000.0,
        3000.0
    ],
    "temp_avg": 28.336011363636345,
    "tds_avg": 1086.815558712121,
    "ph_avg": 7.253856060606061,
    "ntu_avg": 3000.0
}