{
    "year": 2021,
    "month": 4,
    "day": 11,
    "hour": 7,
    "minute": 40,
    "temp": [
        25.940000000000023,
        25.940000000000023,
        25.940000000000023,
        25.940000000000023,
        25.940000000000023
    ],
    "tds": [
        1356.99,
        1356.99,
        1360.572424242424,
        1358.859090909091,
        1356.99
    ],
    "ph": [
        3.732727272727273,
        3.750312499999998,
        3.7684848484848494,
        3.8372727272727274,
        3.917500000000001
    ],
    "ntu": [
        3000.0,
        3000.0,
        3000.0,
        3000.0,
        3000.0
    ],
    "temp_avg": 25.94000000000002,
    "tds_avg": 1358.080303030303,
    "ph_avg": 3.80125946969697,
    "ntu_avg": 3000.0
}