{
    "year": 2021,
    "month": 4,
    "day": 9,
    "hour": 10,
    "minute": 30,
    "temp": [
        29.687878787878812,
        29.66593750000002,
        29.690000000000026,
        29.668787878787896,
        29.690000000000026
    ],
    "tds": [
        1186.2236363636366,
        1187.6403125000008,
        1190.1796969696973,
        1186.6636363636367,
        1190.1300000000008
    ],
    "ph": [
        5.048484848484848,
        5.06375,
        4.957878787878788,
        4.957878787878786,
        4.9303124999999985
    ],
    "ntu": [
        3000.0,
        3000.0,
        3000.0,
        3000.0,
        3000.0
    ],
    "temp_avg": 29.680520833333354,
    "tds_avg": 1188.1674564393943,
    "ph_avg": 4.991660984848485,
    "ntu_avg": 3000.0
}