{
    "year": 2021,
    "month": 4,
    "day": 12,
    "hour": 22,
    "minute": 5,
    "temp": [
        28.509090909090908,
        28.5,
        28.48909090909092,
        28.443636363636386,
        28.440000000000023
    ],
    "tds": [
        1062.1990909090914,
        1043.8650000000002,
        864.5939393939394,
        307.52878787878785,
        4.954062499999999
    ],
    "ph": [
        0.0,
        0.0,
        0.0,
        0.0,
        0.0
    ],
    "ntu": [
        3000.0,
        3000.0,
        3000.0,
        3000.0,
        3000.0
    ],
    "temp_avg": 28.476363636363647,
    "tds_avg": 656.6281761363638,
    "ph_avg": 0.0,
    "ntu_avg": 3000.0
}