{
    "year": 2021,
    "month": 4,
    "day": 10,
    "hour": 21,
    "minute": 25,
    "temp": [
        27.84272727272727,
        27.872187500000003,
        27.9357575757576,
        27.961818181818188,
        28.0
    ],
    "tds": [
        1280.0400000000006,
        1279.2300000000005,
        1276.5481818181813,
        1275.3921212121206,
        1273.3499999999992
    ],
    "ph": [
        6.006060606060605,
        6.0084375,
        5.96333333333333,
        5.961212121212119,
        5.949374999999999
    ],
    "ntu": [
        3000.0,
        3000.0,
        3000.0,
        3000.0,
        3000.0
    ],
    "temp_avg": 27.922498106060612,
    "tds_avg": 1276.9120606060605,
    "ph_avg": 5.977683712121211,
    "ntu_avg": 3000.0
}