{
    "year": 2021,
    "month": 4,
    "day": 13,
    "hour": 23,
    "minute": 45,
    "temp": [
        27.49818181818182,
        27.447500000000023,
        27.440000000000023,
        27.440000000000023,
        27.440000000000023
    ],
    "tds": [
        1126.8851515151516,
        1128.9025000000006,
        1129.2900000000006,
        1139.6860606060607,
        1144.8496969696969
    ],
    "ph": [
        3.103030303030303,
        3.107812500000001,
        3.0615151515151506,
        2.6036363636363635,
        2.565757575757576
    ],
    "ntu": [
        3000.0,
        3000.0,
        3000.0,
        3000.0,
        3000.0
    ],
    "temp_avg": 27.453136363636382,
    "tds_avg": 1133.9226818181821,
    "ph_avg": 2.8883503787878793,
    "ntu_avg": 3000.0
}