{
    "year": 2021,
    "month": 4,
    "day": 12,
    "hour": 5,
    "minute": 10,
    "temp": [
        26.19187500000002,
        26.200909090909107,
        26.195454545454563,
        26.19375000000002,
        26.20090909090911
    ],
    "tds": [
        1333.28625,
        1333.200606060606,
        1333.2984848484848,
        1333.4881250000003,
        1333.0048484848485
    ],
    "ph": [
        7.151875000000003,
        7.1560606060606045,
        7.187878787878785,
        7.0756250000000005,
        7.041515151515154
    ],
    "ntu": [
        3000.0,
        3000.0,
        3000.0,
        3000.0,
        3000.0
    ],
    "temp_avg": 26.19657954545457,
    "tds_avg": 1333.255662878788,
    "ph_avg": 7.12259090909091,
    "ntu_avg": 3000.0
}