{
    "year": 2021,
    "month": 4,
    "day": 25,
    "hour": 21,
    "minute": 25,
    "temp": [
        26.82436619718306,
        26.81599999999996,
        26.81929577464785,
        26.81599999999996,
        26.81422535211264
    ],
    "ntu": [
        619.5352112676056,
        626.2714285714286,
        626.4647887323944,
        626.4857142857143,
        626.4084507042254
    ],
    "temp_avg": 26.81797746478869,
    "ntu_avg": 625.0331187122736
}