{
    "year": 2021,
    "month": 4,
    "day": 25,
    "hour": 13,
    "minute": 30,
    "temp": [
        26.814225352112636,
        26.809999999999963,
        26.809999999999963,
        26.811666666666625,
        26.810857142857103
    ],
    "ntu": [
        257.9577464788732,
        235.28571428571428,
        254.11267605633802,
        283.0416666666667,
        318.04285714285714
    ],
    "temp_avg": 26.811349832327256,
    "ntu_avg": 269.6881321260899
}