{
    "year": 2021,
    "month": 4,
    "day": 11,
    "hour": 22,
    "minute": 35,
    "temp": [
        29.25,
        29.24272727272728,
        29.191818181818206,
        29.18343750000002,
        29.122121212121215
    ],
    "tds": [
        1061.4199999999992,
        1061.82,
        1063.4866666666662,
        1063.828124999999,
        1065.6381818181815
    ],
    "ph": [
        6.726875000000001,
        6.743333333333332,
        6.739393939393939,
        6.748125000000001,
        6.771515151515151
    ],
    "ntu": [
        3000.0,
        3000.0,
        3000.0,
        3000.0,
        3000.0
    ],
    "temp_avg": 29.198020833333345,
    "tds_avg": 1063.2385946969691,
    "ph_avg": 6.7458484848484845,
    "ntu_avg": 3000.0
}