{
    "year": 2021,
    "month": 4,
    "day": 20,
    "hour": 7,
    "minute": 55,
    "temp": [
        29.12,
        29.12,
        29.135312500000012,
        29.190000000000026,
        29.21181818181819
    ],
    "tds": [
        1258.2300000000002,
        1258.2300000000002,
        1257.7031249999998,
        1254.0593939393937,
        1253.360606060606
    ],
    "ph": [
        2.6878787878787875,
        2.688181818181819,
        2.7006249999999996,
        2.726060606060606,
        2.7290909090909072
    ],
    "ntu": [
        3000.0,
        3000.0,
        3000.0,
        3000.0,
        3000.0
    ],
    "temp_avg": 29.155426136363644,
    "tds_avg": 1256.316625,
    "ph_avg": 2.706367424242424,
    "ntu_avg": 3000.0
}