{
    "year": 2021,
    "month": 4,
    "day": 20,
    "hour": 5,
    "minute": 5,
    "temp": [
        29.808181818181794,
        29.77181818181818,
        29.75,
        29.73363636363638,
        29.690000000000026
    ],
    "tds": [
        1053.2900000000006,
        1055.156363636364,
        1056.7562500000004,
        1057.337272727273,
        1057.6100000000004
    ],
    "ph": [
        2.8727272727272717,
        2.8366666666666656,
        2.8587500000000006,
        2.849696969696969,
        2.8206060606060603
    ],
    "ntu": [
        3000.0,
        3000.0,
        3000.0,
        3000.0,
        3000.0
    ],
    "temp_avg": 29.75072727272727,
    "tds_avg": 1056.0299772727278,
    "ph_avg": 2.8476893939393935,
    "ntu_avg": 3000.0
}