{
    "year": 2021,
    "month": 4,
    "day": 13,
    "hour": 12,
    "minute": 55,
    "temp": [
        27.809999999999977,
        27.809999999999977,
        27.77181818181818,
        27.75,
        27.720909090909107
    ],
    "tds": [
        0.0,
        0.0,
        0.0,
        0.0,
        0.0
    ],
    "ph": [
        0.0,
        0.0,
        0.0,
        0.0,
        0.0
    ],
    "ntu": [
        3000.0,
        3000.0,
        3000.0,
        3000.0,
        3000.0
    ],
    "temp_avg": 27.77254545454545,
    "tds_avg": 0.0,
    "ph_avg": 0.0,
    "ntu_avg": 3000.0
}