{
    "year": 2021,
    "month": 4,
    "day": 19,
    "hour": 18,
    "minute": 45,
    "temp": [
        27.25,
        27.28562499999998,
        27.311818181818158,
        27.373030303030312,
        27.43781250000002
    ],
    "tds": [
        1321.851818181818,
        1317.3375,
        1315.4533333333336,
        1308.718787878788,
        1307.0190625
    ],
    "ph": [
        2.923030303030303,
        3.0325000000000006,
        3.150303030303031,
        3.1560606060606067,
        3.0637500000000006
    ],
    "ntu": [
        3000.0,
        3000.0,
        3000.0,
        3000.0,
        3000.0
    ],
    "temp_avg": 27.331657196969694,
    "tds_avg": 1314.076100378788,
    "ph_avg": 3.0651287878787885,
    "ntu_avg": 3000.0
}