{
    "year": 2021,
    "month": 4,
    "day": 16,
    "hour": 0,
    "minute": 35,
    "temp": [
        28.691818181818206,
        28.690000000000026,
        28.690000000000026,
        28.668787878787896,
        28.622121212121215
    ],
    "tds": [
        1184.6612121212124,
        1184.7400000000005,
        1184.7400000000005,
        1186.0103030303035,
        1187.2806060606063
    ],
    "ph": [
        7.417575757575754,
        7.390303030303027,
        7.407187499999999,
        7.4148484848484815,
        7.423333333333332
    ],
    "ntu": [
        3000.0,
        3000.0,
        3000.0,
        3000.0,
        3000.0
    ],
    "temp_avg": 28.672545454545475,
    "tds_avg": 1185.4864242424246,
    "ph_avg": 7.4106496212121185,
    "ntu_avg": 3000.0
}