{
    "year": 2021,
    "month": 4,
    "day": 16,
    "hour": 7,
    "minute": 40,
    "temp": [
        27.75,
        27.75,
        27.75,
        27.75,
        27.75
    ],
    "tds": [
        1217.2784848484846,
        1223.0759375,
        1216.19,
        1216.19,
        1212.6899999999994
    ],
    "ph": [
        6.429090909090909,
        6.418124999999998,
        6.429696969696969,
        6.433939393939394,
        6.4296875
    ],
    "ntu": [
        3000.0,
        3000.0,
        3000.0,
        3000.0,
        3000.0
    ],
    "temp_avg": 27.75,
    "tds_avg": 1217.084884469697,
    "ph_avg": 6.428107954545453,
    "ntu_avg": 3000.0
}