{
    "year": 2021,
    "month": 4,
    "day": 12,
    "hour": 10,
    "minute": 0,
    "temp": [
        27.309999999999977,
        27.308181818181797,
        27.293124999999982,
        27.25181818181818,
        27.25
    ],
    "tds": [
        1130.07,
        1130.07,
        1130.616875,
        1132.3427272727272,
        1132.57
    ],
    "ph": [
        7.464848484848486,
        7.440606060606061,
        7.438125000000001,
        7.4803030303030305,
        7.476874999999999
    ],
    "ntu": [
        3000.0,
        3000.0,
        3000.0,
        3000.0,
        3000.0
    ],
    "temp_avg": 27.282624999999985,
    "tds_avg": 1131.1339204545452,
    "ph_avg": 7.460151515151514,
    "ntu_avg": 3000.0
}