{
    "year": 2021,
    "month": 4,
    "day": 24,
    "hour": 0,
    "minute": 20,
    "temp": [
        30.2048611111111,
        30.272285714285708,
        30.18478873239439,
        30.118309859154873,
        30.059999999999963
    ],
    "ntu": [
        660.1944444444445,
        665.5571428571428,
        666.4647887323944,
        667.0,
        667.3428571428572
    ],
    "temp_avg": 30.168049083389207,
    "ntu_avg": 665.3118466353678
}