{
    "year": 2021,
    "month": 4,
    "day": 8,
    "hour": 6,
    "minute": 12,
    "temp": [
        26.12,
        25.87,
        25.87,
        25.87,
        25.87
    ],
    "tds": [
        1383.02,
        1439.54,
        1444.96,
        1444.96,
        1434.13
    ],
    "ph": [
        0.0,
        0.0,
        0.0,
        0.0,
        0.0
    ],
    "ntu": [
        3000.0,
        3000.0,
        3000.0,
        3000.0,
        3000.0
    ],
    "temp_avg": 25.919999999999998,
    "tds_avg": 1429.3220000000001,
    "ph_avg": 0.0,
    "ntu_avg": 3000.0
}