{
    "year": 2021,
    "month": 4,
    "day": 26,
    "hour": 5,
    "minute": 46,
    "temp": [
        26.690000000000037,
        26.690000000000037,
        26.690000000000037,
        26.690000000000037,
        26.690000000000037
    ],
    "ntu": [
        -23.690140845070424,
        -24.571428571428573,
        -25.197183098591548,
        -25.285714285714285,
        -26.112676056338028
    ],
    "temp_avg": 26.690000000000037,
    "ntu_avg": -24.971428571428575
}