{
    "year": 2021,
    "month": 4,
    "day": 20,
    "hour": 16,
    "minute": 30,
    "temp": [
        27.440000000000023,
        27.39545454545455,
        27.37,
        27.37,
        27.336249999999982
    ],
    "tds": [
        1146.3472727272724,
        1147.9699999999998,
        1148.82,
        1148.82,
        1150.7400000000002
    ],
    "ph": [
        4.5542424242424255,
        4.5284848484848474,
        4.532424242424243,
        4.577575757575758,
        4.5703125
    ],
    "ntu": [
        3000.0,
        3000.0,
        3000.0,
        3000.0,
        3000.0
    ],
    "temp_avg": 27.382340909090914,
    "tds_avg": 1148.5394545454542,
    "ph_avg": 4.552607954545455,
    "ntu_avg": 3000.0
}