{
    "year": 2021,
    "month": 4,
    "day": 15,
    "hour": 6,
    "minute": 45,
    "temp": [
        27.559999999999977,
        27.559999999999977,
        27.559999999999977,
        27.559999999999977,
        27.559999999999977
    ],
    "tds": [
        1279.9700000000005,
        1272.2754545454545,
        1268.3809375000005,
        1270.4284848484847,
        1270.1454545454546
    ],
    "ph": [
        4.7263636363636365,
        4.741818181818181,
        4.7906249999999995,
        4.8154545454545445,
        4.755151515151517
    ],
    "ntu": [
        3000.0,
        3000.0,
        3000.0,
        3000.0,
        3000.0
    ],
    "temp_avg": 27.55999999999998,
    "tds_avg": 1272.2400662878788,
    "ph_avg": 4.765882575757575,
    "ntu_avg": 3000.0
}