{
    "year": 2021,
    "month": 4,
    "day": 19,
    "hour": 17,
    "minute": 20,
    "temp": [
        28.98909090909092,
        28.943750000000026,
        28.937878787878812,
        28.87,
        28.851249999999986
    ],
    "tds": [
        1165.9527272727278,
        1165.93,
        1166.1609090909092,
        1162.097272727273,
        1165.3212500000002
    ],
    "ph": [
        0.4706060606060606,
        0.030000000000000002,
        0.5851515151515152,
        0.6318181818181818,
        0.420625
    ],
    "ntu": [
        3000.0,
        3000.0,
        3000.0,
        3000.0,
        3000.0
    ],
    "temp_avg": 28.91839393939395,
    "tds_avg": 1165.092431818182,
    "ph_avg": 0.4276401515151516,
    "ntu_avg": 3000.0
}