{
    "year": 2021,
    "month": 4,
    "day": 14,
    "hour": 6,
    "minute": 5,
    "temp": [
        29.809999999999974,
        29.809999999999974,
        29.828181818181804,
        29.87,
        29.87
    ],
    "tds": [
        1202.0600000000002,
        1202.0600000000002,
        1202.6709090909092,
        1202.2966666666673,
        1201.0512500000007
    ],
    "ph": [
        5.144545454545454,
        5.059375,
        5.010303030303031,
        5.0269696969696955,
        5.090312500000002
    ],
    "ntu": [
        3000.0,
        3000.0,
        3000.0,
        3000.0,
        3000.0
    ],
    "temp_avg": 29.837636363636353,
    "tds_avg": 1202.0277651515155,
    "ph_avg": 5.066301136363637,
    "ntu_avg": 3000.0
}