{
    "year": 2021,
    "month": 4,
    "day": 25,
    "hour": 20,
    "minute": 5,
    "temp": [
        26.86999999999995,
        26.86999999999995,
        26.86999999999995,
        26.86999999999995,
        26.86999999999995
    ],
    "ntu": [
        559.3943661971831,
        567.112676056338,
        568.7142857142857,
        569.943661971831,
        572.1714285714286
    ],
    "temp_avg": 26.869999999999955,
    "ntu_avg": 567.4672837022133
}