{
    "year": 2021,
    "month": 4,
    "day": 22,
    "hour": 13,
    "minute": 56,
    "temp": [
        28.062999999999963,
        28.054915254237258,
        28.05389830508471,
        28.011000000000006,
        27.889310344827578
    ],
    "ntu": [
        1514.2328333333337,
        1459.0623728813562,
        1151.4167796610163,
        1618.7291666666663,
        2373.278965517242
    ],
    "temp_avg": 28.014424780829906,
    "ntu_avg": 1623.3440236119227
}