{
    "year": 2021,
    "month": 4,
    "day": 23,
    "hour": 10,
    "minute": 25,
    "temp": [
        28.07457627118647,
        28.11933333333331,
        28.019322033898302,
        27.96600000000003,
        27.928135593220347
    ],
    "ntu": [
        2365.1867796610177,
        2334.0274999999997,
        2327.013728813559,
        2334.4038333333333,
        2325.0252542372878
    ],
    "temp_avg": 28.021473446327697,
    "ntu_avg": 2337.1314192090394
}