{
    "year": 2021,
    "month": 4,
    "day": 9,
    "hour": 0,
    "minute": 50,
    "temp": [
        27.190000000000023,
        27.190000000000023,
        27.183437500000018,
        27.128484848484852,
        27.12
    ],
    "tds": [
        1362.4427272727269,
        1372.9799999999996,
        1375.6428125000002,
        1370.0618181818186,
        1365.262727272727
    ],
    "ph": [
        3.715151515151515,
        3.6378787878787877,
        3.6078124999999988,
        3.5812121212121206,
        3.4821212121212124
    ],
    "ntu": [
        3000.0,
        3000.0,
        3000.0,
        3000.0,
        3000.0
    ],
    "temp_avg": 27.162384469696985,
    "tds_avg": 1369.2780170454544,
    "ph_avg": 3.6048352272727273,
    "ntu_avg": 3000.0
}