{
    "year": 2021,
    "month": 4,
    "day": 26,
    "hour": 3,
    "minute": 46,
    "temp": [
        26.690000000000037,
        26.690000000000037,
        26.690000000000037,
        26.690000000000037,
        26.690000000000037
    ],
    "ntu": [
        -8.04225352112676,
        -6.628571428571429,
        -6.366197183098592,
        -6.271428571428571,
        -6.126760563380282
    ],
    "temp_avg": 26.690000000000037,
    "ntu_avg": -6.687042253521128
}