{
    "year": 2021,
    "month": 4,
    "day": 11,
    "hour": 1,
    "minute": 15,
    "temp": [
        25.55999999999998,
        25.55999999999998,
        25.55999999999998,
        25.55999999999998,
        25.55999999999998
    ],
    "tds": [
        1403.593333333333,
        1402.8687499999996,
        1403.6999999999996,
        1403.6999999999996,
        1400.2087499999998
    ],
    "ph": [
        5.135757575757577,
        5.060937499999999,
        5.0636363636363635,
        5.123636363636364,
        5.072187499999999
    ],
    "ntu": [
        3000.0,
        3000.0,
        3000.0,
        3000.0,
        3000.0
    ],
    "temp_avg": 25.55999999999998,
    "tds_avg": 1402.8141666666666,
    "ph_avg": 5.09123106060606,
    "ntu_avg": 3000.0
}