{
    "year": 2021,
    "month": 4,
    "day": 15,
    "hour": 13,
    "minute": 0,
    "temp": [
        28.12,
        28.118125000000003,
        28.105454545454535,
        28.105454545454545,
        28.059999999999977
    ],
    "tds": [
        1099.3412121212123,
        1100.4043750000003,
        1103.4054545454542,
        1102.1821212121217,
        1104.4112499999992
    ],
    "ph": [
        7.26272727272727,
        7.254062499999998,
        7.245151515151516,
        7.243030303030303,
        7.2434375000000015
    ],
    "ntu": [
        3000.0,
        3000.0,
        3000.0,
        3000.0,
        3000.0
    ],
    "temp_avg": 28.101806818181814,
    "tds_avg": 1101.9488825757576,
    "ph_avg": 7.249681818181817,
    "ntu_avg": 3000.0
}