{
    "year": 2021,
    "month": 4,
    "day": 23,
    "hour": 13,
    "minute": 35,
    "temp": [
        29.460169491525416,
        29.563999999999965,
        29.51220338983051,
        29.482000000000017,
        29.44000000000004
    ],
    "ntu": [
        2253.66220338983,
        2202.967666666666,
        2190.215084745763,
        2180.7230000000004,
        2178.680847457627
    ],
    "temp_avg": 29.49167457627119,
    "ntu_avg": 2201.249760451977
}