{
    "year": 2021,
    "month": 4,
    "day": 8,
    "hour": 22,
    "minute": 35,
    "temp": [
        27.0,
        26.998125,
        26.98545454545456,
        26.972727272727283,
        27.0
    ],
    "tds": [
        0.0,
        145.5834375,
        1390.7257575757583,
        1383.9363636363644,
        1387.7500000000005
    ],
    "ph": [
        0.0,
        0.0,
        0.0,
        0.0,
        0.0
    ],
    "ntu": [
        3000.0,
        3000.0,
        3000.0,
        3000.0,
        3000.0
    ],
    "temp_avg": 26.99126136363637,
    "tds_avg": 861.5991117424246,
    "ph_avg": 0.0,
    "ntu_avg": 3000.0
}