{
    "year": 2021,
    "month": 4,
    "day": 15,
    "hour": 20,
    "minute": 50,
    "temp": [
        29.740909090909092,
        29.75,
        29.75,
        29.75,
        29.751875
    ],
    "tds": [
        1125.9863636363634,
        1125.77,
        1125.77,
        1128.0903030303032,
        1129.7999999999997
    ],
    "ph": [
        7.518181818181818,
        7.498125000000002,
        7.51,
        7.506363636363636,
        7.484687499999996
    ],
    "ntu": [
        3000.0,
        3000.0,
        3000.0,
        3000.0,
        3000.0
    ],
    "temp_avg": 29.748556818181818,
    "tds_avg": 1127.0833333333333,
    "ph_avg": 7.503471590909089,
    "ntu_avg": 3000.0
}