{
    "year": 2021,
    "month": 4,
    "day": 13,
    "hour": 10,
    "minute": 5,
    "temp": [
        27.202727272727294,
        27.190000000000023,
        27.185757575757595,
        27.12424242424243,
        27.12
    ],
    "tds": [
        0.0,
        0.0,
        0.0,
        0.0,
        0.0
    ],
    "ph": [
        0.0,
        0.0,
        0.0,
        0.0,
        0.0
    ],
    "ntu": [
        3000.0,
        3000.0,
        3000.0,
        3000.0,
        3000.0
    ],
    "temp_avg": 27.164545454545465,
    "tds_avg": 0.0,
    "ph_avg": 0.0,
    "ntu_avg": 3000.0
}