{
    "year": 2021,
    "month": 4,
    "day": 10,
    "hour": 9,
    "minute": 55,
    "temp": [
        27.25,
        27.23000000000001,
        27.190000000000023,
        27.190000000000023,
        27.1369696969697
    ],
    "tds": [
        1141.0800000000008,
        1142.157575757576,
        1143.6199999999997,
        1143.6975757575754,
        1148.195757575758
    ],
    "ph": [
        4.891249999999999,
        4.8590909090909085,
        4.844687500000002,
        4.862424242424242,
        4.837575757575759
    ],
    "ntu": [
        3000.0,
        3000.0,
        3000.0,
        3000.0,
        3000.0
    ],
    "temp_avg": 27.19939393939395,
    "tds_avg": 1143.750181818182,
    "ph_avg": 4.859005681818183,
    "ntu_avg": 3000.0
}