{
    "year": 2021,
    "month": 4,
    "day": 22,
    "hour": 20,
    "minute": 25,
    "temp": [
        29.952542372881325,
        29.907499999999963,
        29.811016949152513,
        29.72864406779663,
        29.67133333333333
    ],
    "ntu": [
        1842.4845762711861,
        1590.6450000000002,
        1605.8806779661015,
        1600.9193220338984,
        1591.4255
    ],
    "temp_avg": 29.814207344632752,
    "ntu_avg": 1646.2710152542372
}