{
    "year": 2021,
    "month": 4,
    "day": 20,
    "hour": 17,
    "minute": 15,
    "temp": [
        27.853636363636358,
        27.872187500000003,
        27.920909090909113,
        27.983636363636364,
        28.033749999999976
    ],
    "tds": [
        1308.4545454545457,
        1307.0500000000002,
        1305.2248484848494,
        1302.5600000000004,
        1299.9456249999994
    ],
    "ph": [
        4.739999999999999,
        4.734374999999999,
        4.775757575757577,
        4.71060606060606,
        4.735
    ],
    "ntu": [
        3000.0,
        3000.0,
        3000.0,
        3000.0,
        3000.0
    ],
    "temp_avg": 27.932823863636365,
    "tds_avg": 1304.6470037878792,
    "ph_avg": 4.739147727272727,
    "ntu_avg": 3000.0
}