{
    "year": 2021,
    "month": 4,
    "day": 9,
    "hour": 18,
    "minute": 55,
    "temp": [
        28.75181818181818,
        28.73363636363638,
        28.691875000000024,
        28.679393939393957,
        28.62
    ],
    "tds": [
        1087.1506060606066,
        1087.498787878788,
        1085.6024999999997,
        1086.298181818181,
        1091.84
    ],
    "ph": [
        4.758484848484849,
        4.779696969696971,
        4.727187499999999,
        4.7712121212121215,
        4.725757575757574
    ],
    "ntu": [
        3000.0,
        3000.0,
        3000.0,
        3000.0,
        3000.0
    ],
    "temp_avg": 28.69534469696971,
    "tds_avg": 1087.6780151515152,
    "ph_avg": 4.752467803030303,
    "ntu_avg": 3000.0
}