{
    "year": 2021,
    "month": 4,
    "day": 23,
    "hour": 5,
    "minute": 55,
    "temp": [
        29.218499999999963,
        29.232711864406802,
        29.11616666666663,
        29.057966101694877,
        28.997000000000003
    ],
    "ntu": [
        2063.9494999999993,
        2004.3706779661018,
        2007.559166666667,
        2012.7064406779657,
        2003.9109999999998
    ],
    "temp_avg": 29.124468926553654,
    "ntu_avg": 2018.4993570621468
}