{
    "year": 2021,
    "month": 4,
    "day": 19,
    "hour": 23,
    "minute": 5,
    "temp": [
        27.0,
        27.054545454545433,
        27.105,
        27.14939393939396,
        27.193636363636386
    ],
    "tds": [
        1351.245454545454,
        1343.675151515152,
        1340.6712499999994,
        1337.4718181818182,
        1330.0215151515154
    ],
    "ph": [
        3.174545454545455,
        3.1700000000000004,
        3.1003125,
        3.1090909090909107,
        3.2760606060606063
    ],
    "ntu": [
        3000.0,
        3000.0,
        3000.0,
        3000.0,
        3000.0
    ],
    "temp_avg": 27.100515151515157,
    "tds_avg": 1340.6170378787879,
    "ph_avg": 3.166001893939394,
    "ntu_avg": 3000.0
}