{
    "year": 2021,
    "month": 4,
    "day": 13,
    "hour": 12,
    "minute": 30,
    "temp": [
        28.559999999999974,
        28.529090909090904,
        28.5,
        28.461818181818206,
        28.440000000000023
    ],
    "tds": [
        0.0,
        0.0,
        0.0,
        0.0,
        0.0
    ],
    "ph": [
        0.0,
        0.0,
        0.0,
        0.0,
        0.0
    ],
    "ntu": [
        3000.0,
        3000.0,
        3000.0,
        3000.0,
        3000.0
    ],
    "temp_avg": 28.49818181818182,
    "tds_avg": 0.0,
    "ph_avg": 0.0,
    "ntu_avg": 3000.0
}