{
    "year": 2021,
    "month": 4,
    "day": 23,
    "hour": 11,
    "minute": 36,
    "temp": [
        29.221000000000025,
        29.133050847457582,
        29.064999999999962,
        29.01016949152542,
        29.26118644067792
    ],
    "ntu": [
        2334.587833333333,
        2336.5971186440675,
        2338.321666666667,
        2333.0716949152543,
        2380.9857627118645
    ],
    "temp_avg": 29.138081355932183,
    "ntu_avg": 2344.712815254237
}