{
    "year": 2021,
    "month": 4,
    "day": 19,
    "hour": 23,
    "minute": 10,
    "temp": [
        27.23875,
        27.271818181818162,
        27.34272727272725,
        27.40500000000002,
        27.431515151515175
    ],
    "tds": [
        1324.3653124999998,
        1322.7421212121217,
        1319.427272727273,
        1316.1678124999996,
        1315.1812121212115
    ],
    "ph": [
        3.284375,
        3.2609090909090916,
        3.2466666666666666,
        3.2156250000000006,
        3.2151515151515158
    ],
    "ntu": [
        3000.0,
        3000.0,
        3000.0,
        3000.0,
        3000.0
    ],
    "temp_avg": 27.337962121212122,
    "tds_avg": 1319.5767462121212,
    "ph_avg": 3.244545454545455,
    "ntu_avg": 3000.0
}