{
    "year": 2021,
    "month": 4,
    "day": 24,
    "hour": 4,
    "minute": 17,
    "temp": [
        30.054857142857106,
        29.993239436619724,
        29.9311267605634,
        30.09338028169015,
        30.179295774647894
    ],
    "ntu": [
        655.3,
        655.9154929577464,
        656.8591549295775,
        652.5070422535211,
        653.830985915493
    ],
    "temp_avg": 30.050379879275653,
    "ntu_avg": 654.8825352112676
}