{
    "year": 2021,
    "month": 4,
    "day": 25,
    "hour": 0,
    "minute": 45,
    "temp": [
        26.359014084507,
        26.358857142857097,
        26.36492957746474,
        26.36314285714281,
        26.364084507042207
    ],
    "ntu": [
        -9.704225352112676,
        -6.828571428571428,
        -6.309859154929577,
        -6.214285714285714,
        -6.084507042253521
    ],
    "temp_avg": 26.362005633802774,
    "ntu_avg": -7.028289738430584
}