{
    "year": 2021,
    "month": 4,
    "day": 22,
    "hour": 19,
    "minute": 30,
    "temp": [
        29.24299999999996,
        29.233728813559345,
        29.131864406779616,
        29.064999999999962,
        29.002033898305083
    ],
    "ntu": [
        2299.2643333333326,
        2242.9033898305083,
        2239.8428813559326,
        2252.0271666666667,
        2262.1179661016945
    ],
    "temp_avg": 29.135125423728795,
    "ntu_avg": 2259.231147457627
}