{
    "year": 2021,
    "month": 4,
    "day": 12,
    "hour": 2,
    "minute": 55,
    "temp": [
        25.951250000000012,
        25.95636363636365,
        25.972727272727276,
        25.986875000000005,
        25.99454545454546
    ],
    "tds": [
        1347.4828125000001,
        1348.2333333333331,
        1345.2921212121212,
        1343.9940625000006,
        1343.4800000000005
    ],
    "ph": [
        7.233437499999998,
        7.228787878787874,
        7.207272727272728,
        7.299062500000005,
        7.289090909090909
    ],
    "ntu": [
        3000.0,
        3000.0,
        3000.0,
        3000.0,
        3000.0
    ],
    "temp_avg": 25.972352272727278,
    "tds_avg": 1345.696465909091,
    "ph_avg": 7.251530303030303,
    "ntu_avg": 3000.0
}