{
    "year": 2021,
    "month": 4,
    "day": 13,
    "hour": 18,
    "minute": 10,
    "temp": [
        29.878484848484856,
        29.937812500000025,
        29.96363636363638,
        30.0,
        30.001875
    ],
    "tds": [
        1252.8903030303022,
        1248.7799999999995,
        1248.1981818181816,
        1247.449696969697,
        1225.6096874999996
    ],
    "ph": [
        0.0,
        0.0,
        0.0,
        0.0,
        0.0
    ],
    "ntu": [
        3000.0,
        3000.0,
        3000.0,
        3000.0,
        3000.0
    ],
    "temp_avg": 29.956361742424253,
    "tds_avg": 1244.585573863636,
    "ph_avg": 0.0,
    "ntu_avg": 3000.0
}