{
    "year": 2021,
    "month": 4,
    "day": 10,
    "hour": 23,
    "minute": 20,
    "temp": [
        29.0,
        28.960000000000022,
        28.940000000000026,
        28.87636363636364,
        28.87
    ],
    "tds": [
        1074.1899999999996,
        1075.7581818181816,
        1076.4399999999996,
        1078.3575757575761,
        1078.7000000000003
    ],
    "ph": [
        5.166363636363635,
        5.140909090909091,
        5.164062499999999,
        5.186363636363638,
        5.178181818181819
    ],
    "ntu": [
        3000.0,
        3000.0,
        3000.0,
        3000.0,
        3000.0
    ],
    "temp_avg": 28.929272727272735,
    "tds_avg": 1076.6891515151515,
    "ph_avg": 5.167176136363636,
    "ntu_avg": 3000.0
}