{
    "year": 2021,
    "month": 4,
    "day": 11,
    "hour": 19,
    "minute": 30,
    "temp": [
        28.525454545454544,
        28.5,
        28.49818181818182,
        28.450909090909114,
        28.440000000000023
    ],
    "tds": [
        1087.1499999999999,
        1088.4799999999998,
        1088.550303030303,
        1090.3781818181815,
        1090.7999999999997
    ],
    "ph": [
        6.606363636363636,
        6.590625,
        6.593636363636365,
        6.555151515151516,
        6.539687499999999
    ],
    "ntu": [
        3000.0,
        3000.0,
        3000.0,
        3000.0,
        3000.0
    ],
    "temp_avg": 28.4829090909091,
    "tds_avg": 1089.0716969696969,
    "ph_avg": 6.577092803030302,
    "ntu_avg": 3000.0
}