{
    "year": 2021,
    "month": 4,
    "day": 20,
    "hour": 18,
    "minute": 45,
    "temp": [
        29.849999999999987,
        29.819090909090885,
        29.809999999999974,
        29.837272727272726,
        29.866363636363637
    ],
    "tds": [
        1215.7584848484848,
        1218.9275757575758,
        1216.1468750000006,
        1214.3587878787873,
        1215.4757575757574
    ],
    "ph": [
        4.862424242424243,
        4.896060606060605,
        4.937812500000001,
        4.994848484848484,
        4.9027272727272715
    ],
    "ntu": [
        3000.0,
        3000.0,
        3000.0,
        3000.0,
        3000.0
    ],
    "temp_avg": 29.836545454545444,
    "tds_avg": 1216.1334962121214,
    "ph_avg": 4.918774621212121,
    "ntu_avg": 3000.0
}