{
    "year": 2021,
    "month": 4,
    "day": 13,
    "hour": 3,
    "minute": 20,
    "temp": [
        28.56562499999998,
        28.62,
        28.643333333333352,
        28.687812500000025,
        28.722727272727276
    ],
    "tds": [
        632.3628125000001,
        669.6090909090909,
        648.0354545454549,
        618.6453125000002,
        584.6345454545456
    ],
    "ph": [
        0.0,
        0.0,
        0.0,
        0.0,
        0.0
    ],
    "ntu": [
        3000.0,
        3000.0,
        3000.0,
        3000.0,
        3000.0
    ],
    "temp_avg": 28.647899621212126,
    "tds_avg": 630.6574431818184,
    "ph_avg": 0.0,
    "ntu_avg": 3000.0
}