{
    "year": 2021,
    "month": 4,
    "day": 24,
    "hour": 18,
    "minute": 41,
    "temp": [
        30.17700000000001,
        30.08535211267603,
        30.00942857142857,
        29.944225352112714,
        30.06323943661969
    ],
    "ntu": [
        504.75714285714287,
        506.0281690140845,
        507.8142857142857,
        507.1830985915493,
        -58.816901408450704
    ],
    "temp_avg": 30.0558490945674,
    "ntu_avg": 393.3931589537223
}