{
    "year": 2021,
    "month": 4,
    "day": 12,
    "hour": 12,
    "minute": 15,
    "temp": [
        29.132727272727276,
        29.122121212121215,
        29.104999999999986,
        29.058181818181794,
        29.012727272727275
    ],
    "tds": [
        1062.558787878788,
        1077.5969696969698,
        1201.5200000000002,
        1199.26,
        1198.875757575758
    ],
    "ph": [
        7.892121212121211,
        7.912727272727271,
        8.204687500000006,
        8.222727272727273,
        8.22030303030303
    ],
    "ntu": [
        3000.0,
        3000.0,
        3000.0,
        3000.0,
        3000.0
    ],
    "temp_avg": 29.08615151515151,
    "tds_avg": 1147.9623030303032,
    "ph_avg": 8.090513257575758,
    "ntu_avg": 3000.0
}