{
    "year": 2021,
    "month": 4,
    "day": 19,
    "hour": 22,
    "minute": 20,
    "temp": [
        27.690000000000023,
        27.683636363636385,
        27.62,
        27.62,
        27.62
    ],
    "tds": [
        1131.9599999999994,
        1132.187272727272,
        1134.3324242424237,
        1133.1443749999996,
        1134.5357575757569
    ],
    "ph": [
        2.9496875,
        3.0436363636363635,
        3.0254545454545467,
        3.019375,
        3.0618181818181833
    ],
    "ntu": [
        3000.0,
        3000.0,
        3000.0,
        3000.0,
        3000.0
    ],
    "temp_avg": 27.646727272727283,
    "tds_avg": 1133.2319659090904,
    "ph_avg": 3.0199943181818183,
    "ntu_avg": 3000.0
}