{
    "year": 2021,
    "month": 4,
    "day": 14,
    "hour": 9,
    "minute": 25,
    "temp": [
        29.501875,
        29.559999999999974,
        29.581818181818175,
        29.62424242424243,
        29.687812500000025
    ],
    "tds": [
        1185.1496875000003,
        1182.6600000000005,
        1180.0472727272731,
        1176.2821212121219,
        1173.4490624999996
    ],
    "ph": [
        4.3999999999999995,
        4.8159374999999995,
        4.91030303030303,
        4.910303030303031,
        5.053750000000001
    ],
    "ntu": [
        3000.0,
        3000.0,
        3000.0,
        3000.0,
        3000.0
    ],
    "temp_avg": 29.59114962121212,
    "tds_avg": 1179.5176287878792,
    "ph_avg": 4.818058712121212,
    "ntu_avg": 3000.0
}