{
    "year": 2021,
    "month": 4,
    "day": 10,
    "hour": 6,
    "minute": 30,
    "temp": [
        25.74818181818182,
        25.74818181818182,
        25.74625,
        25.746363636363636,
        25.742727272727276
    ],
    "tds": [
        1397.099090909091,
        1394.158484848485,
        1388.0493750000005,
        1388.1503030303033,
        1388.3606060606064
    ],
    "ph": [
        2.4690909090909083,
        2.3954545454545455,
        2.2971874999999993,
        2.3230303030303023,
        2.25060606060606
    ],
    "ntu": [
        3000.0,
        3000.0,
        3000.0,
        3000.0,
        3000.0
    ],
    "temp_avg": 25.74634090909091,
    "tds_avg": 1391.1635719696972,
    "ph_avg": 2.3470738636363633,
    "ntu_avg": 3000.0
}