{
    "year": 2021,
    "month": 4,
    "day": 10,
    "hour": 2,
    "minute": 40,
    "temp": [
        25.44000000000002,
        25.44000000000002,
        25.456875000000014,
        25.44363636363638,
        25.449090909090923
    ],
    "tds": [
        1416.1500000000008,
        1416.041818181819,
        1433.4337500000004,
        1428.6245454545442,
        1403.2154545454537
    ],
    "ph": [
        3.7251515151515147,
        3.844242424242424,
        3.5215625,
        2.7427272727272727,
        3.507878787878788
    ],
    "ntu": [
        3000.0,
        3000.0,
        3000.0,
        3000.0,
        3000.0
    ],
    "temp_avg": 25.445920454545472,
    "tds_avg": 1419.4931136363637,
    "ph_avg": 3.4683124999999997,
    "ntu_avg": 3000.0
}