{
    "year": 2021,
    "month": 4,
    "day": 11,
    "hour": 14,
    "minute": 55,
    "temp": [
        30.0,
        30.0090909090909,
        30.058124999999976,
        30.059999999999974,
        30.059999999999974
    ],
    "tds": [
        1169.1500000000005,
        1121.1272727272724,
        1033.6753125000002,
        1033.6100000000004,
        1033.6100000000004
    ],
    "ph": [
        6.390303030303029,
        6.381515151515152,
        6.244374999999999,
        6.236363636363636,
        6.213030303030303
    ],
    "ntu": [
        3000.0,
        3000.0,
        3000.0,
        3000.0,
        3000.0
    ],
    "temp_avg": 30.037443181818162,
    "tds_avg": 1078.234517045455,
    "ph_avg": 6.293117424242423,
    "ntu_avg": 3000.0
}