{
    "year": 2021,
    "month": 4,
    "day": 10,
    "hour": 2,
    "minute": 55,
    "temp": [
        25.5,
        25.5,
        25.5,
        25.5,
        25.501875
    ],
    "tds": [
        1401.8899999999996,
        1401.8899999999996,
        1400.922727272727,
        1399.1493939393938,
        1397.9565624999998
    ],
    "ph": [
        3.9045454545454543,
        3.8803124999999987,
        3.8845454545454543,
        3.8481818181818177,
        3.741250000000001
    ],
    "ntu": [
        3000.0,
        3000.0,
        3000.0,
        3000.0,
        3000.0
    ],
    "temp_avg": 25.500375,
    "tds_avg": 1400.361736742424,
    "ph_avg": 3.851767045454545,
    "ntu_avg": 3000.0
}