{
    "year": 2021,
    "month": 4,
    "day": 11,
    "hour": 12,
    "minute": 5,
    "temp": [
        29.0,
        29.0,
        28.958181818181842,
        28.940000000000026,
        28.91666666666668
    ],
    "tds": [
        1070.2203125000005,
        1070.3578787878794,
        1072.0548484848482,
        1072.5299999999995,
        1073.2118181818178
    ],
    "ph": [
        6.344062499999999,
        6.357878787878789,
        6.407272727272727,
        6.376562500000001,
        6.363939393939397
    ],
    "ntu": [
        3000.0,
        3000.0,
        3000.0,
        3000.0,
        3000.0
    ],
    "temp_avg": 28.962969696969708,
    "tds_avg": 1071.674971590909,
    "ph_avg": 6.369943181818183,
    "ntu_avg": 3000.0
}