{
    "year": 2021,
    "month": 4,
    "day": 12,
    "hour": 4,
    "minute": 35,
    "temp": [
        26.190000000000023,
        26.190000000000023,
        26.190000000000023,
        26.190000000000023,
        26.191818181818203
    ],
    "tds": [
        1333.6900000000003,
        1330.4954545454545,
        1332.9293939393942,
        1333.6900000000003,
        1333.6900000000003
    ],
    "ph": [
        7.166249999999998,
        7.160909090909089,
        7.1660606060606025,
        7.143437499999998,
        7.173333333333333
    ],
    "ntu": [
        3000.0,
        3000.0,
        3000.0,
        3000.0,
        3000.0
    ],
    "temp_avg": 26.190363636363656,
    "tds_avg": 1332.89896969697,
    "ph_avg": 7.1619981060606035,
    "ntu_avg": 3000.0
}