{
    "year": 2021,
    "month": 4,
    "day": 10,
    "hour": 6,
    "minute": 40,
    "temp": [
        25.74636363636364,
        25.742500000000003,
        25.74818181818182,
        25.742727272727276,
        25.748125
    ],
    "tds": [
        1396.0854545454545,
        1393.4784375000008,
        1384.8654545454556,
        1393.5172727272723,
        1398.159375
    ],
    "ph": [
        2.347878787878788,
        2.1240624999999995,
        2.1369696969696976,
        2.1499999999999995,
        2.1028124999999998
    ],
    "ntu": [
        3000.0,
        3000.0,
        3000.0,
        3000.0,
        3000.0
    ],
    "temp_avg": 25.745579545454554,
    "tds_avg": 1393.2211988636366,
    "ph_avg": 2.1723446969696965,
    "ntu_avg": 3000.0
}