{
    "year": 2021,
    "month": 4,
    "day": 15,
    "hour": 20,
    "minute": 25,
    "temp": [
        29.659375000000015,
        29.681515151515175,
        29.677272727272744,
        29.690000000000026,
        29.690000000000026
    ],
    "tds": [
        1129.7765625000004,
        1132.2727272727273,
        1132.1909090909082,
        1129.622727272728,
        1133.4656250000003
    ],
    "ph": [
        7.486562500000001,
        7.512424242424242,
        7.479393939393938,
        7.484545454545457,
        7.520000000000003
    ],
    "ntu": [
        3000.0,
        3000.0,
        3000.0,
        3000.0,
        3000.0
    ],
    "temp_avg": 29.679632575757598,
    "tds_avg": 1131.465710227273,
    "ph_avg": 7.496585227272729,
    "ntu_avg": 3000.0
}