{
    "year": 2021,
    "month": 4,
    "day": 20,
    "hour": 14,
    "minute": 20,
    "temp": [
        29.777272727272727,
        29.75,
        29.755624999999995,
        29.788181818181812,
        29.80999999999998
    ],
    "tds": [
        1222.9415151515152,
        1224.5503030303023,
        1222.0240624999994,
        1222.2593939393935,
        1223.530000000001
    ],
    "ph": [
        4.783636363636363,
        4.781515151515152,
        4.7934375000000005,
        4.803333333333334,
        4.722424242424241
    ],
    "ntu": [
        3000.0,
        3000.0,
        3000.0,
        3000.0,
        3000.0
    ],
    "temp_avg": 29.776215909090904,
    "tds_avg": 1223.0610549242424,
    "ph_avg": 4.776869318181818,
    "ntu_avg": 3000.0
}