{
    "year": 2021,
    "month": 4,
    "day": 23,
    "hour": 6,
    "minute": 40,
    "temp": [
        29.594666666666672,
        29.576271186440643,
        29.47900000000002,
        29.409152542372855,
        29.352999999999966
    ],
    "ntu": [
        2335.0853333333334,
        2288.842033898306,
        2292.320166666667,
        2296.8525423728806,
        2299.2161666666666
    ],
    "temp_avg": 29.482418079096032,
    "ntu_avg": 2302.463248587571
}