{
    "year": 2021,
    "month": 4,
    "day": 10,
    "hour": 8,
    "minute": 15,
    "temp": [
        29.990909090909092,
        29.953125000000018,
        29.983636363636364,
        29.99818181818182,
        30.0
    ],
    "tds": [
        1194.0309090909088,
        1197.484375,
        1200.671515151515,
        1202.7699999999998,
        1199.5824999999998
    ],
    "ph": [
        3.584545454545453,
        3.5937499999999996,
        3.6199999999999997,
        3.62939393939394,
        3.7437500000000004
    ],
    "ntu": [
        3000.0,
        3000.0,
        3000.0,
        3000.0,
        3000.0
    ],
    "temp_avg": 29.98517045454546,
    "tds_avg": 1198.9078598484846,
    "ph_avg": 3.634287878787879,
    "ntu_avg": 3000.0
}