{
    "year": 2021,
    "month": 4,
    "day": 10,
    "hour": 4,
    "minute": 55,
    "temp": [
        25.75,
        25.75,
        25.75,
        25.75,
        25.75
    ],
    "tds": [
        1391.2872727272736,
        1392.8843749999996,
        1404.9103030303024,
        1382.541515151515,
        1382.6999999999996
    ],
    "ph": [
        2.9521212121212113,
        2.7812499999999996,
        2.643939393939395,
        2.682121212121212,
        2.6278124999999997
    ],
    "ntu": [
        3000.0,
        3000.0,
        3000.0,
        3000.0,
        3000.0
    ],
    "temp_avg": 25.75,
    "tds_avg": 1390.864693181818,
    "ph_avg": 2.7374488636363634,
    "ntu_avg": 3000.0
}