{
    "year": 2021,
    "month": 4,
    "day": 14,
    "hour": 16,
    "minute": 0,
    "temp": [
        27.21909090909093,
        27.199090909090923,
        27.238750000000003,
        27.220909090909096,
        27.199090909090927
    ],
    "tds": [
        1254.648181818182,
        1257.2981818181818,
        1259.1625000000006,
        1251.3212121212118,
        1245.984848484848
    ],
    "ph": [
        3.775454545454545,
        3.7836363636363632,
        3.7559374999999995,
        3.765151515151515,
        3.7666666666666684
    ],
    "ntu": [
        3000.0,
        3000.0,
        3000.0,
        3000.0,
        3000.0
    ],
    "temp_avg": 27.215386363636373,
    "tds_avg": 1253.6829848484847,
    "ph_avg": 3.7693693181818184,
    "ntu_avg": 3000.0
}