{
    "year": 2021,
    "month": 4,
    "day": 15,
    "hour": 16,
    "minute": 45,
    "temp": [
        28.440000000000023,
        28.440000000000023,
        28.440000000000023,
        28.440000000000023,
        28.443636363636383
    ],
    "tds": [
        1248.6100000000004,
        1250.2621212121212,
        1268.01125,
        1263.807272727272,
        1255.631818181819
    ],
    "ph": [
        7.47181818181818,
        7.4512121212121185,
        7.480000000000001,
        7.485757575757575,
        7.468484848484847
    ],
    "ntu": [
        3000.0,
        3000.0,
        3000.0,
        3000.0,
        3000.0
    ],
    "temp_avg": 28.440727272727294,
    "tds_avg": 1257.2644924242425,
    "ph_avg": 7.471454545454544,
    "ntu_avg": 3000.0
}