{
    "year": 2021,
    "month": 4,
    "day": 12,
    "hour": 12,
    "minute": 10,
    "temp": [
        29.273636363636363,
        29.25,
        29.23909090909092,
        29.191818181818206,
        29.190000000000026
    ],
    "tds": [
        1060.557272727272,
        1059.2599999999993,
        1058.0445454545456,
        1062.3869696969693,
        1061.7643749999997
    ],
    "ph": [
        7.796363636363636,
        7.800312500000002,
        7.822424242424239,
        7.851515151515154,
        7.8778124999999966
    ],
    "ntu": [
        3000.0,
        3000.0,
        3000.0,
        3000.0,
        3000.0
    ],
    "temp_avg": 29.228909090909106,
    "tds_avg": 1060.4026325757573,
    "ph_avg": 7.829685606060605,
    "ntu_avg": 3000.0
}