{
    "year": 2021,
    "month": 4,
    "day": 25,
    "hour": 5,
    "minute": 45,
    "temp": [
        26.36999999999995,
        26.36999999999995,
        26.36999999999995,
        26.36999999999995,
        26.36999999999995
    ],
    "ntu": [
        -24.34285714285714,
        -23.070422535211268,
        -23.549295774647888,
        -23.82857142857143,
        -24.098591549295776
    ],
    "temp_avg": 26.369999999999955,
    "ntu_avg": -23.777947686116697
}