{
    "year": 2021,
    "month": 4,
    "day": 11,
    "hour": 4,
    "minute": 25,
    "temp": [
        25.740625000000005,
        25.73727272727273,
        25.740909090909092,
        25.740625,
        25.74818181818182
    ],
    "tds": [
        1391.0574999999997,
        1388.1503030303033,
        1388.1503030303033,
        1392.7606249999994,
        1390.2772727272718
    ],
    "ph": [
        4.91375,
        4.905151515151514,
        4.910303030303031,
        4.9046875,
        5.00969696969697
    ],
    "ntu": [
        3000.0,
        3000.0,
        3000.0,
        3000.0,
        3000.0
    ],
    "temp_avg": 25.74152272727273,
    "tds_avg": 1390.0792007575753,
    "ph_avg": 4.9287178030303025,
    "ntu_avg": 3000.0
}