{
    "year": 2021,
    "month": 4,
    "day": 21,
    "hour": 8,
    "minute": 20,
    "temp": [
        28.62424242424243,
        28.618125,
        28.576363636363613,
        28.559999999999974,
        28.529999999999994
    ],
    "tds": [
        1107.848484848484,
        1107.9199999999992,
        1109.5066666666667,
        1110.2999999999997,
        1111.63875
    ],
    "ph": [
        4.890303030303031,
        4.890312499999999,
        4.889090909090909,
        4.902424242424242,
        4.916874999999999
    ],
    "ntu": [
        3000.0,
        3000.0,
        3000.0,
        3000.0,
        3000.0
    ],
    "temp_avg": 28.581746212121203,
    "tds_avg": 1109.4427803030298,
    "ph_avg": 4.897801136363635,
    "ntu_avg": 3000.0
}