{
    "year": 2021,
    "month": 4,
    "day": 10,
    "hour": 6,
    "minute": 45,
    "temp": [
        25.740909090909092,
        25.742727272727272,
        25.746363636363636,
        25.74636363636364,
        25.748125
    ],
    "tds": [
        1395.3869696969691,
        1389.7409090909096,
        1391.44303030303,
        1391.0245454545448,
        1406.8274999999992
    ],
    "ph": [
        2.1951515151515157,
        2.3054545454545456,
        2.2469696969696975,
        2.2306060606060605,
        1.853125
    ],
    "ntu": [
        3000.0,
        3000.0,
        3000.0,
        3000.0,
        3000.0
    ],
    "temp_avg": 25.74489772727273,
    "tds_avg": 1394.8845909090905,
    "ph_avg": 2.166261363636364,
    "ntu_avg": 3000.0
}