{
    "year": 2021,
    "month": 4,
    "day": 10,
    "hour": 14,
    "minute": 45,
    "temp": [
        28.799090909090886,
        28.815454545454525,
        28.87,
        28.912424242424265,
        28.941818181818206
    ],
    "tds": [
        1233.7390909090905,
        1231.7548484848485,
        1229.3974999999998,
        1228.154848484848,
        1230.1915151515152
    ],
    "ph": [
        5.157575757575756,
        5.123939393939393,
        5.102500000000002,
        5.165151515151514,
        5.131515151515153
    ],
    "ntu": [
        3000.0,
        3000.0,
        3000.0,
        3000.0,
        3000.0
    ],
    "temp_avg": 28.867757575757576,
    "tds_avg": 1230.6475606060603,
    "ph_avg": 5.136136363636363,
    "ntu_avg": 3000.0
}