{
    "year": 2021,
    "month": 4,
    "day": 15,
    "hour": 20,
    "minute": 15,
    "temp": [
        29.62424242424243,
        29.626562500000006,
        29.628484848484856,
        29.639090909090925,
        29.63750000000001
    ],
    "tds": [
        1143.8451515151514,
        1137.8896874999994,
        1134.06303030303,
        1135.8451515151514,
        1146.1362499999996
    ],
    "ph": [
        7.458787878787876,
        7.470000000000001,
        7.469393939393938,
        7.474545454545453,
        7.499375000000001
    ],
    "ntu": [
        3000.0,
        3000.0,
        3000.0,
        3000.0,
        3000.0
    ],
    "temp_avg": 29.631176136363642,
    "tds_avg": 1139.5558541666664,
    "ph_avg": 7.474420454545454,
    "ntu_avg": 3000.0
}