{
    "year": 2021,
    "month": 4,
    "day": 6,
    "hour": 8,
    "minute": 25,
    "temp": [
        27.44,
        27.37,
        27.37,
        27.37,
        27.31
    ],
    "tds": [
        0.0,
        0.0,
        0.0,
        0.0,
        0.0
    ],
    "ph": [
        0.08,
        0.06,
        0.07,
        0.08,
        0.08
    ],
    "ntu": [
        3000.0,
        3000.0,
        3000.0,
        3000.0,
        3000.0
    ],
    "temp_avg": 27.372000000000003,
    "tds_avg": 0.0,
    "ph_avg": 0.07400000000000001,
    "ntu_avg": 3000.0
}