{
    "year": 2021,
    "month": 4,
    "day": 14,
    "hour": 1,
    "minute": 0,
    "temp": [
        28.840909090909086,
        28.872187500000003,
        28.931515151515175,
        28.945454545454567,
        29.0
    ],
    "tds": [
        1262.3236363636368,
        1259.8021875,
        1254.8036363636365,
        1256.1042424242426,
        1252.7406249999992
    ],
    "ph": [
        4.116969696969696,
        4.125,
        4.306666666666666,
        4.444848484848485,
        4.5240625
    ],
    "ntu": [
        3000.0,
        3000.0,
        3000.0,
        3000.0,
        3000.0
    ],
    "temp_avg": 28.918013257575762,
    "tds_avg": 1257.154865530303,
    "ph_avg": 4.303509469696969,
    "ntu_avg": 3000.0
}