{
    "year": 2021,
    "month": 4,
    "day": 14,
    "hour": 18,
    "minute": 10,
    "temp": [
        28.440000000000023,
        28.441818181818206,
        28.452727272727294,
        28.470000000000006,
        28.5
    ],
    "tds": [
        1318.469375,
        1322.2309090909084,
        1318.4896969696968,
        1316.7049999999995,
        1315.3721212121206
    ],
    "ph": [
        4.9134375,
        4.9018181818181805,
        4.918787878787878,
        4.909374999999998,
        4.918181818181817
    ],
    "ntu": [
        3000.0,
        3000.0,
        3000.0,
        3000.0,
        3000.0
    ],
    "temp_avg": 28.460909090909105,
    "tds_avg": 1318.253420454545,
    "ph_avg": 4.912320075757575,
    "ntu_avg": 3000.0
}