{
    "year": 2021,
    "month": 4,
    "day": 25,
    "hour": 21,
    "minute": 35,
    "temp": [
        26.818450704225317,
        26.81257142857139,
        26.81507042253517,
        26.81253521126757,
        26.809999999999963
    ],
    "ntu": [
        619.9154929577464,
        626.9857142857143,
        626.943661971831,
        627.0704225352113,
        627.0
    ],
    "temp_avg": 26.81372555331988,
    "ntu_avg": 625.5830583501006
}