{
    "year": 2021,
    "month": 4,
    "day": 16,
    "hour": 9,
    "minute": 15,
    "temp": [
        29.56363636363634,
        29.5781818181818,
        29.61625,
        29.62,
        29.647575757575776
    ],
    "tds": [
        1144.9681818181816,
        1145.042121212121,
        1142.97875,
        1142.75,
        1141.5718181818181
    ],
    "ph": [
        7.021515151515154,
        7.013636363636362,
        7.0381250000000035,
        7.040303030303032,
        7.055151515151516
    ],
    "ntu": [
        3000.0,
        3000.0,
        3000.0,
        3000.0,
        3000.0
    ],
    "temp_avg": 29.605128787878783,
    "tds_avg": 1143.4621742424242,
    "ph_avg": 7.033746212121214,
    "ntu_avg": 3000.0
}