{
    "year": 2021,
    "month": 4,
    "day": 12,
    "hour": 7,
    "minute": 5,
    "temp": [
        26.260909090909088,
        26.272499999999994,
        26.271818181818176,
        26.28090909090908,
        26.28562499999999
    ],
    "tds": [
        1326.8260606060599,
        1325.1406249999995,
        1326.3715151515148,
        1328.9963636363636,
        1328.5481249999998
    ],
    "ph": [
        6.705151515151512,
        6.688437500000001,
        6.683333333333335,
        6.69757575757576,
        6.7018749999999985
    ],
    "ntu": [
        3000.0,
        3000.0,
        3000.0,
        3000.0,
        3000.0
    ],
    "temp_avg": 26.274352272727263,
    "tds_avg": 1327.1765378787873,
    "ph_avg": 6.695274621212121,
    "ntu_avg": 3000.0
}