{
    "year": 2021,
    "month": 4,
    "day": 12,
    "hour": 2,
    "minute": 20,
    "temp": [
        25.81937499999998,
        25.837272727272712,
        25.84818181818181,
        25.858749999999997,
        25.868181818181817
    ],
    "tds": [
        1358.1225000000004,
        1357.2242424242424,
        1357.0218181818184,
        1352.464375,
        1355.4024242424239
    ],
    "ph": [
        7.185624999999999,
        7.252121212121215,
        7.233939393939393,
        7.3165625,
        7.203030303030302
    ],
    "ntu": [
        3000.0,
        3000.0,
        3000.0,
        3000.0,
        3000.0
    ],
    "temp_avg": 25.846352272727263,
    "tds_avg": 1356.0470719696968,
    "ph_avg": 7.238255681818181,
    "ntu_avg": 3000.0
}