{
    "year": 2021,
    "month": 4,
    "day": 10,
    "hour": 16,
    "minute": 35,
    "temp": [
        28.311874999999976,
        28.309999999999977,
        28.259090909090908,
        28.25,
        28.21000000000002
    ],
    "tds": [
        1099.2271875,
        1099.5,
        1101.5739393939398,
        1101.8600000000004,
        1100.3403030303023
    ],
    "ph": [
        5.072187499999998,
        5.080303030303031,
        5.112727272727275,
        5.119999999999998,
        5.187878787878785
    ],
    "ntu": [
        3000.0,
        3000.0,
        3000.0,
        3000.0,
        3000.0
    ],
    "temp_avg": 28.268193181818173,
    "tds_avg": 1100.5002859848485,
    "ph_avg": 5.114619318181818,
    "ntu_avg": 3000.0
}