{
    "year": 2021,
    "month": 4,
    "day": 19,
    "hour": 23,
    "minute": 25,
    "temp": [
        27.99454545454546,
        28.044999999999977,
        28.067272727272712,
        28.13060606060607,
        28.152812500000017
    ],
    "tds": [
        1287.7412121212126,
        1285.1525000000006,
        1283.7821212121207,
        1280.9154545454548,
        1280.2556250000005
    ],
    "ph": [
        3.030909090909092,
        3.0471875000000015,
        3.052121212121213,
        3.0148484848484842,
        3.013125
    ],
    "ntu": [
        3000.0,
        3000.0,
        3000.0,
        3000.0,
        3000.0
    ],
    "temp_avg": 28.078047348484848,
    "tds_avg": 1283.5693825757578,
    "ph_avg": 3.031638257575758,
    "ntu_avg": 3000.0
}