{
    "year": 2021,
    "month": 4,
    "day": 13,
    "hour": 2,
    "minute": 35,
    "temp": [
        27.043124999999993,
        27.0,
        27.0,
        26.973750000000017,
        26.945454545454563
    ],
    "tds": [
        0.0,
        0.0,
        0.0,
        516.9121875,
        690.4724242424245
    ],
    "ph": [
        0.0,
        0.0,
        0.0,
        0.0,
        0.0
    ],
    "ntu": [
        3000.0,
        3000.0,
        3000.0,
        3000.0,
        3000.0
    ],
    "temp_avg": 26.992465909090914,
    "tds_avg": 241.47692234848492,
    "ph_avg": 0.0,
    "ntu_avg": 3000.0
}