{
    "year": 2021,
    "month": 4,
    "day": 12,
    "hour": 1,
    "minute": 55,
    "temp": [
        25.75,
        25.75,
        25.75,
        25.75,
        25.75
    ],
    "tds": [
        1377.4700000000005,
        1372.9112499999999,
        1377.4700000000005,
        1373.5230303030303,
        1376.3303125000004
    ],
    "ph": [
        7.21090909090909,
        7.253125000000001,
        7.219090909090908,
        7.19909090909091,
        7.233437499999999
    ],
    "ntu": [
        3000.0,
        3000.0,
        3000.0,
        3000.0,
        3000.0
    ],
    "temp_avg": 25.75,
    "tds_avg": 1375.5409185606063,
    "ph_avg": 7.223130681818182,
    "ntu_avg": 3000.0
}