{
    "year": 2021,
    "month": 4,
    "day": 16,
    "hour": 4,
    "minute": 30,
    "temp": [
        27.75,
        27.75,
        27.75,
        27.75,
        27.75
    ],
    "tds": [
        1242.2621212121212,
        1238.8000000000002,
        1240.0853125,
        1240.4618181818184,
        1238.8000000000002
    ],
    "ph": [
        7.015454545454545,
        7.004242424242424,
        7.050000000000001,
        7.057878787878791,
        7.062121212121212
    ],
    "ntu": [
        3000.0,
        3000.0,
        3000.0,
        3000.0,
        3000.0
    ],
    "temp_avg": 27.75,
    "tds_avg": 1240.0818503787882,
    "ph_avg": 7.037939393939395,
    "ntu_avg": 3000.0
}