{
    "year": 2021,
    "month": 4,
    "day": 12,
    "hour": 15,
    "minute": 55,
    "temp": [
        24.735,
        24.79727272727271,
        24.85909090909091,
        24.93125000000002,
        24.987272727272725
    ],
    "tds": [
        1375.4834375000007,
        1371.880909090909,
        1368.3227272727277,
        1364.6825000000003,
        1361.458181818182
    ],
    "ph": [
        2.0246875,
        1.9775757575757569,
        2.032424242424242,
        2.0396875,
        2.0554545454545456
    ],
    "ntu": [
        3000.0,
        3000.0,
        3000.0,
        3000.0,
        3000.0
    ],
    "temp_avg": 24.861977272727273,
    "tds_avg": 1368.365551136364,
    "ph_avg": 2.025965909090909,
    "ntu_avg": 3000.0
}