{
    "year": 2021,
    "month": 4,
    "day": 15,
    "hour": 3,
    "minute": 0,
    "temp": [
        27.622121212121215,
        27.62,
        27.62,
        27.62,
        27.62
    ],
    "tds": [
        1315.0999999999992,
        1306.2846875000005,
        1314.078181818181,
        1315.0999999999992,
        1315.0999999999992
    ],
    "ph": [
        5.033030303030303,
        5.0121875000000005,
        4.987272727272729,
        4.986969696969696,
        4.9418750000000005
    ],
    "ntu": [
        3000.0,
        3000.0,
        3000.0,
        3000.0,
        3000.0
    ],
    "temp_avg": 27.620424242424246,
    "tds_avg": 1313.132573863636,
    "ph_avg": 4.992267045454546,
    "ntu_avg": 3000.0
}