{
    "year": 2021,
    "month": 4,
    "day": 16,
    "hour": 7,
    "minute": 5,
    "temp": [
        27.737272727272728,
        27.73727272727273,
        27.744375,
        27.744545454545452,
        27.75
    ],
    "tds": [
        1243.9066666666665,
        1244.3200000000004,
        1248.1656249999999,
        1249.483333333334,
        1248.7684848484846
    ],
    "ph": [
        6.704848484848484,
        6.699393939393936,
        6.653437500000001,
        6.66212121212121,
        6.693333333333332
    ],
    "ntu": [
        3000.0,
        3000.0,
        3000.0,
        3000.0,
        3000.0
    ],
    "temp_avg": 27.742693181818186,
    "tds_avg": 1246.9288219696969,
    "ph_avg": 6.682626893939393,
    "ntu_avg": 3000.0
}