{
    "year": 2021,
    "month": 4,
    "day": 12,
    "hour": 15,
    "minute": 25,
    "temp": [
        24.26272727272727,
        24.255625,
        24.266363636363632,
        24.25545454545454,
        24.264999999999993
    ],
    "tds": [
        1409.8448484848486,
        1409.5946874999997,
        1409.3960606060607,
        1410.062727272727,
        1408.3331249999997
    ],
    "ph": [
        2.62121212121212,
        2.575624999999999,
        2.5945454545454543,
        2.5533333333333332,
        2.5018749999999996
    ],
    "ntu": [
        3000.0,
        3000.0,
        3000.0,
        3000.0,
        3000.0
    ],
    "temp_avg": 24.26103409090909,
    "tds_avg": 1409.4462897727274,
    "ph_avg": 2.5693181818181814,
    "ntu_avg": 3000.0
}