{
    "year": 2021,
    "month": 4,
    "day": 12,
    "hour": 20,
    "minute": 30,
    "temp": [
        28.727500000000006,
        28.75727272727272,
        28.806363636363614,
        28.845625,
        28.88696969696971
    ],
    "tds": [
        921.8978125000001,
        864.9696969696967,
        887.850909090909,
        946.9459375000005,
        1005.5027272727269
    ],
    "ph": [
        0.0,
        0.0,
        0.0,
        0.0,
        0.0
    ],
    "ntu": [
        3000.0,
        3000.0,
        3000.0,
        3000.0,
        3000.0
    ],
    "temp_avg": 28.80474621212121,
    "tds_avg": 925.4334166666665,
    "ph_avg": 0.0,
    "ntu_avg": 3000.0
}