{
    "year": 2021,
    "month": 4,
    "day": 13,
    "hour": 13,
    "minute": 15,
    "temp": [
        27.302727272727257,
        27.253636363636364,
        27.25,
        27.20636363636366,
        27.190000000000023
    ],
    "tds": [
        15.93757575757576,
        0.0,
        0.0,
        522.8351515151516,
        1054.2869696969697
    ],
    "ph": [
        0.0,
        0.0,
        0.0,
        0.0,
        0.0
    ],
    "ntu": [
        3000.0,
        3000.0,
        3000.0,
        3000.0,
        3000.0
    ],
    "temp_avg": 27.240545454545458,
    "tds_avg": 318.61193939393945,
    "ph_avg": 0.0,
    "ntu_avg": 3000.0
}