{
    "year": 2021,
    "month": 4,
    "day": 25,
    "hour": 23,
    "minute": 5,
    "temp": [
        26.808309859154893,
        26.809154929577428,
        26.809999999999963,
        26.809999999999963,
        26.808285714285674
    ],
    "ntu": [
        619.3380281690141,
        626.3098591549295,
        626.2714285714286,
        626.3802816901408,
        626.2571428571429
    ],
    "temp_avg": 26.809150100603585,
    "ntu_avg": 624.9113480885311
}