{
    "year": 2021,
    "month": 4,
    "day": 24,
    "hour": 6,
    "minute": 10,
    "temp": [
        30.052916666666604,
        30.084507042253488,
        30.000857142857143,
        29.936901408450737,
        29.868285714285665
    ],
    "ntu": [
        602.2222222222222,
        604.5915492957746,
        605.7428571428571,
        605.6619718309859,
        604.3428571428572
    ],
    "temp_avg": 29.98869359490273,
    "ntu_avg": 604.5122915269394
}