{
    "year": 2021,
    "month": 4,
    "day": 13,
    "hour": 8,
    "minute": 20,
    "temp": [
        29.70272727272729,
        28.440000000000023,
        28.407187500000006,
        29.74818181818182,
        28.37
    ],
    "tds": [
        300.4848484848485,
        866.0887878787876,
        1.42375,
        326.82545454545436,
        0.0
    ],
    "ph": [
        0.0,
        0.0,
        0.0,
        0.0,
        0.0
    ],
    "ntu": [
        3000.0,
        3000.0,
        3000.0,
        3000.0,
        3000.0
    ],
    "temp_avg": 28.933619318181826,
    "tds_avg": 298.96456818181804,
    "ph_avg": 0.0,
    "ntu_avg": 3000.0
}