{
    "year": 2021,
    "month": 4,
    "day": 8,
    "hour": 20,
    "minute": 35,
    "temp": [
        30.0,
        30.0,
        30.0,
        29.99454545454546,
        29.963636363636386
    ],
    "tds": [
        459.62878787878776,
        16.766969696969696,
        0.0,
        0.0,
        353.54545454545456
    ],
    "ph": [
        0.0,
        0.0,
        0.0,
        0.0,
        0.0
    ],
    "ntu": [
        3000.0,
        3000.0,
        3000.0,
        3000.0,
        3000.0
    ],
    "temp_avg": 29.99163636363637,
    "tds_avg": 165.9882424242424,
    "ph_avg": 0.0,
    "ntu_avg": 3000.0
}