{
    "year": 2021,
    "month": 4,
    "day": 20,
    "hour": 8,
    "minute": 35,
    "temp": [
        29.94545454545457,
        29.941875000000024,
        29.940000000000026,
        29.941818181818206,
        29.9925
    ],
    "tds": [
        1210.372424242425,
        1213.1356250000003,
        1212.1200000000003,
        1213.130606060606,
        1211.63875
    ],
    "ph": [
        3.375757575757577,
        3.3790624999999994,
        3.387878787878789,
        3.3727272727272726,
        3.3534374999999987
    ],
    "ntu": [
        3000.0,
        3000.0,
        3000.0,
        3000.0,
        3000.0
    ],
    "temp_avg": 29.952329545454564,
    "tds_avg": 1212.0794810606062,
    "ph_avg": 3.3737727272727276,
    "ntu_avg": 3000.0
}