{
    "year": 2021,
    "month": 4,
    "day": 23,
    "hour": 8,
    "minute": 55,
    "temp": [
        28.197627118644075,
        28.21900000000003,
        28.128305084745723,
        28.04399999999998,
        27.98372881355934
    ],
    "ntu": [
        1380.0452542372882,
        1304.0421666666666,
        1295.090677966102,
        1322.4455000000005,
        1307.5047457627115
    ],
    "temp_avg": 28.11453220338983,
    "ntu_avg": 1321.8256689265538
}