{
    "year": 2021,
    "month": 4,
    "day": 26,
    "hour": 11,
    "minute": 40,
    "temp": [
        31.03211267605632,
        31.000857142857143,
        30.994929577464795,
        30.94169014084511,
        30.936000000000032
    ],
    "ntu": [
        -328.15492957746477,
        -332.92857142857144,
        -327.98591549295776,
        -335.5774647887324,
        -343.2142857142857
    ],
    "temp_avg": 30.981117907444677,
    "ntu_avg": -333.5722334004024
}