{
    "year": 2021,
    "month": 4,
    "day": 19,
    "hour": 19,
    "minute": 20,
    "temp": [
        28.693750000000023,
        28.690000000000026,
        28.681515151515175,
        28.70125000000002,
        28.742727272727272
    ],
    "tds": [
        1255.331562499999,
        1255.50606060606,
        1255.8503030303023,
        1254.7124999999994,
        1252.847272727272
    ],
    "ph": [
        2.6915624999999994,
        2.7230303030303027,
        2.689393939393939,
        2.7099999999999995,
        2.746363636363636
    ],
    "ntu": [
        3000.0,
        3000.0,
        3000.0,
        3000.0,
        3000.0
    ],
    "temp_avg": 28.7018484848485,
    "tds_avg": 1254.8495397727265,
    "ph_avg": 2.7120700757575755,
    "ntu_avg": 3000.0
}