{
    "year": 2021,
    "month": 4,
    "day": 15,
    "hour": 3,
    "minute": 20,
    "temp": [
        27.62,
        27.62,
        27.62,
        27.62,
        27.62
    ],
    "tds": [
        1314.6651515151507,
        1319.4909090909093,
        1319.93,
        1317.4418181818176,
        1319.93
    ],
    "ph": [
        4.942424242424241,
        4.943636363636364,
        4.962812499999998,
        4.947272727272725,
        4.962727272727273
    ],
    "ntu": [
        3000.0,
        3000.0,
        3000.0,
        3000.0,
        3000.0
    ],
    "temp_avg": 27.619999999999997,
    "tds_avg": 1318.2915757575756,
    "ph_avg": 4.951774621212119,
    "ntu_avg": 3000.0
}