{
    "year": 2021,
    "month": 4,
    "day": 25,
    "hour": 22,
    "minute": 30,
    "temp": [
        26.809999999999963,
        26.809999999999963,
        26.809999999999963,
        26.809999999999963,
        26.809999999999963
    ],
    "ntu": [
        619.2112676056338,
        626.2676056338029,
        626.3285714285714,
        626.2816901408451,
        626.2816901408451
    ],
    "temp_avg": 26.809999999999963,
    "ntu_avg": 624.8741649899397
}