{
    "year": 2021,
    "month": 4,
    "day": 14,
    "hour": 4,
    "minute": 40,
    "temp": [
        27.53454545454543,
        27.584374999999998,
        27.64121212121214,
        27.699090909090923,
        27.751875
    ],
    "tds": [
        1295.6490909090908,
        1292.9571874999995,
        1290.2578787878788,
        1291.0763636363645,
        1292.2699999999998
    ],
    "ph": [
        4.681212121212122,
        4.631249999999998,
        4.624242424242425,
        4.581818181818182,
        4.578124999999999
    ],
    "ntu": [
        3000.0,
        3000.0,
        3000.0,
        3000.0,
        3000.0
    ],
    "temp_avg": 27.642219696969697,
    "tds_avg": 1292.4421041666667,
    "ph_avg": 4.619329545454545,
    "ntu_avg": 3000.0
}