{
    "year": 2021,
    "month": 4,
    "day": 16,
    "hour": 2,
    "minute": 40,
    "temp": [
        27.809999999999977,
        27.809999999999977,
        27.809999999999977,
        27.809999999999977,
        27.809999999999977
    ],
    "tds": [
        1235.9800000000002,
        1235.9800000000002,
        1235.9800000000002,
        1238.5393749999998,
        1238.8754545454544
    ],
    "ph": [
        7.276875000000001,
        7.274848484848488,
        7.278787878787879,
        7.2809375,
        7.258484848484849
    ],
    "ntu": [
        3000.0,
        3000.0,
        3000.0,
        3000.0,
        3000.0
    ],
    "temp_avg": 27.80999999999998,
    "tds_avg": 1237.070965909091,
    "ph_avg": 7.273986742424244,
    "ntu_avg": 3000.0
}