{
    "year": 2021,
    "month": 4,
    "day": 26,
    "hour": 0,
    "minute": 55,
    "temp": [
        26.75,
        26.75,
        26.75,
        26.75,
        26.75
    ],
    "ntu": [
        -6.4,
        -6.126760563380282,
        -6.098591549295775,
        -5.928571428571429,
        -5.915492957746479
    ],
    "temp_avg": 26.75,
    "ntu_avg": -6.093883299798793
}