{
    "year": 2021,
    "month": 4,
    "day": 20,
    "hour": 21,
    "minute": 0,
    "temp": [
        26.97636363636364,
        27.0,
        27.059999999999977,
        27.081818181818168,
        27.12
    ],
    "tds": [
        1353.0830303030293,
        1351.6999999999996,
        1348.105454545454,
        1345.7812121212112,
        1340.2699999999995
    ],
    "ph": [
        4.602727272727272,
        4.60909090909091,
        4.628181818181815,
        4.633939393939392,
        4.663333333333331
    ],
    "ntu": [
        3000.0,
        3000.0,
        3000.0,
        3000.0,
        3000.0
    ],
    "temp_avg": 27.047636363636354,
    "tds_avg": 1347.7879393939388,
    "ph_avg": 4.627454545454544,
    "ntu_avg": 3000.0
}