{
    "year": 2021,
    "month": 4,
    "day": 23,
    "hour": 14,
    "minute": 50,
    "temp": [
        29.20983333333334,
        29.22355932203392,
        29.144915254237247,
        29.089999999999975,
        29.03254237288134
    ],
    "ntu": [
        2101.6226666666666,
        2046.7911864406785,
        2031.840338983051,
        2022.6206666666667,
        2020.4906779661014
    ],
    "temp_avg": 29.140170056497162,
    "ntu_avg": 2044.6731073446329
}