{
    "year": 2021,
    "month": 4,
    "day": 23,
    "hour": 13,
    "minute": 45,
    "temp": [
        29.706999999999983,
        29.76627118644068,
        29.681833333333355,
        29.62116666666662,
        29.56699999999996
    ],
    "ntu": [
        2089.366833333334,
        2038.8018644067802,
        2035.4458333333337,
        2040.9371666666666,
        2035.0058333333334
    ],
    "temp_avg": 29.66865423728812,
    "ntu_avg": 2047.9115062146896
}