{
    "year": 2021,
    "month": 4,
    "day": 20,
    "hour": 7,
    "minute": 50,
    "temp": [
        29.023636363636342,
        29.059999999999974,
        29.112727272727273,
        29.12,
        29.12
    ],
    "tds": [
        1262.8672727272726,
        1261.06,
        1258.8303030303032,
        1258.2300000000002,
        1258.2300000000002
    ],
    "ph": [
        2.6236363636363635,
        2.5268750000000004,
        2.604848484848485,
        2.625454545454546,
        2.6700000000000004
    ],
    "ntu": [
        3000.0,
        3000.0,
        3000.0,
        3000.0,
        3000.0
    ],
    "temp_avg": 29.087272727272715,
    "tds_avg": 1259.8435151515155,
    "ph_avg": 2.6101628787878792,
    "ntu_avg": 3000.0
}