{
    "year": 2021,
    "month": 4,
    "day": 11,
    "hour": 16,
    "minute": 30,
    "temp": [
        27.690000000000023,
        27.690000000000023,
        27.664545454545465,
        27.622187500000003,
        27.62
    ],
    "tds": [
        1119.4199999999992,
        1119.4199999999992,
        1120.0139393939394,
        1121.7168749999996,
        1121.8699999999994
    ],
    "ph": [
        6.331562500000001,
        6.346363636363636,
        6.336666666666668,
        6.345937500000002,
        6.333333333333336
    ],
    "ntu": [
        3000.0,
        3000.0,
        3000.0,
        3000.0,
        3000.0
    ],
    "temp_avg": 27.657346590909107,
    "tds_avg": 1120.4881628787873,
    "ph_avg": 6.338772727272728,
    "ntu_avg": 3000.0
}