{
    "year": 2021,
    "month": 4,
    "day": 19,
    "hour": 15,
    "minute": 50,
    "temp": [
        29.122121212121215,
        29.187812500000025,
        29.195454545454567,
        29.195454545454567,
        29.212500000000013
    ],
    "tds": [
        1192.1709090909092,
        1189.8031249999997,
        1191.6918181818182,
        1193.7718181818182,
        1191.123125
    ],
    "ph": [
        1.5027272727272725,
        1.5150000000000001,
        1.6960606060606058,
        1.7703030303030303,
        1.7437500000000001
    ],
    "ntu": [
        3000.0,
        3000.0,
        3000.0,
        3000.0,
        3000.0
    ],
    "temp_avg": 29.18266856060608,
    "tds_avg": 1191.712159090909,
    "ph_avg": 1.6455681818181815,
    "ntu_avg": 3000.0
}