{
    "year": 2021,
    "month": 4,
    "day": 14,
    "hour": 5,
    "minute": 55,
    "temp": [
        29.690000000000026,
        29.69750000000002,
        29.74818181818182,
        29.75,
        29.791249999999977
    ],
    "tds": [
        1203.0099999999995,
        1204.8565624999997,
        1205.089393939393,
        1205.8399999999995,
        1205.28375
    ],
    "ph": [
        4.893939393939394,
        4.936875000000001,
        4.822424242424244,
        4.761515151515152,
        4.694375
    ],
    "ntu": [
        3000.0,
        3000.0,
        3000.0,
        3000.0,
        3000.0
    ],
    "temp_avg": 29.735386363636373,
    "tds_avg": 1204.8159412878783,
    "ph_avg": 4.821825757575758,
    "ntu_avg": 3000.0
}