{
    "year": 2021,
    "month": 4,
    "day": 20,
    "hour": 8,
    "minute": 25,
    "temp": [
        29.75,
        29.75,
        29.791818181818158,
        29.809999999999974,
        29.832499999999992
    ],
    "tds": [
        1217.5800000000008,
        1217.5800000000008,
        1215.7330303030305,
        1214.93,
        1214.1846874999997
    ],
    "ph": [
        3.4136363636363636,
        3.4259375000000007,
        3.3827272727272724,
        3.3584848484848484,
        3.3846875
    ],
    "ntu": [
        3000.0,
        3000.0,
        3000.0,
        3000.0,
        3000.0
    ],
    "temp_avg": 29.786863636363627,
    "tds_avg": 1216.0015435606063,
    "ph_avg": 3.3930946969696976,
    "ntu_avg": 3000.0
}