{
    "year": 2021,
    "month": 4,
    "day": 14,
    "hour": 1,
    "minute": 20,
    "temp": [
        29.300624999999982,
        29.28818181818181,
        29.284545454545437,
        29.308124999999976,
        29.309999999999974
    ],
    "tds": [
        1249.994375,
        1250.75,
        1254.0381818181818,
        1249.9071875,
        1254.6987878787882
    ],
    "ph": [
        3.70625,
        3.788181818181819,
        3.7221212121212113,
        3.724687499999999,
        3.8181818181818183
    ],
    "ntu": [
        3000.0,
        3000.0,
        3000.0,
        3000.0,
        3000.0
    ],
    "temp_avg": 29.29829545454544,
    "tds_avg": 1251.877706439394,
    "ph_avg": 3.7518844696969693,
    "ntu_avg": 3000.0
}