{
    "year": 2021,
    "month": 4,
    "day": 9,
    "hour": 2,
    "minute": 15,
    "temp": [
        26.440000000000023,
        26.420909090909106,
        26.391212121212128,
        26.372187500000003,
        26.37
    ],
    "tds": [
        1356.0634374999995,
        1349.6518181818178,
        1348.3272727272727,
        1343.7643749999997,
        1349.1312121212113
    ],
    "ph": [
        3.793437500000001,
        3.7766666666666677,
        3.7848484848484856,
        3.8409374999999986,
        3.7339393939393943
    ],
    "ntu": [
        3000.0,
        3000.0,
        3000.0,
        3000.0,
        3000.0
    ],
    "temp_avg": 26.398861742424252,
    "tds_avg": 1349.3876231060601,
    "ph_avg": 3.7859659090909092,
    "ntu_avg": 3000.0
}