{
    "year": 2021,
    "month": 4,
    "day": 10,
    "hour": 22,
    "minute": 0,
    "temp": [
        29.15500000000002,
        29.190000000000026,
        29.215454545454552,
        29.25,
        29.282727272727254
    ],
    "tds": [
        1221.2003124999999,
        1220.0121212121214,
        1218.8703030303031,
        1217.2400000000002,
        1215.46
    ],
    "ph": [
        5.9315625,
        5.893636363636361,
        5.88181818181818,
        5.892812500000002,
        5.923333333333332
    ],
    "ntu": [
        3000.0,
        3000.0,
        3000.0,
        3000.0,
        3000.0
    ],
    "temp_avg": 29.21863636363637,
    "tds_avg": 1218.5565473484849,
    "ph_avg": 5.904632575757575,
    "ntu_avg": 3000.0
}