{
    "year": 2021,
    "month": 4,
    "day": 10,
    "hour": 21,
    "minute": 35,
    "temp": [
        28.244374999999998,
        28.25727272727272,
        28.308181818181797,
        28.349375,
        28.37
    ],
    "tds": [
        1262.0000000000005,
        1261.208181818182,
        1258.8600000000004,
        1256.715,
        1256.0
    ],
    "ph": [
        6.023750000000001,
        6.03030303030303,
        6.013333333333333,
        5.986562500000002,
        6.016666666666666
    ],
    "ntu": [
        3000.0,
        3000.0,
        3000.0,
        3000.0,
        3000.0
    ],
    "temp_avg": 28.305840909090904,
    "tds_avg": 1258.9566363636366,
    "ph_avg": 6.014123106060606,
    "ntu_avg": 3000.0
}