{
    "year": 2021,
    "month": 4,
    "day": 13,
    "hour": 16,
    "minute": 40,
    "temp": [
        27.25,
        27.25,
        27.220909090909103,
        27.193636363636386,
        27.190000000000023
    ],
    "tds": [
        1202.2118181818187,
        1193.7834374999995,
        1227.4600000000003,
        1304.474848484848,
        1284.1687500000003
    ],
    "ph": [
        0.0,
        0.0,
        0.008787878787878787,
        0.146969696969697,
        0.018437500000000002
    ],
    "ntu": [
        3000.0,
        3000.0,
        3000.0,
        3000.0,
        3000.0
    ],
    "temp_avg": 27.2209090909091,
    "tds_avg": 1242.4197708333334,
    "ph_avg": 0.034839015151515156,
    "ntu_avg": 3000.0
}