{
    "year": 2021,
    "month": 4,
    "day": 21,
    "hour": 4,
    "minute": 55,
    "temp": [
        27.37,
        27.36454545454545,
        27.32090909090907,
        27.309999999999977,
        27.302727272727253
    ],
    "tds": [
        1148.82,
        1151.628181818182,
        1155.6899999999998,
        1155.6899999999998,
        1154.672121212121
    ],
    "ph": [
        4.344375000000001,
        4.33060606060606,
        4.3618181818181805,
        4.385624999999998,
        4.37787878787879
    ],
    "ntu": [
        3000.0,
        3000.0,
        3000.0,
        3000.0,
        3000.0
    ],
    "temp_avg": 27.33363636363635,
    "tds_avg": 1153.3000606060605,
    "ph_avg": 4.360060606060605,
    "ntu_avg": 3000.0
}