{
    "year": 2021,
    "month": 4,
    "day": 11,
    "hour": 6,
    "minute": 25,
    "temp": [
        25.809999999999977,
        25.809999999999977,
        25.809999999999977,
        25.81187499999998,
        25.809999999999977
    ],
    "tds": [
        1368.8700000000001,
        1368.8700000000001,
        1368.8700000000001,
        1368.8700000000001,
        1368.767575757576
    ],
    "ph": [
        3.4100000000000006,
        3.517575757575759,
        3.5530303030303028,
        3.5781249999999987,
        3.601818181818182
    ],
    "ntu": [
        3000.0,
        3000.0,
        3000.0,
        3000.0,
        3000.0
    ],
    "temp_avg": 25.810374999999976,
    "tds_avg": 1368.8495151515153,
    "ph_avg": 3.5321098484848483,
    "ntu_avg": 3000.0
}