{
    "year": 2021,
    "month": 4,
    "day": 12,
    "hour": 1,
    "minute": 35,
    "temp": [
        25.690000000000023,
        25.690000000000023,
        25.690000000000023,
        25.690000000000023,
        25.690000000000023
    ],
    "tds": [
        1380.9000000000008,
        1380.9000000000008,
        1380.9000000000008,
        1380.9000000000008,
        1380.7928125000008
    ],
    "ph": [
        7.150606060606061,
        7.132187500000002,
        7.124545454545454,
        7.149999999999999,
        7.078437500000001
    ],
    "ntu": [
        3000.0,
        3000.0,
        3000.0,
        3000.0,
        3000.0
    ],
    "temp_avg": 25.69000000000002,
    "tds_avg": 1380.8785625000007,
    "ph_avg": 7.127155303030304,
    "ntu_avg": 3000.0
}