{
    "year": 2021,
    "month": 4,
    "day": 20,
    "hour": 13,
    "minute": 20,
    "temp": [
        28.75545454545454,
        28.799090909090886,
        28.809999999999974,
        28.809999999999974,
        28.809999999999974
    ],
    "tds": [
        1270.3551515151519,
        1268.4418181818173,
        1263.3600000000004,
        1266.9527272727266,
        1265.5709090909083
    ],
    "ph": [
        4.654242424242426,
        4.675151515151516,
        4.6896875,
        4.671818181818181,
        4.6481818181818175
    ],
    "ntu": [
        3000.0,
        3000.0,
        3000.0,
        3000.0,
        3000.0
    ],
    "temp_avg": 28.79690909090907,
    "tds_avg": 1266.936121212121,
    "ph_avg": 4.667816287878788,
    "ntu_avg": 3000.0
}