{
    "year": 2021,
    "month": 4,
    "day": 9,
    "hour": 14,
    "minute": 5,
    "temp": [
        30.00375,
        30.058181818181794,
        30.058181818181794,
        30.024374999999992,
        30.0
    ],
    "tds": [
        1117.8640625,
        1037.7348484848483,
        1037.5099999999998,
        1038.495625,
        1039.41
    ],
    "ph": [
        5.515,
        5.328181818181818,
        5.345757575757575,
        5.349375,
        5.03060606060606
    ],
    "ntu": [
        3000.0,
        3000.0,
        3000.0,
        3000.0,
        3000.0
    ],
    "temp_avg": 30.028897727272714,
    "tds_avg": 1054.2029071969696,
    "ph_avg": 5.313784090909091,
    "ntu_avg": 3000.0
}