{
    "year": 2021,
    "month": 4,
    "day": 16,
    "hour": 9,
    "minute": 10,
    "temp": [
        29.505454545454544,
        29.558124999999976,
        29.559999999999974,
        29.559999999999974,
        29.559999999999974
    ],
    "tds": [
        1170.0912121212123,
        1162.8446874999997,
        1145.4127272727271,
        1145.1899999999998,
        1145.1899999999998
    ],
    "ph": [
        7.002727272727271,
        6.997812499999999,
        6.960606060606059,
        7.031515151515154,
        7.024375000000002
    ],
    "ntu": [
        3000.0,
        3000.0,
        3000.0,
        3000.0,
        3000.0
    ],
    "temp_avg": 29.54871590909089,
    "tds_avg": 1153.7457253787877,
    "ph_avg": 7.003407196969697,
    "ntu_avg": 3000.0
}