{
    "year": 2021,
    "month": 4,
    "day": 19,
    "hour": 19,
    "minute": 40,
    "temp": [
        29.151818181818207,
        29.22090909090909,
        29.25,
        29.288181818181794,
        29.339090909090903
    ],
    "tds": [
        1229.9609090909098,
        1227.4012121212122,
        1226.17,
        1224.3575757575763,
        1222.1487878787875
    ],
    "ph": [
        3.125757575757575,
        3.1981818181818173,
        3.1731250000000006,
        3.155151515151515,
        3.124242424242425
    ],
    "ntu": [
        3000.0,
        3000.0,
        3000.0,
        3000.0,
        3000.0
    ],
    "temp_avg": 29.25,
    "tds_avg": 1226.007696969697,
    "ph_avg": 3.1552916666666664,
    "ntu_avg": 3000.0
}