{
    "year": 2021,
    "month": 4,
    "day": 10,
    "hour": 0,
    "minute": 10,
    "temp": [
        26.041818181818172,
        26.0,
        25.97818181818183,
        25.940000000000023,
        25.93562500000002
    ],
    "tds": [
        1379.9566666666674,
        1382.3706249999998,
        1382.3166666666666,
        1382.8600000000004,
        1383.0743750000004
    ],
    "ph": [
        5.0218181818181815,
        4.987499999999998,
        4.988484848484847,
        4.939090909090909,
        4.835625000000002
    ],
    "ntu": [
        3000.0,
        3000.0,
        3000.0,
        3000.0,
        3000.0
    ],
    "temp_avg": 25.97912500000001,
    "tds_avg": 1382.115666666667,
    "ph_avg": 4.954503787878788,
    "ntu_avg": 3000.0
}