{
    "year": 2021,
    "month": 4,
    "day": 9,
    "hour": 16,
    "minute": 40,
    "temp": [
        28.569090909090892,
        28.62,
        28.635312500000012,
        28.690000000000026,
        28.700909090909107
    ],
    "tds": [
        1242.216363636364,
        1240.18,
        1239.4850000000004,
        1238.621818181818,
        1241.3745454545456
    ],
    "ph": [
        4.966363636363634,
        5.010909090909092,
        5.0412500000000025,
        5.093636363636364,
        5.072424242424243
    ],
    "ntu": [
        3000.0,
        3000.0,
        3000.0,
        3000.0,
        3000.0
    ],
    "temp_avg": 28.643062500000006,
    "tds_avg": 1240.3755454545458,
    "ph_avg": 5.036916666666667,
    "ntu_avg": 3000.0
}