{
    "year": 2021,
    "month": 4,
    "day": 25,
    "hour": 22,
    "minute": 10,
    "temp": [
        26.809999999999963,
        26.809999999999963,
        26.809999999999963,
        26.809999999999963,
        26.809999999999963
    ],
    "ntu": [
        620.3521126760563,
        627.3,
        627.0704225352113,
        627.0704225352113,
        626.9142857142857
    ],
    "temp_avg": 26.809999999999963,
    "ntu_avg": 625.7414486921529
}