{
    "year": 2021,
    "month": 4,
    "day": 20,
    "hour": 19,
    "minute": 20,
    "temp": [
        29.25,
        29.225625000000015,
        29.190000000000026,
        29.160303030303037,
        29.12
    ],
    "tds": [
        1069.1399999999996,
        1070.1156249999997,
        1070.3118181818177,
        1070.4518181818175,
        1072.6274999999996
    ],
    "ph": [
        4.7275757575757575,
        4.759062500000001,
        4.756666666666667,
        4.791818181818182,
        4.791250000000002
    ],
    "ntu": [
        3000.0,
        3000.0,
        3000.0,
        3000.0,
        3000.0
    ],
    "temp_avg": 29.18918560606061,
    "tds_avg": 1070.5293522727268,
    "ph_avg": 4.765274621212122,
    "ntu_avg": 3000.0
}