{
    "year": 2021,
    "month": 4,
    "day": 13,
    "hour": 15,
    "minute": 50,
    "temp": [
        28.24454545454546,
        28.193636363636386,
        28.190000000000023,
        28.16242424242425,
        28.122121212121215
    ],
    "tds": [
        254.62696969696972,
        29.384545454545453,
        0.0,
        3.1954545454545458,
        0.0
    ],
    "ph": [
        0.0,
        0.0,
        0.0,
        0.0,
        0.0
    ],
    "ntu": [
        3000.0,
        3000.0,
        3000.0,
        3000.0,
        3000.0
    ],
    "temp_avg": 28.18254545454547,
    "tds_avg": 57.44139393939395,
    "ph_avg": 0.0,
    "ntu_avg": 3000.0
}