{
    "year": 2021,
    "month": 4,
    "day": 14,
    "hour": 22,
    "minute": 15,
    "temp": [
        29.458750000000016,
        29.37,
        29.470909090909107,
        29.37,
        29.37
    ],
    "tds": [
        1221.5162499999997,
        1243.4072727272724,
        1221.13303030303,
        1244.3490909090901,
        1245.6945454545455
    ],
    "ph": [
        5.179687500000001,
        4.885454545454546,
        5.24818181818182,
        5.043636363636365,
        5.094545454545455
    ],
    "ntu": [
        3000.0,
        3000.0,
        3000.0,
        3000.0,
        3000.0
    ],
    "temp_avg": 29.407931818181822,
    "tds_avg": 1235.2200378787875,
    "ph_avg": 5.090301136363637,
    "ntu_avg": 3000.0
}