{
    "year": 2021,
    "month": 4,
    "day": 20,
    "hour": 4,
    "minute": 15,
    "temp": [
        29.37,
        29.37,
        29.37,
        29.38696969696971,
        29.440000000000026
    ],
    "tds": [
        1238.1699999999992,
        1238.1699999999992,
        1238.1699999999992,
        1237.6718181818178,
        1235.5130303030305
    ],
    "ph": [
        2.5121212121212126,
        2.499393939393939,
        2.5284375,
        2.5933333333333337,
        2.507272727272726
    ],
    "ntu": [
        3000.0,
        3000.0,
        3000.0,
        3000.0,
        3000.0
    ],
    "temp_avg": 29.387393939393952,
    "tds_avg": 1237.5389696969692,
    "ph_avg": 2.528111742424242,
    "ntu_avg": 3000.0
}