{
    "year": 2021,
    "month": 4,
    "day": 13,
    "hour": 5,
    "minute": 50,
    "temp": [
        28.441818181818206,
        28.440000000000023,
        28.372121212121215,
        28.368181818181817,
        28.311874999999976
    ],
    "tds": [
        0.0,
        0.0,
        0.0,
        0.0,
        0.0
    ],
    "ph": [
        0.0,
        0.0,
        0.0,
        0.0,
        0.0
    ],
    "ntu": [
        3000.0,
        3000.0,
        3000.0,
        3000.0,
        3000.0
    ],
    "temp_avg": 28.386799242424253,
    "tds_avg": 0.0,
    "ph_avg": 0.0,
    "ntu_avg": 3000.0
}