{
    "year": 2021,
    "month": 4,
    "day": 15,
    "hour": 2,
    "minute": 40,
    "temp": [
        27.690000000000023,
        27.690000000000023,
        27.690000000000023,
        27.690000000000023,
        27.690000000000023
    ],
    "tds": [
        1302.43,
        1304.1718181818178,
        1309.104848484848,
        1309.164062499999,
        1310.4166666666663
    ],
    "ph": [
        5.036562500000001,
        5.000303030303028,
        5.015454545454544,
        4.9925,
        4.996363636363634
    ],
    "ntu": [
        3000.0,
        3000.0,
        3000.0,
        3000.0,
        3000.0
    ],
    "temp_avg": 27.69000000000002,
    "tds_avg": 1307.0574791666663,
    "ph_avg": 5.00823674242424,
    "ntu_avg": 3000.0
}