{
    "year": 2021,
    "month": 4,
    "day": 20,
    "hour": 10,
    "minute": 15,
    "temp": [
        28.309999999999977,
        28.308181818181794,
        28.259090909090908,
        28.25,
        28.25
    ],
    "tds": [
        1103.6243749999996,
        1103.5499999999997,
        1105.7857575757578,
        1105.93,
        1105.93
    ],
    "ph": [
        3.4331250000000018,
        3.446363636363635,
        3.463939393939394,
        3.5112500000000004,
        3.5287878787878793
    ],
    "ntu": [
        3000.0,
        3000.0,
        3000.0,
        3000.0,
        3000.0
    ],
    "temp_avg": 28.275454545454533,
    "tds_avg": 1104.9640265151515,
    "ph_avg": 3.476693181818182,
    "ntu_avg": 3000.0
}