{
    "year": 2021,
    "month": 4,
    "day": 15,
    "hour": 6,
    "minute": 20,
    "temp": [
        27.559999999999977,
        27.559999999999977,
        27.559999999999977,
        27.559999999999977,
        27.559999999999977
    ],
    "tds": [
        1276.731875,
        1279.9700000000005,
        1279.9700000000005,
        1275.5587499999995,
        1278.9709090909096
    ],
    "ph": [
        4.6946875,
        4.62909090909091,
        4.500303030303031,
        4.615312500000001,
        4.585757575757575
    ],
    "ntu": [
        3000.0,
        3000.0,
        3000.0,
        3000.0,
        3000.0
    ],
    "temp_avg": 27.55999999999998,
    "tds_avg": 1278.2403068181818,
    "ph_avg": 4.605030303030303,
    "ntu_avg": 3000.0
}