{
    "year": 2021,
    "month": 4,
    "day": 23,
    "hour": 9,
    "minute": 10,
    "temp": [
        27.840508474576232,
        27.851999999999975,
        27.789661016949136,
        27.705000000000037,
        27.640169491525388
    ],
    "ntu": [
        1743.3423728813561,
        1707.6201666666664,
        1701.8950847457627,
        1691.5233333333335,
        1696.0979661016952
    ],
    "temp_avg": 27.765467796610153,
    "ntu_avg": 1708.0957847457626
}