{
    "year": 2021,
    "month": 4,
    "day": 20,
    "hour": 23,
    "minute": 40,
    "temp": [
        28.559999999999974,
        28.558181818181794,
        28.51818181818182,
        28.5,
        28.5
    ],
    "tds": [
        1094.0875,
        1094.3012121212123,
        1095.9251515151518,
        1096.4171875000006,
        1090.540606060606
    ],
    "ph": [
        4.5043750000000005,
        4.500909090909089,
        4.464242424242423,
        4.529375000000003,
        4.380606060606061
    ],
    "ntu": [
        3000.0,
        3000.0,
        3000.0,
        3000.0,
        3000.0
    ],
    "temp_avg": 28.527272727272713,
    "tds_avg": 1094.254331439394,
    "ph_avg": 4.475901515151516,
    "ntu_avg": 3000.0
}