{
    "year": 2021,
    "month": 4,
    "day": 16,
    "hour": 9,
    "minute": 25,
    "temp": [
        29.690000000000026,
        29.691875000000024,
        29.71545454545456,
        29.730000000000008,
        29.738750000000003
    ],
    "tds": [
        1140.32,
        1140.2446874999998,
        1139.0054545454548,
        1138.7133333333336,
        1138.0606250000003
    ],
    "ph": [
        7.105757575757577,
        7.084687500000001,
        7.077575757575758,
        7.146060606060605,
        7.111250000000003
    ],
    "ntu": [
        3000.0,
        3000.0,
        3000.0,
        3000.0,
        3000.0
    ],
    "temp_avg": 29.713215909090923,
    "tds_avg": 1139.2688200757577,
    "ph_avg": 7.105066287878789,
    "ntu_avg": 3000.0
}