{
    "year": 2021,
    "month": 4,
    "day": 10,
    "hour": 10,
    "minute": 5,
    "temp": [
        27.0,
        26.998125,
        26.99272727272728,
        26.95090909090911,
        26.96437500000001
    ],
    "tds": [
        1151.3300000000008,
        1151.4109375000007,
        1324.308484848485,
        1329.664545454546,
        1328.7581250000003
    ],
    "ph": [
        4.723636363636365,
        4.6903125,
        4.802727272727272,
        4.891818181818183,
        4.9009374999999995
    ],
    "ntu": [
        3000.0,
        3000.0,
        3000.0,
        3000.0,
        3000.0
    ],
    "temp_avg": 26.981227272727278,
    "tds_avg": 1257.0944185606065,
    "ph_avg": 4.801886363636365,
    "ntu_avg": 3000.0
}