{
    "year": 2021,
    "month": 4,
    "day": 14,
    "hour": 17,
    "minute": 20,
    "temp": [
        27.65718750000002,
        27.690000000000023,
        27.70636363636365,
        27.727500000000003,
        27.75
    ],
    "tds": [
        1382.2846875000002,
        1386.1436363636362,
        1375.831212121212,
        1376.8428124999994,
        1365.2212121212124
    ],
    "ph": [
        4.8215625,
        4.788484848484849,
        4.848787878787879,
        4.867499999999999,
        4.975454545454546
    ],
    "ntu": [
        3000.0,
        3000.0,
        3000.0,
        3000.0,
        3000.0
    ],
    "temp_avg": 27.70621022727274,
    "tds_avg": 1377.264712121212,
    "ph_avg": 4.860357954545455,
    "ntu_avg": 3000.0
}