{
    "year": 2021,
    "month": 4,
    "day": 25,
    "hour": 2,
    "minute": 10,
    "temp": [
        26.36999999999995,
        26.36999999999995,
        26.36999999999995,
        26.36999999999995,
        26.36999999999995
    ],
    "ntu": [
        625.5857142857143,
        632.8169014084507,
        632.8169014084507,
        632.6760563380282,
        632.6901408450705
    ],
    "temp_avg": 26.369999999999955,
    "ntu_avg": 631.3171428571428
}