{
    "year": 2021,
    "month": 4,
    "day": 13,
    "hour": 4,
    "minute": 50,
    "temp": [
        29.956875000000014,
        29.978181818181827,
        29.958181818181842,
        29.940000000000026,
        29.937878787878812
    ],
    "tds": [
        476.1634375,
        404.409090909091,
        463.6021212121214,
        488.15374999999983,
        478.5560606060603
    ],
    "ph": [
        0.0,
        0.0,
        0.0,
        0.0,
        0.0
    ],
    "ntu": [
        3000.0,
        3000.0,
        3000.0,
        3000.0,
        3000.0
    ],
    "temp_avg": 29.954223484848505,
    "tds_avg": 462.1768920454545,
    "ph_avg": 0.0,
    "ntu_avg": 3000.0
}