{
    "year": 2021,
    "month": 4,
    "day": 15,
    "hour": 11,
    "minute": 5,
    "temp": [
        30.0,
        29.99454545454546,
        29.956363636363655,
        29.958750000000016,
        29.994545454545452
    ],
    "tds": [
        1046.1787500000005,
        1043.2684848484846,
        1043.5790909090908,
        1037.1368750000006,
        1035.7000000000005
    ],
    "ph": [
        6.51375,
        6.51969696969697,
        6.612121212121212,
        6.643124999999999,
        6.636060606060605
    ],
    "ntu": [
        3000.0,
        3000.0,
        3000.0,
        3000.0,
        3000.0
    ],
    "temp_avg": 29.980840909090915,
    "tds_avg": 1041.1726401515157,
    "ph_avg": 6.584950757575757,
    "ntu_avg": 3000.0
}