{
    "year": 2021,
    "month": 4,
    "day": 14,
    "hour": 16,
    "minute": 5,
    "temp": [
        27.20500000000002,
        27.191818181818203,
        27.190000000000023,
        27.190000000000023,
        27.190000000000023
    ],
    "tds": [
        1260.1546875000006,
        1261.3915151515155,
        1214.8378787878796,
        1202.5515625000003,
        1272.0845454545456
    ],
    "ph": [
        3.7840624999999997,
        3.840606060606062,
        3.9318181818181817,
        3.996250000000001,
        3.8369696969696983
    ],
    "ntu": [
        3000.0,
        3000.0,
        3000.0,
        3000.0,
        3000.0
    ],
    "temp_avg": 27.19336363636366,
    "tds_avg": 1242.2040378787883,
    "ph_avg": 3.8779412878787887,
    "ntu_avg": 3000.0
}