{
    "year": 2021,
    "month": 4,
    "day": 15,
    "hour": 20,
    "minute": 5,
    "temp": [
        29.618181818181817,
        29.62,
        29.62,
        29.62,
        29.616363636363634
    ],
    "tds": [
        1141.760909090909,
        1142.75,
        1140.3274999999992,
        1135.5866666666661,
        1137.2630303030296
    ],
    "ph": [
        7.498181818181817,
        7.427272727272726,
        7.439687499999999,
        7.490909090909091,
        7.508787878787879
    ],
    "ntu": [
        3000.0,
        3000.0,
        3000.0,
        3000.0,
        3000.0
    ],
    "temp_avg": 29.618909090909092,
    "tds_avg": 1139.537621212121,
    "ph_avg": 7.472967803030302,
    "ntu_avg": 3000.0
}