{
    "year": 2021,
    "month": 4,
    "day": 13,
    "hour": 14,
    "minute": 35,
    "temp": [
        29.37,
        29.406060606060628,
        29.440000000000026,
        29.453125000000014,
        29.5
    ],
    "tds": [
        198.1778125,
        212.41515151515145,
        200.4724242424242,
        131.77968749999997,
        209.99424242424251
    ],
    "ph": [
        0.0,
        0.0,
        0.0,
        0.0,
        0.0
    ],
    "ntu": [
        3000.0,
        3000.0,
        3000.0,
        3000.0,
        3000.0
    ],
    "temp_avg": 29.433837121212132,
    "tds_avg": 190.56786363636363,
    "ph_avg": 0.0,
    "ntu_avg": 3000.0
}