{
    "year": 2021,
    "month": 4,
    "day": 10,
    "hour": 8,
    "minute": 55,
    "temp": [
        28.94727272727275,
        28.940000000000026,
        28.874375000000004,
        28.86454545454545,
        28.811818181818158
    ],
    "tds": [
        1079.8196969696967,
        1080.3699999999994,
        1082.4981249999996,
        1082.8481818181815,
        1084.93
    ],
    "ph": [
        3.927272727272729,
        3.9587878787878794,
        3.9790625000000004,
        3.9160606060606065,
        3.9587878787878785
    ],
    "ntu": [
        3000.0,
        3000.0,
        3000.0,
        3000.0,
        3000.0
    ],
    "temp_avg": 28.887602272727275,
    "tds_avg": 1082.0932007575755,
    "ph_avg": 3.9479943181818187,
    "ntu_avg": 3000.0
}