{
    "year": 2021,
    "month": 4,
    "day": 11,
    "hour": 21,
    "minute": 55,
    "temp": [
        29.75363636363636,
        29.757499999999993,
        29.80090909090907,
        29.809999999999974,
        29.868125000000003
    ],
    "tds": [
        1182.4596969696972,
        1180.9284375000002,
        1179.2066666666663,
        1179.7372727272725,
        1174.1600000000005
    ],
    "ph": [
        6.869696969696969,
        6.8684375000000015,
        6.9003030303030295,
        6.850909090909093,
        6.861875000000002
    ],
    "ntu": [
        3000.0,
        3000.0,
        3000.0,
        3000.0,
        3000.0
    ],
    "temp_avg": 29.798034090909077,
    "tds_avg": 1179.2984147727273,
    "ph_avg": 6.87024431818182,
    "ntu_avg": 3000.0
}