{
    "year": 2021,
    "month": 4,
    "day": 10,
    "hour": 10,
    "minute": 45,
    "temp": [
        28.309999999999977,
        28.364545454545457,
        28.37,
        28.440000000000023,
        28.465454545454556
    ],
    "tds": [
        1254.2799999999995,
        1252.613333333333,
        1252.7360606060606,
        1248.6100000000004,
        1252.031212121212
    ],
    "ph": [
        4.784375000000002,
        4.78,
        4.843939393939395,
        4.880312499999996,
        4.903030303030304
    ],
    "ntu": [
        3000.0,
        3000.0,
        3000.0,
        3000.0,
        3000.0
    ],
    "temp_avg": 28.390000000000004,
    "tds_avg": 1252.0541212121211,
    "ph_avg": 4.838331439393938,
    "ntu_avg": 3000.0
}