{
    "year": 2021,
    "month": 4,
    "day": 14,
    "hour": 10,
    "minute": 0,
    "temp": [
        29.75,
        29.704545454545478,
        29.6857575757576,
        29.668125000000014,
        29.62
    ],
    "tds": [
        1038.2846875000005,
        1059.8596969696973,
        1055.2154545454546,
        1060.9821875,
        1063.4942424242429
    ],
    "ph": [
        5.139999999999999,
        4.3990909090909085,
        4.6127272727272715,
        4.3596875,
        4.343636363636362
    ],
    "ntu": [
        3000.0,
        3000.0,
        3000.0,
        3000.0,
        3000.0
    ],
    "temp_avg": 29.685685606060616,
    "tds_avg": 1055.567253787879,
    "ph_avg": 4.571028409090909,
    "ntu_avg": 3000.0
}