{
    "year": 2021,
    "month": 4,
    "day": 13,
    "hour": 23,
    "minute": 35,
    "temp": [
        27.690000000000023,
        27.66454545454547,
        27.626562500000002,
        27.62,
        27.616363636363634
    ],
    "tds": [
        1119.4199999999992,
        1119.7912121212114,
        1122.4465624999996,
        1130.014242424242,
        1139.912727272727
    ],
    "ph": [
        1.6215151515151511,
        1.6848484848484848,
        2.270625,
        3.0233333333333334,
        2.695151515151516
    ],
    "ntu": [
        3000.0,
        3000.0,
        3000.0,
        3000.0,
        3000.0
    ],
    "temp_avg": 27.643494318181826,
    "tds_avg": 1126.3169488636358,
    "ph_avg": 2.2590946969696972,
    "ntu_avg": 3000.0
}