{
    "year": 2021,
    "month": 4,
    "day": 12,
    "hour": 1,
    "minute": 15,
    "temp": [
        25.690000000000023,
        25.690000000000023,
        25.690000000000023,
        25.690000000000023,
        25.690000000000023
    ],
    "tds": [
        1380.9000000000008,
        1380.9000000000008,
        1380.9000000000008,
        1380.9000000000008,
        1380.9000000000008
    ],
    "ph": [
        7.112187500000003,
        7.127575757575758,
        7.117878787878786,
        7.123125000000002,
        7.111818181818185
    ],
    "ntu": [
        3000.0,
        3000.0,
        3000.0,
        3000.0,
        3000.0
    ],
    "temp_avg": 25.69000000000002,
    "tds_avg": 1380.9000000000008,
    "ph_avg": 7.118517045454547,
    "ntu_avg": 3000.0
}