{
    "year": 2021,
    "month": 4,
    "day": 10,
    "hour": 22,
    "minute": 50,
    "temp": [
        30.00375,
        30.0,
        29.97272727272729,
        29.940000000000026,
        29.92515151515153
    ],
    "tds": [
        1039.2140625,
        1039.41,
        1040.5609090909093,
        1041.5200000000002,
        1042.0315151515154
    ],
    "ph": [
        5.553750000000002,
        5.510303030303032,
        5.532727272727271,
        5.525000000000001,
        5.546666666666666
    ],
    "ntu": [
        3000.0,
        3000.0,
        3000.0,
        3000.0,
        3000.0
    ],
    "temp_avg": 29.96832575757577,
    "tds_avg": 1040.547297348485,
    "ph_avg": 5.533689393939395,
    "ntu_avg": 3000.0
}