{
    "year": 2021,
    "month": 4,
    "day": 12,
    "hour": 15,
    "minute": 30,
    "temp": [
        24.259090909090908,
        24.253636363636364,
        24.25375,
        24.253636363636364,
        24.253636363636364
    ],
    "tds": [
        1407.8999999999996,
        1408.5599999999997,
        1408.5599999999997,
        1408.7299999999996,
        1408.2299999999996
    ],
    "ph": [
        2.429090909090909,
        2.3915151515151525,
        2.485625,
        2.501212121212121,
        2.4393939393939403
    ],
    "ntu": [
        3000.0,
        3000.0,
        3000.0,
        3000.0,
        3000.0
    ],
    "temp_avg": 24.254749999999998,
    "tds_avg": 1408.3959999999995,
    "ph_avg": 2.449367424242425,
    "ntu_avg": 3000.0
}