{
    "year": 2021,
    "month": 4,
    "day": 19,
    "hour": 22,
    "minute": 5,
    "temp": [
        27.940000000000023,
        27.940000000000023,
        27.923030303030316,
        27.872121212121215,
        27.87
    ],
    "tds": [
        1122.02606060606,
        1122.0999999999995,
        1122.6196969696969,
        1124.5499999999997,
        1124.5499999999997
    ],
    "ph": [
        3.006969696969697,
        2.99375,
        2.994242424242424,
        2.9936363636363628,
        3.0221875000000002
    ],
    "ntu": [
        3000.0,
        3000.0,
        3000.0,
        3000.0,
        3000.0
    ],
    "temp_avg": 27.909030303030317,
    "tds_avg": 1123.169151515151,
    "ph_avg": 3.0021571969696965,
    "ntu_avg": 3000.0
}