{
    "year": 2021,
    "month": 4,
    "day": 10,
    "hour": 23,
    "minute": 5,
    "temp": [
        29.50375,
        29.4909090909091,
        29.440000000000026,
        29.396250000000002,
        29.368181818181817
    ],
    "tds": [
        1056.5099999999993,
        1057.434848484848,
        1058.6899999999996,
        1059.9843749999998,
        1060.8699999999994
    ],
    "ph": [
        5.638437500000002,
        5.653333333333333,
        5.676969696969695,
        5.6915625,
        5.654848484848485
    ],
    "ntu": [
        3000.0,
        3000.0,
        3000.0,
        3000.0,
        3000.0
    ],
    "temp_avg": 29.43981818181819,
    "tds_avg": 1058.6978446969692,
    "ph_avg": 5.663030303030303,
    "ntu_avg": 3000.0
}