{
    "year": 2021,
    "month": 4,
    "day": 16,
    "hour": 6,
    "minute": 20,
    "temp": [
        27.728181818181827,
        27.740909090909092,
        27.740625,
        27.740909090909092,
        27.73545454545455
    ],
    "tds": [
        1244.3200000000002,
        1246.0230303030296,
        1253.0900000000001,
        1253.3006060606062,
        1257.5115151515158
    ],
    "ph": [
        6.8478787878787895,
        6.882424242424239,
        6.850312500000001,
        6.845757575757578,
        6.876363636363636
    ],
    "ntu": [
        3000.0,
        3000.0,
        3000.0,
        3000.0,
        3000.0
    ],
    "temp_avg": 27.737215909090917,
    "tds_avg": 1250.8490303030305,
    "ph_avg": 6.8605473484848485,
    "ntu_avg": 3000.0
}