{
    "year": 2021,
    "month": 4,
    "day": 10,
    "hour": 16,
    "minute": 45,
    "temp": [
        28.058181818181797,
        28.005454545454548,
        28.0,
        27.960000000000022,
        27.940000000000023
    ],
    "tds": [
        1109.082727272727,
        1111.1918181818185,
        1109.8725000000006,
        1113.0966666666675,
        1113.8300000000008
    ],
    "ph": [
        5.19757575757576,
        5.176060606060606,
        5.194062499999999,
        5.224242424242424,
        5.2724242424242425
    ],
    "ntu": [
        3000.0,
        3000.0,
        3000.0,
        3000.0,
        3000.0
    ],
    "temp_avg": 27.99272727272728,
    "tds_avg": 1111.4147424242428,
    "ph_avg": 5.212873106060607,
    "ntu_avg": 3000.0
}