{
    "year": 2021,
    "month": 4,
    "day": 13,
    "hour": 9,
    "minute": 25,
    "temp": [
        28.295454545454536,
        29.85875,
        29.872121212121215,
        28.25,
        29.91666666666669
    ],
    "tds": [
        0.0,
        907.8906249999998,
        513.3481818181817,
        0.0,
        362.35333333333347
    ],
    "ph": [
        0.0,
        0.0,
        0.0,
        0.0,
        0.0
    ],
    "ntu": [
        3000.0,
        3000.0,
        3000.0,
        3000.0,
        3000.0
    ],
    "temp_avg": 29.238598484848488,
    "tds_avg": 356.718428030303,
    "ph_avg": 0.0,
    "ntu_avg": 3000.0
}