{
    "year": 2021,
    "month": 4,
    "day": 24,
    "hour": 6,
    "minute": 15,
    "temp": [
        30.034507042253466,
        30.10225352112672,
        30.033428571428555,
        29.972112676056362,
        29.910999999999973
    ],
    "ntu": [
        597.0140845070423,
        600.4084507042254,
        599.7,
        599.7183098591549,
        602.8428571428572
    ],
    "temp_avg": 30.010660362173013,
    "ntu_avg": 599.936740442656
}