{
    "year": 2021,
    "month": 4,
    "day": 11,
    "hour": 13,
    "minute": 55,
    "temp": [
        27.830624999999994,
        27.87,
        27.940000000000023,
        27.971875,
        28.025454545454526
    ],
    "tds": [
        1257.72,
        1255.922727272727,
        1253.3045454545456,
        1251.3424999999997,
        1249.0609090909088
    ],
    "ph": [
        6.385312499999998,
        6.391515151515152,
        6.34848484848485,
        6.378437499999997,
        6.411515151515149
    ],
    "ntu": [
        3000.0,
        3000.0,
        3000.0,
        3000.0,
        3000.0
    ],
    "temp_avg": 27.927590909090906,
    "tds_avg": 1253.4701363636364,
    "ph_avg": 6.38305303030303,
    "ntu_avg": 3000.0
}