{
    "year": 2021,
    "month": 4,
    "day": 11,
    "hour": 8,
    "minute": 0,
    "temp": [
        29.9357575757576,
        29.98909090909091,
        30.003749999999997,
        30.059999999999974,
        30.061818181818158
    ],
    "tds": [
        1167.5,
        1165.3872727272724,
        1138.2784374999994,
        1029.9199999999992,
        1029.9693939393933
    ],
    "ph": [
        2.6084848484848484,
        2.5227272727272725,
        2.4084375000000007,
        2.1015151515151516,
        2.1851515151515146
    ],
    "ntu": [
        3000.0,
        3000.0,
        3000.0,
        3000.0,
        3000.0
    ],
    "temp_avg": 30.01008333333333,
    "tds_avg": 1106.211020833333,
    "ph_avg": 2.3652632575757573,
    "ntu_avg": 3000.0
}