{
    "year": 2021,
    "month": 4,
    "day": 12,
    "hour": 0,
    "minute": 45,
    "temp": [
        25.87,
        25.87,
        25.87,
        25.862727272727266,
        25.832499999999982
    ],
    "tds": [
        1365.49,
        1365.49,
        1365.49,
        1365.8996969696968,
        1367.8137500000005
    ],
    "ph": [
        7.0933333333333355,
        7.083125000000003,
        7.097878787878789,
        7.094848484848485,
        7.0971875
    ],
    "ntu": [
        3000.0,
        3000.0,
        3000.0,
        3000.0,
        3000.0
    ],
    "temp_avg": 25.86104545454545,
    "tds_avg": 1366.0366893939395,
    "ph_avg": 7.093274621212123,
    "ntu_avg": 3000.0
}