{
    "year": 2021,
    "month": 4,
    "day": 14,
    "hour": 6,
    "minute": 45,
    "temp": [
        29.5,
        29.5,
        29.450909090909114,
        29.440000000000026,
        29.389687500000004
    ],
    "tds": [
        1053.277272727273,
        1053.7715624999998,
        1058.3596969696966,
        1058.6899999999996,
        1059.6437499999997
    ],
    "ph": [
        4.806969696969698,
        4.8103125,
        4.804242424242424,
        4.82060606060606,
        4.8149999999999995
    ],
    "ntu": [
        3000.0,
        3000.0,
        3000.0,
        3000.0,
        3000.0
    ],
    "temp_avg": 29.456119318181827,
    "tds_avg": 1056.7484564393937,
    "ph_avg": 4.811426136363636,
    "ntu_avg": 3000.0
}