{
    "year": 2021,
    "month": 4,
    "day": 14,
    "hour": 3,
    "minute": 5,
    "temp": [
        28.784545454545448,
        28.75,
        28.73727272727274,
        28.690000000000026,
        28.687812500000025
    ],
    "tds": [
        1109.771818181818,
        1111.2799999999995,
        1103.6372727272721,
        1109.8490909090901,
        1109.7487499999995
    ],
    "ph": [
        4.37969696969697,
        4.52125,
        4.500909090909091,
        4.44,
        4.35875
    ],
    "ntu": [
        3000.0,
        3000.0,
        3000.0,
        3000.0,
        3000.0
    ],
    "temp_avg": 28.729926136363652,
    "tds_avg": 1108.857386363636,
    "ph_avg": 4.440121212121213,
    "ntu_avg": 3000.0
}