{
    "year": 2021,
    "month": 4,
    "day": 14,
    "hour": 5,
    "minute": 15,
    "temp": [
        28.96625000000001,
        28.99818181818182,
        29.034545454545434,
        29.059999999999974,
        29.096363636363634
    ],
    "tds": [
        1367.1037499999998,
        1235.5993939393938,
        1230.922424242424,
        1236.8293749999996,
        1241.4951515151515
    ],
    "ph": [
        2.61,
        3.8393939393939394,
        4.347575757575757,
        4.4206249999999985,
        4.341515151515152
    ],
    "ntu": [
        3000.0,
        3000.0,
        3000.0,
        3000.0,
        3000.0
    ],
    "temp_avg": 29.03106818181817,
    "tds_avg": 1262.3900189393937,
    "ph_avg": 3.9118219696969687,
    "ntu_avg": 3000.0
}