{
    "year": 2021,
    "month": 4,
    "day": 21,
    "hour": 14,
    "minute": 0,
    "temp": [
        27.376363636363642,
        27.37,
        27.37,
        27.368181818181817,
        27.329999999999977
    ],
    "tds": [
        1143.7927272727277,
        1140.9254545454542,
        1142.9909090909096,
        1144.5400000000006,
        1145.930909090909
    ],
    "ph": [
        6.580303030303031,
        6.573333333333334,
        6.576363636363639,
        6.6003030303030314,
        6.598181818181819
    ],
    "ntu": [
        3000.0,
        3000.0,
        3000.0,
        3000.0,
        3000.0
    ],
    "temp_avg": 27.362909090909092,
    "tds_avg": 1143.6360000000002,
    "ph_avg": 6.585696969696971,
    "ntu_avg": 3000.0
}