{
    "year": 2021,
    "month": 4,
    "day": 22,
    "hour": 21,
    "minute": 35,
    "temp": [
        28.3445762711864,
        28.337999999999973,
        28.258135593220338,
        28.195000000000036,
        28.136610169491487
    ],
    "ntu": [
        1881.6610169491523,
        1793.431,
        1803.673050847458,
        1813.1716666666662,
        1818.4222033898309
    ],
    "temp_avg": 28.254464406779647,
    "ntu_avg": 1822.0717875706214
}