{
    "year": 2021,
    "month": 4,
    "day": 24,
    "hour": 16,
    "minute": 52,
    "temp": [
        30.06171428571425,
        29.987323943661984,
        29.928000000000015,
        30.089718309859165,
        30.189295774647913
    ],
    "ntu": [
        -80.88571428571429,
        -77.29577464788733,
        -74.22857142857143,
        -70.87323943661971,
        -76.43661971830986
    ],
    "temp_avg": 30.051210462776663,
    "ntu_avg": -75.94398390342053
}