{
    "year": 2021,
    "month": 4,
    "day": 9,
    "hour": 10,
    "minute": 35,
    "temp": [
        29.690000000000026,
        29.690000000000026,
        29.690000000000026,
        29.693636363636386,
        29.690000000000026
    ],
    "tds": [
        1196.4063636363642,
        1190.6154545454547,
        1190.2300000000002,
        1190.1518181818185,
        1190.2300000000002
    ],
    "ph": [
        4.83030303030303,
        4.793333333333335,
        4.795625,
        4.842727272727274,
        4.865151515151514
    ],
    "ntu": [
        3000.0,
        3000.0,
        3000.0,
        3000.0,
        3000.0
    ],
    "temp_avg": 29.690727272727298,
    "tds_avg": 1191.5267272727276,
    "ph_avg": 4.825428030303031,
    "ntu_avg": 3000.0
}