{
    "year": 2021,
    "month": 4,
    "day": 21,
    "hour": 7,
    "minute": 35,
    "temp": [
        30.0,
        29.949375000000025,
        29.940000000000026,
        29.927272727272744,
        29.87
    ],
    "tds": [
        1050.6948484848492,
        1052.4356250000003,
        1052.7700000000002,
        1053.3563636363638,
        1054.9199999999992
    ],
    "ph": [
        4.49818181818182,
        4.560624999999999,
        4.580909090909091,
        4.631818181818181,
        4.6634375
    ],
    "ntu": [
        3000.0,
        3000.0,
        3000.0,
        3000.0,
        3000.0
    ],
    "temp_avg": 29.93732954545456,
    "tds_avg": 1052.8353674242423,
    "ph_avg": 4.5869943181818185,
    "ntu_avg": 3000.0
}