{
    "year": 2021,
    "month": 4,
    "day": 13,
    "hour": 6,
    "minute": 0,
    "temp": [
        28.124375,
        28.12,
        28.07124999999999,
        28.059999999999977,
        28.003636363636364
    ],
    "tds": [
        0.0,
        0.0,
        0.0,
        0.0,
        0.0
    ],
    "ph": [
        0.0,
        0.0,
        0.0,
        0.0,
        0.0
    ],
    "ntu": [
        3000.0,
        3000.0,
        3000.0,
        3000.0,
        3000.0
    ],
    "temp_avg": 28.075852272727268,
    "tds_avg": 0.0,
    "ph_avg": 0.0,
    "ntu_avg": 3000.0
}