{
    "year": 2021,
    "month": 4,
    "day": 24,
    "hour": 6,
    "minute": 0,
    "temp": [
        30.039275362318783,
        30.087042253521098,
        29.998285714285714,
        29.93507042253524,
        29.87194444444439
    ],
    "ntu": [
        591.0579710144928,
        599.4225352112676,
        601.7857142857143,
        604.3661971830986,
        606.4583333333334
    ],
    "temp_avg": 29.986323639421045,
    "ntu_avg": 600.6181502055814
}