{
    "year": 2021,
    "month": 4,
    "day": 12,
    "hour": 19,
    "minute": 0,
    "temp": [
        27.93787878787881,
        27.887500000000006,
        27.87,
        27.860909090909082,
        27.811874999999976
    ],
    "tds": [
        1089.4209090909087,
        1090.6203125,
        1091.6899999999996,
        1091.5063636363636,
        1094.0499999999997
    ],
    "ph": [
        1.858181818181819,
        1.8350000000000004,
        1.8160606060606057,
        1.7648484848484844,
        1.7509374999999998
    ],
    "ntu": [
        3000.0,
        3000.0,
        3000.0,
        3000.0,
        3000.0
    ],
    "temp_avg": 27.87363257575758,
    "tds_avg": 1091.4575170454543,
    "ph_avg": 1.8050056818181819,
    "ntu_avg": 3000.0
}