{
    "year": 2021,
    "month": 4,
    "day": 14,
    "hour": 19,
    "minute": 10,
    "temp": [
        28.940000000000026,
        28.940000000000026,
        28.940000000000026,
        28.940000000000026,
        28.940000000000026
    ],
    "tds": [
        1264.9615151515147,
        1270.5974999999999,
        1276.857272727273,
        1275.88,
        1275.88
    ],
    "ph": [
        4.7224242424242435,
        4.741562499999999,
        4.698181818181817,
        4.694242424242424,
        4.7834375
    ],
    "ntu": [
        3000.0,
        3000.0,
        3000.0,
        3000.0,
        3000.0
    ],
    "temp_avg": 28.940000000000026,
    "tds_avg": 1272.8352575757576,
    "ph_avg": 4.727969696969697,
    "ntu_avg": 3000.0
}