{
    "year": 2021,
    "month": 4,
    "day": 23,
    "hour": 4,
    "minute": 45,
    "temp": [
        28.183389830508453,
        28.194067796610174,
        28.093999999999976,
        28.042711864406755,
        28.0
    ],
    "ntu": [
        1665.215084745763,
        1595.1910169491523,
        1620.5086666666664,
        1690.3042372881357,
        1645.0810000000004
    ],
    "temp_avg": 28.10283389830507,
    "ntu_avg": 1643.2600011299437
}