{
    "year": 2021,
    "month": 4,
    "day": 11,
    "hour": 6,
    "minute": 55,
    "temp": [
        25.86818181818182,
        25.87,
        25.868125000000003,
        25.87,
        25.87
    ],
    "tds": [
        1365.6948484848485,
        1365.5924242424242,
        1365.49,
        1365.49,
        1363.9293939393938
    ],
    "ph": [
        4.0190909090909095,
        4.0575757575757585,
        4.0471875000000015,
        3.9527272727272744,
        3.9045454545454543
    ],
    "ntu": [
        3000.0,
        3000.0,
        3000.0,
        3000.0,
        3000.0
    ],
    "temp_avg": 25.869261363636365,
    "tds_avg": 1365.2393333333332,
    "ph_avg": 3.996225378787879,
    "ntu_avg": 3000.0
}