{
    "year": 2021,
    "month": 4,
    "day": 11,
    "hour": 19,
    "minute": 10,
    "temp": [
        29.041818181818172,
        29.0,
        28.99636363636364,
        28.94727272727275,
        28.940000000000026
    ],
    "tds": [
        1068.8033333333335,
        1070.2900000000006,
        1070.425757575758,
        1072.2584848484844,
        1072.5299999999995
    ],
    "ph": [
        6.564545454545454,
        6.560312500000001,
        6.574545454545457,
        6.556969696969697,
        6.526363636363638
    ],
    "ntu": [
        3000.0,
        3000.0,
        3000.0,
        3000.0,
        3000.0
    ],
    "temp_avg": 28.985090909090918,
    "tds_avg": 1070.8615151515153,
    "ph_avg": 6.55654734848485,
    "ntu_avg": 3000.0
}