{
    "year": 2021,
    "month": 4,
    "day": 22,
    "hour": 21,
    "minute": 40,
    "temp": [
        28.26949999999996,
        28.245932203389838,
        28.15616666666664,
        28.09762711864404,
        28.048999999999975
    ],
    "ntu": [
        1855.6183333333327,
        1772.1584745762711,
        1761.2218333333333,
        1763.428305084746,
        1755.731
    ],
    "temp_avg": 28.163645197740088,
    "ntu_avg": 1781.6315892655366
}