{
    "year": 2021,
    "month": 4,
    "day": 11,
    "hour": 11,
    "minute": 25,
    "temp": [
        30.0,
        29.99818181818182,
        29.945625000000025,
        29.91030303030304,
        29.88272727272728
    ],
    "tds": [
        1032.0,
        1032.0,
        1033.885000000001,
        1038.6851515151523,
        1036.249090909091
    ],
    "ph": [
        6.186969696969696,
        6.2387878787878766,
        6.229374999999997,
        6.24848484848485,
        6.242424242424243
    ],
    "ntu": [
        3000.0,
        3000.0,
        3000.0,
        3000.0,
        3000.0
    ],
    "temp_avg": 29.94736742424243,
    "tds_avg": 1034.563848484849,
    "ph_avg": 6.229208333333332,
    "ntu_avg": 3000.0
}