{
    "year": 2021,
    "month": 4,
    "day": 14,
    "hour": 14,
    "minute": 15,
    "temp": [
        28.12,
        28.12,
        28.082499999999982,
        28.059999999999977,
        28.059999999999977
    ],
    "tds": [
        1169.4399999999998,
        1164.919696969697,
        1167.6759375000004,
        1169.6845454545448,
        1171.5642424242424
    ],
    "ph": [
        6.1803030303030315,
        4.217272727272728,
        3.4368750000000015,
        3.292121212121211,
        3.295151515151515
    ],
    "ntu": [
        3000.0,
        3000.0,
        3000.0,
        3000.0,
        3000.0
    ],
    "temp_avg": 28.08849999999999,
    "tds_avg": 1168.656884469697,
    "ph_avg": 4.084344696969697,
    "ntu_avg": 3000.0
}