{
    "year": 2021,
    "month": 4,
    "day": 19,
    "hour": 19,
    "minute": 55,
    "temp": [
        29.5,
        29.539999999999978,
        29.574545454545444,
        29.62,
        29.62
    ],
    "tds": [
        1223.405,
        1218.8603030303036,
        1216.1845454545455,
        1214.25,
        1214.25
    ],
    "ph": [
        2.8187499999999996,
        2.8903030303030306,
        3.0824242424242416,
        3.06125,
        3.063939393939394
    ],
    "ntu": [
        3000.0,
        3000.0,
        3000.0,
        3000.0,
        3000.0
    ],
    "temp_avg": 29.570909090909083,
    "tds_avg": 1217.3899696969697,
    "ph_avg": 2.9833333333333334,
    "ntu_avg": 3000.0
}