{
    "year": 2021,
    "month": 4,
    "day": 26,
    "hour": 1,
    "minute": 25,
    "temp": [
        26.75,
        26.75,
        26.75,
        26.75,
        26.749142857142857
    ],
    "ntu": [
        616.7638888888889,
        623.5211267605633,
        623.4571428571429,
        623.6056338028169,
        623.6
    ],
    "temp_avg": 26.749828571428573,
    "ntu_avg": 622.1895584618825
}