{
    "year": 2021,
    "month": 4,
    "day": 25,
    "hour": 12,
    "minute": 45,
    "temp": [
        26.799014084507014,
        26.79799999999997,
        26.804999999999964,
        26.801549295774613,
        26.801428571428538
    ],
    "ntu": [
        -40.056338028169016,
        -31.62857142857143,
        -40.611111111111114,
        -43.267605633802816,
        -44.885714285714286
    ],
    "temp_avg": 26.800998390342023,
    "ntu_avg": -40.08986809747373
}