{
    "year": 2021,
    "month": 4,
    "day": 10,
    "hour": 7,
    "minute": 5,
    "temp": [
        25.75,
        25.746363636363636,
        25.748125,
        25.74818181818182,
        25.75
    ],
    "tds": [
        1393.4115151515148,
        1393.305757575757,
        1390.5140624999992,
        1390.2230303030308,
        1389.5854545454536
    ],
    "ph": [
        2.525151515151515,
        2.630000000000001,
        2.585625,
        2.5490909090909097,
        2.5793939393939396
    ],
    "ntu": [
        3000.0,
        3000.0,
        3000.0,
        3000.0,
        3000.0
    ],
    "temp_avg": 25.748534090909097,
    "tds_avg": 1391.407964015151,
    "ph_avg": 2.5738522727272732,
    "ntu_avg": 3000.0
}