{
    "year": 2021,
    "month": 4,
    "day": 25,
    "hour": 1,
    "minute": 20,
    "temp": [
        26.36999999999995,
        26.36999999999995,
        26.36999999999995,
        26.36999999999995,
        26.369142857142812
    ],
    "ntu": [
        625.8028169014085,
        632.5857142857143,
        632.7464788732394,
        632.6901408450705,
        632.6428571428571
    ],
    "temp_avg": 26.369828571428524,
    "ntu_avg": 631.2936016096579
}