{
    "year": 2021,
    "month": 4,
    "day": 13,
    "hour": 18,
    "minute": 40,
    "temp": [
        29.31545454545452,
        29.308124999999976,
        29.257272727272728,
        29.25,
        29.19727272727275
    ],
    "tds": [
        1094.130606060606,
        1095.8237500000005,
        1098.595454545455,
        1100.6103030303036,
        1102.5787878787883
    ],
    "ph": [
        0.0,
        0.0,
        0.0,
        0.0,
        0.007272727272727273
    ],
    "ntu": [
        3000.0,
        3000.0,
        3000.0,
        3000.0,
        3000.0
    ],
    "temp_avg": 29.265624999999993,
    "tds_avg": 1098.3477803030305,
    "ph_avg": 0.0014545454545454545,
    "ntu_avg": 3000.0
}