{
    "year": 2021,
    "month": 4,
    "day": 10,
    "hour": 21,
    "minute": 10,
    "temp": [
        27.246363636363636,
        27.27999999999998,
        27.309999999999977,
        27.35909090909091,
        27.38093750000001
    ],
    "tds": [
        1310.645757575758,
        1309.3300000000004,
        1307.3621212121209,
        1308.2545454545452,
        1307.1578125
    ],
    "ph": [
        5.830909090909092,
        5.840937500000003,
        5.849393939393942,
        5.784848484848486,
        5.8012500000000005
    ],
    "ntu": [
        3000.0,
        3000.0,
        3000.0,
        3000.0,
        3000.0
    ],
    "temp_avg": 27.3152784090909,
    "tds_avg": 1308.550047348485,
    "ph_avg": 5.821467803030304,
    "ntu_avg": 3000.0
}