{
    "year": 2021,
    "month": 4,
    "day": 20,
    "hour": 16,
    "minute": 20,
    "temp": [
        27.62,
        27.58727272727271,
        27.559999999999977,
        27.559999999999977,
        27.530909090909084
    ],
    "tds": [
        1138.68,
        1140.0545454545456,
        1141.1236363636365,
        1141.2,
        1142.656666666667
    ],
    "ph": [
        4.593124999999999,
        4.582727272727273,
        4.549393939393938,
        4.4928124999999985,
        4.55060606060606
    ],
    "ntu": [
        3000.0,
        3000.0,
        3000.0,
        3000.0,
        3000.0
    ],
    "temp_avg": 27.57163636363635,
    "tds_avg": 1140.7429696969698,
    "ph_avg": 4.553732954545454,
    "ntu_avg": 3000.0
}