{
    "year": 2021,
    "month": 4,
    "day": 20,
    "hour": 15,
    "minute": 15,
    "temp": [
        29.12,
        29.116363636363634,
        29.069090909090885,
        29.058124999999976,
        29.012727272727275
    ],
    "tds": [
        1081.4199999999992,
        1081.626363636363,
        1083.414848484848,
        1083.6899999999996,
        1085.624545454546
    ],
    "ph": [
        5.1359375,
        5.147878787878789,
        5.114545454545455,
        5.050937499999998,
        5.018787878787877
    ],
    "ntu": [
        3000.0,
        3000.0,
        3000.0,
        3000.0,
        3000.0
    ],
    "temp_avg": 29.075261363636354,
    "tds_avg": 1083.1551515151511,
    "ph_avg": 5.0936174242424235,
    "ntu_avg": 3000.0
}