{
    "year": 2021,
    "month": 4,
    "day": 14,
    "hour": 3,
    "minute": 40,
    "temp": [
        27.87,
        27.826363636363617,
        27.809999999999977,
        27.809999999999977,
        27.789999999999992
    ],
    "tds": [
        1149.5230303030296,
        1151.6272727272726,
        1152.32,
        1149.4866666666667,
        1148.9166666666667
    ],
    "ph": [
        4.823939393939393,
        4.867575757575758,
        4.888125,
        4.919090909090908,
        4.957878787878786
    ],
    "ntu": [
        3000.0,
        3000.0,
        3000.0,
        3000.0,
        3000.0
    ],
    "temp_avg": 27.821272727272707,
    "tds_avg": 1150.3747272727271,
    "ph_avg": 4.891321969696969,
    "ntu_avg": 3000.0
}