{
    "year": 2021,
    "month": 4,
    "day": 8,
    "hour": 21,
    "minute": 45,
    "temp": [
        28.10363636363635,
        28.063749999999978,
        28.059999999999977,
        28.015,
        28.0
    ],
    "tds": [
        0.0,
        0.0,
        0.0,
        0.0,
        0.0
    ],
    "ph": [
        0.0,
        0.0,
        0.0,
        0.0,
        0.0
    ],
    "ntu": [
        3000.0,
        3000.0,
        3000.0,
        3000.0,
        3000.0
    ],
    "temp_avg": 28.048477272727258,
    "tds_avg": 0.0,
    "ph_avg": 0.0,
    "ntu_avg": 3000.0
}