{
    "year": 2021,
    "month": 4,
    "day": 20,
    "hour": 8,
    "minute": 5,
    "temp": [
        29.43363636363639,
        29.445454545454567,
        29.4925,
        29.5,
        29.5
    ],
    "tds": [
        1240.3499999999992,
        1241.6963636363628,
        1238.8834375000004,
        1237.7781818181822,
        1237.1100000000004
    ],
    "ph": [
        2.809999999999999,
        2.9009090909090913,
        2.8228125000000004,
        2.8696969696969687,
        2.9330303030303013
    ],
    "ntu": [
        3000.0,
        3000.0,
        3000.0,
        3000.0,
        3000.0
    ],
    "temp_avg": 29.474318181818195,
    "tds_avg": 1239.163596590909,
    "ph_avg": 2.867289772727273,
    "ntu_avg": 3000.0
}