{
    "year": 2021,
    "month": 4,
    "day": 22,
    "hour": 19,
    "minute": 45,
    "temp": [
        29.43813559322032,
        29.44250000000003,
        29.35983050847454,
        29.275999999999993,
        29.216440677966133
    ],
    "ntu": [
        1956.1620338983048,
        1830.4545,
        1826.5937288135592,
        1843.7733333333333,
        1849.6498305084747
    ],
    "temp_avg": 29.346581355932205,
    "ntu_avg": 1861.3266853107343
}