{
    "year": 2021,
    "month": 4,
    "day": 22,
    "hour": 21,
    "minute": 0,
    "temp": [
        29.197457627118645,
        29.159666666666638,
        29.058983050847424,
        28.997000000000003,
        28.9376271186441
    ],
    "ntu": [
        1994.459661016949,
        1917.718333333334,
        1923.4689830508473,
        1919.4233333333332,
        1928.3227118644065
    ],
    "temp_avg": 29.070146892655362,
    "ntu_avg": 1936.678604519774
}