{
    "year": 2021,
    "month": 4,
    "day": 11,
    "hour": 0,
    "minute": 0,
    "temp": [
        27.372187500000003,
        27.346363636363616,
        27.306363636363617,
        27.25,
        27.211818181818206
    ],
    "tds": [
        1139.7771874999996,
        1139.650303030303,
        1142.6027272727274,
        1145.3600000000004,
        1146.517575757575
    ],
    "ph": [
        4.861562500000002,
        4.912121212121211,
        4.928181818181818,
        4.878124999999998,
        4.897272727272728
    ],
    "ntu": [
        3000.0,
        3000.0,
        3000.0,
        3000.0,
        3000.0
    ],
    "temp_avg": 27.297346590909086,
    "tds_avg": 1142.781558712121,
    "ph_avg": 4.895452651515152,
    "ntu_avg": 3000.0
}