{
    "year": 2021,
    "month": 4,
    "day": 10,
    "hour": 18,
    "minute": 50,
    "temp": [
        29.776249999999994,
        29.75,
        29.75,
        29.75,
        29.75
    ],
    "tds": [
        1195.00125,
        1193.1748484848479,
        1194.9736363636362,
        1194.805,
        1196.1300000000003
    ],
    "ph": [
        5.548437500000001,
        5.53727272727273,
        5.540303030303033,
        5.612499999999998,
        5.611515151515151
    ],
    "ntu": [
        3000.0,
        3000.0,
        3000.0,
        3000.0,
        3000.0
    ],
    "temp_avg": 29.75525,
    "tds_avg": 1194.8169469696968,
    "ph_avg": 5.5700056818181825,
    "ntu_avg": 3000.0
}