{
    "year": 2021,
    "month": 4,
    "day": 25,
    "hour": 15,
    "minute": 0,
    "temp": [
        26.875999999999955,
        26.873999999999953,
        26.87295774647883,
        26.872999999999955,
        26.874929577464748
    ],
    "ntu": [
        395.0857142857143,
        358.7142857142857,
        335.6056338028169,
        331.7857142857143,
        311.14084507042253
    ],
    "temp_avg": 26.874177464788687,
    "ntu_avg": 346.4664386317907
}