{
    "year": 2021,
    "month": 4,
    "day": 24,
    "hour": 12,
    "minute": 46,
    "temp": [
        30.16499999999998,
        30.079436619718276,
        30.015428571428572,
        29.9535211267606,
        30.141142857142864
    ],
    "ntu": [
        -94.67142857142858,
        -93.32394366197182,
        -99.57142857142857,
        -91.64788732394366,
        -92.57142857142857
    ],
    "temp_avg": 30.07090583501006,
    "ntu_avg": -94.35722334004024
}