{
    "year": 2021,
    "month": 4,
    "day": 19,
    "hour": 19,
    "minute": 45,
    "temp": [
        29.37,
        29.37,
        29.37,
        29.37,
        29.349374999999988
    ],
    "tds": [
        1224.5603125000005,
        1224.8856250000003,
        1224.9700000000005,
        1224.9700000000005,
        1225.9862500000002
    ],
    "ph": [
        3.1425000000000005,
        3.141249999999999,
        3.14939393939394,
        3.151515151515152,
        3.1303125000000005
    ],
    "ntu": [
        3000.0,
        3000.0,
        3000.0,
        3000.0,
        3000.0
    ],
    "temp_avg": 29.365875,
    "tds_avg": 1225.0744375000002,
    "ph_avg": 3.1429943181818185,
    "ntu_avg": 3000.0
}