{
    "year": 2021,
    "month": 4,
    "day": 10,
    "hour": 5,
    "minute": 5,
    "temp": [
        25.75,
        25.75,
        25.75,
        25.75,
        25.75
    ],
    "tds": [
        1386.987272727272,
        1382.6999999999996,
        1384.8287500000008,
        1386.987272727272,
        1382.6999999999996
    ],
    "ph": [
        2.453030303030303,
        2.432727272727273,
        2.4121875000000004,
        2.376060606060607,
        2.4284848484848482
    ],
    "ntu": [
        3000.0,
        3000.0,
        3000.0,
        3000.0,
        3000.0
    ],
    "temp_avg": 25.75,
    "tds_avg": 1384.840659090909,
    "ph_avg": 2.4204981060606063,
    "ntu_avg": 3000.0
}