{
    "year": 2021,
    "month": 4,
    "day": 26,
    "hour": 0,
    "minute": 25,
    "temp": [
        26.750845070422535,
        26.75,
        26.75,
        26.75,
        26.75
    ],
    "ntu": [
        617.2957746478874,
        624.3,
        624.4507042253521,
        624.4,
        624.4507042253521
    ],
    "temp_avg": 26.75016901408451,
    "ntu_avg": 622.9794366197183
}