{
    "year": 2021,
    "month": 4,
    "day": 19,
    "hour": 22,
    "minute": 30,
    "temp": [
        27.5,
        27.49818181818182,
        27.45500000000002,
        27.440000000000023,
        27.440000000000023
    ],
    "tds": [
        1139.48,
        1139.7090909090907,
        1141.44875,
        1142.0,
        1142.0
    ],
    "ph": [
        3.0266666666666664,
        2.9960606060606056,
        3.0503125000000013,
        3.0509090909090903,
        3.0275757575757587
    ],
    "ntu": [
        3000.0,
        3000.0,
        3000.0,
        3000.0,
        3000.0
    ],
    "temp_avg": 27.466636363636376,
    "tds_avg": 1140.927568181818,
    "ph_avg": 3.030304924242425,
    "ntu_avg": 3000.0
}