{
    "year": 2021,
    "month": 4,
    "day": 14,
    "hour": 13,
    "minute": 10,
    "temp": [
        27.586249999999996,
        27.60909090909091,
        27.62,
        27.63531250000001,
        27.690000000000023
    ],
    "tds": [
        1345.2768749999998,
        1350.0581818181813,
        1349.18303030303,
        1397.7468749999998,
        1341.9109090909096
    ],
    "ph": [
        6.0228125,
        6.066363636363637,
        6.061212121212119,
        5.938437499999999,
        5.948787878787881
    ],
    "ntu": [
        3000.0,
        3000.0,
        3000.0,
        3000.0,
        3000.0
    ],
    "temp_avg": 27.628130681818185,
    "tds_avg": 1356.8351742424243,
    "ph_avg": 6.007522727272727,
    "ntu_avg": 3000.0
}