{
    "year": 2021,
    "month": 4,
    "day": 21,
    "hour": 4,
    "minute": 15,
    "temp": [
        28.37,
        28.335454545454525,
        28.309999999999977,
        28.280909090909084,
        28.25
    ],
    "tds": [
        1105.2400000000005,
        1106.682424242424,
        1107.6199999999994,
        1108.7063636363632,
        1110.0099999999995
    ],
    "ph": [
        4.013030303030303,
        3.922727272727274,
        4.000625,
        4.0615151515151515,
        4.094848484848484
    ],
    "ntu": [
        3000.0,
        3000.0,
        3000.0,
        3000.0,
        3000.0
    ],
    "temp_avg": 28.30927272727272,
    "tds_avg": 1107.6517575757573,
    "ph_avg": 4.018549242424243,
    "ntu_avg": 3000.0
}