{
    "year": 2021,
    "month": 4,
    "day": 10,
    "hour": 2,
    "minute": 10,
    "temp": [
        25.30999999999998,
        25.319090909090892,
        25.326363636363624,
        25.34562499999999,
        25.35909090909091
    ],
    "tds": [
        1424.018749999999,
        1419.5645454545443,
        1411.993636363636,
        1410.2474999999993,
        1424.6575757575765
    ],
    "ph": [
        3.0393749999999993,
        3.022727272727273,
        3.0903030303030303,
        3.1415625000000014,
        3.1806060606060607
    ],
    "ntu": [
        3000.0,
        3000.0,
        3000.0,
        3000.0,
        3000.0
    ],
    "temp_avg": 25.33203409090908,
    "tds_avg": 1418.096401515151,
    "ph_avg": 3.094914772727273,
    "ntu_avg": 3000.0
}