{
    "year": 2021,
    "month": 4,
    "day": 10,
    "hour": 14,
    "minute": 20,
    "temp": [
        27.81545454545453,
        27.866363636363637,
        27.915937500000023,
        27.940000000000023,
        27.996363636363636
    ],
    "tds": [
        1279.493939393939,
        1278.2778787878794,
        1273.6118749999991,
        1276.0968749999995,
        1271.3609090909085
    ],
    "ph": [
        5.247878787878788,
        5.257272727272728,
        5.249062499999999,
        5.269374999999998,
        5.263333333333335
    ],
    "ntu": [
        3000.0,
        3000.0,
        3000.0,
        3000.0,
        3000.0
    ],
    "temp_avg": 27.90682386363637,
    "tds_avg": 1275.768295454545,
    "ph_avg": 5.25738446969697,
    "ntu_avg": 3000.0
}