{
    "year": 2021,
    "month": 4,
    "day": 14,
    "hour": 22,
    "minute": 5,
    "temp": [
        29.440000000000026,
        29.37,
        29.440000000000026,
        29.37,
        29.440000000000026
    ],
    "tds": [
        1222.2699999999998,
        1242.5999999999992,
        1222.2699999999998,
        1239.2439393939385,
        1222.2699999999998
    ],
    "ph": [
        5.238125000000001,
        5.120937499999998,
        5.217272727272728,
        5.168181818181817,
        5.1842424242424245
    ],
    "ntu": [
        3000.0,
        3000.0,
        3000.0,
        3000.0,
        3000.0
    ],
    "temp_avg": 29.412000000000017,
    "tds_avg": 1229.7307878787874,
    "ph_avg": 5.185751893939394,
    "ntu_avg": 3000.0
}