{
    "year": 2021,
    "month": 4,
    "day": 9,
    "hour": 15,
    "minute": 45,
    "temp": [
        27.143333333333338,
        27.12,
        27.112727272727266,
        27.061818181818158,
        27.059999999999977
    ],
    "tds": [
        1141.1203030303027,
        1145.9118750000002,
        1144.7236363636364,
        1148.6721212121213,
        1148.75
    ],
    "ph": [
        3.835454545454544,
        3.7581249999999997,
        3.689393939393939,
        4.038181818181819,
        4.909999999999998
    ],
    "ntu": [
        3000.0,
        3000.0,
        3000.0,
        3000.0,
        3000.0
    ],
    "temp_avg": 27.099575757575746,
    "tds_avg": 1145.835587121212,
    "ph_avg": 4.046231060606059,
    "ntu_avg": 3000.0
}