{
    "year": 2021,
    "month": 4,
    "day": 20,
    "hour": 3,
    "minute": 30,
    "temp": [
        27.541249999999977,
        27.598181818181818,
        27.660303030303055,
        27.714375000000004,
        27.779090909090886
    ],
    "tds": [
        1323.7246875000005,
        1321.1551515151518,
        1318.3330303030311,
        1315.00125,
        1312.5406060606063
    ],
    "ph": [
        2.1575,
        2.1178787878787873,
        2.132727272727273,
        2.1171874999999996,
        2.165757575757577
    ],
    "ntu": [
        3000.0,
        3000.0,
        3000.0,
        3000.0,
        3000.0
    ],
    "temp_avg": 27.658640151515147,
    "tds_avg": 1318.150945075758,
    "ph_avg": 2.1382102272727272,
    "ntu_avg": 3000.0
}