{
    "year": 2021,
    "month": 4,
    "day": 20,
    "hour": 6,
    "minute": 25,
    "temp": [
        27.690000000000023,
        27.681515151515168,
        27.62,
        27.62,
        27.590909090909072
    ],
    "tds": [
        1131.9599999999994,
        1132.3387878787871,
        1134.4599999999994,
        1134.4599999999994,
        1135.8236363636356
    ],
    "ph": [
        2.4539393939393936,
        2.185757575757576,
        2.228125000000001,
        2.2536363636363648,
        2.2078787878787876
    ],
    "ntu": [
        3000.0,
        3000.0,
        3000.0,
        3000.0,
        3000.0
    ],
    "temp_avg": 27.640484848484853,
    "tds_avg": 1133.8084848484839,
    "ph_avg": 2.265867424242425,
    "ntu_avg": 3000.0
}