{
    "year": 2021,
    "month": 4,
    "day": 13,
    "hour": 3,
    "minute": 30,
    "temp": [
        28.937878787878812,
        28.949090909090927,
        29.0,
        29.025454545454526,
        29.059999999999974
    ],
    "tds": [
        604.9669696969694,
        598.481818181818,
        586.9678124999999,
        576.5721212121211,
        587.0063636363639
    ],
    "ph": [
        0.0,
        0.0,
        0.0,
        0.0,
        0.0
    ],
    "ntu": [
        3000.0,
        3000.0,
        3000.0,
        3000.0,
        3000.0
    ],
    "temp_avg": 28.99448484848485,
    "tds_avg": 590.7990170454544,
    "ph_avg": 0.0,
    "ntu_avg": 3000.0
}