{
    "year": 2021,
    "month": 4,
    "day": 12,
    "hour": 15,
    "minute": 45,
    "temp": [
        24.304545454545437,
        24.308124999999983,
        24.3081818181818,
        24.30999999999998,
        24.35125
    ],
    "tds": [
        1405.3700000000001,
        1406.755937500001,
        1404.93,
        1404.4345454545455,
        1398.3721875
    ],
    "ph": [
        2.210000000000001,
        2.2106250000000003,
        2.183939393939394,
        2.1136363636363638,
        2.1512499999999997
    ],
    "ntu": [
        3000.0,
        3000.0,
        3000.0,
        3000.0,
        3000.0
    ],
    "temp_avg": 24.316420454545437,
    "tds_avg": 1403.9725340909094,
    "ph_avg": 2.1738901515151516,
    "ntu_avg": 3000.0
}