{
    "year": 2021,
    "month": 4,
    "day": 10,
    "hour": 7,
    "minute": 10,
    "temp": [
        25.748125,
        25.74818181818182,
        25.75,
        25.75,
        25.74818181818182
    ],
    "tds": [
        1383.79,
        1395.0148484848482,
        1397.3678787878787,
        1402.7328124999995,
        1408.1327272727265
    ],
    "ph": [
        2.4909375000000007,
        2.505757575757576,
        2.5606060606060606,
        2.5759374999999998,
        2.547575757575758
    ],
    "ntu": [
        3000.0,
        3000.0,
        3000.0,
        3000.0,
        3000.0
    ],
    "temp_avg": 25.74889772727273,
    "tds_avg": 1397.4076534090905,
    "ph_avg": 2.5361628787878794,
    "ntu_avg": 3000.0
}