{
    "year": 2021,
    "month": 4,
    "day": 13,
    "hour": 3,
    "minute": 50,
    "temp": [
        29.328181818181804,
        29.37,
        29.37,
        29.397575757575776,
        29.440000000000026
    ],
    "tds": [
        554.7175757575758,
        471.65187500000013,
        418.53393939393953,
        397.75151515151504,
        416.4278125000001
    ],
    "ph": [
        0.0,
        0.0,
        0.0,
        0.0,
        0.0
    ],
    "ntu": [
        3000.0,
        3000.0,
        3000.0,
        3000.0,
        3000.0
    ],
    "temp_avg": 29.381151515151522,
    "tds_avg": 451.8165435606062,
    "ph_avg": 0.0,
    "ntu_avg": 3000.0
}