{
    "year": 2021,
    "month": 4,
    "day": 22,
    "hour": 12,
    "minute": 25,
    "temp": [
        29.568135593220305,
        29.55999999999996,
        29.555932203389794,
        29.509999999999998,
        29.5
    ],
    "ntu": [
        3000.0,
        3000.0,
        3000.0,
        3000.0,
        3000.0
    ],
    "temp_avg": 29.538813559322012,
    "ntu_avg": 3000.0
}