{
    "year": 2021,
    "month": 4,
    "day": 13,
    "hour": 4,
    "minute": 10,
    "temp": [
        29.62,
        29.63696969696971,
        29.676875000000017,
        29.632727272727276,
        29.62
    ],
    "tds": [
        485.41666666666686,
        449.92666666666673,
        468.18437499999993,
        459.7087878787879,
        414.88969696969707
    ],
    "ph": [
        0.0,
        0.0,
        0.0,
        0.0,
        0.0
    ],
    "ntu": [
        3000.0,
        3000.0,
        3000.0,
        3000.0,
        3000.0
    ],
    "temp_avg": 29.637314393939402,
    "tds_avg": 455.6252386363637,
    "ph_avg": 0.0,
    "ntu_avg": 3000.0
}