{
    "year": 2021,
    "month": 4,
    "day": 20,
    "hour": 8,
    "minute": 55,
    "temp": [
        29.813636363636338,
        29.808181818181794,
        29.766875,
        29.75,
        29.731818181818195
    ],
    "tds": [
        1047.9248484848483,
        1048.7872727272727,
        1050.5168749999998,
        1051.66,
        1048.7515151515147
    ],
    "ph": [
        1.5330303030303027,
        1.5745454545454542,
        1.8306250000000002,
        1.9642424242424246,
        1.7912121212121213
    ],
    "ntu": [
        3000.0,
        3000.0,
        3000.0,
        3000.0,
        3000.0
    ],
    "temp_avg": 29.774102272727266,
    "tds_avg": 1049.5281022727272,
    "ph_avg": 1.7387310606060606,
    "ntu_avg": 3000.0
}