{
    "year": 2021,
    "month": 4,
    "day": 13,
    "hour": 21,
    "minute": 40,
    "temp": [
        29.8625,
        29.89121212121214,
        29.940000000000026,
        29.983125,
        30.01454545454544
    ],
    "tds": [
        1223.4293750000008,
        1223.6830303030306,
        1219.609393939394,
        1220.2425000000005,
        1219.7687878787883
    ],
    "ph": [
        0.48781250000000004,
        0.4724242424242424,
        0.7445454545454545,
        0.5393750000000003,
        0.4072727272727273
    ],
    "ntu": [
        3000.0,
        3000.0,
        3000.0,
        3000.0,
        3000.0
    ],
    "temp_avg": 29.93827651515152,
    "tds_avg": 1221.3466174242428,
    "ph_avg": 0.5302859848484849,
    "ntu_avg": 3000.0
}