{
    "year": 2021,
    "month": 4,
    "day": 24,
    "hour": 21,
    "minute": 10,
    "temp": [
        26.809999999999963,
        26.808309859154893,
        26.789428571428545,
        26.76521126760563,
        26.751690140845067
    ],
    "ntu": [
        620.9295774647887,
        628.5070422535211,
        629.3428571428572,
        629.6619718309859,
        630.0704225352113
    ],
    "temp_avg": 26.784927967806816,
    "ntu_avg": 627.7023742454728
}