{
    "year": 2021,
    "month": 4,
    "day": 26,
    "hour": 5,
    "minute": 0,
    "temp": [
        26.690000000000037,
        26.690000000000037,
        26.690000000000037,
        26.690000000000037,
        26.690000000000037
    ],
    "ntu": [
        613.9577464788732,
        619.9859154929577,
        620.5316455696203,
        620.5915492957746,
        613.5
    ],
    "temp_avg": 26.690000000000037,
    "ntu_avg": 617.7133713674451
}