{
    "year": 2021,
    "month": 4,
    "day": 9,
    "hour": 23,
    "minute": 25,
    "temp": [
        27.554374999999983,
        27.51090909090909,
        27.5,
        27.45875000000002,
        27.440000000000023
    ],
    "tds": [
        1132.8181250000005,
        1140.2821212121214,
        1139.48,
        1142.6796874999998,
        1137.3806060606057
    ],
    "ph": [
        4.511875000000001,
        4.463636363636364,
        4.439999999999999,
        4.269687499999999,
        4.408181818181819
    ],
    "ntu": [
        3000.0,
        3000.0,
        3000.0,
        3000.0,
        3000.0
    ],
    "temp_avg": 27.492806818181823,
    "tds_avg": 1138.5281079545455,
    "ph_avg": 4.418676136363636,
    "ntu_avg": 3000.0
}