{
    "year": 2021,
    "month": 4,
    "day": 12,
    "hour": 14,
    "minute": 30,
    "temp": [
        24.359090909090906,
        24.36090909090909,
        24.34187499999999,
        24.3390909090909,
        24.328181818181807
    ],
    "tds": [
        1434.915151515151,
        1435.1412121212118,
        1436.2150000000001,
        1438.2963636363627,
        1441.9654545454534
    ],
    "ph": [
        3.2539393939393935,
        3.2260606060606056,
        3.249062500000001,
        3.25060606060606,
        3.24818181818182
    ],
    "ntu": [
        3000.0,
        3000.0,
        3000.0,
        3000.0,
        3000.0
    ],
    "temp_avg": 24.34582954545454,
    "tds_avg": 1437.3066363636358,
    "ph_avg": 3.2455700757575756,
    "ntu_avg": 3000.0
}