{
    "year": 2021,
    "month": 4,
    "day": 14,
    "hour": 19,
    "minute": 25,
    "temp": [
        29.0,
        29.0,
        29.0,
        29.00545454545454,
        29.016363636363632
    ],
    "tds": [
        1277.580000000001,
        1278.6903030303038,
        1278.6903030303038,
        1272.360303030303,
        1268.422121212121
    ],
    "ph": [
        5.006363636363639,
        4.964545454545453,
        4.964545454545453,
        4.713030303030304,
        4.697575757575758
    ],
    "ntu": [
        3000.0,
        3000.0,
        3000.0,
        3000.0,
        3000.0
    ],
    "temp_avg": 29.00436363636363,
    "tds_avg": 1275.1486060606064,
    "ph_avg": 4.869212121212121,
    "ntu_avg": 3000.0
}