{
    "year": 2021,
    "month": 4,
    "day": 12,
    "hour": 17,
    "minute": 5,
    "temp": [
        28.559999999999974,
        28.612727272727273,
        28.65937500000002,
        28.690000000000026,
        28.75
    ],
    "tds": [
        1185.6600000000005,
        1183.3663636363638,
        1181.4249999999997,
        1180.3715151515153,
        1177.8600000000004
    ],
    "ph": [
        1.7760606060606063,
        1.7857575757575765,
        1.8153125000000003,
        1.8436363636363644,
        1.9375757575757575
    ],
    "ntu": [
        3000.0,
        3000.0,
        3000.0,
        3000.0,
        3000.0
    ],
    "temp_avg": 28.65442045454546,
    "tds_avg": 1181.736575757576,
    "ph_avg": 1.831668560606061,
    "ntu_avg": 3000.0
}