{
    "year": 2021,
    "month": 4,
    "day": 15,
    "hour": 22,
    "minute": 35,
    "temp": [
        29.660303030303037,
        29.687878787878812,
        29.683636363636385,
        29.67906250000002,
        29.690000000000026
    ],
    "tds": [
        1137.1778787878784,
        1136.25,
        1136.543333333333,
        1133.20375,
        1132.3454545454547
    ],
    "ph": [
        7.485151515151513,
        7.470606060606057,
        7.490606060606063,
        7.470937500000001,
        7.491212121212122
    ],
    "ntu": [
        3000.0,
        3000.0,
        3000.0,
        3000.0,
        3000.0
    ],
    "temp_avg": 29.680176136363656,
    "tds_avg": 1135.1040833333332,
    "ph_avg": 7.4817026515151515,
    "ntu_avg": 3000.0
}