{
    "year": 2021,
    "month": 4,
    "day": 21,
    "hour": 12,
    "minute": 10,
    "temp": [
        29.25,
        29.23909090909092,
        29.193636363636386,
        29.190000000000026,
        29.183636363636385
    ],
    "tds": [
        1073.0900000000001,
        1073.4951515151515,
        1074.9206060606055,
        1075.2599999999993,
        1075.396363636363
    ],
    "ph": [
        6.767812500000002,
        6.766363636363637,
        6.869090909090913,
        6.748125,
        6.722121212121209
    ],
    "ntu": [
        3000.0,
        3000.0,
        3000.0,
        3000.0,
        3000.0
    ],
    "temp_avg": 29.211272727272746,
    "tds_avg": 1074.432424242424,
    "ph_avg": 6.774702651515152,
    "ntu_avg": 3000.0
}