{
    "year": 2021,
    "month": 4,
    "day": 13,
    "hour": 23,
    "minute": 5,
    "temp": [
        28.268181818181816,
        28.25,
        28.25,
        28.208181818181842,
        28.190000000000023
    ],
    "tds": [
        1112.0315151515144,
        1114.0999999999995,
        1113.2799999999995,
        1099.3866666666659,
        1100.1699999999992
    ],
    "ph": [
        1.1072727272727272,
        1.143939393939394,
        1.1106250000000002,
        1.5669696969696967,
        1.6945454545454546
    ],
    "ntu": [
        3000.0,
        3000.0,
        3000.0,
        3000.0,
        3000.0
    ],
    "temp_avg": 28.233272727272738,
    "tds_avg": 1107.7936363636359,
    "ph_avg": 1.3246704545454544,
    "ntu_avg": 3000.0
}