{
    "year": 2021,
    "month": 4,
    "day": 9,
    "hour": 4,
    "minute": 35,
    "temp": [
        25.80437499999998,
        25.782727272727268,
        25.766363636363636,
        25.759375,
        25.75
    ],
    "tds": [
        1406.1300000000008,
        1412.401818181819,
        1408.4636363636357,
        1409.7712499999998,
        1414.3327272727277
    ],
    "ph": [
        3.5825,
        3.5715151515151504,
        3.5569696969696962,
        3.5484374999999995,
        3.538484848484849
    ],
    "ntu": [
        3000.0,
        3000.0,
        3000.0,
        3000.0,
        3000.0
    ],
    "temp_avg": 25.77256818181818,
    "tds_avg": 1410.2198863636365,
    "ph_avg": 3.559581439393939,
    "ntu_avg": 3000.0
}