{
    "year": 2021,
    "month": 4,
    "day": 21,
    "hour": 3,
    "minute": 35,
    "temp": [
        29.559999999999974,
        29.552727272727253,
        29.50181818181818,
        29.498125,
        29.443636363636386
    ],
    "tds": [
        1061.9018750000005,
        1060.7796969696974,
        1061.656666666667,
        1064.22875,
        1065.7115151515154
    ],
    "ph": [
        4.5240625,
        4.530606060606062,
        4.505151515151516,
        4.438437499999999,
        4.464242424242423
    ],
    "ntu": [
        3000.0,
        3000.0,
        3000.0,
        3000.0,
        3000.0
    ],
    "temp_avg": 29.511261363636358,
    "tds_avg": 1062.855700757576,
    "ph_avg": 4.4925,
    "ntu_avg": 3000.0
}