{
    "year": 2021,
    "month": 4,
    "day": 11,
    "hour": 5,
    "minute": 20,
    "temp": [
        25.75,
        25.75,
        25.75,
        25.75,
        25.75
    ],
    "tds": [
        1387.9400000000003,
        1387.9400000000003,
        1387.9400000000003,
        1387.835757575758,
        1387.9400000000003
    ],
    "ph": [
        4.8066666666666675,
        4.827499999999999,
        4.81030303030303,
        4.76969696969697,
        4.653750000000001
    ],
    "ntu": [
        3000.0,
        3000.0,
        3000.0,
        3000.0,
        3000.0
    ],
    "temp_avg": 25.75,
    "tds_avg": 1387.919151515152,
    "ph_avg": 4.773583333333333,
    "ntu_avg": 3000.0
}