{
    "year": 2021,
    "month": 4,
    "day": 13,
    "hour": 14,
    "minute": 30,
    "temp": [
        29.200909090909107,
        29.242727272727272,
        29.276249999999983,
        29.309999999999974,
        29.320909090909073
    ],
    "tds": [
        105.90757575757574,
        158.2493939393939,
        188.02312499999996,
        192.56909090909093,
        172.629696969697
    ],
    "ph": [
        0.0,
        0.0,
        0.0,
        0.0,
        0.0
    ],
    "ntu": [
        3000.0,
        3000.0,
        3000.0,
        3000.0,
        3000.0
    ],
    "temp_avg": 29.270159090909083,
    "tds_avg": 163.4757765151515,
    "ph_avg": 0.0,
    "ntu_avg": 3000.0
}