{
    "year": 2021,
    "month": 4,
    "day": 11,
    "hour": 5,
    "minute": 50,
    "temp": [
        25.809999999999977,
        25.809999999999977,
        25.809999999999977,
        25.809999999999977,
        25.809999999999977
    ],
    "tds": [
        1384.5,
        1384.5,
        1384.5,
        1385.97375,
        1384.5
    ],
    "ph": [
        4.0234375,
        3.9645454545454557,
        3.895454545454544,
        3.7659375,
        3.222424242424243
    ],
    "ntu": [
        3000.0,
        3000.0,
        3000.0,
        3000.0,
        3000.0
    ],
    "temp_avg": 25.80999999999998,
    "tds_avg": 1384.79475,
    "ph_avg": 3.774359848484848,
    "ntu_avg": 3000.0
}