{
    "year": 2021,
    "month": 4,
    "day": 20,
    "hour": 4,
    "minute": 0,
    "temp": [
        29.0,
        29.0,
        29.0,
        29.02909090909089,
        29.059999999999974
    ],
    "tds": [
        1254.8499999999992,
        1254.8499999999992,
        1254.8499999999992,
        1254.237878787879,
        1252.0400000000006
    ],
    "ph": [
        2.3330303030303026,
        2.3196875,
        2.273030303030304,
        2.2290909090909077,
        2.2775
    ],
    "ntu": [
        3000.0,
        3000.0,
        3000.0,
        3000.0,
        3000.0
    ],
    "temp_avg": 29.01781818181817,
    "tds_avg": 1254.1655757575754,
    "ph_avg": 2.2864678030303027,
    "ntu_avg": 3000.0
}