{
    "year": 2021,
    "month": 4,
    "day": 12,
    "hour": 1,
    "minute": 20,
    "temp": [
        25.690000000000023,
        25.690000000000023,
        25.690000000000023,
        25.690000000000023,
        25.690000000000023
    ],
    "tds": [
        1380.9000000000008,
        1380.9000000000008,
        1380.9000000000008,
        1380.9000000000008,
        1380.9000000000008
    ],
    "ph": [
        7.1039393939393936,
        7.14375,
        7.140909090909088,
        7.149090909090906,
        7.103125
    ],
    "ntu": [
        3000.0,
        3000.0,
        3000.0,
        3000.0,
        3000.0
    ],
    "temp_avg": 25.69000000000002,
    "tds_avg": 1380.9000000000008,
    "ph_avg": 7.128162878787878,
    "ntu_avg": 3000.0
}