{
    "year": 2021,
    "month": 4,
    "day": 13,
    "hour": 1,
    "minute": 5,
    "temp": [
        29.78454545454545,
        29.75,
        29.718125000000022,
        29.690000000000026,
        29.67515151515153
    ],
    "tds": [
        0.0,
        0.0,
        0.0,
        0.0,
        0.0
    ],
    "ph": [
        0.0,
        0.0,
        0.0,
        0.0,
        0.0
    ],
    "ntu": [
        3000.0,
        3000.0,
        3000.0,
        3000.0,
        3000.0
    ],
    "temp_avg": 29.723564393939405,
    "tds_avg": 0.0,
    "ph_avg": 0.0,
    "ntu_avg": 3000.0
}