{
    "year": 2021,
    "month": 4,
    "day": 15,
    "hour": 17,
    "minute": 15,
    "temp": [
        28.53937499999999,
        28.516363636363636,
        28.51636363636362,
        28.5075,
        28.50545454545454
    ],
    "tds": [
        1243.8581250000002,
        1244.8533333333337,
        1245.1939393939401,
        1245.7021875000007,
        1245.2790909090913
    ],
    "ph": [
        7.51,
        7.547878787878789,
        7.546363636363637,
        7.550937500000002,
        7.538181818181819
    ],
    "ntu": [
        3000.0,
        3000.0,
        3000.0,
        3000.0,
        3000.0
    ],
    "temp_avg": 28.517011363636357,
    "tds_avg": 1244.9773352272732,
    "ph_avg": 7.538672348484849,
    "ntu_avg": 3000.0
}