{
    "year": 2021,
    "month": 4,
    "day": 20,
    "hour": 21,
    "minute": 40,
    "temp": [
        28.75181818181818,
        28.75,
        28.75,
        28.75,
        28.75
    ],
    "tds": [
        1261.401818181819,
        1261.6600000000008,
        1260.3831250000005,
        1259.0460606060608,
        1261.2472727272734
    ],
    "ph": [
        4.3990909090909085,
        4.380909090909092,
        4.34875,
        4.342424242424243,
        4.348484848484848
    ],
    "ntu": [
        3000.0,
        3000.0,
        3000.0,
        3000.0,
        3000.0
    ],
    "temp_avg": 28.750363636363637,
    "tds_avg": 1260.7476553030308,
    "ph_avg": 4.363931818181818,
    "ntu_avg": 3000.0
}