{
    "year": 2021,
    "month": 4,
    "day": 22,
    "hour": 22,
    "minute": 50,
    "temp": [
        27.10305084745766,
        27.12916666666663,
        27.059999999999963,
        27.00406779661017,
        27.0
    ],
    "ntu": [
        1617.8877966101695,
        1563.5279999999998,
        1567.664745762712,
        1548.9184745762714,
        1568.6623333333337
    ],
    "temp_avg": 27.059257062146884,
    "ntu_avg": 1573.3322700564972
}