{
    "year": 2021,
    "month": 4,
    "day": 25,
    "hour": 23,
    "minute": 0,
    "temp": [
        26.809999999999963,
        26.809999999999963,
        26.809999999999963,
        26.809999999999963,
        26.809999999999963
    ],
    "ntu": [
        620.1571428571428,
        625.5,
        625.6056338028169,
        626.112676056338,
        626.4571428571429
    ],
    "temp_avg": 26.809999999999963,
    "ntu_avg": 624.7665191146882
}