{
    "year": 2021,
    "month": 4,
    "day": 20,
    "hour": 11,
    "minute": 25,
    "temp": [
        27.809999999999977,
        27.809999999999977,
        27.808181818181797,
        27.806363636363614,
        27.787499999999987
    ],
    "tds": [
        1139.5999999999995,
        1139.5999999999995,
        1139.9803030303028,
        1140.2084848484847,
        1141.0118749999997
    ],
    "ph": [
        4.287272727272729,
        4.3215625,
        4.3572727272727265,
        4.339393939393941,
        4.351875
    ],
    "ntu": [
        3000.0,
        3000.0,
        3000.0,
        3000.0,
        3000.0
    ],
    "temp_avg": 27.80440909090907,
    "tds_avg": 1140.0801325757573,
    "ph_avg": 4.331475378787879,
    "ntu_avg": 3000.0
}