{
    "year": 2021,
    "month": 4,
    "day": 10,
    "hour": 18,
    "minute": 10,
    "temp": [
        28.5,
        28.539999999999974,
        28.573124999999987,
        28.62,
        28.658181818181845
    ],
    "tds": [
        1245.7900000000006,
        1248.1736363636364,
        1246.8753125000005,
        1244.68,
        1243.1527272727271
    ],
    "ph": [
        5.5951515151515165,
        5.60727272727273,
        5.611875000000004,
        5.590303030303033,
        5.545454545454546
    ],
    "ntu": [
        3000.0,
        3000.0,
        3000.0,
        3000.0,
        3000.0
    ],
    "temp_avg": 28.578261363636365,
    "tds_avg": 1245.734335227273,
    "ph_avg": 5.590011363636366,
    "ntu_avg": 3000.0
}