{
    "year": 2021,
    "month": 4,
    "day": 15,
    "hour": 1,
    "minute": 15,
    "temp": [
        28.04181818181817,
        28.016363636363636,
        28.00375,
        28.0,
        28.0
    ],
    "tds": [
        1284.9500000000007,
        1286.84,
        1287.0475,
        1287.38,
        1287.38
    ],
    "ph": [
        5.165454545454547,
        5.125151515151518,
        5.11375,
        5.060303030303031,
        5.02939393939394
    ],
    "ntu": [
        3000.0,
        3000.0,
        3000.0,
        3000.0,
        3000.0
    ],
    "temp_avg": 28.01238636363636,
    "tds_avg": 1286.7195000000002,
    "ph_avg": 5.098810606060607,
    "ntu_avg": 3000.0
}