{
    "year": 2021,
    "month": 4,
    "day": 11,
    "hour": 16,
    "minute": 40,
    "temp": [
        27.5,
        27.46812500000002,
        27.440000000000023,
        27.440000000000023,
        27.41156250000001
    ],
    "tds": [
        1126.8100000000002,
        1128.1275000000003,
        1129.214848484849,
        1129.2900000000006,
        1130.3056250000006
    ],
    "ph": [
        6.343333333333334,
        6.362500000000003,
        6.350606060606061,
        6.3533333333333335,
        6.349375000000001
    ],
    "ntu": [
        3000.0,
        3000.0,
        3000.0,
        3000.0,
        3000.0
    ],
    "temp_avg": 27.451937500000014,
    "tds_avg": 1128.7495946969702,
    "ph_avg": 6.351829545454547,
    "ntu_avg": 3000.0
}