{
    "year": 2021,
    "month": 4,
    "day": 13,
    "hour": 14,
    "minute": 0,
    "temp": [
        28.183636363636385,
        28.210000000000004,
        28.25,
        28.29909090909089,
        28.31545454545453
    ],
    "tds": [
        252.30030303030307,
        283.07333333333327,
        254.14656249999996,
        216.42696969696976,
        265.6966666666666
    ],
    "ph": [
        0.0,
        0.0,
        0.0,
        0.0,
        0.0
    ],
    "ntu": [
        3000.0,
        3000.0,
        3000.0,
        3000.0,
        3000.0
    ],
    "temp_avg": 28.25163636363636,
    "tds_avg": 254.32876704545453,
    "ph_avg": 0.0,
    "ntu_avg": 3000.0
}