{
    "year": 2021,
    "month": 4,
    "day": 15,
    "hour": 13,
    "minute": 5,
    "temp": [
        28.059999999999977,
        28.056363636363617,
        28.0225,
        28.0,
        28.0
    ],
    "tds": [
        1130.6715151515148,
        1169.8672727272722,
        1126.0749999999998,
        1127.8339393939389,
        1130.8663636363638
    ],
    "ph": [
        7.260303030303033,
        7.219999999999998,
        7.224374999999999,
        7.235757575757578,
        7.234242424242423
    ],
    "ntu": [
        3000.0,
        3000.0,
        3000.0,
        3000.0,
        3000.0
    ],
    "temp_avg": 28.02777272727272,
    "tds_avg": 1137.0628181818179,
    "ph_avg": 7.234935606060605,
    "ntu_avg": 3000.0
}