{
    "year": 2021,
    "month": 4,
    "day": 15,
    "hour": 0,
    "minute": 25,
    "temp": [
        28.691818181818206,
        28.690000000000026,
        28.679393939393957,
        28.624375,
        28.62
    ],
    "tds": [
        1251.0272727272722,
        1250.8899999999996,
        1252.6403030303027,
        1254.1990625000005,
        1253.7200000000005
    ],
    "ph": [
        4.616060606060605,
        4.581818181818182,
        4.574242424242424,
        4.604375000000001,
        4.500000000000001
    ],
    "ntu": [
        3000.0,
        3000.0,
        3000.0,
        3000.0,
        3000.0
    ],
    "temp_avg": 28.66111742424244,
    "tds_avg": 1252.495327651515,
    "ph_avg": 4.575299242424242,
    "ntu_avg": 3000.0
}