{
    "year": 2021,
    "month": 4,
    "day": 12,
    "hour": 5,
    "minute": 15,
    "temp": [
        26.199090909090927,
        26.20125000000002,
        26.199090909090927,
        26.193636363636383,
        26.199375000000018
    ],
    "tds": [
        1333.396363636364,
        1333.2862500000003,
        1332.809090909091,
        1332.9069696969698,
        1332.2768749999998
    ],
    "ph": [
        7.0551515151515165,
        7.066874999999997,
        7.055757575757581,
        7.0509090909090935,
        7.067499999999996
    ],
    "ntu": [
        3000.0,
        3000.0,
        3000.0,
        3000.0,
        3000.0
    ],
    "temp_avg": 26.198488636363653,
    "tds_avg": 1332.935109848485,
    "ph_avg": 7.059238636363638,
    "ntu_avg": 3000.0
}