{
    "year": 2021,
    "month": 4,
    "day": 9,
    "hour": 23,
    "minute": 0,
    "temp": [
        28.24636363636364,
        28.190000000000023,
        28.190000000000023,
        28.130606060606063,
        28.12
    ],
    "tds": [
        1104.1227272727276,
        1112.4000000000005,
        1112.4000000000005,
        1114.298787878788,
        1110.7099999999994
    ],
    "ph": [
        4.441818181818181,
        4.301818181818181,
        4.294375,
        4.2375757575757556,
        4.436060606060606
    ],
    "ntu": [
        3000.0,
        3000.0,
        3000.0,
        3000.0,
        3000.0
    ],
    "temp_avg": 28.17539393939395,
    "tds_avg": 1110.786303030303,
    "ph_avg": 4.342329545454544,
    "ntu_avg": 3000.0
}