{
    "year": 2021,
    "month": 4,
    "day": 25,
    "hour": 14,
    "minute": 10,
    "temp": [
        26.86999999999995,
        26.86999999999995,
        26.86999999999995,
        26.86999999999995,
        26.86999999999995
    ],
    "ntu": [
        213.07042253521126,
        208.22857142857143,
        202.69014084507043,
        206.05633802816902,
        201.83098591549296
    ],
    "temp_avg": 26.869999999999955,
    "ntu_avg": 206.37529175050298
}