{
    "year": 2021,
    "month": 4,
    "day": 16,
    "hour": 1,
    "minute": 5,
    "temp": [
        28.309999999999977,
        28.309999999999977,
        28.304545454545433,
        28.291249999999987,
        28.255454545454544
    ],
    "tds": [
        1209.4000000000008,
        1209.4000000000008,
        1208.5466666666673,
        1208.4856250000005,
        1211.7815151515156
    ],
    "ph": [
        7.369062499999997,
        7.337575757575758,
        7.335151515151515,
        7.34125,
        7.3403030303030325
    ],
    "ntu": [
        3000.0,
        3000.0,
        3000.0,
        3000.0,
        3000.0
    ],
    "temp_avg": 28.294249999999984,
    "tds_avg": 1209.5227613636368,
    "ph_avg": 7.34466856060606,
    "ntu_avg": 3000.0
}