{
    "year": 2021,
    "month": 4,
    "day": 11,
    "hour": 14,
    "minute": 0,
    "temp": [
        28.059999999999977,
        28.11625,
        28.162424242424265,
        28.191818181818203,
        28.25
    ],
    "tds": [
        1247.4199999999992,
        1244.5899999999995,
        1242.8748484848484,
        1241.674848484848,
        1239.0378125
    ],
    "ph": [
        6.393939393939393,
        6.416249999999996,
        6.394242424242421,
        6.395757575757574,
        6.353437500000001
    ],
    "ntu": [
        3000.0,
        3000.0,
        3000.0,
        3000.0,
        3000.0
    ],
    "temp_avg": 28.156098484848492,
    "tds_avg": 1243.1195018939388,
    "ph_avg": 6.390725378787877,
    "ntu_avg": 3000.0
}