{
    "year": 2021,
    "month": 4,
    "day": 9,
    "hour": 20,
    "minute": 5,
    "temp": [
        27.12,
        27.190000000000023,
        27.208181818181828,
        27.25,
        27.302499999999977
    ],
    "tds": [
        1316.2815151515151,
        1317.1356250000001,
        1316.3999999999999,
        1311.727575757576,
        1306.4862499999997
    ],
    "ph": [
        4.8878787878787895,
        4.9184375000000005,
        4.986969696969698,
        4.9848484848484835,
        4.8284375
    ],
    "ntu": [
        3000.0,
        3000.0,
        3000.0,
        3000.0,
        3000.0
    ],
    "temp_avg": 27.214136363636367,
    "tds_avg": 1313.606193181818,
    "ph_avg": 4.921314393939395,
    "ntu_avg": 3000.0
}