{
    "year": 2021,
    "month": 4,
    "day": 21,
    "hour": 10,
    "minute": 30,
    "temp": [
        29.30636363636361,
        29.36818181818182,
        29.424687500000026,
        29.461818181818188,
        29.5
    ],
    "tds": [
        1240.9199999999992,
        1238.836666666666,
        1235.9437500000001,
        1234.2760606060604,
        1232.7099999999994
    ],
    "ph": [
        5.885454545454544,
        5.933939393939393,
        5.9384375,
        6.019999999999999,
        6.025757575757577
    ],
    "ntu": [
        3000.0,
        3000.0,
        3000.0,
        3000.0,
        3000.0
    ],
    "temp_avg": 29.412210227272727,
    "tds_avg": 1236.537295454545,
    "ph_avg": 5.9607178030303025,
    "ntu_avg": 3000.0
}