{
    "year": 2021,
    "month": 4,
    "day": 23,
    "hour": 20,
    "minute": 20,
    "temp": [
        30.286428571428516,
        30.34295774647884,
        30.255070422535212,
        30.197714285714326,
        30.14267605633798
    ],
    "ntu": [
        532.3714285714286,
        539.0422535211268,
        543.6338028169014,
        546.6,
        549.3380281690141
    ],
    "temp_avg": 30.244969416498975,
    "ntu_avg": 542.1971026156942
}