{
    "year": 2021,
    "month": 4,
    "day": 11,
    "hour": 11,
    "minute": 15,
    "temp": [
        30.089999999999975,
        30.058181818181794,
        30.0,
        29.998125,
        29.960000000000015
    ],
    "tds": [
        1032.7690625000005,
        1033.337878787879,
        1032.112121212121,
        1033.4828125000001,
        1037.283333333334
    ],
    "ph": [
        5.821562499999999,
        5.687878787878788,
        5.815454545454547,
        5.898437499999998,
        5.962121212121211
    ],
    "ntu": [
        3000.0,
        3000.0,
        3000.0,
        3000.0,
        3000.0
    ],
    "temp_avg": 30.02126136363636,
    "tds_avg": 1033.797041666667,
    "ph_avg": 5.837090909090908,
    "ntu_avg": 3000.0
}