{
    "year": 2021,
    "month": 4,
    "day": 13,
    "hour": 20,
    "minute": 55,
    "temp": [
        27.831818181818175,
        27.87,
        27.925151515151537,
        27.972727272727273,
        28.01124999999999
    ],
    "tds": [
        1304.876666666666,
        1302.8499999999992,
        1300.1872727272726,
        1298.0869696969696,
        1295.96625
    ],
    "ph": [
        1.5130303030303027,
        1.2634374999999998,
        1.3399999999999996,
        1.3654545454545455,
        1.2390624999999997
    ],
    "ntu": [
        3000.0,
        3000.0,
        3000.0,
        3000.0,
        3000.0
    ],
    "temp_avg": 27.92218939393939,
    "tds_avg": 1300.3934318181814,
    "ph_avg": 1.3441969696969693,
    "ntu_avg": 3000.0
}