{
    "year": 2021,
    "month": 4,
    "day": 15,
    "hour": 5,
    "minute": 15,
    "temp": [
        27.559999999999977,
        27.55624999999998,
        27.558181818181797,
        27.559999999999977,
        27.559999999999977
    ],
    "tds": [
        1268.0227272727273,
        1262.0593750000003,
        1269.8812121212122,
        1280.0603030303037,
        1269.8434375000004
    ],
    "ph": [
        4.820606060606062,
        4.755000000000001,
        4.684545454545454,
        4.5233333333333325,
        4.4553125
    ],
    "ntu": [
        3000.0,
        3000.0,
        3000.0,
        3000.0,
        3000.0
    ],
    "temp_avg": 27.558886363636343,
    "tds_avg": 1269.973410984849,
    "ph_avg": 4.64775946969697,
    "ntu_avg": 3000.0
}