{
    "year": 2021,
    "month": 4,
    "day": 23,
    "hour": 14,
    "minute": 0,
    "temp": [
        29.844500000000025,
        29.932881355932224,
        29.855762711864376,
        29.80999999999996,
        29.758135593220338
    ],
    "ntu": [
        2308.0028333333335,
        2299.616271186441,
        2306.3279661016945,
        2323.0563333333334,
        2336.0410169491524
    ],
    "temp_avg": 29.840255932203384,
    "ntu_avg": 2314.6088841807914
}