{
    "year": 2021,
    "month": 4,
    "day": 21,
    "hour": 1,
    "minute": 10,
    "temp": [
        27.401818181818207,
        27.473750000000003,
        27.5,
        27.558181818181794,
        27.603125000000002
    ],
    "tds": [
        1301.929090909091,
        1298.6396874999994,
        1297.2099999999994,
        1294.1806060606064,
        1292.1106249999991
    ],
    "ph": [
        5.334545454545454,
        5.3134375,
        5.337575757575756,
        5.357575757575758,
        5.361875000000002
    ],
    "ntu": [
        3000.0,
        3000.0,
        3000.0,
        3000.0,
        3000.0
    ],
    "temp_avg": 27.507375000000003,
    "tds_avg": 1296.814001893939,
    "ph_avg": 5.341001893939394,
    "ntu_avg": 3000.0
}