{
    "year": 2021,
    "month": 4,
    "day": 23,
    "hour": 17,
    "minute": 20,
    "temp": [
        29.456338028169004,
        29.498285714285714,
        29.41732394366196,
        29.361690140845024,
        29.303999999999963
    ],
    "ntu": [
        449.0281690140845,
        456.9142857142857,
        471.71830985915494,
        489.67605633802816,
        509.51428571428573
    ],
    "temp_avg": 29.407527565392332,
    "ntu_avg": 475.3702213279677
}