{
    "year": 2021,
    "month": 4,
    "day": 15,
    "hour": 1,
    "minute": 25,
    "temp": [
        27.943636363636386,
        27.940000000000023,
        27.940000000000023,
        27.940000000000023,
        27.940000000000023
    ],
    "tds": [
        1280.8706060606055,
        1280.9599999999994,
        1280.9599999999994,
        1282.5251515151513,
        1290.3600000000004
    ],
    "ph": [
        4.96090909090909,
        5.013437500000002,
        4.9427272727272715,
        4.954242424242424,
        4.945625
    ],
    "ntu": [
        3000.0,
        3000.0,
        3000.0,
        3000.0,
        3000.0
    ],
    "temp_avg": 27.940727272727298,
    "tds_avg": 1283.1351515151512,
    "ph_avg": 4.963388257575757,
    "ntu_avg": 3000.0
}