{
    "year": 2021,
    "month": 4,
    "day": 23,
    "hour": 7,
    "minute": 25,
    "temp": [
        29.871694915254256,
        29.878983050847424,
        29.762999999999998,
        29.68881355932207,
        29.617999999999956
    ],
    "ntu": [
        2243.066440677967,
        2210.3303389830508,
        2203.585833333333,
        2202.681355932203,
        2196.117666666666
    ],
    "temp_avg": 29.76409830508474,
    "ntu_avg": 2211.1563271186437
}