{
    "year": 2021,
    "month": 4,
    "day": 24,
    "hour": 0,
    "minute": 31,
    "temp": [
        30.2337142857143,
        30.16239436619716,
        30.09085714285711,
        30.02788732394365,
        30.212394366197163
    ],
    "ntu": [
        663.8285714285714,
        665.0985915492957,
        666.3571428571429,
        667.0422535211268,
        659.7605633802817
    ],
    "temp_avg": 30.145449496981875,
    "ntu_avg": 664.4174245472838
}