{
    "year": 2021,
    "month": 4,
    "day": 23,
    "hour": 13,
    "minute": 5,
    "temp": [
        29.701166666666666,
        29.72152542372884,
        29.645666666666624,
        29.575254237288103,
        29.505
    ],
    "ntu": [
        2322.651833333333,
        2268.1198305084754,
        2267.987666666667,
        2272.4076271186445,
        2285.7684999999997
    ],
    "temp_avg": 29.629722598870046,
    "ntu_avg": 2283.387091525424
}