{
    "year": 2021,
    "month": 4,
    "day": 10,
    "hour": 19,
    "minute": 5,
    "temp": [
        30.0,
        30.0,
        29.980000000000015,
        29.940000000000026,
        29.940000000000026
    ],
    "tds": [
        1185.8499999999992,
        1185.8499999999992,
        1185.6318181818183,
        1188.2406250000006,
        1188.322727272728
    ],
    "ph": [
        5.572187500000002,
        5.631818181818181,
        5.628181818181819,
        5.637187499999997,
        5.656363636363635
    ],
    "ntu": [
        3000.0,
        3000.0,
        3000.0,
        3000.0,
        3000.0
    ],
    "temp_avg": 29.972000000000016,
    "tds_avg": 1186.7790340909091,
    "ph_avg": 5.6251477272727275,
    "ntu_avg": 3000.0
}