{
    "year": 2021,
    "month": 4,
    "day": 24,
    "hour": 16,
    "minute": 21,
    "temp": [
        29.951075268817213,
        30.103943661971787,
        30.047142857142827,
        29.991549295774657,
        30.121142857142882
    ],
    "ntu": [
        270.4731182795699,
        284.84507042253523,
        303.92857142857144,
        320.4507042253521,
        326.3142857142857
    ],
    "temp_avg": 30.042970788169875,
    "ntu_avg": 301.20235001406286
}