{
    "year": 2021,
    "month": 4,
    "day": 21,
    "hour": 12,
    "minute": 15,
    "temp": [
        29.12,
        29.12,
        29.12,
        29.081818181818164,
        29.059999999999974
    ],
    "tds": [
        1077.5099999999993,
        1077.5099999999993,
        1077.5099999999993,
        1079.146363636363,
        1079.7599999999993
    ],
    "ph": [
        6.729999999999999,
        6.7275,
        6.733333333333334,
        6.745151515151515,
        6.741875
    ],
    "ntu": [
        3000.0,
        3000.0,
        3000.0,
        3000.0,
        3000.0
    ],
    "temp_avg": 29.100363636363625,
    "tds_avg": 1078.287272727272,
    "ph_avg": 6.73557196969697,
    "ntu_avg": 3000.0
}