{
    "year": 2021,
    "month": 4,
    "day": 14,
    "hour": 14,
    "minute": 0,
    "temp": [
        28.37,
        28.353636363636348,
        28.31187499999998,
        28.309999999999977,
        28.308181818181797
    ],
    "tds": [
        1167.9548484848488,
        1168.7581818181814,
        1171.4493749999995,
        1164.571212121212,
        1165.8872727272733
    ],
    "ph": [
        6.195151515151514,
        6.200909090909091,
        6.2124999999999995,
        6.186363636363637,
        6.20181818181818
    ],
    "ntu": [
        3000.0,
        3000.0,
        3000.0,
        3000.0,
        3000.0
    ],
    "temp_avg": 28.330738636363616,
    "tds_avg": 1167.724178030303,
    "ph_avg": 6.199348484848484,
    "ntu_avg": 3000.0
}