{
    "year": 2021,
    "month": 4,
    "day": 6,
    "hour": 8,
    "minute": 35,
    "temp": [
        27.19,
        27.12,
        27.12,
        27.12,
        27.06
    ],
    "tds": [
        0.0,
        1124.88,
        0.0,
        0.0,
        0.0
    ],
    "ph": [
        0.09,
        3.39,
        0.09,
        0.1,
        0.09
    ],
    "ntu": [
        3000.0,
        3000.0,
        3000.0,
        3000.0,
        3000.0
    ],
    "temp_avg": 27.122000000000003,
    "tds_avg": 224.97600000000003,
    "ph_avg": 0.752,
    "ntu_avg": 3000.0
}