{
    "year": 2021,
    "month": 4,
    "day": 22,
    "hour": 19,
    "minute": 35,
    "temp": [
        29.276833333333286,
        29.285593220338967,
        29.215000000000032,
        29.14491525423725,
        29.0973770491803
    ],
    "ntu": [
        2296.8208333333328,
        2208.4433898305087,
        2225.3880000000004,
        2207.6276271186434,
        2203.421803278689
    ],
    "temp_avg": 29.203943771417965,
    "ntu_avg": 2228.340330712235
}