{
    "year": 2021,
    "month": 4,
    "day": 8,
    "hour": 23,
    "minute": 0,
    "temp": [
        27.838124999999994,
        27.872121212121215,
        27.933636363636385,
        27.956875000000007,
        28.0
    ],
    "tds": [
        1323.8706249999998,
        1323.8387878787878,
        1323.6975757575756,
        1322.8881250000004,
        1323.7272727272734
    ],
    "ph": [
        0.0,
        0.0,
        0.01848484848484849,
        0.15749999999999997,
        0.3757575757575759
    ],
    "ntu": [
        3000.0,
        3000.0,
        3000.0,
        3000.0,
        3000.0
    ],
    "temp_avg": 27.92015151515152,
    "tds_avg": 1323.6044772727273,
    "ph_avg": 0.11034848484848488,
    "ntu_avg": 3000.0
}