{
    "year": 2021,
    "month": 4,
    "day": 11,
    "hour": 3,
    "minute": 10,
    "temp": [
        25.618181818181817,
        25.62,
        25.618125000000003,
        25.61818181818182,
        25.62
    ],
    "tds": [
        1402.2212121212121,
        1400.18,
        1400.18,
        1400.18,
        1400.18
    ],
    "ph": [
        5.155757575757577,
        5.157272727272727,
        5.108437500000001,
        5.087575757575756,
        5.261515151515153
    ],
    "ntu": [
        3000.0,
        3000.0,
        3000.0,
        3000.0,
        3000.0
    ],
    "temp_avg": 25.61889772727273,
    "tds_avg": 1400.5882424242425,
    "ph_avg": 5.154111742424242,
    "ntu_avg": 3000.0
}