{
    "year": 2021,
    "month": 4,
    "day": 9,
    "hour": 10,
    "minute": 20,
    "temp": [
        29.690000000000026,
        29.70454545454547,
        29.736875,
        29.75,
        29.75
    ],
    "tds": [
        1197.826363636364,
        1181.7166666666665,
        1179.6184375000005,
        1180.7509090909093,
        1183.9415151515154
    ],
    "ph": [
        4.6881818181818184,
        4.704242424242422,
        4.7009375,
        4.693636363636363,
        4.7384848484848465
    ],
    "ntu": [
        3000.0,
        3000.0,
        3000.0,
        3000.0,
        3000.0
    ],
    "temp_avg": 29.726284090909097,
    "tds_avg": 1184.7707784090912,
    "ph_avg": 4.705096590909091,
    "ntu_avg": 3000.0
}