{
    "year": 2021,
    "month": 4,
    "day": 9,
    "hour": 18,
    "minute": 40,
    "temp": [
        29.306363636363614,
        29.25,
        29.225625000000015,
        29.190000000000026,
        29.145454545454548
    ],
    "tds": [
        1063.1366666666665,
        1065.2700000000002,
        1066.2412500000007,
        1073.4921212121205,
        1076.896363636363
    ],
    "ph": [
        4.81848484848485,
        4.888181818181819,
        4.904999999999999,
        4.915454545454545,
        4.864242424242424
    ],
    "ntu": [
        3000.0,
        3000.0,
        3000.0,
        3000.0,
        3000.0
    ],
    "temp_avg": 29.22348863636364,
    "tds_avg": 1069.0072803030303,
    "ph_avg": 4.878272727272727,
    "ntu_avg": 3000.0
}