{
    "year": 2021,
    "month": 4,
    "day": 22,
    "hour": 13,
    "minute": 36,
    "temp": [
        28.380677966101665,
        28.36999999999996,
        28.369999999999962,
        28.368999999999957,
        28.344576271186412
    ],
    "ntu": [
        3000.0,
        3000.0,
        3000.0,
        3000.0,
        3000.0
    ],
    "temp_avg": 28.36685084745759,
    "ntu_avg": 3000.0
}