{
    "year": 2021,
    "month": 4,
    "day": 14,
    "hour": 22,
    "minute": 17,
    "temp": [
        29.440000000000026,
        29.440000000000026,
        29.37,
        29.441818181818206,
        29.37
    ],
    "tds": [
        1222.2699999999998,
        1223.2806250000006,
        1240.523437499999,
        1226.4863636363643,
        1242.0630303030298
    ],
    "ph": [
        5.274848484848483,
        5.308125000000001,
        5.1253125,
        5.348787878787879,
        5.077878787878788
    ],
    "ntu": [
        3000.0,
        3000.0,
        3000.0,
        3000.0,
        3000.0
    ],
    "temp_avg": 29.412363636363654,
    "tds_avg": 1230.9246912878789,
    "ph_avg": 5.22699053030303,
    "ntu_avg": 3000.0
}