{
    "year": 2021,
    "month": 4,
    "day": 11,
    "hour": 18,
    "minute": 25,
    "temp": [
        29.940000000000026,
        29.955000000000013,
        30.0,
        30.00727272727272,
        30.058124999999976
    ],
    "tds": [
        1175.1881818181816,
        1171.7025000000008,
        1172.0424242424242,
        1148.3475757575761,
        1033.6100000000004
    ],
    "ph": [
        6.570909090909094,
        6.628437500000003,
        6.570909090909094,
        6.545151515151516,
        6.448124999999999
    ],
    "ntu": [
        3000.0,
        3000.0,
        3000.0,
        3000.0,
        3000.0
    ],
    "temp_avg": 29.992079545454544,
    "tds_avg": 1140.1781363636367,
    "ph_avg": 6.552706439393941,
    "ntu_avg": 3000.0
}