{
    "year": 2021,
    "month": 4,
    "day": 23,
    "hour": 19,
    "minute": 40,
    "temp": [
        30.046619718309845,
        30.155999999999967,
        30.07098591549292,
        30.001690140845067,
        29.955428571428605
    ],
    "ntu": [
        533.5492957746479,
        543.1571428571428,
        547.3098591549295,
        552.2676056338029,
        556.2142857142857
    ],
    "temp_avg": 30.046144869215283,
    "ntu_avg": 546.4996378269618
}