{
    "year": 2021,
    "month": 4,
    "day": 19,
    "hour": 15,
    "minute": 15,
    "temp": [
        27.89757575757577,
        27.943636363636383,
        27.95125000000002,
        28.04363636363634,
        28.059999999999977
    ],
    "tds": [
        1259.3939393939397,
        1260.0221212121205,
        1261.1718749999995,
        1257.449696969698,
        1259.9254545454546
    ],
    "ph": [
        0.2436363636363637,
        0.23181818181818195,
        0.17718750000000005,
        0.15151515151515157,
        0.14393939393939403
    ],
    "ntu": [
        3000.0,
        3000.0,
        3000.0,
        3000.0,
        3000.0
    ],
    "temp_avg": 27.9792196969697,
    "tds_avg": 1259.5926174242425,
    "ph_avg": 0.18961931818181826,
    "ntu_avg": 3000.0
}