{
    "year": 2021,
    "month": 4,
    "day": 21,
    "hour": 13,
    "minute": 25,
    "temp": [
        27.9039393939394,
        27.87,
        27.87,
        27.868181818181817,
        27.849999999999987
    ],
    "tds": [
        1123.5106060606058,
        1124.4757575757576,
        1124.5499999999997,
        1124.6245454545453,
        1125.3699999999997
    ],
    "ph": [
        6.620303030303028,
        6.6454545454545455,
        6.611249999999999,
        6.6181818181818235,
        6.61909090909091
    ],
    "ntu": [
        3000.0,
        3000.0,
        3000.0,
        3000.0,
        3000.0
    ],
    "temp_avg": 27.872424242424245,
    "tds_avg": 1124.5061818181816,
    "ph_avg": 6.622856060606061,
    "ntu_avg": 3000.0
}