{
    "year": 2021,
    "month": 4,
    "day": 9,
    "hour": 3,
    "minute": 30,
    "temp": [
        25.96727272727274,
        25.956875000000018,
        25.947272727272747,
        25.941818181818203,
        25.943750000000023
    ],
    "tds": [
        1376.0015151515156,
        1371.7206249999997,
        1376.8751515151523,
        1377.34090909091,
        1377.5437500000007
    ],
    "ph": [
        3.681515151515151,
        3.6734375000000017,
        3.676969696969698,
        3.687575757575758,
        3.6103125
    ],
    "ntu": [
        3000.0,
        3000.0,
        3000.0,
        3000.0,
        3000.0
    ],
    "temp_avg": 25.951397727272745,
    "tds_avg": 1375.8963901515158,
    "ph_avg": 3.6659621212121216,
    "ntu_avg": 3000.0
}