{
    "year": 2021,
    "month": 4,
    "day": 24,
    "hour": 16,
    "minute": 5,
    "temp": [
        30.10875000000001,
        30.15199999999996,
        30.072676056337986,
        29.999142857142857,
        29.943380281690178
    ],
    "ntu": [
        272.8888888888889,
        273.5,
        272.6478873239437,
        261.95714285714286,
        256.40845070422534
    ],
    "temp_avg": 30.0551898390342,
    "ntu_avg": 267.48047395484014
}