{
    "year": 2021,
    "month": 4,
    "day": 14,
    "hour": 1,
    "minute": 30,
    "temp": [
        29.492727272727272,
        29.5,
        29.5,
        29.5,
        29.5
    ],
    "tds": [
        1246.2354545454546,
        1239.1163636363633,
        1241.9353124999998,
        1242.7281818181816,
        1234.046363636363
    ],
    "ph": [
        3.5933333333333333,
        3.639696969696971,
        3.6278125,
        3.6090909090909093,
        3.7354545454545462
    ],
    "ntu": [
        3000.0,
        3000.0,
        3000.0,
        3000.0,
        3000.0
    ],
    "temp_avg": 29.498545454545457,
    "tds_avg": 1240.8123352272726,
    "ph_avg": 3.6410776515151526,
    "ntu_avg": 3000.0
}