{
    "year": 2021,
    "month": 4,
    "day": 9,
    "hour": 23,
    "minute": 45,
    "temp": [
        27.028124999999996,
        27.0,
        27.0,
        26.98875000000001,
        26.940000000000023
    ],
    "tds": [
        1145.9659374999997,
        1145.8345454545454,
        1147.2436363636361,
        1263.048125,
        1325.568181818182
    ],
    "ph": [
        4.8671875,
        4.760000000000001,
        4.745454545454544,
        4.845624999999999,
        4.943636363636363
    ],
    "ntu": [
        3000.0,
        3000.0,
        3000.0,
        3000.0,
        3000.0
    ],
    "temp_avg": 26.991375000000005,
    "tds_avg": 1205.5320852272728,
    "ph_avg": 4.832380681818182,
    "ntu_avg": 3000.0
}