{
    "year": 2021,
    "month": 4,
    "day": 20,
    "hour": 2,
    "minute": 0,
    "temp": [
        28.42906250000002,
        28.37,
        28.37,
        28.343749999999986,
        28.309999999999977
    ],
    "tds": [
        1099.5009375,
        1101.1899999999998,
        1097.1500000000005,
        1101.49625,
        1103.1818181818178
    ],
    "ph": [
        2.53125,
        2.5200000000000005,
        2.735454545454546,
        2.6421875,
        2.4703030303030302
    ],
    "ntu": [
        3000.0,
        3000.0,
        3000.0,
        3000.0,
        3000.0
    ],
    "temp_avg": 28.364562499999998,
    "tds_avg": 1100.5038011363636,
    "ph_avg": 2.5798390151515154,
    "ntu_avg": 3000.0
}