{
    "year": 2021,
    "month": 4,
    "day": 12,
    "hour": 13,
    "minute": 35,
    "temp": [
        24.5581818181818,
        24.5581818181818,
        24.546874999999993,
        24.521818181818176,
        24.503636363636364
    ],
    "tds": [
        1486.3372727272722,
        1498.657575757576,
        1481.18,
        1487.797575757576,
        1498.9154545454553
    ],
    "ph": [
        8.261515151515152,
        5.25121212121212,
        4.973125,
        5.15090909090909,
        6.775454545454545
    ],
    "ntu": [
        3000.0,
        3000.0,
        3000.0,
        3000.0,
        3000.0
    ],
    "temp_avg": 24.537738636363624,
    "tds_avg": 1490.5775757575761,
    "ph_avg": 6.0824431818181806,
    "ntu_avg": 3000.0
}