{
    "year": 2021,
    "month": 4,
    "day": 22,
    "hour": 20,
    "minute": 5,
    "temp": [
        29.688813559322032,
        29.668333333333308,
        29.561016949152506,
        29.48600000000001,
        29.422203389830507
    ],
    "ntu": [
        2106.023559322034,
        2049.3733333333334,
        2047.249661016949,
        2049.0733333333333,
        2066.2774576271177
    ],
    "temp_avg": 29.565273446327673,
    "ntu_avg": 2063.5994689265535
}