{
    "year": 2021,
    "month": 4,
    "day": 20,
    "hour": 14,
    "minute": 25,
    "temp": [
        29.864375000000003,
        29.87,
        29.923030303030323,
        29.970909090909096,
        30.0
    ],
    "tds": [
        1220.9100000000005,
        1220.9100000000005,
        1219.086666666667,
        1212.7451515151515,
        1211.3100000000002
    ],
    "ph": [
        4.763125000000002,
        4.738437499999999,
        4.801212121212122,
        4.866060606060605,
        4.8903125
    ],
    "ntu": [
        3000.0,
        3000.0,
        3000.0,
        3000.0,
        3000.0
    ],
    "temp_avg": 29.925662878787882,
    "tds_avg": 1216.992363636364,
    "ph_avg": 4.811829545454546,
    "ntu_avg": 3000.0
}