{
    "year": 2021,
    "month": 4,
    "day": 12,
    "hour": 3,
    "minute": 0,
    "temp": [
        26.0,
        26.0,
        25.99818181818182,
        26.0,
        26.0
    ],
    "tds": [
        1343.4800000000005,
        1343.5828125000005,
        1343.4800000000005,
        1343.4800000000005,
        1343.4800000000005
    ],
    "ph": [
        7.25121212121212,
        7.219062499999999,
        7.2351515151515144,
        7.1803030303030315,
        7.173749999999998
    ],
    "ntu": [
        3000.0,
        3000.0,
        3000.0,
        3000.0,
        3000.0
    ],
    "temp_avg": 25.999636363636363,
    "tds_avg": 1343.5005625000006,
    "ph_avg": 7.211895833333332,
    "ntu_avg": 3000.0
}