{
    "year": 2021,
    "month": 4,
    "day": 12,
    "hour": 15,
    "minute": 40,
    "temp": [
        24.28090909090908,
        24.297272727272713,
        24.299090909090896,
        24.304374999999983,
        24.3081818181818
    ],
    "tds": [
        1406.25,
        1406.0300000000002,
        1406.14,
        1405.4971875,
        1405.15
    ],
    "ph": [
        2.303636363636364,
        2.257272727272728,
        2.2645454545454546,
        2.2603125000000013,
        2.2684848484848485
    ],
    "ntu": [
        3000.0,
        3000.0,
        3000.0,
        3000.0,
        3000.0
    ],
    "temp_avg": 24.29796590909089,
    "tds_avg": 1405.8134375000002,
    "ph_avg": 2.2708503787878795,
    "ntu_avg": 3000.0
}