{
    "year": 2021,
    "month": 4,
    "day": 24,
    "hour": 21,
    "minute": 0,
    "temp": [
        26.86999999999995,
        26.86999999999995,
        26.86999999999995,
        26.864929577464743,
        26.851142857142815
    ],
    "ntu": [
        615.4507042253521,
        623.1971830985915,
        623.9285714285714,
        624.5774647887324,
        625.1857142857143
    ],
    "temp_avg": 26.86521448692148,
    "ntu_avg": 622.4679275653923
}