{
    "year": 2021,
    "month": 4,
    "day": 20,
    "hour": 8,
    "minute": 10,
    "temp": [
        29.5,
        29.5,
        29.5,
        29.52062499999998,
        29.559999999999974
    ],
    "tds": [
        1237.1100000000004,
        1237.1100000000004,
        1237.1100000000004,
        1236.256875,
        1231.3203030303032
    ],
    "ph": [
        2.9793750000000006,
        2.985454545454545,
        2.9851515151515136,
        3.0181249999999995,
        3.015151515151514
    ],
    "ntu": [
        3000.0,
        3000.0,
        3000.0,
        3000.0,
        3000.0
    ],
    "temp_avg": 29.516124999999988,
    "tds_avg": 1235.7814356060608,
    "ph_avg": 2.9966515151515147,
    "ntu_avg": 3000.0
}