{
    "year": 2021,
    "month": 4,
    "day": 13,
    "hour": 12,
    "minute": 35,
    "temp": [
        28.398437500000004,
        28.37,
        28.346363636363616,
        28.309999999999977,
        28.269999999999996
    ],
    "tds": [
        0.0,
        0.0,
        0.0,
        0.0,
        0.0
    ],
    "ph": [
        0.0,
        0.0,
        0.0,
        0.0,
        0.0
    ],
    "ntu": [
        3000.0,
        3000.0,
        3000.0,
        3000.0,
        3000.0
    ],
    "temp_avg": 28.338960227272718,
    "tds_avg": 0.0,
    "ph_avg": 0.0,
    "ntu_avg": 3000.0
}