{
    "year": 2021,
    "month": 4,
    "day": 9,
    "hour": 12,
    "minute": 30,
    "temp": [
        29.37,
        29.37,
        29.391875000000017,
        29.43151515151518,
        29.440000000000026
    ],
    "tds": [
        1203.2599999999995,
        1207.57,
        1205.3684375,
        1201.7815151515151,
        1200.6300000000003
    ],
    "ph": [
        4.867272727272729,
        4.811818181818182,
        4.925625,
        4.878181818181818,
        4.814848484848485
    ],
    "ntu": [
        3000.0,
        3000.0,
        3000.0,
        3000.0,
        3000.0
    ],
    "temp_avg": 29.400678030303045,
    "tds_avg": 1203.721990530303,
    "ph_avg": 4.859549242424243,
    "ntu_avg": 3000.0
}