{
    "year": 2021,
    "month": 4,
    "day": 16,
    "hour": 5,
    "minute": 15,
    "temp": [
        27.744545454545456,
        27.74636363636364,
        27.75,
        27.74636363636364,
        27.75
    ],
    "tds": [
        1248.0369696969694,
        1238.8860606060607,
        1238.8000000000002,
        1248.0369696969694,
        1252.5563636363638
    ],
    "ph": [
        6.975151515151514,
        7.010303030303031,
        6.989062500000003,
        6.980606060606059,
        7.00030303030303
    ],
    "ntu": [
        3000.0,
        3000.0,
        3000.0,
        3000.0,
        3000.0
    ],
    "temp_avg": 27.74745454545455,
    "tds_avg": 1245.2632727272726,
    "ph_avg": 6.991085227272727,
    "ntu_avg": 3000.0
}