{
    "year": 2021,
    "month": 4,
    "day": 10,
    "hour": 17,
    "minute": 25,
    "temp": [
        27.02,
        27.0,
        26.998125,
        26.99454545454546,
        26.95454545454547
    ],
    "tds": [
        1149.0293939393946,
        1148.9736363636368,
        1151.3300000000008,
        1326.9054545454546,
        1327.93696969697
    ],
    "ph": [
        5.1003030303030314,
        5.1051515151515146,
        5.1678125,
        5.335454545454544,
        5.406666666666665
    ],
    "ntu": [
        3000.0,
        3000.0,
        3000.0,
        3000.0,
        3000.0
    ],
    "temp_avg": 26.993443181818186,
    "tds_avg": 1220.8350909090914,
    "ph_avg": 5.223077651515152,
    "ntu_avg": 3000.0
}