{
    "year": 2021,
    "month": 4,
    "day": 12,
    "hour": 9,
    "minute": 40,
    "temp": [
        27.690000000000023,
        27.690000000000023,
        27.679393939393957,
        27.62,
        27.62
    ],
    "tds": [
        1115.2599999999995,
        1115.6381818181812,
        1115.9993939393935,
        1117.7000000000003,
        1117.7000000000003
    ],
    "ph": [
        7.360000000000002,
        7.36454545454546,
        7.36818181818182,
        7.362424242424247,
        7.387187499999995
    ],
    "ntu": [
        3000.0,
        3000.0,
        3000.0,
        3000.0,
        3000.0
    ],
    "temp_avg": 27.659878787878803,
    "tds_avg": 1116.459515151515,
    "ph_avg": 7.368467803030304,
    "ntu_avg": 3000.0
}