{
    "year": 2021,
    "month": 4,
    "day": 16,
    "hour": 0,
    "minute": 10,
    "temp": [
        29.190000000000026,
        29.190000000000026,
        29.152812500000007,
        29.12,
        29.12
    ],
    "tds": [
        1160.0400000000006,
        1160.0400000000006,
        1162.7106250000002,
        1162.55,
        1163.313636363636
    ],
    "ph": [
        7.521818181818184,
        7.4769696969696975,
        7.479062499999997,
        7.463030303030302,
        7.50212121212121
    ],
    "ntu": [
        3000.0,
        3000.0,
        3000.0,
        3000.0,
        3000.0
    ],
    "temp_avg": 29.154562500000015,
    "tds_avg": 1161.7308522727276,
    "ph_avg": 7.488600378787877,
    "ntu_avg": 3000.0
}