{
    "year": 2021,
    "month": 4,
    "day": 14,
    "hour": 5,
    "minute": 30,
    "temp": [
        29.286363636363614,
        29.309999999999974,
        29.34272727272727,
        29.37,
        29.391875000000017
    ],
    "tds": [
        1226.2515151515152,
        1227.68,
        1229.5106060606067,
        1227.6306060606066,
        1229.7296875000006
    ],
    "ph": [
        4.581212121212122,
        4.543437500000001,
        4.524545454545454,
        4.504848484848486,
        4.519375
    ],
    "ntu": [
        3000.0,
        3000.0,
        3000.0,
        3000.0,
        3000.0
    ],
    "temp_avg": 29.340193181818176,
    "tds_avg": 1228.160482954546,
    "ph_avg": 4.534683712121213,
    "ntu_avg": 3000.0
}