{
    "year": 2021,
    "month": 4,
    "day": 23,
    "hour": 6,
    "minute": 30,
    "temp": [
        29.490338983050805,
        29.493000000000013,
        29.399661016949118,
        29.322999999999965,
        29.264237288135593
    ],
    "ntu": [
        2346.4177966101693,
        2299.5271666666663,
        2302.1479661016947,
        2301.007,
        2299.976440677966
    ],
    "temp_avg": 29.394047457627096,
    "ntu_avg": 2309.815274011299
}