{
    "year": 2021,
    "month": 4,
    "day": 8,
    "hour": 22,
    "minute": 20,
    "temp": [
        27.304545454545437,
        27.255454545454544,
        27.25,
        27.24818181818182,
        27.193636363636386
    ],
    "tds": [
        0.0,
        0.0,
        0.0,
        0.0,
        0.0
    ],
    "ph": [
        0.0,
        0.0,
        0.0,
        0.0,
        0.0
    ],
    "ntu": [
        3000.0,
        3000.0,
        3000.0,
        3000.0,
        3000.0
    ],
    "temp_avg": 27.250363636363637,
    "tds_avg": 0.0,
    "ph_avg": 0.0,
    "ntu_avg": 3000.0
}