{
    "year": 2021,
    "month": 4,
    "day": 23,
    "hour": 15,
    "minute": 28,
    "temp": [
        28.440000000000037,
        28.380845070422485,
        28.477714285714306,
        28.406478873239408,
        28.349428571428536
    ],
    "ntu": [
        394.3857142857143,
        380.6619718309859,
        355.9714285714286,
        364.53521126760563,
        377.0
    ],
    "temp_avg": 28.41089336016095,
    "ntu_avg": 374.5108651911469
}