{
    "year": 2021,
    "month": 4,
    "day": 9,
    "hour": 21,
    "minute": 0,
    "temp": [
        29.05454545454543,
        29.059999999999974,
        29.110909090909093,
        29.12,
        29.172500000000024
    ],
    "tds": [
        1231.9521212121215,
        1228.9349999999993,
        1223.8506060606057,
        1222.6399999999996,
        1221.8421875000001
    ],
    "ph": [
        4.814242424242423,
        4.8484375,
        4.846363636363637,
        4.7696969696969695,
        4.6359375
    ],
    "ntu": [
        3000.0,
        3000.0,
        3000.0,
        3000.0,
        3000.0
    ],
    "temp_avg": 29.103590909090904,
    "tds_avg": 1225.8439829545453,
    "ph_avg": 4.782935606060606,
    "ntu_avg": 3000.0
}