{
    "year": 2021,
    "month": 4,
    "day": 10,
    "hour": 7,
    "minute": 55,
    "temp": [
        29.295454545454533,
        29.509090909090887,
        29.61625,
        29.67727272727275,
        29.691818181818206
    ],
    "tds": [
        1214.9757575757578,
        1206.4651515151518,
        1201.5043749999995,
        1197.5972727272726,
        1194.4700000000005
    ],
    "ph": [
        3.2563636363636372,
        3.1493939393939385,
        3.145000000000001,
        3.2030303030303027,
        3.1475757575757575
    ],
    "ntu": [
        3000.0,
        3000.0,
        3000.0,
        3000.0,
        3000.0
    ],
    "temp_avg": 29.55797727272727,
    "tds_avg": 1203.0025113636364,
    "ph_avg": 3.1802727272727274,
    "ntu_avg": 3000.0
}