{
    "year": 2021,
    "month": 4,
    "day": 15,
    "hour": 7,
    "minute": 40,
    "temp": [
        27.565454545454525,
        27.57090909090907,
        27.56562499999998,
        27.570909090909073,
        27.56909090909089
    ],
    "tds": [
        1255.223333333333,
        1255.8893939393934,
        1258.71625,
        1260.5869696969703,
        1261.3281818181824
    ],
    "ph": [
        5.164545454545455,
        5.150000000000002,
        5.143437499999998,
        5.172727272727272,
        5.208787878787877
    ],
    "ntu": [
        3000.0,
        3000.0,
        3000.0,
        3000.0,
        3000.0
    ],
    "temp_avg": 27.568397727272707,
    "tds_avg": 1258.348825757576,
    "ph_avg": 5.16789962121212,
    "ntu_avg": 3000.0
}