{
    "year": 2021,
    "month": 4,
    "day": 9,
    "hour": 23,
    "minute": 15,
    "temp": [
        27.809999999999977,
        27.80812499999998,
        27.762727272727275,
        27.74818181818182,
        27.701250000000023
    ],
    "tds": [
        1122.8399999999997,
        1124.1431249999998,
        1129.3303030303032,
        1129.48,
        1131.8662499999994
    ],
    "ph": [
        4.483333333333334,
        4.488749999999999,
        4.392424242424242,
        4.472121212121211,
        4.455312499999998
    ],
    "ntu": [
        3000.0,
        3000.0,
        3000.0,
        3000.0,
        3000.0
    ],
    "temp_avg": 27.766056818181813,
    "tds_avg": 1127.5319356060604,
    "ph_avg": 4.458388257575757,
    "ntu_avg": 3000.0
}