{
    "year": 2021,
    "month": 4,
    "day": 26,
    "hour": 11,
    "minute": 45,
    "temp": [
        30.875915492957695,
        30.820285714285678,
        30.7914084507042,
        30.75,
        30.741428571428578
    ],
    "ntu": [
        -334.5492957746479,
        -341.15714285714284,
        -346.59154929577466,
        -345.8169014084507,
        -346.2142857142857
    ],
    "temp_avg": 30.795807645875232,
    "ntu_avg": -342.8658350100603
}