{
    "year": 2021,
    "month": 4,
    "day": 15,
    "hour": 19,
    "minute": 55,
    "temp": [
        29.57272727272726,
        29.561818181818158,
        29.563749999999974,
        29.559999999999974,
        29.563636363636338
    ],
    "tds": [
        1144.9681818181816,
        1148.3036363636365,
        1137.1378124999997,
        1137.0099999999995,
        1137.3375757575755
    ],
    "ph": [
        7.501212121212123,
        7.442727272727272,
        7.4878124999999995,
        7.55060606060606,
        7.502727272727274
    ],
    "ntu": [
        3000.0,
        3000.0,
        3000.0,
        3000.0,
        3000.0
    ],
    "temp_avg": 29.564386363636338,
    "tds_avg": 1140.9514412878787,
    "ph_avg": 7.497017045454546,
    "ntu_avg": 3000.0
}