{
    "year": 2021,
    "month": 4,
    "day": 12,
    "hour": 23,
    "minute": 20,
    "temp": [
        26.9925,
        27.0,
        27.02909090909089,
        27.059999999999977,
        27.12
    ],
    "tds": [
        1041.2703125,
        990.0978787878789,
        929.5699999999998,
        936.6653125000001,
        908.7069696969696
    ],
    "ph": [
        0.0,
        0.0,
        0.0,
        0.0,
        0.0
    ],
    "ntu": [
        3000.0,
        3000.0,
        3000.0,
        3000.0,
        3000.0
    ],
    "temp_avg": 27.040318181818172,
    "tds_avg": 961.2620946969697,
    "ph_avg": 0.0,
    "ntu_avg": 3000.0
}