{
    "year": 2021,
    "month": 4,
    "day": 12,
    "hour": 19,
    "minute": 10,
    "temp": [
        27.72090909090911,
        27.690000000000023,
        27.690000000000023,
        27.6369696969697,
        27.62
    ],
    "tds": [
        1097.7845454545459,
        1098.7900000000006,
        1098.7900000000006,
        1100.3833333333337,
        1101.18
    ],
    "ph": [
        1.6324242424242428,
        1.6254545454545453,
        1.578125,
        1.5600000000000003,
        1.5433333333333334
    ],
    "ntu": [
        3000.0,
        3000.0,
        3000.0,
        3000.0,
        3000.0
    ],
    "temp_avg": 27.671575757575773,
    "tds_avg": 1099.3855757575761,
    "ph_avg": 1.5878674242424242,
    "ntu_avg": 3000.0
}