{
    "year": 2021,
    "month": 4,
    "day": 24,
    "hour": 2,
    "minute": 15,
    "temp": [
        30.12972222222224,
        30.160999999999973,
        30.07352112676052,
        30.003428571428568,
        29.945915492957784
    ],
    "ntu": [
        655.75,
        660.3428571428572,
        661.1971830985915,
        662.2,
        663.0140845070423
    ],
    "temp_avg": 30.062717482673822,
    "ntu_avg": 660.5008249496982
}