{
    "year": 2021,
    "month": 4,
    "day": 10,
    "hour": 11,
    "minute": 45,
    "temp": [
        29.809999999999974,
        29.811818181818158,
        29.8625,
        29.87,
        29.88696969696971
    ],
    "tds": [
        1189.9524242424243,
        1189.746363636364,
        1187.494375,
        1193.1503030303033,
        1186.439696969697
    ],
    "ph": [
        5.069090909090908,
        5.111818181818181,
        5.146249999999999,
        5.093333333333333,
        5.135757575757576
    ],
    "ntu": [
        3000.0,
        3000.0,
        3000.0,
        3000.0,
        3000.0
    ],
    "temp_avg": 29.848257575757565,
    "tds_avg": 1189.3566325757579,
    "ph_avg": 5.11125,
    "ntu_avg": 3000.0
}