{
    "year": 2021,
    "month": 4,
    "day": 15,
    "hour": 9,
    "minute": 30,
    "temp": [
        29.75,
        29.77999999999998,
        29.809999999999974,
        29.809999999999974,
        29.809999999999974
    ],
    "tds": [
        1177.6963636363635,
        1177.745,
        1175.043333333333,
        1177.5787878787871,
        1177.21375
    ],
    "ph": [
        6.136363636363635,
        6.120625,
        6.167575757575759,
        6.108181818181819,
        6.107500000000002
    ],
    "ntu": [
        3000.0,
        3000.0,
        3000.0,
        3000.0,
        3000.0
    ],
    "temp_avg": 29.79199999999998,
    "tds_avg": 1177.0554469696967,
    "ph_avg": 6.128049242424243,
    "ntu_avg": 3000.0
}