{
    "year": 2021,
    "month": 4,
    "day": 11,
    "hour": 2,
    "minute": 35,
    "temp": [
        25.54181818181817,
        25.550624999999982,
        25.549090909090893,
        25.558181818181797,
        25.55624999999998
    ],
    "tds": [
        1410.2133333333331,
        1409.7509374999997,
        1409.3527272727265,
        1405.799696969697,
        1404.5328124999996
    ],
    "ph": [
        4.8590909090909085,
        4.847187499999998,
        4.827272727272728,
        4.8063636363636375,
        4.8134375
    ],
    "ntu": [
        3000.0,
        3000.0,
        3000.0,
        3000.0,
        3000.0
    ],
    "temp_avg": 25.551193181818164,
    "tds_avg": 1407.9299015151514,
    "ph_avg": 4.830670454545454,
    "ntu_avg": 3000.0
}