{
    "year": 2021,
    "month": 4,
    "day": 22,
    "hour": 20,
    "minute": 45,
    "temp": [
        29.566779661016906,
        29.534999999999982,
        29.443559322033927,
        29.359999999999964,
        29.29576271186438
    ],
    "ntu": [
        1289.9720338983054,
        1228.647333333333,
        1231.593898305085,
        1226.445833333333,
        1230.6352542372879
    ],
    "temp_avg": 29.44022033898303,
    "ntu_avg": 1241.4588706214688
}