{
    "year": 2021,
    "month": 4,
    "day": 9,
    "hour": 4,
    "minute": 40,
    "temp": [
        25.75,
        25.75,
        25.75,
        25.75,
        25.75
    ],
    "tds": [
        1409.0999999999992,
        1408.9337499999992,
        1403.7799999999995,
        1403.7799999999995,
        1401.3003125
    ],
    "ph": [
        3.511212121212122,
        3.503750000000001,
        3.5266666666666664,
        3.5057575757575763,
        3.5478124999999996
    ],
    "ntu": [
        3000.0,
        3000.0,
        3000.0,
        3000.0,
        3000.0
    ],
    "temp_avg": 25.75,
    "tds_avg": 1405.3788124999996,
    "ph_avg": 3.519039772727273,
    "ntu_avg": 3000.0
}