{
    "year": 2021,
    "month": 4,
    "day": 13,
    "hour": 17,
    "minute": 45,
    "temp": [
        28.968125000000004,
        29.00545454545454,
        29.058181818181794,
        29.091874999999995,
        29.12
    ],
    "tds": [
        1300.0143749999993,
        1296.4951515151515,
        1293.2581818181827,
        1291.0656250000009,
        1290.1500000000008
    ],
    "ph": [
        0.047187500000000014,
        0.07909090909090899,
        0.003939393939393939,
        0.0046875,
        0.0
    ],
    "ntu": [
        3000.0,
        3000.0,
        3000.0,
        3000.0,
        3000.0
    ],
    "temp_avg": 29.04872727272727,
    "tds_avg": 1294.1966666666672,
    "ph_avg": 0.026981060606060592,
    "ntu_avg": 3000.0
}