{
    "year": 2021,
    "month": 4,
    "day": 14,
    "hour": 1,
    "minute": 50,
    "temp": [
        29.690000000000026,
        29.706875000000014,
        29.74818181818182,
        29.75,
        29.78937499999998
    ],
    "tds": [
        1229.4896969696965,
        1231.6309375000003,
        1229.7772727272725,
        1228.6912121212117,
        1232.7134375000005
    ],
    "ph": [
        4.001212121212121,
        3.908125,
        3.875151515151514,
        3.9327272727272726,
        3.9953125
    ],
    "ntu": [
        3000.0,
        3000.0,
        3000.0,
        3000.0,
        3000.0
    ],
    "temp_avg": 29.73688636363637,
    "tds_avg": 1230.4605113636362,
    "ph_avg": 3.9425056818181816,
    "ntu_avg": 3000.0
}