{
    "year": 2021,
    "month": 4,
    "day": 12,
    "hour": 10,
    "minute": 30,
    "temp": [
        27.103125000000002,
        27.13060606060607,
        27.190000000000023,
        27.244374999999998,
        27.286363636363614
    ],
    "tds": [
        1287.6800000000005,
        1286.5475757575762,
        1283.6287878787882,
        1280.9921874999995,
        1278.7166666666672
    ],
    "ph": [
        8.173124999999997,
        8.158181818181818,
        8.168787878787873,
        8.180000000000005,
        8.180000000000005
    ],
    "ntu": [
        3000.0,
        3000.0,
        3000.0,
        3000.0,
        3000.0
    ],
    "temp_avg": 27.19089393939394,
    "tds_avg": 1283.5130435606065,
    "ph_avg": 8.17201893939394,
    "ntu_avg": 3000.0
}