{
    "year": 2021,
    "month": 4,
    "day": 9,
    "hour": 20,
    "minute": 15,
    "temp": [
        27.501875,
        27.559999999999977,
        27.57999999999999,
        27.62,
        27.67727272727275
    ],
    "tds": [
        1299.6593749999997,
        1294.3636363636365,
        1297.5063636363636,
        1296.5162499999994,
        1302.7339393939394
    ],
    "ph": [
        4.90125,
        4.917272727272729,
        4.823333333333334,
        4.934374999999999,
        4.986666666666665
    ],
    "ntu": [
        3000.0,
        3000.0,
        3000.0,
        3000.0,
        3000.0
    ],
    "temp_avg": 27.587829545454543,
    "tds_avg": 1298.1559128787878,
    "ph_avg": 4.912579545454546,
    "ntu_avg": 3000.0
}