{
    "year": 2021,
    "month": 4,
    "day": 12,
    "hour": 11,
    "minute": 35,
    "temp": [
        29.986875,
        30.01235294117646,
        30.058181818181794,
        30.059999999999974,
        30.059999999999974
    ],
    "tds": [
        1149.2162500000009,
        1106.1697058823531,
        1034.5124242424245,
        1034.5375000000004,
        1033.6100000000004
    ],
    "ph": [
        7.942500000000002,
        7.93470588235294,
        7.784848484848484,
        7.7221874999999995,
        7.729090909090907
    ],
    "ntu": [
        3000.0,
        3000.0,
        3000.0,
        3000.0,
        3000.0
    ],
    "temp_avg": 30.03548195187164,
    "tds_avg": 1071.609176024956,
    "ph_avg": 7.8226665552584675,
    "ntu_avg": 3000.0
}