{
    "year": 2021,
    "month": 4,
    "day": 9,
    "hour": 11,
    "minute": 15,
    "temp": [
        29.449090909090927,
        29.487272727272725,
        29.498125,
        29.5,
        29.50181818181818
    ],
    "tds": [
        1205.107272727273,
        1199.8472727272724,
        1200.6912499999996,
        1198.0099999999995,
        1202.0618181818181
    ],
    "ph": [
        5.149393939393938,
        5.180303030303029,
        5.1443749999999975,
        5.163124999999999,
        5.156060606060606
    ],
    "ntu": [
        3000.0,
        3000.0,
        3000.0,
        3000.0,
        3000.0
    ],
    "temp_avg": 29.487261363636367,
    "tds_avg": 1201.1435227272725,
    "ph_avg": 5.158651515151514,
    "ntu_avg": 3000.0
}