{
    "year": 2021,
    "month": 4,
    "day": 14,
    "hour": 0,
    "minute": 0,
    "temp": [
        27.248125,
        27.19909090909093,
        27.190000000000023,
        27.18562500000002,
        27.132727272727276
    ],
    "tds": [
        1139.4256250000003,
        1143.3890909090906,
        1142.5848484848484,
        1143.8599999999994,
        1151.0978787878792
    ],
    "ph": [
        4.0121875,
        4.16060606060606,
        4.326969696969698,
        4.181562500000001,
        3.963030303030303
    ],
    "ntu": [
        3000.0,
        3000.0,
        3000.0,
        3000.0,
        3000.0
    ],
    "temp_avg": 27.19111363636365,
    "tds_avg": 1144.0714886363635,
    "ph_avg": 4.128871212121213,
    "ntu_avg": 3000.0
}