{
    "year": 2021,
    "month": 4,
    "day": 12,
    "hour": 2,
    "minute": 10,
    "temp": [
        25.809999999999977,
        25.809999999999977,
        25.809999999999977,
        25.809999999999977,
        25.809999999999977
    ],
    "tds": [
        1377.8490909090901,
        1379.2699999999993,
        1376.2703030303028,
        1368.7130303030306,
        1355.4881250000005
    ],
    "ph": [
        7.243030303030304,
        7.260937500000001,
        7.247272727272728,
        7.224848484848484,
        7.105624999999999
    ],
    "ntu": [
        3000.0,
        3000.0,
        3000.0,
        3000.0,
        3000.0
    ],
    "temp_avg": 25.80999999999998,
    "tds_avg": 1371.5181098484848,
    "ph_avg": 7.216342803030303,
    "ntu_avg": 3000.0
}