{
    "year": 2021,
    "month": 4,
    "day": 10,
    "hour": 2,
    "minute": 30,
    "temp": [
        25.44000000000002,
        25.435757575757595,
        25.44000000000002,
        25.44000000000002,
        25.44000000000002
    ],
    "tds": [
        1421.6528125000007,
        1421.5400000000006,
        1423.1793939393945,
        1416.1500000000008,
        1416.1500000000008
    ],
    "ph": [
        3.4021874999999997,
        3.4224242424242424,
        3.4372727272727275,
        3.5675,
        3.6033333333333326
    ],
    "ntu": [
        3000.0,
        3000.0,
        3000.0,
        3000.0,
        3000.0
    ],
    "temp_avg": 25.439151515151536,
    "tds_avg": 1419.7344412878795,
    "ph_avg": 3.48654356060606,
    "ntu_avg": 3000.0
}