{
    "year": 2021,
    "month": 4,
    "day": 21,
    "hour": 1,
    "minute": 50,
    "temp": [
        28.91242424242425,
        28.87,
        28.87,
        28.86272727272727,
        28.82874999999998
    ],
    "tds": [
        1231.81,
        1233.56,
        1233.56,
        1234.0618181818181,
        1235.37125
    ],
    "ph": [
        5.42242424242424,
        5.443124999999998,
        5.444545454545453,
        5.488484848484851,
        5.418749999999999
    ],
    "ntu": [
        3000.0,
        3000.0,
        3000.0,
        3000.0,
        3000.0
    ],
    "temp_avg": 28.868780303030302,
    "tds_avg": 1233.6726136363636,
    "ph_avg": 5.443465909090909,
    "ntu_avg": 3000.0
}