{
    "year": 2021,
    "month": 4,
    "day": 9,
    "hour": 12,
    "minute": 5,
    "temp": [
        29.467272727272743,
        29.465454545454563,
        29.47562500000001,
        29.44909090909093,
        29.440000000000026
    ],
    "tds": [
        1195.552121212121,
        1197.4651515151515,
        1194.6337500000002,
        1195.8672727272722,
        1196.3399999999995
    ],
    "ph": [
        5.1612121212121185,
        5.180000000000001,
        5.159375000000001,
        5.189393939393942,
        4.9318181818181825
    ],
    "ntu": [
        3000.0,
        3000.0,
        3000.0,
        3000.0,
        3000.0
    ],
    "temp_avg": 29.459488636363652,
    "tds_avg": 1195.9716590909088,
    "ph_avg": 5.124359848484849,
    "ntu_avg": 3000.0
}