{
    "year": 2021,
    "month": 4,
    "day": 16,
    "hour": 6,
    "minute": 25,
    "temp": [
        27.744375,
        27.722727272727283,
        27.722727272727283,
        27.712500000000013,
        27.720909090909103
    ],
    "tds": [
        1253.6840625000002,
        1258.8657575757577,
        1252.1493939393938,
        1249.4746874999998,
        1244.8381818181822
    ],
    "ph": [
        6.9471875,
        6.796969696969696,
        6.851515151515151,
        6.903437500000001,
        6.876666666666664
    ],
    "ntu": [
        3000.0,
        3000.0,
        3000.0,
        3000.0,
        3000.0
    ],
    "temp_avg": 27.724647727272735,
    "tds_avg": 1251.8024166666669,
    "ph_avg": 6.8751553030303025,
    "ntu_avg": 3000.0
}