{
    "year": 2021,
    "month": 4,
    "day": 13,
    "hour": 9,
    "minute": 15,
    "temp": [
        28.582499999999975,
        29.559999999999974,
        28.559999999999974,
        29.60875,
        29.62
    ],
    "tds": [
        0.0,
        239.62939393939408,
        0.0,
        217.72124999999994,
        207.23181818181808
    ],
    "ph": [
        0.0,
        0.0,
        0.0,
        0.0,
        0.0
    ],
    "ntu": [
        3000.0,
        3000.0,
        3000.0,
        3000.0,
        3000.0
    ],
    "temp_avg": 29.186249999999983,
    "tds_avg": 132.91649242424242,
    "ph_avg": 0.0,
    "ntu_avg": 3000.0
}