{
    "year": 2021,
    "month": 4,
    "day": 15,
    "hour": 2,
    "minute": 25,
    "temp": [
        27.695454545454567,
        27.690000000000023,
        27.690000000000023,
        27.693636363636383,
        27.691818181818206
    ],
    "tds": [
        1306.9327272727269,
        1307.0251515151508,
        1304.5225000000003,
        1297.5684848484855,
        1301.4209090909092
    ],
    "ph": [
        5.103939393939395,
        5.05909090909091,
        5.0884375,
        5.040909090909094,
        5.055454545454546
    ],
    "ntu": [
        3000.0,
        3000.0,
        3000.0,
        3000.0,
        3000.0
    ],
    "temp_avg": 27.692181818181844,
    "tds_avg": 1303.4939545454545,
    "ph_avg": 5.069566287878788,
    "ntu_avg": 3000.0
}