{
    "year": 2021,
    "month": 4,
    "day": 25,
    "hour": 10,
    "minute": 30,
    "temp": [
        26.688028169014117,
        26.68900000000004,
        26.690000000000037,
        26.68900000000004,
        26.690000000000037
    ],
    "ntu": [
        348.46478873239437,
        361.25714285714287,
        362.07042253521126,
        382.5,
        396.32394366197184
    ],
    "temp_avg": 26.68920563380285,
    "ntu_avg": 370.12325955734406
}