{
    "year": 2021,
    "month": 4,
    "day": 20,
    "hour": 0,
    "minute": 55,
    "temp": [
        30.0,
        30.0,
        30.0,
        29.961818181818206,
        29.940000000000026
    ],
    "tds": [
        1039.41,
        1043.0760606060603,
        1042.9068749999997,
        1042.7924242424235,
        1045.2599999999993
    ],
    "ph": [
        3.3460606060606053,
        3.115454545454544,
        3.058437499999999,
        3.1166666666666663,
        3.0215151515151515
    ],
    "ntu": [
        3000.0,
        3000.0,
        3000.0,
        3000.0,
        3000.0
    ],
    "temp_avg": 29.98036363636364,
    "tds_avg": 1042.6890719696964,
    "ph_avg": 3.1316268939393934,
    "ntu_avg": 3000.0
}