{
    "year": 2021,
    "month": 4,
    "day": 23,
    "hour": 9,
    "minute": 50,
    "temp": [
        27.032542372881316,
        27.04199999999998,
        26.976610169491547,
        26.936500000000027,
        26.869999999999965
    ],
    "ntu": [
        2108.6952542372883,
        2056.9251666666664,
        2064.0872881355936,
        2067.952166666666,
        2054.3261016949155
    ],
    "temp_avg": 26.97153050847457,
    "ntu_avg": 2070.3971954802264
}