{
    "year": 2021,
    "month": 4,
    "day": 9,
    "hour": 20,
    "minute": 10,
    "temp": [
        27.322727272727263,
        27.36818181818182,
        27.411562500000024,
        27.440000000000023,
        27.492727272727272
    ],
    "tds": [
        1305.6457575757572,
        1303.32,
        1301.1206249999998,
        1300.2599999999998,
        1297.764545454545
    ],
    "ph": [
        4.744545454545453,
        4.630909090909092,
        4.7,
        4.830303030303029,
        4.88060606060606
    ],
    "ntu": [
        3000.0,
        3000.0,
        3000.0,
        3000.0,
        3000.0
    ],
    "temp_avg": 27.407039772727284,
    "tds_avg": 1301.6221856060606,
    "ph_avg": 4.757272727272726,
    "ntu_avg": 3000.0
}