{
    "year": 2021,
    "month": 4,
    "day": 14,
    "hour": 14,
    "minute": 25,
    "temp": [
        27.923030303030316,
        27.874375000000004,
        27.87,
        27.846363636363616,
        27.809999999999977
    ],
    "tds": [
        1166.870909090909,
        1167.950625,
        1179.2224242424243,
        1180.92,
        1169.9196875
    ],
    "ph": [
        3.3148484848484854,
        3.2287499999999993,
        3.235454545454545,
        3.188181818181818,
        3.277499999999999
    ],
    "ntu": [
        3000.0,
        3000.0,
        3000.0,
        3000.0,
        3000.0
    ],
    "temp_avg": 27.864753787878783,
    "tds_avg": 1172.9767291666667,
    "ph_avg": 3.248946969696969,
    "ntu_avg": 3000.0
}