{
    "year": 2021,
    "month": 4,
    "day": 10,
    "hour": 19,
    "minute": 10,
    "temp": [
        29.95636363636365,
        29.989090909090912,
        30.0,
        30.00181818181818,
        30.021818181818166
    ],
    "tds": [
        1187.7818181818184,
        1186.3136363636356,
        1185.8499999999992,
        1185.645454545454,
        1038.7766666666666
    ],
    "ph": [
        5.656060606060606,
        5.663939393939393,
        5.629375000000002,
        5.594242424242423,
        5.469999999999998
    ],
    "ntu": [
        3000.0,
        3000.0,
        3000.0,
        3000.0,
        3000.0
    ],
    "temp_avg": 29.99381818181818,
    "tds_avg": 1156.873515151515,
    "ph_avg": 5.602723484848485,
    "ntu_avg": 3000.0
}