{
    "year": 2021,
    "month": 4,
    "day": 12,
    "hour": 12,
    "minute": 5,
    "temp": [
        29.440000000000026,
        29.37636363636364,
        29.368181818181817,
        29.323124999999976,
        29.309999999999974
    ],
    "tds": [
        1054.9378124999994,
        1056.8090909090915,
        1056.9909090909096,
        1056.8212500000002,
        1058.9978787878788
    ],
    "ph": [
        7.857500000000003,
        7.786666666666668,
        7.827272727272729,
        7.827499999999997,
        7.809393939393937
    ],
    "ntu": [
        3000.0,
        3000.0,
        3000.0,
        3000.0,
        3000.0
    ],
    "temp_avg": 29.363534090909088,
    "tds_avg": 1056.911388257576,
    "ph_avg": 7.821666666666667,
    "ntu_avg": 3000.0
}