{
    "year": 2021,
    "month": 4,
    "day": 15,
    "hour": 1,
    "minute": 5,
    "temp": [
        28.12,
        28.12,
        28.12,
        28.114374999999995,
        28.078181818181797
    ],
    "tds": [
        1278.1006250000005,
        1280.3203030303032,
        1278.0093939393946,
        1277.9237500000004,
        1278.9281818181823
    ],
    "ph": [
        5.205937500000001,
        5.210303030303031,
        5.212424242424242,
        5.240000000000002,
        5.242727272727272
    ],
    "ntu": [
        3000.0,
        3000.0,
        3000.0,
        3000.0,
        3000.0
    ],
    "temp_avg": 28.110511363636355,
    "tds_avg": 1278.6564507575763,
    "ph_avg": 5.22227840909091,
    "ntu_avg": 3000.0
}