{
    "year": 2021,
    "month": 4,
    "day": 25,
    "hour": 14,
    "minute": 35,
    "temp": [
        26.87098591549291,
        26.86999999999995,
        26.86999999999995,
        26.86999999999995,
        26.86999999999995
    ],
    "ntu": [
        231.8732394366197,
        245.66197183098592,
        248.55714285714285,
        243.26760563380282,
        246.68571428571428
    ],
    "temp_avg": 26.870197183098544,
    "ntu_avg": 243.2091348088531
}