{
    "year": 2021,
    "month": 4,
    "day": 23,
    "hour": 17,
    "minute": 41,
    "temp": [
        29.67285714285714,
        29.586197183098566,
        29.52742857142856,
        29.473802816901433,
        29.59402777777778
    ],
    "ntu": [
        453.37142857142857,
        466.28169014084506,
        476.72857142857146,
        484.92957746478874,
        -65.56944444444444
    ],
    "temp_avg": 29.57086269841269,
    "ntu_avg": 363.14836463223793
}