{
    "year": 2021,
    "month": 4,
    "day": 24,
    "hour": 16,
    "minute": 0,
    "temp": [
        30.129436619718316,
        30.186000000000018,
        30.105633802816858,
        30.0414084507042,
        29.986285714285728
    ],
    "ntu": [
        305.32394366197184,
        305.0857142857143,
        301.3098591549296,
        296.0,
        282.7857142857143
    ],
    "temp_avg": 30.089752917505024,
    "ntu_avg": 298.101046277666
}