{
    "year": 2021,
    "month": 4,
    "day": 5,
    "hour": 1,
    "minute": 50,
    "temp": [
        24.56,
        24.56,
        24.56,
        24.56,
        24.56
    ],
    "tds": [
        0.0,
        0.0,
        1390.61,
        0.0,
        0.0
    ],
    "ph": [
        0.12,
        0.12,
        4.66,
        0.11,
        0.11
    ],
    "ntu": [
        3000.0,
        3000.0,
        3000.0,
        3000.0,
        3000.0
    ],
    "temp_avg": 24.56,
    "tds_avg": 278.12199999999996,
    "ph_avg": 1.0240000000000002,
    "ntu_avg": 3000.0
}