{
    "year": 2021,
    "month": 4,
    "day": 10,
    "hour": 5,
    "minute": 35,
    "temp": [
        25.746363636363636,
        25.75,
        25.740909090909092,
        25.74636363636364,
        25.738750000000003
    ],
    "tds": [
        1392.5087878787876,
        1393.4115151515148,
        1390.0121212121217,
        1383.3254545454542,
        1383.0224999999996
    ],
    "ph": [
        2.531515151515151,
        2.7954545454545454,
        2.8327272727272734,
        2.7330303030303034,
        2.6424999999999996
    ],
    "ntu": [
        3000.0,
        3000.0,
        3000.0,
        3000.0,
        3000.0
    ],
    "temp_avg": 25.744477272727277,
    "tds_avg": 1388.4560757575757,
    "ph_avg": 2.707045454545455,
    "ntu_avg": 3000.0
}