{
    "year": 2021,
    "month": 4,
    "day": 23,
    "hour": 17,
    "minute": 51,
    "temp": [
        29.67700000000001,
        29.591267605633778,
        29.529999999999987,
        29.467887323943692,
        29.626944444444447
    ],
    "ntu": [
        -58.128571428571426,
        -48.54929577464789,
        -44.642857142857146,
        -41.901408450704224,
        -71.16666666666667
    ],
    "temp_avg": 29.57861987480438,
    "ntu_avg": -52.87775989268947
}