{
    "year": 2021,
    "month": 4,
    "day": 14,
    "hour": 14,
    "minute": 30,
    "temp": [
        27.809999999999977,
        27.809999999999977,
        27.809999999999977,
        27.799090909090896,
        27.75181818181818
    ],
    "tds": [
        1171.3387878787876,
        1177.499375,
        1178.3134375000002,
        1187.0884848484843,
        1186.6333333333323
    ],
    "ph": [
        3.3393939393939385,
        3.3350000000000004,
        3.415000000000001,
        3.4148484848484846,
        3.4075757575757573
    ],
    "ntu": [
        3000.0,
        3000.0,
        3000.0,
        3000.0,
        3000.0
    ],
    "temp_avg": 27.7961818181818,
    "tds_avg": 1180.1746837121207,
    "ph_avg": 3.3823636363636362,
    "ntu_avg": 3000.0
}