{
    "year": 2021,
    "month": 4,
    "day": 12,
    "hour": 14,
    "minute": 40,
    "temp": [
        24.317499999999985,
        24.31363636363635,
        24.30999999999998,
        24.311874999999983,
        24.32272727272726
    ],
    "tds": [
        1443.143749999999,
        1437.9666666666674,
        1437.7409090909098,
        1437.963437500001,
        1434.2542424242426
    ],
    "ph": [
        3.2371875,
        3.204545454545455,
        3.1687878787878785,
        3.1321874999999992,
        3.0945454545454534
    ],
    "ntu": [
        3000.0,
        3000.0,
        3000.0,
        3000.0,
        3000.0
    ],
    "temp_avg": 24.31514772727271,
    "tds_avg": 1438.2138011363638,
    "ph_avg": 3.1674507575757573,
    "ntu_avg": 3000.0
}