{
    "year": 2021,
    "month": 4,
    "day": 19,
    "hour": 19,
    "minute": 50,
    "temp": [
        29.320909090909076,
        29.355454545454545,
        29.40062500000002,
        29.43363636363639,
        29.467272727272732
    ],
    "tds": [
        1227.3515151515153,
        1225.4627272727278,
        1223.7371874999997,
        1222.433636363636,
        1220.645757575757
    ],
    "ph": [
        3.166666666666667,
        3.138484848484848,
        2.8878125000000003,
        3.0236363636363635,
        3.0324242424242422
    ],
    "ntu": [
        3000.0,
        3000.0,
        3000.0,
        3000.0,
        3000.0
    ],
    "temp_avg": 29.395579545454552,
    "tds_avg": 1223.9261647727271,
    "ph_avg": 3.0498049242424243,
    "ntu_avg": 3000.0
}