{
    "year": 2021,
    "month": 4,
    "day": 10,
    "hour": 14,
    "minute": 35,
    "temp": [
        28.429062500000022,
        28.458181818181828,
        28.5,
        28.54687499999998,
        28.561818181818158
    ],
    "tds": [
        1248.8753125000003,
        1247.8409090909095,
        1245.7900000000006,
        1243.5946875000004,
        1242.8103030303034
    ],
    "ph": [
        5.2940625,
        5.292727272727274,
        5.268787878787877,
        5.265312500000001,
        5.317878787878788
    ],
    "ntu": [
        3000.0,
        3000.0,
        3000.0,
        3000.0,
        3000.0
    ],
    "temp_avg": 28.499187499999994,
    "tds_avg": 1245.7822424242427,
    "ph_avg": 5.2877537878787875,
    "ntu_avg": 3000.0
}