{
    "year": 2021,
    "month": 4,
    "day": 15,
    "hour": 20,
    "minute": 30,
    "temp": [
        29.690000000000026,
        29.690000000000026,
        29.690000000000026,
        29.690000000000026,
        29.690000000000026
    ],
    "tds": [
        1135.5209090909088,
        1143.5430303030307,
        1151.2071874999995,
        1148.5099999999995,
        1151.000909090909
    ],
    "ph": [
        7.496363636363637,
        7.524545454545456,
        7.465,
        7.466363636363636,
        7.494848484848484
    ],
    "ntu": [
        3000.0,
        3000.0,
        3000.0,
        3000.0,
        3000.0
    ],
    "temp_avg": 29.690000000000026,
    "tds_avg": 1145.9564071969694,
    "ph_avg": 7.489424242424242,
    "ntu_avg": 3000.0
}