{
    "year": 2021,
    "month": 4,
    "day": 25,
    "hour": 19,
    "minute": 5,
    "temp": [
        26.895633802816892,
        26.891999999999978,
        26.890704225352092,
        26.890704225352092,
        26.880999999999965
    ],
    "ntu": [
        563.6197183098592,
        578.5857142857143,
        577.3098591549295,
        572.4366197183099,
        564.3142857142857
    ],
    "temp_avg": 26.890008450704205,
    "ntu_avg": 571.2532394366197
}