{
    "year": 2021,
    "month": 4,
    "day": 12,
    "hour": 12,
    "minute": 25,
    "temp": [
        28.817272727272705,
        28.789374999999993,
        28.702727272727298,
        28.690000000000026,
        28.690000000000026
    ],
    "tds": [
        1202.6524242424236,
        1202.1574999999996,
        1177.773333333334,
        1156.5760606060608,
        1138.2900000000006
    ],
    "ph": [
        8.323939393939396,
        8.393749999999999,
        8.36848484848485,
        8.38212121212121,
        8.386562499999997
    ],
    "ntu": [
        3000.0,
        3000.0,
        3000.0,
        3000.0,
        3000.0
    ],
    "temp_avg": 28.73787500000001,
    "tds_avg": 1175.4898636363637,
    "ph_avg": 8.37097159090909,
    "ntu_avg": 3000.0
}