{
    "year": 2021,
    "month": 4,
    "day": 14,
    "hour": 8,
    "minute": 0,
    "temp": [
        27.440000000000023,
        27.440000000000023,
        27.431515151515175,
        27.43787878787881,
        27.396250000000002
    ],
    "tds": [
        1125.0899999999997,
        1125.0899999999997,
        1125.7203030303028,
        1491.0196969696972,
        1449.0440625000008
    ],
    "ph": [
        4.188787878787877,
        4.1109375,
        4.205757575757576,
        1.6287878787878793,
        0.8471874999999998
    ],
    "ntu": [
        3000.0,
        3000.0,
        3000.0,
        3000.0,
        3000.0
    ],
    "temp_avg": 27.429128787878806,
    "tds_avg": 1263.1928125,
    "ph_avg": 2.9962916666666666,
    "ntu_avg": 3000.0
}