{
    "year": 2021,
    "month": 4,
    "day": 22,
    "hour": 22,
    "minute": 35,
    "temp": [
        27.220333333333333,
        27.218474576271216,
        27.130499999999962,
        27.084406779660988,
        27.050999999999974
    ],
    "ntu": [
        1588.6006666666667,
        1507.2288135593221,
        1528.3038333333332,
        1499.9177966101695,
        1512.7275000000004
    ],
    "temp_avg": 27.140942937853094,
    "ntu_avg": 1527.3557220338985
}