{
    "year": 2021,
    "month": 4,
    "day": 13,
    "hour": 1,
    "minute": 35,
    "temp": [
        28.755454545454548,
        28.748125,
        28.708181818181842,
        28.690000000000026,
        28.6309375
    ],
    "tds": [
        0.0,
        0.0,
        0.0,
        0.0,
        0.0
    ],
    "ph": [
        0.0,
        0.0,
        0.0,
        0.0,
        0.0
    ],
    "ntu": [
        3000.0,
        3000.0,
        3000.0,
        3000.0,
        3000.0
    ],
    "temp_avg": 28.706539772727286,
    "tds_avg": 0.0,
    "ph_avg": 0.0,
    "ntu_avg": 3000.0
}