{
    "year": 2021,
    "month": 4,
    "day": 13,
    "hour": 21,
    "minute": 20,
    "temp": [
        29.0,
        29.043124999999975,
        29.089090909090906,
        29.126363636363642,
        29.185625000000023
    ],
    "tds": [
        1250.2654545454536,
        1248.083125,
        1251.025454545455,
        1245.9275757575758,
        1248.2246874999998
    ],
    "ph": [
        0.5036363636363634,
        0.5750000000000001,
        0.7557575757575759,
        0.35151515151515156,
        0.03218750000000002
    ],
    "ntu": [
        3000.0,
        3000.0,
        3000.0,
        3000.0,
        3000.0
    ],
    "temp_avg": 29.08884090909091,
    "tds_avg": 1248.7052594696968,
    "ph_avg": 0.4436193181818182,
    "ntu_avg": 3000.0
}