{
    "year": 2021,
    "month": 4,
    "day": 12,
    "hour": 11,
    "minute": 25,
    "temp": [
        29.589090909090903,
        29.62,
        29.68363636363639,
        29.706363636363648,
        29.75
    ],
    "tds": [
        1177.3178787878794,
        1174.0668749999998,
        1173.6766666666665,
        1168.842727272727,
        1162.7993750000007
    ],
    "ph": [
        7.98454545454546,
        7.9740625000000005,
        7.97,
        7.97030303030303,
        7.97
    ],
    "ntu": [
        3000.0,
        3000.0,
        3000.0,
        3000.0,
        3000.0
    ],
    "temp_avg": 29.669818181818187,
    "tds_avg": 1171.3407045454546,
    "ph_avg": 7.973782196969698,
    "ntu_avg": 3000.0
}