{
    "year": 2021,
    "month": 4,
    "day": 10,
    "hour": 19,
    "minute": 30,
    "temp": [
        29.597499999999982,
        29.559999999999974,
        29.527272727272724,
        29.49818181818182,
        29.44727272727275
    ],
    "tds": [
        1060.6756250000008,
        1057.688181818182,
        1055.786666666666,
        1056.5099999999993,
        1058.4918181818177
    ],
    "ph": [
        5.264374999999999,
        5.373939393939394,
        5.536363636363637,
        5.543030303030306,
        5.526666666666667
    ],
    "ntu": [
        3000.0,
        3000.0,
        3000.0,
        3000.0,
        3000.0
    ],
    "temp_avg": 29.526045454545446,
    "tds_avg": 1057.8304583333331,
    "ph_avg": 5.448875,
    "ntu_avg": 3000.0
}