{
    "year": 2021,
    "month": 4,
    "day": 16,
    "hour": 5,
    "minute": 40,
    "temp": [
        27.724545454545463,
        27.737272727272735,
        27.740625,
        27.74272727272728,
        27.74454545454546
    ],
    "tds": [
        1244.2706060606054,
        1252.7245454545455,
        1250.4656249999996,
        1248.0369696969694,
        1248.2978787878787
    ],
    "ph": [
        6.996363636363636,
        7.016363636363638,
        7.017812499999997,
        6.994545454545455,
        7.013333333333335
    ],
    "ntu": [
        3000.0,
        3000.0,
        3000.0,
        3000.0,
        3000.0
    ],
    "temp_avg": 27.73794318181819,
    "tds_avg": 1248.7591249999998,
    "ph_avg": 7.007683712121212,
    "ntu_avg": 3000.0
}