{
    "year": 2021,
    "month": 4,
    "day": 12,
    "hour": 2,
    "minute": 15,
    "temp": [
        25.809999999999977,
        25.809999999999977,
        25.809999999999977,
        25.809999999999977,
        25.813636363636345
    ],
    "tds": [
        1355.8921212121218,
        1358.5400000000006,
        1358.5400000000006,
        1358.5400000000006,
        1360.6236363636372
    ],
    "ph": [
        7.11878787878788,
        7.138181818181815,
        7.196875000000001,
        7.176363636363634,
        7.213333333333331
    ],
    "ntu": [
        3000.0,
        3000.0,
        3000.0,
        3000.0,
        3000.0
    ],
    "temp_avg": 25.810727272727252,
    "tds_avg": 1358.4271515151522,
    "ph_avg": 7.168708333333332,
    "ntu_avg": 3000.0
}