{
    "year": 2021,
    "month": 4,
    "day": 10,
    "hour": 10,
    "minute": 35,
    "temp": [
        27.940000000000023,
        27.979374999999997,
        28.01090909090908,
        28.058181818181797,
        28.095625000000002
    ],
    "tds": [
        1273.225757575757,
        1270.0659374999996,
        1271.9215151515145,
        1271.2678787878783,
        1269.7965625
    ],
    "ph": [
        4.674242424242423,
        4.692187499999999,
        4.753939393939395,
        4.798181818181818,
        4.780312500000001
    ],
    "ntu": [
        3000.0,
        3000.0,
        3000.0,
        3000.0,
        3000.0
    ],
    "temp_avg": 28.016818181818177,
    "tds_avg": 1271.25553030303,
    "ph_avg": 4.739772727272727,
    "ntu_avg": 3000.0
}