{
    "year": 2021,
    "month": 4,
    "day": 22,
    "hour": 11,
    "minute": 20,
    "temp": [
        30.75,
        30.75,
        30.75,
        30.75,
        30.748983050847457
    ],
    "ntu": [
        142.47516666666667,
        171.07186440677972,
        221.3930508474576,
        278.1768333333333,
        361.88135593220346
    ],
    "temp_avg": 30.749796610169494,
    "ntu_avg": 234.99965423728818
}