{
    "year": 2021,
    "month": 4,
    "day": 10,
    "hour": 1,
    "minute": 20,
    "temp": [
        25.19000000000002,
        25.19000000000002,
        25.19000000000002,
        25.19000000000002,
        25.19000000000002
    ],
    "tds": [
        1423.6590909090905,
        1422.0856249999995,
        1426.791515151514,
        1428.7733333333333,
        1431.7937499999996
    ],
    "ph": [
        2.2160606060606063,
        2.1871875,
        2.227878787878787,
        2.3860606060606058,
        2.3271875000000004
    ],
    "ntu": [
        3000.0,
        3000.0,
        3000.0,
        3000.0,
        3000.0
    ],
    "temp_avg": 25.19000000000002,
    "tds_avg": 1426.6206628787872,
    "ph_avg": 2.268875,
    "ntu_avg": 3000.0
}