{
    "year": 2021,
    "month": 4,
    "day": 13,
    "hour": 14,
    "minute": 10,
    "temp": [
        28.53090909090907,
        28.561874999999976,
        28.59454545454545,
        28.62,
        28.681250000000023
    ],
    "tds": [
        248.47818181818184,
        245.04531250000008,
        286.0639393939394,
        295.7048484848484,
        238.70000000000005
    ],
    "ph": [
        0.0,
        0.0,
        0.0,
        0.0,
        0.0
    ],
    "ntu": [
        3000.0,
        3000.0,
        3000.0,
        3000.0,
        3000.0
    ],
    "temp_avg": 28.59771590909091,
    "tds_avg": 262.79845643939393,
    "ph_avg": 0.0,
    "ntu_avg": 3000.0
}