{
    "year": 2021,
    "month": 4,
    "day": 21,
    "hour": 0,
    "minute": 10,
    "temp": [
        27.906060606060617,
        27.87,
        27.866249999999997,
        27.817272727272705,
        27.809999999999977
    ],
    "tds": [
        1118.030606060606,
        1120.3899999999996,
        1120.4665624999998,
        1122.3203030303027,
        1122.8399999999997
    ],
    "ph": [
        4.280303030303032,
        4.350303030303031,
        4.3859375,
        4.370000000000001,
        4.38090909090909
    ],
    "ntu": [
        3000.0,
        3000.0,
        3000.0,
        3000.0,
        3000.0
    ],
    "temp_avg": 27.853916666666663,
    "tds_avg": 1120.8094943181816,
    "ph_avg": 4.353490530303031,
    "ntu_avg": 3000.0
}