{
    "year": 2021,
    "month": 4,
    "day": 12,
    "hour": 21,
    "minute": 30,
    "temp": [
        29.393333333333338,
        29.37,
        29.360909090909082,
        29.311818181818158,
        29.308124999999976
    ],
    "tds": [
        1037.0621212121212,
        1038.09,
        1035.847575757576,
        1039.6487878787882,
        1036.6340625000005
    ],
    "ph": [
        0.0,
        0.0,
        0.0,
        0.0,
        0.0
    ],
    "ntu": [
        3000.0,
        3000.0,
        3000.0,
        3000.0,
        3000.0
    ],
    "temp_avg": 29.348837121212114,
    "tds_avg": 1037.456509469697,
    "ph_avg": 0.0,
    "ntu_avg": 3000.0
}