{
    "year": 2021,
    "month": 4,
    "day": 25,
    "hour": 13,
    "minute": 20,
    "temp": [
        26.810857142857103,
        26.809999999999963,
        26.809999999999963,
        26.809999999999963,
        26.809999999999963
    ],
    "ntu": [
        202.47142857142856,
        211.80281690140845,
        195.8450704225352,
        228.88571428571427,
        270.8732394366197
    ],
    "temp_avg": 26.81017142857139,
    "ntu_avg": 221.97565392354122
}