{
    "year": 2021,
    "month": 4,
    "day": 9,
    "hour": 6,
    "minute": 35,
    "temp": [
        25.27545454545454,
        25.257272727272728,
        25.251875,
        25.253636363636364,
        25.25
    ],
    "tds": [
        1416.8803030303031,
        1414.15393939394,
        1405.229374999999,
        1405.9406060606054,
        1407.4600000000003
    ],
    "ph": [
        3.9312121212121207,
        3.977272727272729,
        4.2996875,
        4.485454545454545,
        4.290303030303031
    ],
    "ntu": [
        3000.0,
        3000.0,
        3000.0,
        3000.0,
        3000.0
    ],
    "temp_avg": 25.257647727272726,
    "tds_avg": 1409.9328446969694,
    "ph_avg": 4.196785984848485,
    "ntu_avg": 3000.0
}