{
    "year": 2021,
    "month": 4,
    "day": 12,
    "hour": 20,
    "minute": 25,
    "temp": [
        28.53090909090907,
        28.559999999999974,
        28.614375000000003,
        28.63696969696971,
        28.690000000000026
    ],
    "tds": [
        1182.6154545454535,
        1181.2715151515144,
        1177.774375,
        1152.1672727272726,
        1006.6781818181818
    ],
    "ph": [
        0.6778787878787877,
        0.6193939393939392,
        0.4659375000000001,
        0.021212121212121217,
        0.0
    ],
    "ntu": [
        3000.0,
        3000.0,
        3000.0,
        3000.0,
        3000.0
    ],
    "temp_avg": 28.60645075757576,
    "tds_avg": 1140.1013598484844,
    "ph_avg": 0.35688446969696963,
    "ntu_avg": 3000.0
}