{
    "year": 2021,
    "month": 4,
    "day": 10,
    "hour": 22,
    "minute": 25,
    "temp": [
        29.75,
        29.75,
        29.75,
        29.764999999999993,
        29.808181818181794
    ],
    "tds": [
        1196.1300000000003,
        1196.1300000000003,
        1196.1300000000003,
        1195.3237500000005,
        1193.8627272727274
    ],
    "ph": [
        5.948437500000001,
        5.890606060606059,
        5.853030303030306,
        5.864687499999999,
        5.9475757575757555
    ],
    "ntu": [
        3000.0,
        3000.0,
        3000.0,
        3000.0,
        3000.0
    ],
    "temp_avg": 29.764636363636356,
    "tds_avg": 1195.5152954545458,
    "ph_avg": 5.900867424242424,
    "ntu_avg": 3000.0
}