{
    "year": 2021,
    "month": 4,
    "day": 10,
    "hour": 15,
    "minute": 25,
    "temp": [
        29.914545454545475,
        29.940000000000026,
        29.940000000000026,
        29.967272727272736,
        29.94727272727275
    ],
    "tds": [
        1193.1742424242427,
        1192.6199999999997,
        1192.5399999999995,
        1191.378787878788,
        1190.314242424243
    ],
    "ph": [
        5.053636363636365,
        5.029393939393939,
        5.086562499999998,
        5.148787878787877,
        5.129090909090909
    ],
    "ntu": [
        3000.0,
        3000.0,
        3000.0,
        3000.0,
        3000.0
    ],
    "temp_avg": 29.9418181818182,
    "tds_avg": 1192.0054545454545,
    "ph_avg": 5.089494318181817,
    "ntu_avg": 3000.0
}