{
    "year": 2021,
    "month": 4,
    "day": 20,
    "hour": 2,
    "minute": 25,
    "temp": [
        27.848181818181803,
        27.809999999999977,
        27.809999999999977,
        27.809999999999977,
        27.766363636363636
    ],
    "tds": [
        1113.0,
        1114.5400000000006,
        1114.5400000000006,
        1114.61393939394,
        1116.166666666667
    ],
    "ph": [
        2.3439393939393947,
        2.3357575757575755,
        2.3400000000000007,
        2.358181818181819,
        2.2896969696969696
    ],
    "ntu": [
        3000.0,
        3000.0,
        3000.0,
        3000.0,
        3000.0
    ],
    "temp_avg": 27.808909090909072,
    "tds_avg": 1114.5721212121218,
    "ph_avg": 2.3335151515151518,
    "ntu_avg": 3000.0
}