{
    "year": 2021,
    "month": 4,
    "day": 12,
    "hour": 9,
    "minute": 50,
    "temp": [
        27.5,
        27.5,
        27.465454545454563,
        27.440000000000023,
        27.440000000000023
    ],
    "tds": [
        1122.6199999999994,
        1122.6948484848479,
        1124.4163636363633,
        1125.0899999999997,
        1125.0899999999997
    ],
    "ph": [
        7.4121875,
        7.394848484848485,
        7.385454545454543,
        7.439062499999999,
        7.421212121212121
    ],
    "ntu": [
        3000.0,
        3000.0,
        3000.0,
        3000.0,
        3000.0
    ],
    "temp_avg": 27.46909090909092,
    "tds_avg": 1123.9822424242418,
    "ph_avg": 7.41055303030303,
    "ntu_avg": 3000.0
}