{
    "year": 2021,
    "month": 4,
    "day": 19,
    "hour": 17,
    "minute": 25,
    "temp": [
        28.813636363636338,
        28.809999999999974,
        28.768749999999997,
        28.75,
        28.73545454545456
    ],
    "tds": [
        1170.7972727272722,
        1171.0299999999995,
        1172.6299999999997,
        1173.2036363636357,
        1169.7278787878788
    ],
    "ph": [
        1.2600000000000002,
        1.6878787878787882,
        1.795625,
        1.861515151515152,
        1.9033333333333329
    ],
    "ntu": [
        3000.0,
        3000.0,
        3000.0,
        3000.0,
        3000.0
    ],
    "temp_avg": 28.775568181818176,
    "tds_avg": 1171.477757575757,
    "ph_avg": 1.7016704545454548,
    "ntu_avg": 3000.0
}