{
    "year": 2021,
    "month": 4,
    "day": 25,
    "hour": 1,
    "minute": 30,
    "temp": [
        26.36999999999995,
        26.36999999999995,
        26.36999999999995,
        26.36999999999995,
        26.36999999999995
    ],
    "ntu": [
        625.5633802816901,
        632.6619718309859,
        632.2571428571429,
        632.2394366197183,
        632.2142857142857
    ],
    "temp_avg": 26.369999999999955,
    "ntu_avg": 630.9872434607645
}