{
    "year": 2021,
    "month": 4,
    "day": 11,
    "hour": 11,
    "minute": 5,
    "temp": [
        29.99818181818182,
        30.029999999999976,
        30.069090909090892,
        30.12,
        30.187812500000025
    ],
    "tds": [
        1159.2821212121212,
        1089.9175000000002,
        1033.3590909090913,
        1031.6027272727279,
        1029.7934375000004
    ],
    "ph": [
        6.517272727272726,
        6.22,
        5.742424242424242,
        6.002424242424243,
        6.164062500000001
    ],
    "ntu": [
        3000.0,
        3000.0,
        3000.0,
        3000.0,
        3000.0
    ],
    "temp_avg": 30.08101704545454,
    "tds_avg": 1068.790975378788,
    "ph_avg": 6.129236742424242,
    "ntu_avg": 3000.0
}