{
    "year": 2021,
    "month": 4,
    "day": 9,
    "hour": 9,
    "minute": 50,
    "temp": [
        29.77062499999999,
        29.779090909090893,
        29.806363636363614,
        29.809999999999974,
        29.809999999999974
    ],
    "tds": [
        1186.6900000000003,
        1183.1412121212122,
        1182.9481818181816,
        1183.0487878787876,
        1184.3006249999996
    ],
    "ph": [
        5.6025,
        5.610303030303032,
        5.598181818181818,
        5.612727272727274,
        5.555625
    ],
    "ntu": [
        3000.0,
        3000.0,
        3000.0,
        3000.0,
        3000.0
    ],
    "temp_avg": 29.79521590909089,
    "tds_avg": 1184.0257613636363,
    "ph_avg": 5.5958674242424244,
    "ntu_avg": 3000.0
}