{
    "year": 2021,
    "month": 4,
    "day": 11,
    "hour": 10,
    "minute": 20,
    "temp": [
        28.0,
        28.056363636363614,
        28.095625000000002,
        28.143333333333352,
        28.190000000000023
    ],
    "tds": [
        1257.3590909090906,
        1256.6669696969707,
        1254.5171874999994,
        1252.6736363636362,
        1246.3000000000002
    ],
    "ph": [
        5.718181818181817,
        5.668787878787879,
        5.7250000000000005,
        5.733939393939394,
        5.810909090909093
    ],
    "ntu": [
        3000.0,
        3000.0,
        3000.0,
        3000.0,
        3000.0
    ],
    "temp_avg": 28.097064393939398,
    "tds_avg": 1253.5033768939395,
    "ph_avg": 5.731363636363637,
    "ntu_avg": 3000.0
}