{
    "year": 2021,
    "month": 4,
    "day": 11,
    "hour": 12,
    "minute": 50,
    "temp": [
        27.87,
        27.866249999999997,
        27.81545454545452,
        27.809999999999977,
        27.809999999999977
    ],
    "tds": [
        1112.1199999999994,
        1112.5737499999998,
        1114.4666666666672,
        1114.5400000000006,
        1114.6925000000006
    ],
    "ph": [
        6.270909090909091,
        6.242500000000001,
        6.302424242424244,
        6.3230303030303014,
        5.6256249999999985
    ],
    "ntu": [
        3000.0,
        3000.0,
        3000.0,
        3000.0,
        3000.0
    ],
    "temp_avg": 27.834340909090894,
    "tds_avg": 1113.6785833333336,
    "ph_avg": 6.152897727272728,
    "ntu_avg": 3000.0
}