{
    "year": 2021,
    "month": 4,
    "day": 14,
    "hour": 20,
    "minute": 10,
    "temp": [
        29.199090909090927,
        29.20312500000002,
        29.210000000000015,
        29.220909090909103,
        29.25
    ],
    "tds": [
        1241.581818181818,
        1241.4825,
        1241.1636363636367,
        1240.9963636363643,
        1239.4987500000002
    ],
    "ph": [
        4.953333333333331,
        4.977499999999999,
        4.920000000000002,
        4.893939393939391,
        4.938124999999999
    ],
    "ntu": [
        3000.0,
        3000.0,
        3000.0,
        3000.0,
        3000.0
    ],
    "temp_avg": 29.21662500000001,
    "tds_avg": 1240.944613636364,
    "ph_avg": 4.936579545454545,
    "ntu_avg": 3000.0
}