{
    "year": 2021,
    "month": 4,
    "day": 11,
    "hour": 10,
    "minute": 50,
    "temp": [
        29.44750000000002,
        29.50181818181818,
        29.558181818181794,
        29.60875,
        29.658181818181845
    ],
    "tds": [
        1187.4875000000006,
        1184.4366666666663,
        1175.2875757575762,
        1172.9206249999997,
        1170.1569696969696
    ],
    "ph": [
        6.221874999999999,
        6.249393939393938,
        6.305151515151516,
        6.340624999999999,
        6.340303030303031
    ],
    "ntu": [
        3000.0,
        3000.0,
        3000.0,
        3000.0,
        3000.0
    ],
    "temp_avg": 29.554886363636363,
    "tds_avg": 1178.0578674242424,
    "ph_avg": 6.291469696969696,
    "ntu_avg": 3000.0
}