{
    "year": 2021,
    "month": 4,
    "day": 8,
    "hour": 23,
    "minute": 5,
    "temp": [
        28.056363636363614,
        28.084374999999994,
        28.126363636363642,
        28.190000000000023,
        28.218125
    ],
    "tds": [
        1325.0030303030296,
        1320.0790624999993,
        1316.1372727272728,
        1311.4181818181823,
        1316.3418749999998
    ],
    "ph": [
        0.6421212121212121,
        1.1671875,
        1.516969696969697,
        1.5733333333333337,
        1.6471874999999998
    ],
    "ntu": [
        3000.0,
        3000.0,
        3000.0,
        3000.0,
        3000.0
    ],
    "temp_avg": 28.135045454545455,
    "tds_avg": 1317.7958844696968,
    "ph_avg": 1.3093598484848485,
    "ntu_avg": 3000.0
}