{
    "year": 2021,
    "month": 4,
    "day": 14,
    "hour": 0,
    "minute": 55,
    "temp": [
        28.62,
        28.687878787878812,
        28.72090909090909,
        28.75,
        28.809999999999974
    ],
    "tds": [
        1271.565625,
        1269.177575757575,
        1266.796666666667,
        1266.2200000000005,
        1263.3600000000004
    ],
    "ph": [
        3.869062499999999,
        3.9600000000000004,
        4.0645454545454545,
        4.026875,
        4.096363636363636
    ],
    "ntu": [
        3000.0,
        3000.0,
        3000.0,
        3000.0,
        3000.0
    ],
    "temp_avg": 28.717757575757577,
    "tds_avg": 1267.4239734848486,
    "ph_avg": 4.003369318181818,
    "ntu_avg": 3000.0
}