{
    "year": 2021,
    "month": 4,
    "day": 13,
    "hour": 2,
    "minute": 50,
    "temp": [
        27.27624999999998,
        27.335454545454542,
        27.395454545454566,
        27.45875000000001,
        27.521818181818162
    ],
    "tds": [
        657.7556249999999,
        662.4230303030303,
        678.9851515151515,
        652.4528124999998,
        643.633333333333
    ],
    "ph": [
        0.0,
        0.0,
        0.0,
        0.0,
        0.0
    ],
    "ntu": [
        3000.0,
        3000.0,
        3000.0,
        3000.0,
        3000.0
    ],
    "temp_avg": 27.39754545454545,
    "tds_avg": 659.0499905303029,
    "ph_avg": 0.0,
    "ntu_avg": 3000.0
}