{
    "year": 2021,
    "month": 4,
    "day": 12,
    "hour": 8,
    "minute": 5,
    "temp": [
        30.05249999999998,
        30.0,
        29.99818181818182,
        29.956875000000025,
        29.940000000000026
    ],
    "tds": [
        1030.1149999999993,
        1031.9369696969698,
        1032.0630303030302,
        1033.885000000001,
        1034.143333333334
    ],
    "ph": [
        6.9865625,
        7.021212121212122,
        7.032424242424244,
        7.024687499999999,
        7.053030303030304
    ],
    "ntu": [
        3000.0,
        3000.0,
        3000.0,
        3000.0,
        3000.0
    ],
    "temp_avg": 29.98951136363637,
    "tds_avg": 1032.428666666667,
    "ph_avg": 7.023583333333333,
    "ntu_avg": 3000.0
}