{
    "year": 2021,
    "month": 4,
    "day": 13,
    "hour": 10,
    "minute": 50,
    "temp": [
        28.26874999999999,
        28.304545454545433,
        28.333636363636355,
        28.38093750000001,
        28.42939393939396
    ],
    "tds": [
        164.84625000000003,
        154.68000000000004,
        152.1048484848485,
        163.1428125,
        135.2321212121212
    ],
    "ph": [
        0.0,
        0.0,
        0.0,
        0.0,
        0.0
    ],
    "ntu": [
        3000.0,
        3000.0,
        3000.0,
        3000.0,
        3000.0
    ],
    "temp_avg": 28.343452651515143,
    "tds_avg": 154.00120643939394,
    "ph_avg": 0.0,
    "ntu_avg": 3000.0
}