{
    "year": 2021,
    "month": 4,
    "day": 20,
    "hour": 3,
    "minute": 20,
    "temp": [
        27.059999999999977,
        27.099375000000002,
        27.12,
        27.147575757575776,
        27.190000000000023
    ],
    "tds": [
        1348.4599999999994,
        1345.8356250000006,
        1345.2300000000005,
        1343.8681818181813,
        1342.0199999999995
    ],
    "ph": [
        2.088181818181819,
        2.0724999999999993,
        2.039090909090909,
        2.0772727272727267,
        2.0684375
    ],
    "ntu": [
        3000.0,
        3000.0,
        3000.0,
        3000.0,
        3000.0
    ],
    "temp_avg": 27.123390151515157,
    "tds_avg": 1345.082761363636,
    "ph_avg": 2.0690965909090906,
    "ntu_avg": 3000.0
}