{
    "year": 2021,
    "month": 4,
    "day": 21,
    "hour": 11,
    "minute": 55,
    "temp": [
        29.5,
        29.5,
        29.49454545454546,
        29.445625000000025,
        29.440000000000026
    ],
    "tds": [
        1064.16,
        1064.16,
        1064.3600000000001,
        1066.3600000000004,
        1066.3600000000004
    ],
    "ph": [
        6.802500000000001,
        6.794545454545455,
        6.794242424242424,
        6.784062499999999,
        6.773333333333335
    ],
    "ntu": [
        3000.0,
        3000.0,
        3000.0,
        3000.0,
        3000.0
    ],
    "temp_avg": 29.476034090909103,
    "tds_avg": 1065.0800000000004,
    "ph_avg": 6.789736742424242,
    "ntu_avg": 3000.0
}