{
    "year": 2021,
    "month": 4,
    "day": 11,
    "hour": 20,
    "minute": 55,
    "temp": [
        27.39757575757578,
        27.441818181818203,
        27.5,
        27.545454545454522,
        27.57999999999999
    ],
    "tds": [
        1287.7742424242417,
        1285.9499999999998,
        1282.9499999999998,
        1280.5118181818189,
        1279.0700000000004
    ],
    "ph": [
        6.853333333333333,
        6.856363636363639,
        6.846875000000001,
        6.8536363636363635,
        6.86
    ],
    "ntu": [
        3000.0,
        3000.0,
        3000.0,
        3000.0,
        3000.0
    ],
    "temp_avg": 27.4929696969697,
    "tds_avg": 1283.2512121212121,
    "ph_avg": 6.854041666666667,
    "ntu_avg": 3000.0
}