{
    "year": 2021,
    "month": 4,
    "day": 10,
    "hour": 13,
    "minute": 25,
    "temp": [
        27.690000000000023,
        27.66454545454546,
        27.62,
        27.612727272727266,
        27.561818181818158
    ],
    "tds": [
        1136.1699999999992,
        1133.096363636363,
        1134.4599999999994,
        1131.340606060606,
        1132.7400000000005
    ],
    "ph": [
        4.327272727272727,
        4.395151515151515,
        4.4556249999999995,
        4.55030303030303,
        4.663636363636364
    ],
    "ntu": [
        3000.0,
        3000.0,
        3000.0,
        3000.0,
        3000.0
    ],
    "temp_avg": 27.629818181818184,
    "tds_avg": 1133.5613939393936,
    "ph_avg": 4.478397727272727,
    "ntu_avg": 3000.0
}