{
    "year": 2021,
    "month": 4,
    "day": 10,
    "hour": 23,
    "minute": 15,
    "temp": [
        29.149696969696976,
        29.12,
        29.093749999999982,
        29.059999999999974,
        29.019999999999996
    ],
    "tds": [
        1068.431818181818,
        1069.7099999999994,
        1070.9,
        1071.9500000000003,
        1073.443333333333
    ],
    "ph": [
        5.631212121212123,
        5.282727272727272,
        5.070312499999999,
        5.178787878787876,
        5.173939393939395
    ],
    "ntu": [
        3000.0,
        3000.0,
        3000.0,
        3000.0,
        3000.0
    ],
    "temp_avg": 29.088689393939386,
    "tds_avg": 1070.88703030303,
    "ph_avg": 5.2673958333333335,
    "ntu_avg": 3000.0
}