{
    "year": 2021,
    "month": 4,
    "day": 19,
    "hour": 15,
    "minute": 35,
    "temp": [
        28.75,
        28.811874999999976,
        28.85909090909091,
        28.87,
        28.87
    ],
    "tds": [
        1212.67,
        1209.73625,
        1207.7084848484847,
        1207.2212121212117,
        1207.1399999999996
    ],
    "ph": [
        0.37562499999999993,
        0.2528125,
        0.23363636363636384,
        0.21909090909090911,
        0.21562500000000007
    ],
    "ntu": [
        3000.0,
        3000.0,
        3000.0,
        3000.0,
        3000.0
    ],
    "temp_avg": 28.832193181818177,
    "tds_avg": 1208.895189393939,
    "ph_avg": 0.2593579545454546,
    "ntu_avg": 3000.0
}