{
    "year": 2021,
    "month": 4,
    "day": 12,
    "hour": 0,
    "minute": 35,
    "temp": [
        26.03636363636363,
        26.00181818181818,
        26.0,
        26.0,
        25.958181818181835
    ],
    "tds": [
        1356.257272727272,
        1358.5781818181813,
        1358.7799999999995,
        1358.7799999999995,
        1361.2163636363632
    ],
    "ph": [
        7.092424242424244,
        7.08030303030303,
        7.087187500000004,
        7.08727272727273,
        7.112727272727277
    ],
    "ntu": [
        3000.0,
        3000.0,
        3000.0,
        3000.0,
        3000.0
    ],
    "temp_avg": 25.99927272727273,
    "tds_avg": 1358.722363636363,
    "ph_avg": 7.091982954545458,
    "ntu_avg": 3000.0
}