{
    "year": 2021,
    "month": 4,
    "day": 10,
    "hour": 20,
    "minute": 50,
    "temp": [
        27.190000000000023,
        27.185625000000023,
        27.124242424242425,
        27.12,
        27.10363636363635
    ],
    "tds": [
        1143.6199999999997,
        1143.6999999999996,
        1145.9472727272728,
        1146.18,
        1146.958787878788
    ],
    "ph": [
        5.7681818181818185,
        5.748124999999999,
        5.749090909090908,
        5.759090909090911,
        5.755757575757574
    ],
    "ntu": [
        3000.0,
        3000.0,
        3000.0,
        3000.0,
        3000.0
    ],
    "temp_avg": 27.144700757575766,
    "tds_avg": 1145.281212121212,
    "ph_avg": 5.756049242424242,
    "ntu_avg": 3000.0
}