{
    "year": 2021,
    "month": 4,
    "day": 26,
    "hour": 3,
    "minute": 31,
    "temp": [
        26.690000000000037,
        26.690000000000037,
        26.690000000000037,
        26.690000000000037,
        26.69169014084511
    ],
    "ntu": [
        621.9285714285714,
        621.8028169014085,
        621.7605633802817,
        621.7571428571429,
        614.830985915493
    ],
    "temp_avg": 26.690338028169048,
    "ntu_avg": 620.4160160965795
}