{
    "year": 2021,
    "month": 4,
    "day": 11,
    "hour": 21,
    "minute": 50,
    "temp": [
        29.75,
        29.76272727272726,
        29.806363636363614,
        29.787499999999987,
        29.755454545454548
    ],
    "tds": [
        1183.43,
        1180.7484848484848,
        1178.2412121212117,
        1182.0753125000003,
        1180.699393939394
    ],
    "ph": [
        6.8640625,
        6.852121212121211,
        6.845151515151516,
        6.834375000000004,
        6.83969696969697
    ],
    "ntu": [
        3000.0,
        3000.0,
        3000.0,
        3000.0,
        3000.0
    ],
    "temp_avg": 29.772409090909083,
    "tds_avg": 1181.0388806818182,
    "ph_avg": 6.847081439393941,
    "ntu_avg": 3000.0
}