{
    "year": 2021,
    "month": 4,
    "day": 13,
    "hour": 2,
    "minute": 10,
    "temp": [
        27.714375000000018,
        27.690000000000023,
        27.68151515151517,
        27.626562500000006,
        27.62
    ],
    "tds": [
        0.0,
        0.0,
        0.0,
        0.0,
        0.0
    ],
    "ph": [
        0.0,
        0.0,
        0.0,
        0.0,
        0.0
    ],
    "ntu": [
        3000.0,
        3000.0,
        3000.0,
        3000.0,
        3000.0
    ],
    "temp_avg": 27.666490530303044,
    "tds_avg": 0.0,
    "ph_avg": 0.0,
    "ntu_avg": 3000.0
}