{
    "year": 2021,
    "month": 4,
    "day": 15,
    "hour": 12,
    "minute": 25,
    "temp": [
        28.702727272727287,
        28.690000000000026,
        28.69545454545457,
        28.690000000000026,
        28.655000000000005
    ],
    "tds": [
        1099.0069696969695,
        1093.7599999999995,
        1091.8172727272724,
        1088.08,
        1086.1968749999994
    ],
    "ph": [
        7.201212121212121,
        7.194687499999998,
        7.171515151515151,
        7.183333333333335,
        7.180000000000003
    ],
    "ntu": [
        3000.0,
        3000.0,
        3000.0,
        3000.0,
        3000.0
    ],
    "temp_avg": 28.68663636363638,
    "tds_avg": 1091.7722234848482,
    "ph_avg": 7.186149621212121,
    "ntu_avg": 3000.0
}