{
    "year": 2021,
    "month": 4,
    "day": 15,
    "hour": 17,
    "minute": 20,
    "temp": [
        28.5,
        28.5,
        28.5,
        28.5,
        28.5
    ],
    "tds": [
        1245.7900000000006,
        1241.2699999999998,
        1243.3245454545458,
        1245.7900000000006,
        1241.3578124999997
    ],
    "ph": [
        7.566666666666669,
        7.532812500000001,
        7.508181818181818,
        7.545151515151516,
        7.566875000000002
    ],
    "ntu": [
        3000.0,
        3000.0,
        3000.0,
        3000.0,
        3000.0
    ],
    "temp_avg": 28.5,
    "tds_avg": 1243.5064715909093,
    "ph_avg": 7.543937500000001,
    "ntu_avg": 3000.0
}