{
    "year": 2021,
    "month": 4,
    "day": 12,
    "hour": 11,
    "minute": 55,
    "temp": [
        29.690000000000026,
        29.687812500000025,
        29.622121212121215,
        29.62,
        29.569374999999976
    ],
    "tds": [
        1045.0066666666662,
        1046.3590624999997,
        1045.2509090909098,
        1046.4578787878797,
        1049.3343749999995
    ],
    "ph": [
        7.874242424242427,
        7.855312500000003,
        7.881212121212117,
        7.826969696969699,
        7.776875000000005
    ],
    "ntu": [
        3000.0,
        3000.0,
        3000.0,
        3000.0,
        3000.0
    ],
    "temp_avg": 29.637861742424246,
    "tds_avg": 1046.481778409091,
    "ph_avg": 7.84292234848485,
    "ntu_avg": 3000.0
}