{
    "year": 2021,
    "month": 4,
    "day": 9,
    "hour": 1,
    "minute": 50,
    "temp": [
        26.62,
        26.62,
        26.610909090909086,
        26.578181818181804,
        26.56562499999998
    ],
    "tds": [
        1349.642727272727,
        1347.0150000000008,
        1349.2687878787874,
        1356.3684848484852,
        1360.997812499999
    ],
    "ph": [
        3.6772727272727272,
        3.690624999999999,
        3.751515151515151,
        3.713030303030304,
        3.7743750000000005
    ],
    "ntu": [
        3000.0,
        3000.0,
        3000.0,
        3000.0,
        3000.0
    ],
    "temp_avg": 26.598943181818175,
    "tds_avg": 1352.6585624999998,
    "ph_avg": 3.721363636363636,
    "ntu_avg": 3000.0
}