{
    "year": 2021,
    "month": 4,
    "day": 13,
    "hour": 10,
    "minute": 40,
    "temp": [
        27.914545454545475,
        27.951250000000016,
        27.978181818181824,
        28.00363636363636,
        28.03937499999998
    ],
    "tds": [
        410.0424242424239,
        290.7621875,
        218.52393939393943,
        260.73363636363644,
        58.6934375
    ],
    "ph": [
        0.0,
        0.0,
        0.0,
        0.0,
        0.0
    ],
    "ntu": [
        3000.0,
        3000.0,
        3000.0,
        3000.0,
        3000.0
    ],
    "temp_avg": 27.977397727272727,
    "tds_avg": 247.75112499999994,
    "ph_avg": 0.0,
    "ntu_avg": 3000.0
}