{
    "year": 2021,
    "month": 4,
    "day": 24,
    "hour": 18,
    "minute": 15,
    "temp": [
        30.03352112676051,
        30.092112676056306,
        30.015428571428572,
        29.943380281690178,
        29.874999999999947
    ],
    "ntu": [
        468.8732394366197,
        467.36619718309856,
        461.92857142857144,
        457.9154929577465,
        463.74285714285713
    ],
    "temp_avg": 29.991888531187108,
    "ntu_avg": 463.9652716297786
}