{
    "year": 2021,
    "month": 4,
    "day": 26,
    "hour": 3,
    "minute": 57,
    "temp": [
        26.690000000000037,
        26.690000000000037,
        26.690000000000037,
        26.690000000000037,
        26.690000000000037
    ],
    "ntu": [
        -6.647887323943662,
        -6.6,
        -6.591549295774648,
        615.1549295774648,
        620.7714285714286
    ],
    "temp_avg": 26.690000000000037,
    "ntu_avg": 243.217384305835
}