{
    "year": 2021,
    "month": 4,
    "day": 11,
    "hour": 19,
    "minute": 35,
    "temp": [
        28.427272727272744,
        28.37636363636364,
        28.37,
        28.339090909090892,
        28.309999999999977
    ],
    "tds": [
        1091.2942424242422,
        1093.0593939393943,
        1093.1300000000006,
        1094.3354545454551,
        1095.4700000000005
    ],
    "ph": [
        6.57787878787879,
        6.561212121212123,
        6.566249999999999,
        6.571818181818179,
        6.562727272727271
    ],
    "ntu": [
        3000.0,
        3000.0,
        3000.0,
        3000.0,
        3000.0
    ],
    "temp_avg": 28.364545454545453,
    "tds_avg": 1093.4578181818185,
    "ph_avg": 6.567977272727274,
    "ntu_avg": 3000.0
}