{
    "year": 2021,
    "month": 4,
    "day": 12,
    "hour": 7,
    "minute": 20,
    "temp": [
        26.306363636363614,
        26.309999999999977,
        26.308181818181797,
        26.309999999999977,
        26.309999999999977
    ],
    "tds": [
        1325.0739393939384,
        1327.4351515151516,
        1325.828484848484,
        1327.0843750000001,
        1326.9381818181819
    ],
    "ph": [
        6.701515151515151,
        6.696060606060606,
        6.688484848484847,
        6.683125000000003,
        6.701515151515153
    ],
    "ntu": [
        3000.0,
        3000.0,
        3000.0,
        3000.0,
        3000.0
    ],
    "temp_avg": 26.308909090909065,
    "tds_avg": 1326.4720265151514,
    "ph_avg": 6.694140151515152,
    "ntu_avg": 3000.0
}