{
    "year": 2021,
    "month": 4,
    "day": 14,
    "hour": 22,
    "minute": 2,
    "temp": [
        29.440000000000026,
        29.37,
        29.443636363636386,
        29.440000000000026,
        29.37
    ],
    "tds": [
        1223.0068750000003,
        1242.5999999999992,
        1223.6178787878785,
        1224.791818181818,
        1241.6603030303022
    ],
    "ph": [
        5.1934375,
        5.017575757575758,
        5.252424242424241,
        5.236666666666666,
        5.114242424242425
    ],
    "ntu": [
        3000.0,
        3000.0,
        3000.0,
        3000.0,
        3000.0
    ],
    "temp_avg": 29.412727272727288,
    "tds_avg": 1231.1353749999996,
    "ph_avg": 5.1628693181818175,
    "ntu_avg": 3000.0
}