{
    "year": 2021,
    "month": 4,
    "day": 11,
    "hour": 15,
    "minute": 15,
    "temp": [
        29.62,
        29.60363636363635,
        29.559999999999974,
        29.554545454545433,
        29.50181818181818
    ],
    "tds": [
        1048.4000000000005,
        1048.9212121212124,
        1050.5499999999995,
        1050.745454545454,
        1052.6348484848488
    ],
    "ph": [
        6.216060606060603,
        6.206969696969696,
        6.172812499999997,
        6.164242424242425,
        6.178181818181818
    ],
    "ntu": [
        3000.0,
        3000.0,
        3000.0,
        3000.0,
        3000.0
    ],
    "temp_avg": 29.56799999999999,
    "tds_avg": 1050.2503030303028,
    "ph_avg": 6.187653409090908,
    "ntu_avg": 3000.0
}