{
    "year": 2021,
    "month": 4,
    "day": 25,
    "hour": 14,
    "minute": 25,
    "temp": [
        26.86999999999995,
        26.86999999999995,
        26.86999999999995,
        26.86999999999995,
        26.86999999999995
    ],
    "ntu": [
        213.53521126760563,
        215.44285714285715,
        220.18309859154928,
        226.57746478873239,
        229.8
    ],
    "temp_avg": 26.869999999999955,
    "ntu_avg": 221.1077263581489
}