{
    "year": 2021,
    "month": 4,
    "day": 25,
    "hour": 8,
    "minute": 10,
    "temp": [
        26.44942857142861,
        26.44422535211271,
        26.444285714285748,
        26.451830985915525,
        26.448450704225387
    ],
    "ntu": [
        429.34285714285716,
        418.40845070422534,
        409.3857142857143,
        416.0422535211268,
        425.6478873239437
    ],
    "temp_avg": 26.447644265593595,
    "ntu_avg": 419.7654325955735
}