{
    "year": 2021,
    "month": 4,
    "day": 15,
    "hour": 5,
    "minute": 55,
    "temp": [
        27.559999999999977,
        27.559999999999977,
        27.559999999999977,
        27.559999999999977,
        27.559999999999977
    ],
    "tds": [
        1313.6646875,
        1287.8539393939393,
        1284.69,
        1282.1825000000008,
        1284.4106060606061
    ],
    "ph": [
        4.1025,
        4.485757575757576,
        4.706666666666666,
        4.867499999999999,
        4.94969696969697
    ],
    "ntu": [
        3000.0,
        3000.0,
        3000.0,
        3000.0,
        3000.0
    ],
    "temp_avg": 27.55999999999998,
    "tds_avg": 1290.5603465909094,
    "ph_avg": 4.622424242424243,
    "ntu_avg": 3000.0
}