{
    "year": 2021,
    "month": 4,
    "day": 9,
    "hour": 2,
    "minute": 55,
    "temp": [
        26.190000000000023,
        26.190000000000023,
        26.190000000000023,
        26.18787878787881,
        26.14843750000001
    ],
    "tds": [
        1353.93,
        1357.7549999999994,
        1359.0299999999995,
        1366.4321212121217,
        1375.7112500000005
    ],
    "ph": [
        3.8030303030303036,
        3.7874999999999996,
        3.7506060606060614,
        3.7660606060606057,
        3.640312499999999
    ],
    "ntu": [
        3000.0,
        3000.0,
        3000.0,
        3000.0,
        3000.0
    ],
    "temp_avg": 26.18126325757577,
    "tds_avg": 1362.5716742424243,
    "ph_avg": 3.7495018939393936,
    "ntu_avg": 3000.0
}