{
    "year": 2021,
    "month": 4,
    "day": 14,
    "hour": 20,
    "minute": 45,
    "temp": [
        29.34636363636363,
        29.341874999999995,
        29.333636363636344,
        29.326363636363624,
        29.338124999999984
    ],
    "tds": [
        1215.2521212121214,
        1232.0118750000004,
        1241.3557575757573,
        1247.3093939393939,
        1244.9924999999998
    ],
    "ph": [
        4.885151515151517,
        4.787812499999999,
        4.725454545454546,
        4.695757575757575,
        4.7959375
    ],
    "ntu": [
        3000.0,
        3000.0,
        3000.0,
        3000.0,
        3000.0
    ],
    "temp_avg": 29.337272727272715,
    "tds_avg": 1236.1843295454546,
    "ph_avg": 4.778022727272727,
    "ntu_avg": 3000.0
}