{
    "year": 2021,
    "month": 4,
    "day": 12,
    "hour": 11,
    "minute": 5,
    "temp": [
        28.75,
        28.78454545454543,
        28.809999999999974,
        28.87,
        28.923030303030327
    ],
    "tds": [
        1208.865151515151,
        1207.7763636363634,
        1207.0887500000003,
        1204.3206060606062,
        1201.038181818182
    ],
    "ph": [
        8.00030303030303,
        8.016363636363641,
        8.021875000000003,
        8.01787878787879,
        7.99969696969697
    ],
    "ntu": [
        3000.0,
        3000.0,
        3000.0,
        3000.0,
        3000.0
    ],
    "temp_avg": 28.827515151515144,
    "tds_avg": 1205.8178106060607,
    "ph_avg": 8.011223484848486,
    "ntu_avg": 3000.0
}