{
    "year": 2021,
    "month": 4,
    "day": 15,
    "hour": 10,
    "minute": 25,
    "temp": [
        30.02062499999999,
        30.04363636363634,
        30.02909090909089,
        30.03374999999999,
        30.058181818181794
    ],
    "tds": [
        1038.8875,
        1037.0539393939393,
        1035.6493939393943,
        1034.1984375000004,
        1035.6478787878787
    ],
    "ph": [
        6.462812499999998,
        6.485454545454547,
        6.455454545454544,
        6.4296874999999964,
        6.4851515151515144
    ],
    "ntu": [
        3000.0,
        3000.0,
        3000.0,
        3000.0,
        3000.0
    ],
    "temp_avg": 30.037056818181803,
    "tds_avg": 1036.2874299242426,
    "ph_avg": 6.4637121212121205,
    "ntu_avg": 3000.0
}