{
    "year": 2021,
    "month": 4,
    "day": 24,
    "hour": 10,
    "minute": 40,
    "temp": [
        30.11757142857145,
        30.187464788732427,
        30.10114285714282,
        30.0414084507042,
        29.97718309859157
    ],
    "ntu": [
        292.2857142857143,
        287.85915492957747,
        271.92857142857144,
        242.43661971830986,
        220.90140845070422
    ],
    "temp_avg": 30.084954124748492,
    "ntu_avg": 263.08229376257543
}