{
    "year": 2021,
    "month": 4,
    "day": 14,
    "hour": 6,
    "minute": 40,
    "temp": [
        29.644062500000004,
        29.62,
        29.60727272727272,
        29.561874999999976,
        29.558181818181794
    ],
    "tds": [
        1054.6112499999997,
        1051.6127272727274,
        1049.8533333333335,
        1053.1556249999999,
        1055.3463636363638
    ],
    "ph": [
        4.833750000000001,
        4.839696969696973,
        4.816969696969696,
        4.821249999999999,
        4.811515151515151
    ],
    "ntu": [
        3000.0,
        3000.0,
        3000.0,
        3000.0,
        3000.0
    ],
    "temp_avg": 29.5982784090909,
    "tds_avg": 1052.9158598484848,
    "ph_avg": 4.824636363636364,
    "ntu_avg": 3000.0
}