{
    "year": 2021,
    "month": 4,
    "day": 16,
    "hour": 9,
    "minute": 40,
    "temp": [
        29.809999999999974,
        29.80636363636361,
        29.809999999999974,
        29.79545454545453,
        29.769999999999996
    ],
    "tds": [
        1137.837575757576,
        1139.6333333333334,
        1139.8625000000002,
        1140.0733333333335,
        1141.2236363636366
    ],
    "ph": [
        7.170606060606058,
        7.185151515151515,
        7.204687500000001,
        7.22242424242424,
        7.2221212121212135
    ],
    "ntu": [
        3000.0,
        3000.0,
        3000.0,
        3000.0,
        3000.0
    ],
    "temp_avg": 29.798363636363614,
    "tds_avg": 1139.726075757576,
    "ph_avg": 7.200998106060605,
    "ntu_avg": 3000.0
}