{
    "year": 2021,
    "month": 4,
    "day": 14,
    "hour": 19,
    "minute": 51,
    "temp": [
        29.12,
        29.12,
        29.12,
        29.12,
        29.126562500000002
    ],
    "tds": [
        1265.581515151515,
        1263.1746875,
        1261.6542424242423,
        1259.1893939393938,
        1266.3415624999998
    ],
    "ph": [
        4.6075757575757565,
        4.618125000000001,
        4.656363636363635,
        4.725757575757577,
        4.653749999999999
    ],
    "ntu": [
        3000.0,
        3000.0,
        3000.0,
        3000.0,
        3000.0
    ],
    "temp_avg": 29.1213125,
    "tds_avg": 1263.1882803030303,
    "ph_avg": 4.652314393939394,
    "ntu_avg": 3000.0
}