{
    "year": 2021,
    "month": 4,
    "day": 26,
    "hour": 10,
    "minute": 30,
    "temp": [
        26.720422535211295,
        26.710571428571452,
        26.720422535211284,
        26.72000000000002,
        26.733943661971843
    ],
    "ntu": [
        442.28169014084506,
        447.77142857142854,
        449.3943661971831,
        440.84285714285716,
        444.38028169014086
    ],
    "temp_avg": 26.721072032193177,
    "ntu_avg": 444.93412474849094
}