{
    "year": 2021,
    "month": 4,
    "day": 10,
    "hour": 3,
    "minute": 25,
    "temp": [
        25.55999999999998,
        25.55999999999998,
        25.55999999999998,
        25.55999999999998,
        25.561818181818165
    ],
    "tds": [
        1396.2268749999996,
        1394.8466666666666,
        1398.3799999999999,
        1394.8493750000005,
        1395.4890909090907
    ],
    "ph": [
        3.4471875000000005,
        3.397878787878789,
        3.388787878787879,
        3.4425000000000003,
        3.336666666666666
    ],
    "ntu": [
        3000.0,
        3000.0,
        3000.0,
        3000.0,
        3000.0
    ],
    "temp_avg": 25.56036363636362,
    "tds_avg": 1395.9584015151515,
    "ph_avg": 3.4026041666666673,
    "ntu_avg": 3000.0
}