{
    "year": 2021,
    "month": 4,
    "day": 14,
    "hour": 15,
    "minute": 45,
    "temp": [
        27.056363636363614,
        27.056363636363614,
        27.056363636363614,
        27.061363636363605,
        27.061363636363605
    ],
    "tds": [
        1465.3963636363646,
        1465.3963636363646,
        1465.3963636363646,
        1181.8970454545452,
        1181.8970454545452
    ],
    "ph": [
        4.931212121212121,
        4.931212121212121,
        4.931212121212121,
        4.39568181818182,
        4.39568181818182
    ],
    "ntu": [
        3000.0,
        3000.0,
        3000.0,
        3000.0,
        3000.0
    ],
    "temp_avg": 27.058363636363612,
    "tds_avg": 1351.996636363637,
    "ph_avg": 4.7170000000000005,
    "ntu_avg": 3000.0
}