{
    "year": 2021,
    "month": 4,
    "day": 20,
    "hour": 6,
    "minute": 45,
    "temp": [
        27.25,
        27.22454545454547,
        27.190000000000023,
        27.190000000000023,
        27.156060606060613
    ],
    "tds": [
        1152.6539393939388,
        1155.289090909091,
        1153.0300000000004,
        1156.5400000000006,
        1157.5642424242426
    ],
    "ph": [
        1.52030303030303,
        1.6109090909090908,
        1.7,
        1.7739393939393941,
        1.502121212121212
    ],
    "ntu": [
        3000.0,
        3000.0,
        3000.0,
        3000.0,
        3000.0
    ],
    "temp_avg": 27.202121212121227,
    "tds_avg": 1155.0154545454548,
    "ph_avg": 1.6214545454545455,
    "ntu_avg": 3000.0
}