{
    "year": 2021,
    "month": 4,
    "day": 16,
    "hour": 10,
    "minute": 0,
    "temp": [
        29.559999999999974,
        29.558124999999976,
        29.538181818181805,
        29.5,
        29.5
    ],
    "tds": [
        1153.4199999999992,
        1153.4199999999992,
        1154.697575757576,
        1155.824848484849,
        1155.9000000000005
    ],
    "ph": [
        7.41151515151515,
        7.3549999999999995,
        7.399090909090908,
        7.409999999999997,
        7.427812500000001
    ],
    "ntu": [
        3000.0,
        3000.0,
        3000.0,
        3000.0,
        3000.0
    ],
    "temp_avg": 29.53126136363635,
    "tds_avg": 1154.6524848484846,
    "ph_avg": 7.400683712121212,
    "ntu_avg": 3000.0
}