{
    "year": 2021,
    "month": 4,
    "day": 24,
    "hour": 10,
    "minute": 10,
    "temp": [
        30.09746478873241,
        30.161999999999978,
        30.074366197183064,
        30.00422535211268,
        29.94685714285718
    ],
    "ntu": [
        304.4225352112676,
        335.98571428571427,
        343.9718309859155,
        333.6901408450704,
        321.4714285714286
    ],
    "temp_avg": 30.056982696177062,
    "ntu_avg": 327.9083299798793
}