{
    "year": 2021,
    "month": 4,
    "day": 15,
    "hour": 21,
    "minute": 5,
    "temp": [
        29.76454545454545,
        29.79124999999998,
        29.782727272727264,
        29.791818181818165,
        29.76125
    ],
    "tds": [
        1129.1509090909087,
        1130.3253124999994,
        1130.0684848484852,
        1128.7181818181816,
        1132.2225
    ],
    "ph": [
        7.48212121212121,
        7.4793749999999966,
        7.510606060606066,
        7.503939393939394,
        7.507499999999999
    ],
    "ntu": [
        3000.0,
        3000.0,
        3000.0,
        3000.0,
        3000.0
    ],
    "temp_avg": 29.77831818181817,
    "tds_avg": 1130.097077651515,
    "ph_avg": 7.496708333333333,
    "ntu_avg": 3000.0
}