{
    "year": 2021,
    "month": 4,
    "day": 12,
    "hour": 0,
    "minute": 10,
    "temp": [
        26.612727272727266,
        26.559999999999977,
        26.559999999999977,
        26.514545454545456,
        26.5
    ],
    "tds": [
        1326.2666666666657,
        1329.2603125000003,
        1329.3600000000004,
        1332.0836363636363,
        1332.57
    ],
    "ph": [
        7.126363636363637,
        7.115937500000004,
        7.103030303030302,
        7.107272727272729,
        7.036060606060606
    ],
    "ntu": [
        3000.0,
        3000.0,
        3000.0,
        3000.0,
        3000.0
    ],
    "temp_avg": 26.549454545454534,
    "tds_avg": 1329.9081231060604,
    "ph_avg": 7.097732954545455,
    "ntu_avg": 3000.0
}