{
    "year": 2021,
    "month": 4,
    "day": 11,
    "hour": 11,
    "minute": 35,
    "temp": [
        29.887500000000006,
        29.87,
        29.826363636363613,
        29.794999999999987,
        29.75
    ],
    "tds": [
        1037.3428125,
        1036.3960606060598,
        1037.8245454545456,
        1040.5331250000004,
        1040.9481818181825
    ],
    "ph": [
        6.414062499999999,
        6.449999999999999,
        6.399090909090909,
        6.4175,
        6.3842424242424265
    ],
    "ntu": [
        3000.0,
        3000.0,
        3000.0,
        3000.0,
        3000.0
    ],
    "temp_avg": 29.82577272727272,
    "tds_avg": 1038.608945075758,
    "ph_avg": 6.412979166666668,
    "ntu_avg": 3000.0
}