{
    "year": 2021,
    "month": 4,
    "day": 23,
    "hour": 13,
    "minute": 50,
    "temp": [
        29.72169491525422,
        29.804915254237255,
        29.75,
        29.696101694915292,
        29.651499999999967
    ],
    "ntu": [
        2099.05220338983,
        2052.2496610169496,
        2076.0121666666664,
        2079.9267796610166,
        2071.620333333333
    ],
    "temp_avg": 29.724842372881348,
    "ntu_avg": 2075.772228813559
}