{
    "year": 2021,
    "month": 4,
    "day": 21,
    "hour": 6,
    "minute": 45,
    "temp": [
        29.4925,
        29.5,
        29.529090909090893,
        29.559999999999974,
        29.56727272727271
    ],
    "tds": [
        1241.6062499999998,
        1239.916363636364,
        1240.1084848484845,
        1238.6424999999995,
        1235.6812121212124
    ],
    "ph": [
        4.898125,
        4.92878787878788,
        4.951515151515149,
        4.943124999999999,
        4.9457575757575745
    ],
    "ntu": [
        3000.0,
        3000.0,
        3000.0,
        3000.0,
        3000.0
    ],
    "temp_avg": 29.52977272727271,
    "tds_avg": 1239.1909621212121,
    "ph_avg": 4.933462121212121,
    "ntu_avg": 3000.0
}