{
    "year": 2021,
    "month": 4,
    "day": 26,
    "hour": 5,
    "minute": 57,
    "temp": [
        26.690000000000037,
        26.690000000000037,
        26.690000000000037,
        26.690000000000037,
        26.690000000000037
    ],
    "ntu": [
        -24.816901408450704,
        -24.685714285714287,
        -25.12676056338028,
        596.3285714285714,
        603.056338028169
    ],
    "temp_avg": 26.690000000000037,
    "ntu_avg": 224.95110663983905
}