{
    "year": 2021,
    "month": 4,
    "day": 5,
    "hour": 1,
    "minute": 41,
    "temp": [
        24.44,
        24.44,
        24.44,
        24.5,
        24.5
    ],
    "tds": [
        0.0,
        0.0,
        0.0,
        0.0,
        0.0
    ],
    "ph": [
        0.11,
        0.1,
        0.11,
        0.11,
        0.12
    ],
    "ntu": [
        3000.0,
        3000.0,
        3000.0,
        3000.0,
        3000.0
    ],
    "temp_avg": 24.464000000000002,
    "tds_avg": 0.0,
    "ph_avg": 0.11000000000000001,
    "ntu_avg": 3000.0
}