{
    "year": 2021,
    "month": 4,
    "day": 9,
    "hour": 13,
    "minute": 20,
    "temp": [
        29.563636363636338,
        29.559999999999974,
        29.559999999999974,
        29.590909090909086,
        29.62
    ],
    "tds": [
        1191.0618181818177,
        1191.805625,
        1195.4000000000008,
        1193.9872727272727,
        1192.6771875000002
    ],
    "ph": [
        5.006060606060607,
        5.038750000000002,
        5.014848484848485,
        5.118484848484846,
        5.108750000000002
    ],
    "ntu": [
        3000.0,
        3000.0,
        3000.0,
        3000.0,
        3000.0
    ],
    "temp_avg": 29.578909090909075,
    "tds_avg": 1192.9863806818184,
    "ph_avg": 5.057378787878788,
    "ntu_avg": 3000.0
}