{
    "year": 2021,
    "month": 4,
    "day": 13,
    "hour": 4,
    "minute": 45,
    "temp": [
        29.862727272727273,
        29.87,
        29.882727272727283,
        29.940000000000026,
        29.940000000000026
    ],
    "tds": [
        476.69515151515145,
        452.1234374999999,
        438.70363636363635,
        435.4018181818182,
        456.4578124999999
    ],
    "ph": [
        0.0,
        0.0,
        0.0,
        0.0,
        0.0
    ],
    "ntu": [
        3000.0,
        3000.0,
        3000.0,
        3000.0,
        3000.0
    ],
    "temp_avg": 29.899090909090923,
    "tds_avg": 451.87637121212117,
    "ph_avg": 0.0,
    "ntu_avg": 3000.0
}