{
    "year": 2021,
    "month": 4,
    "day": 19,
    "hour": 13,
    "minute": 56,
    "temp": [
        28.204545454545478,
        28.190000000000023,
        28.172500000000014,
        28.12,
        28.10545454545453
    ],
    "tds": [
        1095.6315151515155,
        1096.1300000000006,
        1097.0846875000004,
        1098.48,
        1098.9827272727268
    ],
    "ph": [
        0.27424242424242423,
        0.20515151515151522,
        0.23124999999999996,
        0.15181818181818185,
        0.19363636363636366
    ],
    "ntu": [
        3000.0,
        3000.0,
        3000.0,
        3000.0,
        3000.0
    ],
    "temp_avg": 28.15850000000001,
    "tds_avg": 1097.2617859848488,
    "ph_avg": 0.21121969696969697,
    "ntu_avg": 3000.0
}