{
    "year": 2021,
    "month": 4,
    "day": 15,
    "hour": 0,
    "minute": 10,
    "temp": [
        29.049090909090893,
        29.00181818181818,
        28.998125,
        28.95636363636366,
        28.940000000000026
    ],
    "tds": [
        1234.3566666666668,
        1236.8566666666668,
        1236.94,
        1238.8706060606057,
        1238.0881818181813
    ],
    "ph": [
        5.130303030303032,
        5.040606060606061,
        4.946249999999999,
        4.895151515151515,
        5.033333333333337
    ],
    "ntu": [
        3000.0,
        3000.0,
        3000.0,
        3000.0,
        3000.0
    ],
    "temp_avg": 28.98907954545455,
    "tds_avg": 1237.0224242424242,
    "ph_avg": 5.0091287878787885,
    "ntu_avg": 3000.0
}