{
    "year": 2021,
    "month": 4,
    "day": 16,
    "hour": 9,
    "minute": 30,
    "temp": [
        29.75,
        29.75,
        29.77909090909089,
        29.80249999999998,
        29.809999999999974
    ],
    "tds": [
        1137.9100000000003,
        1137.9100000000003,
        1136.5224242424242,
        1135.8765625,
        1135.5
    ],
    "ph": [
        7.115625000000003,
        7.138484848484847,
        7.119090909090911,
        7.10875,
        7.1818181818181825
    ],
    "ntu": [
        3000.0,
        3000.0,
        3000.0,
        3000.0,
        3000.0
    ],
    "temp_avg": 29.778318181818168,
    "tds_avg": 1136.743797348485,
    "ph_avg": 7.132753787878788,
    "ntu_avg": 3000.0
}