{
    "year": 2021,
    "month": 4,
    "day": 14,
    "hour": 3,
    "minute": 50,
    "temp": [
        27.62,
        27.618181818181817,
        27.56545454545452,
        27.559999999999977,
        27.543636363636352
    ],
    "tds": [
        1133.9371874999997,
        1130.3254545454545,
        1132.3627272727276,
        1132.7400000000005,
        1134.3993939393945
    ],
    "ph": [
        4.935625,
        4.968787878787878,
        4.99151515151515,
        4.96375,
        4.961818181818181
    ],
    "ntu": [
        3000.0,
        3000.0,
        3000.0,
        3000.0,
        3000.0
    ],
    "temp_avg": 27.581454545454534,
    "tds_avg": 1132.7529526515154,
    "ph_avg": 4.964299242424241,
    "ntu_avg": 3000.0
}