{
    "year": 2021,
    "month": 4,
    "day": 15,
    "hour": 6,
    "minute": 50,
    "temp": [
        27.559999999999977,
        27.559999999999977,
        27.559999999999977,
        27.559999999999977,
        27.559999999999977
    ],
    "tds": [
        1269.98625,
        1265.4778787878788,
        1266.3248484848489,
        1270.57,
        1270.57
    ],
    "ph": [
        4.6978125,
        4.703636363636363,
        4.703030303030303,
        4.705937499999998,
        4.684242424242424
    ],
    "ntu": [
        3000.0,
        3000.0,
        3000.0,
        3000.0,
        3000.0
    ],
    "temp_avg": 27.55999999999998,
    "tds_avg": 1268.5857954545454,
    "ph_avg": 4.698931818181817,
    "ntu_avg": 3000.0
}