{
    "year": 2021,
    "month": 4,
    "day": 16,
    "hour": 6,
    "minute": 40,
    "temp": [
        27.699375000000018,
        27.70272727272729,
        27.71000000000001,
        27.71250000000001,
        27.70636363636365
    ],
    "tds": [
        1241.2849999999996,
        1240.951515151515,
        1240.7793939393935,
        1239.1146874999997,
        1240.3490909090908
    ],
    "ph": [
        6.83,
        6.800606060606062,
        6.888484848484849,
        6.871250000000002,
        6.877878787878787
    ],
    "ntu": [
        3000.0,
        3000.0,
        3000.0,
        3000.0,
        3000.0
    ],
    "temp_avg": 27.706193181818197,
    "tds_avg": 1240.4959374999996,
    "ph_avg": 6.85364393939394,
    "ntu_avg": 3000.0
}