{
    "year": 2021,
    "month": 4,
    "day": 10,
    "hour": 13,
    "minute": 30,
    "temp": [
        27.559999999999977,
        27.53272727272727,
        27.5,
        27.496250000000003,
        27.441818181818206
    ],
    "tds": [
        1132.7400000000005,
        1134.1036363636367,
        1135.2400000000005,
        1135.3968750000004,
        1134.1372727272724
    ],
    "ph": [
        4.682187499999999,
        4.74060606060606,
        4.841515151515151,
        4.872499999999999,
        4.917575757575758
    ],
    "ntu": [
        3000.0,
        3000.0,
        3000.0,
        3000.0,
        3000.0
    ],
    "temp_avg": 27.50615909090909,
    "tds_avg": 1134.3235568181822,
    "ph_avg": 4.810876893939393,
    "ntu_avg": 3000.0
}