{
    "year": 2021,
    "month": 4,
    "day": 8,
    "hour": 20,
    "minute": 10,
    "temp": [
        29.62,
        29.62,
        29.62,
        29.62,
        29.63060606060607
    ],
    "tds": [
        1257.6593939393938,
        1248.0918181818183,
        1249.3000000000002,
        1251.8569696969707,
        1244.5366666666666
    ],
    "ph": [
        0.0,
        0.0,
        0.0,
        0.0,
        0.0
    ],
    "ntu": [
        3000.0,
        3000.0,
        3000.0,
        3000.0,
        3000.0
    ],
    "temp_avg": 29.622121212121215,
    "tds_avg": 1250.28896969697,
    "ph_avg": 0.0,
    "ntu_avg": 3000.0
}