{
    "year": 2021,
    "month": 4,
    "day": 12,
    "hour": 7,
    "minute": 40,
    "temp": [
        26.309999999999977,
        26.309999999999977,
        26.309999999999977,
        26.309999999999977,
        26.309999999999977
    ],
    "tds": [
        1322.410909090909,
        1323.9718749999993,
        1323.6181818181808,
        1324.9763636363625,
        1327.24
    ],
    "ph": [
        6.704848484848484,
        6.699999999999997,
        6.7039393939393905,
        6.704848484848482,
        6.701249999999996
    ],
    "ntu": [
        3000.0,
        3000.0,
        3000.0,
        3000.0,
        3000.0
    ],
    "temp_avg": 26.30999999999998,
    "tds_avg": 1324.4434659090903,
    "ph_avg": 6.70297727272727,
    "ntu_avg": 3000.0
}