{
    "year": 2021,
    "month": 4,
    "day": 16,
    "hour": 10,
    "minute": 10,
    "temp": [
        29.37424242424243,
        29.37,
        29.37,
        29.36454545454545,
        29.313749999999974
    ],
    "tds": [
        1160.2739393939396,
        1160.8800000000003,
        1160.8800000000003,
        1161.0315151515154,
        1163.2237500000003
    ],
    "ph": [
        7.446060606060608,
        7.459062499999999,
        7.4857575757575745,
        7.484242424242422,
        7.46375
    ],
    "ntu": [
        3000.0,
        3000.0,
        3000.0,
        3000.0,
        3000.0
    ],
    "temp_avg": 29.358507575757574,
    "tds_avg": 1161.257840909091,
    "ph_avg": 7.46777462121212,
    "ntu_avg": 3000.0
}