{
    "year": 2021,
    "month": 4,
    "day": 22,
    "hour": 23,
    "minute": 5,
    "temp": [
        27.658474576271193,
        27.647999999999964,
        27.58033898305081,
        27.5437288135593,
        27.5
    ],
    "ntu": [
        2011.6633898305085,
        1979.5533333333333,
        1971.7593220338983,
        1953.1369491525425,
        1967.8353333333334
    ],
    "temp_avg": 27.586108474576253,
    "ntu_avg": 1976.7896655367229
}