{
    "year": 2021,
    "month": 4,
    "day": 21,
    "hour": 9,
    "minute": 45,
    "temp": [
        27.019999999999982,
        27.059999999999977,
        27.06181818181816,
        27.114545454545457,
        27.12
    ],
    "tds": [
        1361.2530303030305,
        1358.4700000000005,
        1358.3712121212125,
        1355.3087878787874,
        1352.2412499999994
    ],
    "ph": [
        5.246666666666668,
        5.2212499999999995,
        5.239696969696971,
        5.2327272727272724,
        5.2543750000000005
    ],
    "ntu": [
        3000.0,
        3000.0,
        3000.0,
        3000.0,
        3000.0
    ],
    "temp_avg": 27.075272727272715,
    "tds_avg": 1357.1288560606058,
    "ph_avg": 5.238943181818183,
    "ntu_avg": 3000.0
}