{
    "year": 2021,
    "month": 4,
    "day": 15,
    "hour": 2,
    "minute": 45,
    "temp": [
        27.687878787878812,
        27.67906250000002,
        27.68787878787881,
        27.675151515151533,
        27.685625000000023
    ],
    "tds": [
        1308.124848484848,
        1307.4978124999993,
        1307.4890909090902,
        1307.8333333333323,
        1308.5659374999996
    ],
    "ph": [
        5.0281818181818165,
        5.043125000000001,
        5.040909090909094,
        5.077575757575761,
        5.0321875
    ],
    "ntu": [
        3000.0,
        3000.0,
        3000.0,
        3000.0,
        3000.0
    ],
    "temp_avg": 27.683119318181838,
    "tds_avg": 1307.9022045454537,
    "ph_avg": 5.0443958333333345,
    "ntu_avg": 3000.0
}