{
    "year": 2021,
    "month": 4,
    "day": 9,
    "hour": 21,
    "minute": 15,
    "temp": [
        29.485454545454544,
        29.5,
        29.53272727272725,
        29.559999999999974,
        29.571249999999985
    ],
    "tds": [
        1225.3184848484848,
        1223.9499999999998,
        1222.1566666666665,
        1221.5242424242424,
        1216.2450000000001
    ],
    "ph": [
        4.618181818181819,
        4.706562499999999,
        4.715151515151514,
        4.747878787878788,
        4.8728124999999975
    ],
    "ntu": [
        3000.0,
        3000.0,
        3000.0,
        3000.0,
        3000.0
    ],
    "temp_avg": 29.529886363636354,
    "tds_avg": 1221.8388787878787,
    "ph_avg": 4.732117424242424,
    "ntu_avg": 3000.0
}