{
    "year": 2021,
    "month": 4,
    "day": 23,
    "hour": 20,
    "minute": 56,
    "temp": [
        30.431428571428587,
        30.35225352112672,
        30.299859154929546,
        30.234571428571442,
        30.390285714285724
    ],
    "ntu": [
        -38.114285714285714,
        -33.63380281690141,
        -30.746478873239436,
        -29.242857142857144,
        566.5571428571428
    ],
    "temp_avg": 30.34167967806841,
    "ntu_avg": 86.96394366197183
}