{
    "year": 2021,
    "month": 4,
    "day": 23,
    "hour": 1,
    "minute": 11,
    "temp": [
        29.675762711864394,
        29.545999999999978,
        29.475593220339004,
        29.414333333333314,
        29.75694915254232
    ],
    "ntu": [
        2076.762711864406,
        2098.597666666666,
        2101.747288135593,
        2110.4618333333337,
        2350.218644067796
    ],
    "temp_avg": 29.5737276836158,
    "ntu_avg": 2147.557628813559
}