{
    "year": 2021,
    "month": 4,
    "day": 10,
    "hour": 21,
    "minute": 50,
    "temp": [
        28.809999999999974,
        28.823124999999987,
        28.87,
        28.901818181818204,
        28.941875000000024
    ],
    "tds": [
        1236.32,
        1235.8887499999996,
        1233.56,
        1232.2266666666665,
        1230.81
    ],
    "ph": [
        5.907575757575756,
        5.9396875,
        5.905454545454544,
        5.924242424242423,
        5.9215624999999985
    ],
    "ntu": [
        3000.0,
        3000.0,
        3000.0,
        3000.0,
        3000.0
    ],
    "temp_avg": 28.86936363636364,
    "tds_avg": 1233.7610833333333,
    "ph_avg": 5.919704545454545,
    "ntu_avg": 3000.0
}