{
    "year": 2021,
    "month": 4,
    "day": 22,
    "hour": 19,
    "minute": 5,
    "temp": [
        28.815084745762725,
        28.849333333333316,
        28.72355932203392,
        28.676000000000005,
        28.619999999999955
    ],
    "ntu": [
        1995.6479661016954,
        1894.7725,
        1901.336779661017,
        1878.9479999999999,
        1899.2455932203395
    ],
    "temp_avg": 28.736795480225982,
    "ntu_avg": 1913.9901677966104
}