{
    "year": 2021,
    "month": 4,
    "day": 23,
    "hour": 3,
    "minute": 40,
    "temp": [
        27.512033898305056,
        27.492000000000008,
        27.43050847457629,
        27.36799999999996,
        27.311016949152506
    ],
    "ntu": [
        1658.0381355932204,
        1577.1985,
        1589.6928813559323,
        1585.7606666666675,
        1575.6589830508478
    ],
    "temp_avg": 27.42271186440676,
    "ntu_avg": 1597.2698333333333
}