{
    "year": 2021,
    "month": 4,
    "day": 22,
    "hour": 23,
    "minute": 35,
    "temp": [
        28.585666666666704,
        28.579322033898276,
        28.492000000000008,
        28.440000000000037,
        28.379333333333292
    ],
    "ntu": [
        2243.2134999999994,
        2178.0289830508477,
        2182.7111666666665,
        2177.210338983051,
        2175.5358333333334
    ],
    "temp_avg": 28.495264406779665,
    "ntu_avg": 2191.33996440678
}