{
    "year": 2021,
    "month": 4,
    "day": 24,
    "hour": 10,
    "minute": 25,
    "temp": [
        30.116527777777783,
        30.214857142857173,
        30.109859154929527,
        30.048857142857113,
        29.994929577464795
    ],
    "ntu": [
        318.75,
        314.9,
        315.50704225352115,
        311.22857142857146,
        311.9718309859155
    ],
    "temp_avg": 30.097006159177276,
    "ntu_avg": 314.4714889336016
}