{
    "year": 2021,
    "month": 4,
    "day": 14,
    "hour": 13,
    "minute": 5,
    "temp": [
        27.440000000000023,
        27.456363636363644,
        27.505625000000002,
        27.51818181818181,
        27.556363636363614
    ],
    "tds": [
        1358.9499999999996,
        1353.8996969696973,
        1350.34875,
        1354.5390909090904,
        1347.6372727272733
    ],
    "ph": [
        6.039393939393941,
        6.087272727272729,
        6.055625000000001,
        6.0627272727272725,
        6.046363636363637
    ],
    "ntu": [
        3000.0,
        3000.0,
        3000.0,
        3000.0,
        3000.0
    ],
    "temp_avg": 27.49530681818182,
    "tds_avg": 1353.0749621212121,
    "ph_avg": 6.058276515151516,
    "ntu_avg": 3000.0
}