{
    "year": 2021,
    "month": 4,
    "day": 19,
    "hour": 19,
    "minute": 0,
    "temp": [
        27.90606060606063,
        27.950909090909104,
        28.026249999999987,
        28.039999999999978,
        28.10181818181818
    ],
    "tds": [
        1291.8145454545459,
        1289.4569696969693,
        1277.1778124999998,
        1274.1663636363628,
        1274.0148484848487
    ],
    "ph": [
        2.767575757575759,
        2.686363636363638,
        2.9768750000000006,
        3.1578787878787873,
        3.006666666666667
    ],
    "ntu": [
        3000.0,
        3000.0,
        3000.0,
        3000.0,
        3000.0
    ],
    "temp_avg": 28.005007575757578,
    "tds_avg": 1281.3261079545453,
    "ph_avg": 2.91907196969697,
    "ntu_avg": 3000.0
}