{
    "year": 2021,
    "month": 4,
    "day": 10,
    "hour": 10,
    "minute": 40,
    "temp": [
        28.12,
        28.181515151515175,
        28.197500000000016,
        28.25,
        28.273636363636346
    ],
    "tds": [
        1266.6718181818178,
        1260.6230303030302,
        1261.5725000000002,
        1261.7300000000005,
        1259.000909090909
    ],
    "ph": [
        4.792121212121214,
        4.821818181818183,
        4.784062500000001,
        4.773030303030304,
        4.783636363636366
    ],
    "ntu": [
        3000.0,
        3000.0,
        3000.0,
        3000.0,
        3000.0
    ],
    "temp_avg": 28.20453030303031,
    "tds_avg": 1261.9196515151516,
    "ph_avg": 4.790933712121213,
    "ntu_avg": 3000.0
}