{
    "year": 2021,
    "month": 4,
    "day": 11,
    "hour": 17,
    "minute": 20,
    "temp": [
        27.425151515151537,
        27.46363636363637,
        27.51124999999999,
        27.559999999999977,
        27.60909090909091
    ],
    "tds": [
        1286.4060606060602,
        1284.9499999999998,
        1282.5775000000003,
        1279.9700000000005,
        1277.36
    ],
    "ph": [
        6.667272727272725,
        6.595151515151514,
        6.597812500000001,
        6.62969696969697,
        6.595757575757578
    ],
    "ntu": [
        3000.0,
        3000.0,
        3000.0,
        3000.0,
        3000.0
    ],
    "temp_avg": 27.513825757575756,
    "tds_avg": 1282.252712121212,
    "ph_avg": 6.617138257575758,
    "ntu_avg": 3000.0
}