{
    "year": 2021,
    "month": 4,
    "day": 20,
    "hour": 14,
    "minute": 0,
    "temp": [
        29.5,
        29.556363636363614,
        29.559999999999974,
        29.62,
        29.62
    ],
    "tds": [
        1237.1100000000004,
        1234.4627272727273,
        1231.238484848485,
        1229.2018750000004,
        1230.3357575757582
    ],
    "ph": [
        4.861250000000001,
        4.892121212121211,
        4.831212121212121,
        4.862500000000001,
        4.8966666666666665
    ],
    "ntu": [
        3000.0,
        3000.0,
        3000.0,
        3000.0,
        3000.0
    ],
    "temp_avg": 29.57127272727272,
    "tds_avg": 1232.4697689393943,
    "ph_avg": 4.86875,
    "ntu_avg": 3000.0
}