{
    "year": 2021,
    "month": 4,
    "day": 20,
    "hour": 18,
    "minute": 20,
    "temp": [
        29.5,
        29.483636363636375,
        29.501875,
        29.51454545454544,
        29.559999999999974
    ],
    "tds": [
        1232.1778787878782,
        1233.3693939393936,
        1232.6249999999993,
        1232.1330303030297,
        1229.9900000000002
    ],
    "ph": [
        4.912424242424242,
        4.928484848484848,
        4.9246875,
        4.933333333333334,
        4.950909090909089
    ],
    "ntu": [
        3000.0,
        3000.0,
        3000.0,
        3000.0,
        3000.0
    ],
    "temp_avg": 29.51201136363636,
    "tds_avg": 1232.0590606060603,
    "ph_avg": 4.929967803030303,
    "ntu_avg": 3000.0
}