{
    "year": 2021,
    "month": 4,
    "day": 13,
    "hour": 15,
    "minute": 5,
    "temp": [
        29.806363636363614,
        29.75,
        29.73545454545456,
        29.690000000000026,
        29.670312500000012
    ],
    "tds": [
        0.0,
        0.0,
        0.0,
        0.0,
        0.0
    ],
    "ph": [
        0.0,
        0.0,
        0.0,
        0.0,
        0.0
    ],
    "ntu": [
        3000.0,
        3000.0,
        3000.0,
        3000.0,
        3000.0
    ],
    "temp_avg": 29.730426136363644,
    "tds_avg": 0.0,
    "ph_avg": 0.0,
    "ntu_avg": 3000.0
}