{
    "year": 2021,
    "month": 4,
    "day": 11,
    "hour": 20,
    "minute": 5,
    "temp": [
        27.75,
        27.700909090909107,
        27.690000000000023,
        27.683437500000018,
        27.622121212121215
    ],
    "tds": [
        1116.98,
        1119.198181818181,
        1119.4199999999992,
        1119.8028124999996,
        1121.7957575757573
    ],
    "ph": [
        6.600624999999998,
        6.622424242424239,
        6.625151515151518,
        6.626562499999999,
        6.620909090909093
    ],
    "ntu": [
        3000.0,
        3000.0,
        3000.0,
        3000.0,
        3000.0
    ],
    "temp_avg": 27.689293560606075,
    "tds_avg": 1119.4393503787874,
    "ph_avg": 6.619134469696969,
    "ntu_avg": 3000.0
}