{
    "year": 2021,
    "month": 4,
    "day": 15,
    "hour": 3,
    "minute": 15,
    "temp": [
        27.62,
        27.62,
        27.62,
        27.62,
        27.62
    ],
    "tds": [
        1315.0999999999992,
        1315.0999999999992,
        1315.9781818181814,
        1317.734545454545,
        1315.2509374999993
    ],
    "ph": [
        5.068181818181816,
        5.04125,
        4.973333333333331,
        4.9448484848484835,
        4.952499999999999
    ],
    "ntu": [
        3000.0,
        3000.0,
        3000.0,
        3000.0,
        3000.0
    ],
    "temp_avg": 27.619999999999997,
    "tds_avg": 1315.8327329545448,
    "ph_avg": 4.996022727272726,
    "ntu_avg": 3000.0
}