{
    "year": 2021,
    "month": 4,
    "day": 20,
    "hour": 12,
    "minute": 40,
    "temp": [
        27.0,
        27.047272727272706,
        27.065624999999983,
        27.10727272727273,
        27.18787878787881
    ],
    "tds": [
        1361.6506060606062,
        1357.9981818181818,
        1353.1553124999994,
        1350.6039393939388,
        1347.0778787878794
    ],
    "ph": [
        4.586363636363637,
        4.548787878787877,
        4.5421875000000025,
        4.533333333333333,
        4.506666666666667
    ],
    "ntu": [
        3000.0,
        3000.0,
        3000.0,
        3000.0,
        3000.0
    ],
    "temp_avg": 27.081609848484845,
    "tds_avg": 1354.097183712121,
    "ph_avg": 4.543467803030303,
    "ntu_avg": 3000.0
}