{
    "year": 2021,
    "month": 4,
    "day": 15,
    "hour": 10,
    "minute": 35,
    "temp": [
        30.036363636363625,
        30.009090909090908,
        30.00375,
        30.0,
        30.0
    ],
    "tds": [
        1037.89,
        1039.22,
        1039.0834375,
        1039.41,
        1039.6360606060605
    ],
    "ph": [
        6.460606060606061,
        6.451818181818181,
        6.465000000000001,
        6.437878787878786,
        6.468787878787877
    ],
    "ntu": [
        3000.0,
        3000.0,
        3000.0,
        3000.0,
        3000.0
    ],
    "temp_avg": 30.009840909090904,
    "tds_avg": 1039.047899621212,
    "ph_avg": 6.456818181818181,
    "ntu_avg": 3000.0
}