{
    "year": 2021,
    "month": 4,
    "day": 14,
    "hour": 8,
    "minute": 30,
    "temp": [
        27.0,
        27.01999999999999,
        27.059999999999977,
        27.106875,
        27.14757575757578
    ],
    "tds": [
        1312.0278125,
        1307.244848484849,
        1300.7000000000007,
        1301.2656249999998,
        1299.7445454545452
    ],
    "ph": [
        4.327500000000001,
        4.407878787878788,
        4.429090909090909,
        4.4909374999999985,
        4.467878787878786
    ],
    "ntu": [
        3000.0,
        3000.0,
        3000.0,
        3000.0,
        3000.0
    ],
    "temp_avg": 27.06689015151515,
    "tds_avg": 1304.1965662878788,
    "ph_avg": 4.4246571969696955,
    "ntu_avg": 3000.0
}