{
    "year": 2021,
    "month": 4,
    "day": 14,
    "hour": 16,
    "minute": 35,
    "temp": [
        26.933437500000018,
        26.92090909090911,
        26.93787878787881,
        26.89187500000001,
        26.931515151515168
    ],
    "tds": [
        1434.3703125000004,
        1436.1806060606068,
        1444.972121212121,
        1440.9546874999999,
        1443.308181818182
    ],
    "ph": [
        4.420625,
        4.494848484848483,
        4.457878787878786,
        4.409375,
        4.318787878787879
    ],
    "ntu": [
        3000.0,
        3000.0,
        3000.0,
        3000.0,
        3000.0
    ],
    "temp_avg": 26.923123106060626,
    "tds_avg": 1439.9571818181819,
    "ph_avg": 4.42030303030303,
    "ntu_avg": 3000.0
}