{
    "year": 2021,
    "month": 4,
    "day": 12,
    "hour": 6,
    "minute": 5,
    "temp": [
        26.23545454545455,
        26.230000000000004,
        26.223750000000017,
        26.226363636363644,
        26.228181818181827
    ],
    "tds": [
        1351.93,
        1351.8300000000002,
        1348.6478124999999,
        1344.498787878787,
        1346.2478787878783
    ],
    "ph": [
        6.909696969696972,
        6.896666666666667,
        6.913749999999997,
        6.889696969696963,
        6.86030303030303
    ],
    "ntu": [
        3000.0,
        3000.0,
        3000.0,
        3000.0,
        3000.0
    ],
    "temp_avg": 26.22875000000001,
    "tds_avg": 1348.630895833333,
    "ph_avg": 6.894022727272725,
    "ntu_avg": 3000.0
}