{
    "year": 2021,
    "month": 4,
    "day": 24,
    "hour": 6,
    "minute": 41,
    "temp": [
        30.104571428571386,
        30.02788732394365,
        29.97600000000002,
        29.9212676056338,
        30.036338028168963
    ],
    "ntu": [
        511.5285714285714,
        516.5915492957746,
        528.2,
        543.1408450704225,
        -70.87323943661971
    ],
    "temp_avg": 30.013212877263562,
    "ntu_avg": 405.7175452716298
}