{
    "year": 2021,
    "month": 4,
    "day": 11,
    "hour": 16,
    "minute": 25,
    "temp": [
        27.809999999999977,
        27.800909090909073,
        27.76125,
        27.75,
        27.73909090909092
    ],
    "tds": [
        1114.5400000000006,
        1114.9836363636368,
        1116.8274999999999,
        1116.98,
        1117.349696969697
    ],
    "ph": [
        6.3818181818181845,
        6.307878787878787,
        6.324999999999999,
        6.403030303030304,
        6.3545454545454545
    ],
    "ntu": [
        3000.0,
        3000.0,
        3000.0,
        3000.0,
        3000.0
    ],
    "temp_avg": 27.772249999999996,
    "tds_avg": 1116.136166666667,
    "ph_avg": 6.354454545454546,
    "ntu_avg": 3000.0
}