{
    "year": 2021,
    "month": 4,
    "day": 15,
    "hour": 5,
    "minute": 25,
    "temp": [
        27.559999999999977,
        27.556363636363617,
        27.559999999999977,
        27.559999999999977,
        27.558181818181797
    ],
    "tds": [
        1265.9000000000008,
        1267.917272727273,
        1263.3054545454547,
        1261.4768750000005,
        1266.8400000000001
    ],
    "ph": [
        4.854687500000001,
        4.851212121212122,
        4.803636363636364,
        4.661875,
        4.692424242424242
    ],
    "ntu": [
        3000.0,
        3000.0,
        3000.0,
        3000.0,
        3000.0
    ],
    "temp_avg": 27.558909090909072,
    "tds_avg": 1265.0879204545458,
    "ph_avg": 4.772767045454545,
    "ntu_avg": 3000.0
}