{
    "year": 2021,
    "month": 4,
    "day": 23,
    "hour": 7,
    "minute": 10,
    "temp": [
        29.713728813559293,
        29.723000000000024,
        29.64847457627115,
        29.57599999999996,
        29.521355932203384
    ],
    "ntu": [
        2295.4238983050845,
        2251.187500000001,
        2253.5252542372887,
        2257.300166666667,
        2250.6388135593215
    ],
    "temp_avg": 29.636511864406764,
    "ntu_avg": 2261.615126553673
}