{
    "year": 2021,
    "month": 4,
    "day": 20,
    "hour": 22,
    "minute": 15,
    "temp": [
        29.478181818181824,
        29.5,
        29.539374999999986,
        29.585454545454542,
        29.60181818181817
    ],
    "tds": [
        1233.6990909090905,
        1232.7099999999994,
        1229.095,
        1228.2330303030308,
        1227.944545454546
    ],
    "ph": [
        4.166363636363637,
        4.243030303030302,
        4.2940625,
        4.345151515151515,
        4.41848484848485
    ],
    "ntu": [
        3000.0,
        3000.0,
        3000.0,
        3000.0,
        3000.0
    ],
    "temp_avg": 29.540965909090904,
    "tds_avg": 1230.3363333333334,
    "ph_avg": 4.293418560606061,
    "ntu_avg": 3000.0
}