{
    "year": 2021,
    "month": 4,
    "day": 9,
    "hour": 15,
    "minute": 10,
    "temp": [
        28.059999999999977,
        28.019999999999996,
        28.0,
        27.963636363636386,
        27.940000000000023
    ],
    "tds": [
        1109.0099999999995,
        1110.4645454545457,
        1111.4100000000003,
        1113.0966666666673,
        1113.8300000000008
    ],
    "ph": [
        4.691212121212121,
        4.7209090909090925,
        4.6546875000000005,
        4.6096969696969685,
        4.609090909090911
    ],
    "ntu": [
        3000.0,
        3000.0,
        3000.0,
        3000.0,
        3000.0
    ],
    "temp_avg": 27.996727272727277,
    "tds_avg": 1111.5622424242426,
    "ph_avg": 4.6571193181818185,
    "ntu_avg": 3000.0
}