{
    "year": 2021,
    "month": 4,
    "day": 22,
    "hour": 22,
    "minute": 30,
    "temp": [
        27.284999999999965,
        27.29169491525422,
        27.223000000000024,
        27.17338983050848,
        27.11898305084742
    ],
    "ntu": [
        1613.6880000000003,
        1522.6405084745768,
        1523.1941666666671,
        1500.545762711864,
        1525.544915254237
    ],
    "temp_avg": 27.218413559322023,
    "ntu_avg": 1537.122670621469
}