{
    "year": 2021,
    "month": 4,
    "day": 12,
    "hour": 13,
    "minute": 10,
    "temp": [
        19.576875,
        19.731818181818177,
        19.8325,
        19.918787878787892,
        19.940000000000012
    ],
    "tds": [
        104.87281249999997,
        99.12909090909092,
        94.03343750000003,
        87.14121212121206,
        83.51333333333335
    ],
    "ph": [
        10.56,
        10.577878787878788,
        10.555000000000007,
        10.582121212121216,
        10.624545454545451
    ],
    "ntu": [
        3000.0,
        3000.0,
        3000.0,
        3000.0,
        3000.0
    ],
    "temp_avg": 19.79999621212122,
    "tds_avg": 93.73797727272726,
    "ph_avg": 10.579909090909092,
    "ntu_avg": 3000.0
}