{
    "year": 2021,
    "month": 4,
    "day": 12,
    "hour": 14,
    "minute": 35,
    "temp": [
        24.328181818181804,
        24.322727272727256,
        24.324999999999985,
        24.319090909090892,
        24.320909090909076
    ],
    "tds": [
        1437.795151515152,
        1439.5466666666666,
        1442.6771874999993,
        1442.9881818181807,
        1441.240606060605
    ],
    "ph": [
        3.2539393939393952,
        3.2499999999999987,
        3.2193750000000008,
        3.2430303030303023,
        3.252121212121212
    ],
    "ntu": [
        3000.0,
        3000.0,
        3000.0,
        3000.0,
        3000.0
    ],
    "temp_avg": 24.3231818181818,
    "tds_avg": 1440.8495587121208,
    "ph_avg": 3.243693181818182,
    "ntu_avg": 3000.0
}