{
    "year": 2021,
    "month": 4,
    "day": 15,
    "hour": 13,
    "minute": 25,
    "temp": [
        27.80249999999998,
        27.76636363636363,
        27.811818181818158,
        27.826874999999994,
        27.808181818181797
    ],
    "tds": [
        1118.9862500000002,
        1120.4618181818187,
        1118.0527272727275,
        1118.1490625000001,
        1118.828484848485
    ],
    "ph": [
        7.2565625,
        7.273636363636363,
        7.204848484848482,
        7.2309375,
        7.283333333333334
    ],
    "ntu": [
        3000.0,
        3000.0,
        3000.0,
        3000.0,
        3000.0
    ],
    "temp_avg": 27.80314772727271,
    "tds_avg": 1118.8956685606063,
    "ph_avg": 7.249863636363635,
    "ntu_avg": 3000.0
}