{
    "year": 2021,
    "month": 4,
    "day": 20,
    "hour": 8,
    "minute": 0,
    "temp": [
        29.25,
        29.281874999999978,
        29.309999999999974,
        29.35363636363636,
        29.37
    ],
    "tds": [
        1251.5263636363636,
        1250.6740625,
        1246.8533333333332,
        1246.9909090909093,
        1245.1503124999997
    ],
    "ph": [
        2.766363636363636,
        2.7646875000000017,
        2.7763636363636364,
        2.808181818181818,
        2.790625
    ],
    "ntu": [
        3000.0,
        3000.0,
        3000.0,
        3000.0,
        3000.0
    ],
    "temp_avg": 29.313102272727264,
    "tds_avg": 1248.2389962121213,
    "ph_avg": 2.7812443181818187,
    "ntu_avg": 3000.0
}