{
    "year": 2021,
    "month": 4,
    "day": 15,
    "hour": 4,
    "minute": 45,
    "temp": [
        27.559999999999977,
        27.559999999999977,
        27.559999999999977,
        27.559999999999977,
        27.559999999999977
    ],
    "tds": [
        1319.7125000000005,
        1290.0181818181818,
        1282.2803030303028,
        1290.914375,
        1290.5815151515153
    ],
    "ph": [
        4.330000000000001,
        4.589393939393939,
        4.840303030303031,
        4.780312499999999,
        4.744848484848484
    ],
    "ntu": [
        3000.0,
        3000.0,
        3000.0,
        3000.0,
        3000.0
    ],
    "temp_avg": 27.55999999999998,
    "tds_avg": 1294.701375,
    "ph_avg": 4.65697159090909,
    "ntu_avg": 3000.0
}