{
    "year": 2021,
    "month": 4,
    "day": 24,
    "hour": 8,
    "minute": 5,
    "temp": [
        30.05915492957743,
        30.10542857142853,
        30.034647887323924,
        29.97514285714288,
        29.905492957746446
    ],
    "ntu": [
        408.9718309859155,
        415.34285714285716,
        419.056338028169,
        419.2142857142857,
        412.2535211267606
    ],
    "temp_avg": 30.015973440643847,
    "ntu_avg": 414.9677665995976
}