{
    "year": 2021,
    "month": 4,
    "day": 9,
    "hour": 12,
    "minute": 0,
    "temp": [
        29.4357575757576,
        29.435625000000027,
        29.440000000000026,
        29.441818181818206,
        29.443750000000023
    ],
    "tds": [
        1199.07,
        1196.3399999999995,
        1196.3399999999995,
        1196.3399999999995,
        1197.8668749999997
    ],
    "ph": [
        5.163333333333333,
        5.149687499999999,
        5.155454545454545,
        5.1854545454545455,
        5.2028124999999985
    ],
    "ntu": [
        3000.0,
        3000.0,
        3000.0,
        3000.0,
        3000.0
    ],
    "temp_avg": 29.439390151515177,
    "tds_avg": 1197.1913749999997,
    "ph_avg": 5.171348484848485,
    "ntu_avg": 3000.0
}