{
    "year": 2021,
    "month": 4,
    "day": 9,
    "hour": 0,
    "minute": 25,
    "temp": [
        27.75,
        27.728181818181834,
        27.690000000000023,
        27.690000000000023,
        27.62636363636364
    ],
    "tds": [
        1334.4943749999998,
        1331.5212121212114,
        1339.2336363636373,
        1341.2593750000005,
        1341.979393939393
    ],
    "ph": [
        3.9153125,
        3.946969696969697,
        3.7815151515151504,
        3.6871875000000016,
        3.672121212121212
    ],
    "ntu": [
        3000.0,
        3000.0,
        3000.0,
        3000.0,
        3000.0
    ],
    "temp_avg": 27.696909090909106,
    "tds_avg": 1337.6975984848482,
    "ph_avg": 3.800621212121212,
    "ntu_avg": 3000.0
}