{
    "year": 2021,
    "month": 4,
    "day": 15,
    "hour": 1,
    "minute": 10,
    "temp": [
        28.061818181818158,
        28.059999999999977,
        28.059999999999977,
        28.059999999999977,
        28.058124999999976
    ],
    "tds": [
        1279.835454545455,
        1283.2400000000007,
        1279.7300000000005,
        1284.4100000000008,
        1284.4100000000008
    ],
    "ph": [
        5.242727272727273,
        5.209374999999998,
        5.176969696969697,
        5.177272727272726,
        5.144062499999999
    ],
    "ntu": [
        3000.0,
        3000.0,
        3000.0,
        3000.0,
        3000.0
    ],
    "temp_avg": 28.059988636363613,
    "tds_avg": 1282.3250909090916,
    "ph_avg": 5.190081439393938,
    "ntu_avg": 3000.0
}