{
    "year": 2021,
    "month": 4,
    "day": 15,
    "hour": 5,
    "minute": 20,
    "temp": [
        27.559999999999977,
        27.559999999999977,
        27.559999999999977,
        27.559999999999977,
        27.559999999999977
    ],
    "tds": [
        1265.9000000000008,
        1261.2400000000002,
        1261.2400000000002,
        1262.035757575758,
        1270.428484848485
    ],
    "ph": [
        4.555151515151516,
        4.68909090909091,
        4.675000000000001,
        4.654242424242423,
        4.745454545454546
    ],
    "ntu": [
        3000.0,
        3000.0,
        3000.0,
        3000.0,
        3000.0
    ],
    "temp_avg": 27.55999999999998,
    "tds_avg": 1264.168848484849,
    "ph_avg": 4.663787878787879,
    "ntu_avg": 3000.0
}