{
    "year": 2021,
    "month": 4,
    "day": 9,
    "hour": 15,
    "minute": 55,
    "temp": [
        26.940000000000023,
        26.96000000000001,
        27.0,
        27.00363636363636,
        27.058181818181797
    ],
    "tds": [
        1329.9536363636369,
        1327.805757575758,
        1328.413749999999,
        1336.363333333333,
        1329.235454545455
    ],
    "ph": [
        5.224242424242425,
        5.203333333333333,
        5.1921875,
        5.150909090909089,
        5.154848484848484
    ],
    "ntu": [
        3000.0,
        3000.0,
        3000.0,
        3000.0,
        3000.0
    ],
    "temp_avg": 26.99236363636364,
    "tds_avg": 1330.3543863636362,
    "ph_avg": 5.185104166666666,
    "ntu_avg": 3000.0
}