{
    "year": 2021,
    "month": 4,
    "day": 9,
    "hour": 19,
    "minute": 50,
    "temp": [
        27.12,
        27.10874999999999,
        27.06363636363634,
        27.059999999999977,
        27.0075
    ],
    "tds": [
        1147.3554545454547,
        1151.2156250000003,
        1153.07,
        1154.9069696969702,
        1159.2487499999997
    ],
    "ph": [
        4.867272727272725,
        4.844375000000001,
        4.663030303030304,
        4.494242424242423,
        4.5284375
    ],
    "ntu": [
        3000.0,
        3000.0,
        3000.0,
        3000.0,
        3000.0
    ],
    "temp_avg": 27.07197727272726,
    "tds_avg": 1153.1593598484849,
    "ph_avg": 4.67947159090909,
    "ntu_avg": 3000.0
}