{
    "year": 2021,
    "month": 4,
    "day": 22,
    "hour": 20,
    "minute": 10,
    "temp": [
        29.741016949152513,
        29.736000000000022,
        29.61305084745759,
        29.551999999999968,
        29.498983050847457
    ],
    "ntu": [
        2097.116101694915,
        2032.378833333333,
        2024.0277966101694,
        2046.840666666666,
        2068.653050847458
    ],
    "temp_avg": 29.628210169491513,
    "ntu_avg": 2053.8032898305078
}