{
    "year": 2021,
    "month": 4,
    "day": 16,
    "hour": 2,
    "minute": 25,
    "temp": [
        27.87,
        27.87,
        27.866363636363637,
        27.86625,
        27.868181818181817
    ],
    "tds": [
        1233.1600000000005,
        1233.1600000000005,
        1233.1600000000005,
        1233.2481250000005,
        1233.7581818181825
    ],
    "ph": [
        7.261875000000001,
        7.314848484848486,
        7.2793939393939375,
        7.294375000000001,
        7.246363636363634
    ],
    "ntu": [
        3000.0,
        3000.0,
        3000.0,
        3000.0,
        3000.0
    ],
    "temp_avg": 27.868159090909092,
    "tds_avg": 1233.2972613636368,
    "ph_avg": 7.279371212121212,
    "ntu_avg": 3000.0
}