{
    "year": 2021,
    "month": 4,
    "day": 11,
    "hour": 9,
    "minute": 5,
    "temp": [
        28.25,
        28.222727272727294,
        28.190000000000023,
        28.166666666666682,
        28.12
    ],
    "tds": [
        1095.616363636363,
        1096.194848484848,
        1100.1699999999992,
        1101.0318181818184,
        1102.5400000000006
    ],
    "ph": [
        4.460606060606061,
        4.4369696969696975,
        4.399687500000001,
        4.417272727272729,
        4.424545454545455
    ],
    "ntu": [
        3000.0,
        3000.0,
        3000.0,
        3000.0,
        3000.0
    ],
    "temp_avg": 28.189878787878804,
    "tds_avg": 1099.110606060606,
    "ph_avg": 4.427816287878789,
    "ntu_avg": 3000.0
}