{
    "year": 2021,
    "month": 4,
    "day": 25,
    "hour": 20,
    "minute": 40,
    "temp": [
        26.86999999999995,
        26.86999999999995,
        26.86999999999995,
        26.86914285714281,
        26.868309859154884
    ],
    "ntu": [
        601.2816901408451,
        609.8857142857142,
        610.2253521126761,
        609.2,
        610.2816901408451
    ],
    "temp_avg": 26.86949054325951,
    "ntu_avg": 608.1748893360161
}