{
    "year": 2021,
    "month": 4,
    "day": 19,
    "hour": 22,
    "minute": 25,
    "temp": [
        27.572727272727253,
        27.559999999999977,
        27.559999999999977,
        27.53272727272726,
        27.5
    ],
    "tds": [
        1136.5054545454539,
        1136.9599999999994,
        1136.0648484848477,
        1137.7236363636362,
        1139.48
    ],
    "ph": [
        3.0124242424242436,
        3.054687499999999,
        3.0560606060606053,
        3.0087878787878792,
        2.9321875
    ],
    "ntu": [
        3000.0,
        3000.0,
        3000.0,
        3000.0,
        3000.0
    ],
    "temp_avg": 27.54509090909089,
    "tds_avg": 1137.3467878787874,
    "ph_avg": 3.0128295454545455,
    "ntu_avg": 3000.0
}