{
    "year": 2021,
    "month": 4,
    "day": 9,
    "hour": 12,
    "minute": 25,
    "temp": [
        29.37,
        29.37,
        29.362727272727273,
        29.37,
        29.37
    ],
    "tds": [
        1203.2599999999995,
        1203.3424999999997,
        1203.4999999999998,
        1204.6966666666663,
        1205.2803124999996
    ],
    "ph": [
        4.553333333333334,
        4.6340625,
        4.705757575757574,
        4.769393939393939,
        4.975937499999999
    ],
    "ntu": [
        3000.0,
        3000.0,
        3000.0,
        3000.0,
        3000.0
    ],
    "temp_avg": 29.368545454545455,
    "tds_avg": 1204.015895833333,
    "ph_avg": 4.727696969696969,
    "ntu_avg": 3000.0
}