{
    "year": 2021,
    "month": 4,
    "day": 13,
    "hour": 11,
    "minute": 0,
    "temp": [
        28.61818181818182,
        28.64969696969699,
        28.687812500000025,
        28.715454545454556,
        28.75
    ],
    "tds": [
        132.0439393939394,
        130.19909090909098,
        137.23718750000003,
        157.1339393939394,
        263.6942424242423
    ],
    "ph": [
        0.0,
        0.0,
        0.0,
        0.0,
        0.0
    ],
    "ntu": [
        3000.0,
        3000.0,
        3000.0,
        3000.0,
        3000.0
    ],
    "temp_avg": 28.684229166666675,
    "tds_avg": 164.06167992424244,
    "ph_avg": 0.0,
    "ntu_avg": 3000.0
}