{
    "year": 2021,
    "month": 4,
    "day": 25,
    "hour": 23,
    "minute": 30,
    "temp": [
        26.801428571428538,
        26.800704225352078,
        26.79901408450701,
        26.79799999999997,
        26.79225352112673
    ],
    "ntu": [
        618.4714285714285,
        625.5070422535211,
        625.5633802816901,
        625.5428571428571,
        625.4788732394367
    ],
    "temp_avg": 26.79828008048287,
    "ntu_avg": 624.1127162977867
}