{
    "year": 2021,
    "month": 4,
    "day": 15,
    "hour": 22,
    "minute": 5,
    "temp": [
        29.75,
        29.75,
        29.75,
        29.74636363636364,
        29.735000000000014
    ],
    "tds": [
        1129.7999999999997,
        1129.7999999999997,
        1129.8727272727272,
        1129.7999999999997,
        1130.7000000000003
    ],
    "ph": [
        7.490303030303031,
        7.480937499999999,
        7.48757575757576,
        7.4872727272727255,
        7.4771874999999985
    ],
    "ntu": [
        3000.0,
        3000.0,
        3000.0,
        3000.0,
        3000.0
    ],
    "temp_avg": 29.746272727272732,
    "tds_avg": 1129.9945454545455,
    "ph_avg": 7.484655303030303,
    "ntu_avg": 3000.0
}