{
    "year": 2021,
    "month": 4,
    "day": 22,
    "hour": 23,
    "minute": 40,
    "temp": [
        28.616610169491555,
        28.6263333333333,
        28.541694915254215,
        28.480677966101712,
        28.437666666666697
    ],
    "ntu": [
        2222.0062711864402,
        2170.340166666666,
        2158.730847457627,
        2161.1432203389836,
        2166.8681666666666
    ],
    "temp_avg": 28.540596610169494,
    "ntu_avg": 2175.817734463277
}