{
    "year": 2021,
    "month": 4,
    "day": 10,
    "hour": 19,
    "minute": 25,
    "temp": [
        29.773636363636363,
        29.75,
        29.697500000000023,
        29.6857575757576,
        29.622121212121215
    ],
    "tds": [
        1049.3351515151517,
        1048.9181818181817,
        1053.0768749999997,
        1054.2460606060604,
        1058.9818181818187
    ],
    "ph": [
        5.312727272727271,
        5.371212121212119,
        5.453437499999999,
        5.364545454545457,
        5.298484848484849
    ],
    "ntu": [
        3000.0,
        3000.0,
        3000.0,
        3000.0,
        3000.0
    ],
    "temp_avg": 29.70580303030304,
    "tds_avg": 1052.9116174242422,
    "ph_avg": 5.360081439393939,
    "ntu_avg": 3000.0
}