{
    "year": 2021,
    "month": 4,
    "day": 16,
    "hour": 5,
    "minute": 25,
    "temp": [
        27.742727272727276,
        27.74818181818182,
        27.748125,
        27.74636363636364,
        27.74818181818182
    ],
    "tds": [
        1253.7548484848487,
        1241.9915151515154,
        1247.6103125000004,
        1240.1848484848488,
        1243.37
    ],
    "ph": [
        6.970909090909089,
        6.984545454545452,
        6.9928125,
        7.011818181818178,
        7.031212121212122
    ],
    "ntu": [
        3000.0,
        3000.0,
        3000.0,
        3000.0,
        3000.0
    ],
    "temp_avg": 27.746715909090916,
    "tds_avg": 1245.3823049242426,
    "ph_avg": 6.998259469696968,
    "ntu_avg": 3000.0
}