{
    "year": 2021,
    "month": 4,
    "day": 21,
    "hour": 6,
    "minute": 10,
    "temp": [
        28.994545454545452,
        29.0,
        29.0,
        29.0,
        29.0
    ],
    "tds": [
        1264.331818181819,
        1263.9000000000008,
        1263.9000000000008,
        1263.9000000000008,
        1263.9000000000008
    ],
    "ph": [
        4.92909090909091,
        4.924687499999998,
        4.936666666666666,
        4.937878787878787,
        4.9309375000000015
    ],
    "ntu": [
        3000.0,
        3000.0,
        3000.0,
        3000.0,
        3000.0
    ],
    "temp_avg": 28.99890909090909,
    "tds_avg": 1263.9863636363643,
    "ph_avg": 4.931852272727272,
    "ntu_avg": 3000.0
}