{
    "year": 2021,
    "month": 4,
    "day": 20,
    "hour": 4,
    "minute": 10,
    "temp": [
        29.279999999999976,
        29.309999999999974,
        29.35181818181818,
        29.37,
        29.37
    ],
    "tds": [
        1242.5587499999995,
        1240.9199999999992,
        1238.7533333333324,
        1238.1699999999992,
        1238.1699999999992
    ],
    "ph": [
        2.3706249999999995,
        2.3960606060606064,
        2.427575757575758,
        2.465757575757575,
        2.49
    ],
    "ntu": [
        3000.0,
        3000.0,
        3000.0,
        3000.0,
        3000.0
    ],
    "temp_avg": 29.336363636363625,
    "tds_avg": 1239.7144166666658,
    "ph_avg": 2.430003787878788,
    "ntu_avg": 3000.0
}