{
    "year": 2021,
    "month": 4,
    "day": 10,
    "hour": 23,
    "minute": 50,
    "temp": [
        27.98727272727274,
        27.911562500000006,
        27.826363636363613,
        27.795454545454536,
        27.716250000000024
    ],
    "tds": [
        1114.1190909090906,
        1118.8125,
        1119.4557575757574,
        1122.4957575757578,
        1126.8437499999998
    ],
    "ph": [
        4.959090909090908,
        4.942812500000001,
        4.904242424242425,
        4.963030303030303,
        5.010624999999999
    ],
    "ntu": [
        3000.0,
        3000.0,
        3000.0,
        3000.0,
        3000.0
    ],
    "temp_avg": 27.84738068181818,
    "tds_avg": 1120.3453712121213,
    "ph_avg": 4.955960227272728,
    "ntu_avg": 3000.0
}