{
    "year": 2021,
    "month": 4,
    "day": 14,
    "hour": 8,
    "minute": 45,
    "temp": [
        27.70875000000001,
        27.75,
        27.808181818181797,
        27.855,
        27.914545454545475
    ],
    "tds": [
        1263.8887499999998,
        1261.7900000000006,
        1258.9778787878786,
        1251.6653125,
        1251.6609090909094
    ],
    "ph": [
        5.1134375,
        5.179696969696968,
        5.208787878787879,
        5.061250000000001,
        4.98939393939394
    ],
    "ntu": [
        3000.0,
        3000.0,
        3000.0,
        3000.0,
        3000.0
    ],
    "temp_avg": 27.807295454545454,
    "tds_avg": 1257.5965700757577,
    "ph_avg": 5.110513257575758,
    "ntu_avg": 3000.0
}