{
    "year": 2021,
    "month": 4,
    "day": 13,
    "hour": 5,
    "minute": 35,
    "temp": [
        28.94727272727275,
        28.940000000000026,
        28.889687500000004,
        28.860909090909082,
        28.809999999999974
    ],
    "tds": [
        0.0,
        0.0,
        0.0,
        0.0,
        0.0
    ],
    "ph": [
        0.0,
        0.0,
        0.0,
        0.0,
        0.0
    ],
    "ntu": [
        3000.0,
        3000.0,
        3000.0,
        3000.0,
        3000.0
    ],
    "temp_avg": 28.889573863636365,
    "tds_avg": 0.0,
    "ph_avg": 0.0,
    "ntu_avg": 3000.0
}