{
    "year": 2021,
    "month": 4,
    "day": 5,
    "hour": 6,
    "minute": 47,
    "temp": [
        25.06,
        25.06,
        25.06,
        25.06,
        25.06
    ],
    "tds": [
        1208.85,
        0.0,
        0.0,
        0.0,
        0.0
    ],
    "ph": [
        4.45,
        0.12,
        0.11,
        0.12,
        0.11
    ],
    "ntu": [
        3000.0,
        3000.0,
        3000.0,
        3000.0,
        3000.0
    ],
    "temp_avg": 25.06,
    "tds_avg": 241.76999999999998,
    "ph_avg": 0.9820000000000002,
    "ntu_avg": 3000.0
}