{
    "year": 2021,
    "month": 4,
    "day": 21,
    "hour": 3,
    "minute": 5,
    "temp": [
        29.940000000000026,
        29.94545454545457,
        29.940000000000026,
        29.940000000000026,
        29.940000000000026
    ],
    "tds": [
        1201.2431250000004,
        1207.9639393939399,
        1205.212424242424,
        1201.1100000000004,
        1201.2390909090914
    ],
    "ph": [
        4.6743749999999995,
        4.625454545454547,
        4.622424242424239,
        4.631875000000001,
        4.607272727272728
    ],
    "ntu": [
        3000.0,
        3000.0,
        3000.0,
        3000.0,
        3000.0
    ],
    "temp_avg": 29.941090909090935,
    "tds_avg": 1203.3537159090913,
    "ph_avg": 4.632280303030304,
    "ntu_avg": 3000.0
}