{
    "year": 2021,
    "month": 4,
    "day": 10,
    "hour": 15,
    "minute": 45,
    "temp": [
        29.91242424242425,
        29.87,
        29.83545454545452,
        29.809999999999974,
        29.77625
    ],
    "tds": [
        1042.2233333333336,
        1043.6300000000008,
        1044.9854545454543,
        1045.7599999999993,
        1047.1578124999996
    ],
    "ph": [
        5.049090909090909,
        4.984999999999999,
        4.96030303030303,
        4.987272727272727,
        5.069375
    ],
    "ntu": [
        3000.0,
        3000.0,
        3000.0,
        3000.0,
        3000.0
    ],
    "temp_avg": 29.84082575757575,
    "tds_avg": 1044.7513200757576,
    "ph_avg": 5.010208333333333,
    "ntu_avg": 3000.0
}