{
    "year": 2021,
    "month": 4,
    "day": 14,
    "hour": 9,
    "minute": 45,
    "temp": [
        30.013124999999995,
        30.059999999999974,
        30.059999999999974,
        30.048749999999984,
        30.005454545454548
    ],
    "tds": [
        1119.8790625000001,
        1023.6890909090918,
        1025.7963636363643,
        1022.9003125000007,
        1024.5678787878794
    ],
    "ph": [
        4.8409375,
        4.3957575757575755,
        4.512727272727274,
        4.843124999999999,
        4.946363636363638
    ],
    "ntu": [
        3000.0,
        3000.0,
        3000.0,
        3000.0,
        3000.0
    ],
    "temp_avg": 30.037465909090894,
    "tds_avg": 1043.3665416666672,
    "ph_avg": 4.707782196969697,
    "ntu_avg": 3000.0
}