{
    "year": 2021,
    "month": 4,
    "day": 22,
    "hour": 19,
    "minute": 40,
    "temp": [
        29.391525423728844,
        29.334406779660988,
        29.254000000000005,
        29.182881355932224,
        29.11699999999996
    ],
    "ntu": [
        2282.5469491525414,
        2216.1172881355938,
        2207.881333333333,
        2223.1413559322036,
        2218.799333333334
    ],
    "temp_avg": 29.255962711864402,
    "ntu_avg": 2229.6972519774013
}