{
    "year": 2021,
    "month": 4,
    "day": 14,
    "hour": 23,
    "minute": 5,
    "temp": [
        29.441818181818206,
        29.453125000000014,
        29.458181818181835,
        29.494545454545456,
        29.494375
    ],
    "tds": [
        1217.8387878787871,
        1217.5849999999991,
        1217.4327272727264,
        1215.6460606060607,
        1215.3237500000002
    ],
    "ph": [
        5.631212121212118,
        5.693437500000001,
        5.736969696969696,
        5.756666666666667,
        5.7534374999999995
    ],
    "ntu": [
        3000.0,
        3000.0,
        3000.0,
        3000.0,
        3000.0
    ],
    "temp_avg": 29.468409090909102,
    "tds_avg": 1216.7652651515148,
    "ph_avg": 5.714344696969697,
    "ntu_avg": 3000.0
}