{
    "year": 2021,
    "month": 4,
    "day": 20,
    "hour": 9,
    "minute": 25,
    "temp": [
        29.063636363636338,
        29.059999999999974,
        29.029999999999994,
        29.0,
        29.0
    ],
    "tds": [
        1075.5772727272722,
        1075.8499999999995,
        1076.6234374999995,
        1078.0999999999995,
        1077.8630303030297
    ],
    "ph": [
        2.5736363636363633,
        2.323333333333334,
        1.4434375000000006,
        1.4806060606060605,
        1.6845454545454543
    ],
    "ntu": [
        3000.0,
        3000.0,
        3000.0,
        3000.0,
        3000.0
    ],
    "temp_avg": 29.030727272727262,
    "tds_avg": 1076.80274810606,
    "ph_avg": 1.9011117424242425,
    "ntu_avg": 3000.0
}