{
    "year": 2021,
    "month": 4,
    "day": 25,
    "hour": 23,
    "minute": 15,
    "temp": [
        26.804929577464755,
        26.808309859154893,
        26.80657142857139,
        26.807464788732357,
        26.809999999999963
    ],
    "ntu": [
        618.6478873239437,
        625.8732394366198,
        625.7714285714286,
        625.8450704225352,
        625.7464788732394
    ],
    "temp_avg": 26.80745513078467,
    "ntu_avg": 624.3768209255534
}