{
    "year": 2021,
    "month": 4,
    "day": 26,
    "hour": 8,
    "minute": 5,
    "temp": [
        26.722957746478897,
        26.71197183098594,
        26.71314285714288,
        26.712816901408473,
        26.71485714285717
    ],
    "ntu": [
        504.98591549295776,
        512.2112676056338,
        515.2285714285714,
        520.2253521126761,
        527.7428571428571
    ],
    "temp_avg": 26.715149295774676,
    "ntu_avg": 516.0787927565392
}