{
    "year": 2021,
    "month": 4,
    "day": 8,
    "hour": 21,
    "minute": 10,
    "temp": [
        29.059999999999974,
        29.019999999999996,
        29.0,
        28.98363636363638,
        28.940000000000026
    ],
    "tds": [
        0.0,
        0.0,
        0.0,
        0.0,
        0.0
    ],
    "ph": [
        0.0,
        0.0,
        0.0,
        0.0,
        0.0
    ],
    "ntu": [
        3000.0,
        3000.0,
        3000.0,
        3000.0,
        3000.0
    ],
    "temp_avg": 29.00072727272727,
    "tds_avg": 0.0,
    "ph_avg": 0.0,
    "ntu_avg": 3000.0
}