{
    "year": 2021,
    "month": 4,
    "day": 11,
    "hour": 5,
    "minute": 45,
    "temp": [
        25.809999999999977,
        25.809999999999977,
        25.80812499999998,
        25.809999999999977,
        25.809999999999977
    ],
    "tds": [
        1384.5,
        1384.5,
        1384.5,
        1384.5,
        1384.5
    ],
    "ph": [
        3.8593939393939407,
        3.8478787878787877,
        3.9128125000000007,
        4.041212121212122,
        4.0669696969696965
    ],
    "ntu": [
        3000.0,
        3000.0,
        3000.0,
        3000.0,
        3000.0
    ],
    "temp_avg": 25.809624999999976,
    "tds_avg": 1384.5,
    "ph_avg": 3.9456534090909097,
    "ntu_avg": 3000.0
}