{
    "year": 2021,
    "month": 4,
    "day": 25,
    "hour": 1,
    "minute": 50,
    "temp": [
        26.365774647887275,
        26.36571428571424,
        26.365774647887275,
        26.36657142857138,
        26.369154929577416
    ],
    "ntu": [
        -5.591549295774648,
        -5.571428571428571,
        -5.71830985915493,
        -5.571428571428571,
        -5.605633802816901
    ],
    "temp_avg": 26.366597987927513,
    "ntu_avg": -5.611670020120725
}