{
    "year": 2021,
    "month": 4,
    "day": 16,
    "hour": 7,
    "minute": 30,
    "temp": [
        27.75,
        27.75,
        27.75,
        27.75,
        27.75
    ],
    "tds": [
        1217.958787878788,
        1214.2893939393937,
        1223.5249999999996,
        1229.7099999999994,
        1226.0118181818182
    ],
    "ph": [
        6.521212121212121,
        6.499090909090906,
        6.506875,
        6.466363636363636,
        6.473333333333332
    ],
    "ntu": [
        3000.0,
        3000.0,
        3000.0,
        3000.0,
        3000.0
    ],
    "temp_avg": 27.75,
    "tds_avg": 1222.2989999999995,
    "ph_avg": 6.493374999999999,
    "ntu_avg": 3000.0
}