{
    "year": 2021,
    "month": 4,
    "day": 10,
    "hour": 13,
    "minute": 55,
    "temp": [
        26.98363636363638,
        26.943636363636383,
        26.945454545454567,
        26.989090909090912,
        27.0
    ],
    "tds": [
        1327.5584848484853,
        1329.7609090909095,
        1329.7609090909095,
        1323.885151515151,
        1321.9599999999994
    ],
    "ph": [
        5.144242424242423,
        5.225151515151515,
        5.174848484848484,
        5.24757575757576,
        5.249393939393938
    ],
    "ntu": [
        3000.0,
        3000.0,
        3000.0,
        3000.0,
        3000.0
    ],
    "temp_avg": 26.97236363636365,
    "tds_avg": 1326.585090909091,
    "ph_avg": 5.208242424242424,
    "ntu_avg": 3000.0
}