{
    "year": 2021,
    "month": 4,
    "day": 9,
    "hour": 2,
    "minute": 45,
    "temp": [
        26.25,
        26.25,
        26.25,
        26.24454545454546,
        26.233636363636368
    ],
    "tds": [
        1341.4290909090907,
        1335.4700000000005,
        1340.51,
        1340.608787878788,
        1343.9596969696966
    ],
    "ph": [
        3.604545454545454,
        3.7663636363636375,
        3.7862500000000003,
        3.8669696969696963,
        3.844242424242423
    ],
    "ntu": [
        3000.0,
        3000.0,
        3000.0,
        3000.0,
        3000.0
    ],
    "temp_avg": 26.24563636363637,
    "tds_avg": 1340.3955151515152,
    "ph_avg": 3.773674242424242,
    "ntu_avg": 3000.0
}