{
    "year": 2021,
    "month": 4,
    "day": 22,
    "hour": 20,
    "minute": 35,
    "temp": [
        29.821166666666628,
        29.789661016949136,
        29.689491525423758,
        29.597999999999974,
        29.53050847457626
    ],
    "ntu": [
        1714.534,
        1647.715593220339,
        1628.186440677966,
        1647.172000000001,
        1648.1791525423728
    ],
    "temp_avg": 29.685765536723153,
    "ntu_avg": 1657.1574372881357
}