{
    "year": 2021,
    "month": 4,
    "day": 13,
    "hour": 3,
    "minute": 40,
    "temp": [
        29.25,
        29.309999999999974,
        29.309999999999974,
        29.309999999999974,
        29.309999999999974
    ],
    "tds": [
        590.1245454545455,
        578.3090624999999,
        579.079393939394,
        601.0139393939393,
        573.1306250000002
    ],
    "ph": [
        0.0,
        0.0,
        0.0,
        0.0,
        0.0
    ],
    "ntu": [
        3000.0,
        3000.0,
        3000.0,
        3000.0,
        3000.0
    ],
    "temp_avg": 29.29799999999998,
    "tds_avg": 584.3315132575758,
    "ph_avg": 0.0,
    "ntu_avg": 3000.0
}