{
    "year": 2021,
    "month": 4,
    "day": 12,
    "hour": 21,
    "minute": 25,
    "temp": [
        29.531874999999992,
        29.5,
        29.49454545454546,
        29.440000000000026,
        29.440000000000026
    ],
    "tds": [
        1029.0850000000007,
        1030.1300000000008,
        1030.3845454545462,
        1035.5025000000003,
        1035.9700000000005
    ],
    "ph": [
        0.0,
        0.0,
        0.0,
        0.0,
        0.0
    ],
    "ntu": [
        3000.0,
        3000.0,
        3000.0,
        3000.0,
        3000.0
    ],
    "temp_avg": 29.4812840909091,
    "tds_avg": 1032.2144090909096,
    "ph_avg": 0.0,
    "ntu_avg": 3000.0
}