{
    "year": 2021,
    "month": 4,
    "day": 13,
    "hour": 22,
    "minute": 5,
    "temp": [
        29.610909090909086,
        29.561818181818158,
        29.559999999999974,
        29.514545454545456,
        29.5
    ],
    "tds": [
        1048.9212121212124,
        1050.5499999999995,
        1050.5499999999995,
        1051.918181818182,
        1052.7000000000005
    ],
    "ph": [
        1.4339393939393938,
        1.601818181818182,
        1.4171875000000007,
        1.2945454545454547,
        1.1251515151515152
    ],
    "ntu": [
        3000.0,
        3000.0,
        3000.0,
        3000.0,
        3000.0
    ],
    "temp_avg": 29.549454545454534,
    "tds_avg": 1050.9278787878789,
    "ph_avg": 1.3745284090909093,
    "ntu_avg": 3000.0
}