{
    "year": 2021,
    "month": 4,
    "day": 21,
    "hour": 3,
    "minute": 50,
    "temp": [
        29.10874999999999,
        29.061818181818158,
        29.049090909090893,
        29.0,
        28.99454545454546
    ],
    "tds": [
        1077.8615624999993,
        1078.6936363636357,
        1080.3103030303023,
        1082.0299999999995,
        1082.4445454545453
    ],
    "ph": [
        4.485625,
        4.437272727272727,
        4.419999999999999,
        4.3865625,
        4.365757575757576
    ],
    "ntu": [
        3000.0,
        3000.0,
        3000.0,
        3000.0,
        3000.0
    ],
    "temp_avg": 29.0428409090909,
    "tds_avg": 1080.2680094696964,
    "ph_avg": 4.4190435606060605,
    "ntu_avg": 3000.0
}