{
    "year": 2021,
    "month": 4,
    "day": 15,
    "hour": 20,
    "minute": 45,
    "temp": [
        29.70818181818183,
        29.7118181818182,
        29.70687500000002,
        29.70687500000002,
        29.713636363636375
    ],
    "tds": [
        1131.5454545454545,
        1131.4,
        1131.75,
        1131.4499999999998,
        1132.0863636363638
    ],
    "ph": [
        7.51,
        7.497272727272728,
        7.429062499999999,
        7.4459374999999985,
        7.523939393939396
    ],
    "ntu": [
        3000.0,
        3000.0,
        3000.0,
        3000.0,
        3000.0
    ],
    "temp_avg": 29.70947727272729,
    "tds_avg": 1131.6463636363637,
    "ph_avg": 7.481242424242424,
    "ntu_avg": 3000.0
}