{
    "year": 2021,
    "month": 4,
    "day": 9,
    "hour": 19,
    "minute": 15,
    "temp": [
        28.10545454545453,
        28.059999999999977,
        28.046874999999986,
        28.0,
        27.98545454545456
    ],
    "tds": [
        1121.6760606060611,
        1113.120606060606,
        1109.61,
        1111.4100000000003,
        1118.123333333333
    ],
    "ph": [
        4.4733333333333345,
        4.557575757575757,
        4.629375,
        4.673636363636362,
        4.566666666666668
    ],
    "ntu": [
        3000.0,
        3000.0,
        3000.0,
        3000.0,
        3000.0
    ],
    "temp_avg": 28.039556818181815,
    "tds_avg": 1114.788,
    "ph_avg": 4.580117424242424,
    "ntu_avg": 3000.0
}