{
    "year": 2021,
    "month": 4,
    "day": 21,
    "hour": 9,
    "minute": 10,
    "temp": [
        27.5,
        27.5,
        27.48000000000001,
        27.440000000000023,
        27.440000000000023
    ],
    "tds": [
        1152.27,
        1152.27,
        1153.3603030303027,
        1154.8399999999997,
        1154.8399999999997
    ],
    "ph": [
        5.036363636363637,
        5.048750000000001,
        5.053636363636361,
        5.07090909090909,
        5.062187500000001
    ],
    "ntu": [
        3000.0,
        3000.0,
        3000.0,
        3000.0,
        3000.0
    ],
    "temp_avg": 27.472000000000016,
    "tds_avg": 1153.5160606060606,
    "ph_avg": 5.054369318181818,
    "ntu_avg": 3000.0
}