{
    "year": 2021,
    "month": 4,
    "day": 11,
    "hour": 18,
    "minute": 45,
    "temp": [
        29.70818181818184,
        29.690000000000026,
        29.65937500000001,
        29.62,
        29.61272727272727
    ],
    "tds": [
        1045.614545454545,
        1046.2599999999993,
        1047.5306250000003,
        1048.4000000000005,
        1048.9212121212124
    ],
    "ph": [
        6.480606060606061,
        6.469090909090911,
        6.440312500000002,
        6.4351515151515155,
        6.463333333333331
    ],
    "ntu": [
        3000.0,
        3000.0,
        3000.0,
        3000.0,
        3000.0
    ],
    "temp_avg": 29.65805681818183,
    "tds_avg": 1047.3452765151515,
    "ph_avg": 6.457698863636364,
    "ntu_avg": 3000.0
}