{
    "year": 2021,
    "month": 4,
    "day": 24,
    "hour": 18,
    "minute": 46,
    "temp": [
        30.1191428571428,
        30.038028169014062,
        29.96314285714289,
        29.900563380281646,
        30.037042253521072
    ],
    "ntu": [
        -58.75714285714286,
        -56.70422535211268,
        -55.98571428571429,
        -54.985915492957744,
        -51.647887323943664
    ],
    "temp_avg": 30.011583903420494,
    "ntu_avg": -55.616177062374256
}