{
    "year": 2021,
    "month": 4,
    "day": 13,
    "hour": 16,
    "minute": 20,
    "temp": [
        27.61625,
        27.56545454545452,
        27.559999999999977,
        27.55437499999998,
        27.558181818181797
    ],
    "tds": [
        0.0,
        0.0,
        0.0,
        47.313125,
        1262.1142424242428
    ],
    "ph": [
        0.0,
        0.0,
        0.0,
        0.10624999999999998,
        3.151818181818182
    ],
    "ntu": [
        3000.0,
        3000.0,
        3000.0,
        3000.0,
        3000.0
    ],
    "temp_avg": 27.570852272727258,
    "tds_avg": 261.88547348484855,
    "ph_avg": 0.6516136363636365,
    "ntu_avg": 3000.0
}