{
    "year": 2021,
    "month": 4,
    "day": 11,
    "hour": 22,
    "minute": 5,
    "temp": [
        30.00937499999999,
        30.005454545454544,
        30.00181818181818,
        30.0,
        30.0
    ],
    "tds": [
        1129.2446875,
        1035.5733333333337,
        1035.7000000000005,
        1035.7000000000005,
        1035.7000000000005
    ],
    "ph": [
        6.8290625,
        6.710909090909091,
        6.708787878787876,
        6.696249999999999,
        6.7130303030303
    ],
    "ntu": [
        3000.0,
        3000.0,
        3000.0,
        3000.0,
        3000.0
    ],
    "temp_avg": 30.00332954545454,
    "tds_avg": 1054.383604166667,
    "ph_avg": 6.731607954545453,
    "ntu_avg": 3000.0
}