{
    "year": 2021,
    "month": 4,
    "day": 14,
    "hour": 6,
    "minute": 15,
    "temp": [
        29.940000000000026,
        29.940000000000026,
        29.940000000000026,
        29.940000000000026,
        29.986875000000005
    ],
    "tds": [
        1196.0650000000005,
        1192.6199999999997,
        1194.8045454545454,
        1193.005454545454,
        1191.1475000000003
    ],
    "ph": [
        5.140624999999998,
        5.092727272727272,
        5.033636363636362,
        5.04090909090909,
        5.0234375
    ],
    "ntu": [
        3000.0,
        3000.0,
        3000.0,
        3000.0,
        3000.0
    ],
    "temp_avg": 29.94937500000002,
    "tds_avg": 1193.5285,
    "ph_avg": 5.066267045454544,
    "ntu_avg": 3000.0
}