{
    "year": 2021,
    "month": 4,
    "day": 25,
    "hour": 21,
    "minute": 55,
    "temp": [
        26.809999999999963,
        26.809999999999963,
        26.809999999999963,
        26.809999999999963,
        26.809999999999963
    ],
    "ntu": [
        -5.142857142857143,
        -5.380281690140845,
        -5.309859154929577,
        -5.3428571428571425,
        -5.352112676056338
    ],
    "temp_avg": 26.809999999999963,
    "ntu_avg": -5.30559356136821
}