{
    "year": 2021,
    "month": 4,
    "day": 26,
    "hour": 8,
    "minute": 55,
    "temp": [
        26.704366197183134,
        26.692535211267643,
        26.69085714285718,
        26.690000000000037,
        26.692571428571465
    ],
    "ntu": [
        -33.88732394366197,
        -35.070422535211264,
        -32.57142857142857,
        -36.098591549295776,
        -31.414285714285715
    ],
    "temp_avg": 26.694065995975894,
    "ntu_avg": -33.808410462776656
}