{
    "year": 2021,
    "month": 4,
    "day": 20,
    "hour": 2,
    "minute": 15,
    "temp": [
        28.059999999999977,
        28.052727272727253,
        28.003636363636364,
        28.0,
        27.99454545454546
    ],
    "tds": [
        1104.9199999999992,
        1105.137272727272,
        1106.947878787879,
        1107.3100000000002,
        1107.7463636363636
    ],
    "ph": [
        2.5462500000000006,
        2.5172727272727267,
        2.530606060606061,
        2.5043749999999996,
        2.5196969696969704
    ],
    "ntu": [
        3000.0,
        3000.0,
        3000.0,
        3000.0,
        3000.0
    ],
    "temp_avg": 28.02218181818181,
    "tds_avg": 1106.4123030303028,
    "ph_avg": 2.5236401515151514,
    "ntu_avg": 3000.0
}