{
    "year": 2021,
    "month": 4,
    "day": 22,
    "hour": 22,
    "minute": 10,
    "temp": [
        27.656271186440712,
        27.619333333333298,
        27.559999999999963,
        27.504,
        27.456271186440713
    ],
    "ntu": [
        1620.2506779661014,
        1551.3443333333337,
        1556.6520338983048,
        1566.2321666666664,
        1529.9645762711862
    ],
    "temp_avg": 27.559175141242935,
    "ntu_avg": 1564.8887576271186
}