{
    "year": 2021,
    "month": 4,
    "day": 24,
    "hour": 16,
    "minute": 42,
    "temp": [
        30.069428571428535,
        30.001666666666665,
        29.94070422535215,
        30.10000000000002,
        30.18014084507044
    ],
    "ntu": [
        406.77142857142854,
        409.02777777777777,
        404.5774647887324,
        -82.57142857142857,
        -90.01408450704226
    ],
    "temp_avg": 30.05838806170356,
    "ntu_avg": 209.55823161189355
}