{
    "year": 2021,
    "month": 4,
    "day": 9,
    "hour": 14,
    "minute": 45,
    "temp": [
        28.839090909090885,
        28.809999999999974,
        28.777272727272724,
        28.75,
        28.712500000000023
    ],
    "tds": [
        1077.1139393939397,
        1077.0400000000006,
        1078.5533333333333,
        1079.3100000000004,
        1082.6287499999999
    ],
    "ph": [
        4.875757575757576,
        4.50375,
        4.477878787878786,
        4.551212121212122,
        4.677187499999999
    ],
    "ntu": [
        3000.0,
        3000.0,
        3000.0,
        3000.0,
        3000.0
    ],
    "temp_avg": 28.777772727272726,
    "tds_avg": 1078.9292045454547,
    "ph_avg": 4.617157196969696,
    "ntu_avg": 3000.0
}