{
    "year": 2021,
    "month": 4,
    "day": 23,
    "hour": 11,
    "minute": 30,
    "temp": [
        29.156666666666673,
        29.1822033898305,
        29.02275862068965,
        28.971000000000025,
        29.2159322033898
    ],
    "ntu": [
        2388.2889999999998,
        2345.2389830508478,
        2348.402931034483,
        2350.553999999999,
        2378.3515254237286
    ],
    "temp_avg": 29.10971217611533,
    "ntu_avg": 2362.1672879018115
}