{
    "year": 2021,
    "month": 4,
    "day": 24,
    "hour": 18,
    "minute": 0,
    "temp": [
        30.062857142857087,
        30.107323943661925,
        30.022285714285708,
        29.95521126760567,
        29.881830985915435
    ],
    "ntu": [
        425.75714285714287,
        433.19718309859155,
        432.3,
        427.38028169014086,
        424.28169014084506
    ],
    "temp_avg": 30.00590181086516,
    "ntu_avg": 428.5832595573441
}