{
    "year": 2021,
    "month": 4,
    "day": 9,
    "hour": 0,
    "minute": 0,
    "temp": [
        28.673030303030316,
        28.62,
        28.561818181818158,
        28.521818181818183,
        28.492500000000007
    ],
    "tds": [
        1298.1527272727265,
        1300.0068749999998,
        1293.3503030303032,
        1293.9666666666674,
        1296.8771875000007
    ],
    "ph": [
        3.7842424242424255,
        3.878125,
        3.986363636363636,
        3.969999999999999,
        3.895000000000001
    ],
    "ntu": [
        3000.0,
        3000.0,
        3000.0,
        3000.0,
        3000.0
    ],
    "temp_avg": 28.573833333333333,
    "tds_avg": 1296.4707518939395,
    "ph_avg": 3.9027462121212126,
    "ntu_avg": 3000.0
}