{
    "year": 2021,
    "month": 4,
    "day": 11,
    "hour": 16,
    "minute": 35,
    "temp": [
        27.592727272727252,
        27.559999999999977,
        27.559999999999977,
        27.53749999999999,
        27.5
    ],
    "tds": [
        1122.6899999999996,
        1124.3300000000008,
        1124.3300000000008,
        1125.2600000000002,
        1126.8100000000002
    ],
    "ph": [
        6.349090909090909,
        6.345454545454547,
        6.343333333333335,
        6.312812500000001,
        6.346363636363634
    ],
    "ntu": [
        3000.0,
        3000.0,
        3000.0,
        3000.0,
        3000.0
    ],
    "temp_avg": 27.550045454545444,
    "tds_avg": 1124.6840000000004,
    "ph_avg": 6.3394109848484845,
    "ntu_avg": 3000.0
}