{
    "year": 2021,
    "month": 4,
    "day": 6,
    "hour": 11,
    "minute": 10,
    "temp": [
        25.0,
        25.06,
        25.06,
        25.06,
        25.12
    ],
    "tds": [
        0.0,
        0.0,
        0.0,
        0.0,
        0.0
    ],
    "ph": [
        0.11,
        0.12,
        0.1,
        0.11,
        0.1
    ],
    "ntu": [
        3000.0,
        3000.0,
        3000.0,
        3000.0,
        3000.0
    ],
    "temp_avg": 25.060000000000002,
    "tds_avg": 0.0,
    "ph_avg": 0.10799999999999998,
    "ntu_avg": 3000.0
}