{
    "year": 2021,
    "month": 4,
    "day": 10,
    "hour": 22,
    "minute": 5,
    "temp": [
        29.309999999999974,
        29.343749999999993,
        29.37,
        29.408181818181845,
        29.440000000000026
    ],
    "tds": [
        1214.57,
        1212.7343750000007,
        1211.8193939393946,
        1210.046060606061,
        1209.2400000000005
    ],
    "ph": [
        5.936363636363637,
        5.914999999999999,
        5.966363636363636,
        5.965454545454545,
        5.953437499999999
    ],
    "ntu": [
        3000.0,
        3000.0,
        3000.0,
        3000.0,
        3000.0
    ],
    "temp_avg": 29.37438636363637,
    "tds_avg": 1211.6819659090913,
    "ph_avg": 5.947323863636363,
    "ntu_avg": 3000.0
}