{
    "year": 2021,
    "month": 4,
    "day": 20,
    "hour": 0,
    "minute": 50,
    "temp": [
        29.937878787878812,
        29.940000000000026,
        29.985454545454544,
        30.0,
        30.001875
    ],
    "tds": [
        1205.76696969697,
        1205.3699999999997,
        1203.4003030303027,
        1202.7699999999998,
        1039.330625
    ],
    "ph": [
        3.248787878787879,
        3.2075,
        3.2675757575757576,
        3.2590909090909097,
        3.309062499999999
    ],
    "ntu": [
        3000.0,
        3000.0,
        3000.0,
        3000.0,
        3000.0
    ],
    "temp_avg": 29.973041666666678,
    "tds_avg": 1171.3275795454545,
    "ph_avg": 3.258403409090909,
    "ntu_avg": 3000.0
}