{
    "year": 2021,
    "month": 4,
    "day": 13,
    "hour": 18,
    "minute": 30,
    "temp": [
        29.62,
        29.607272727272715,
        29.559999999999974,
        29.539999999999992,
        29.5
    ],
    "tds": [
        910.6160606060605,
        1087.0451515151512,
        1089.07,
        1089.5515151515149,
        1091.34
    ],
    "ph": [
        0.0,
        0.0,
        0.0,
        0.0,
        0.0
    ],
    "ntu": [
        3000.0,
        3000.0,
        3000.0,
        3000.0,
        3000.0
    ],
    "temp_avg": 29.565454545454536,
    "tds_avg": 1053.5245454545452,
    "ph_avg": 0.0,
    "ntu_avg": 3000.0
}