{
    "year": 2021,
    "month": 4,
    "day": 9,
    "hour": 16,
    "minute": 50,
    "temp": [
        28.92727272727275,
        28.947272727272747,
        28.98875,
        29.0090909090909,
        29.049090909090886
    ],
    "tds": [
        1239.9627272727266,
        1239.5421212121207,
        1237.1996875,
        1236.8769696969698,
        1234.3566666666668
    ],
    "ph": [
        5.244242424242423,
        5.198181818181818,
        4.869687500000001,
        4.715454545454546,
        4.72090909090909
    ],
    "ntu": [
        3000.0,
        3000.0,
        3000.0,
        3000.0,
        3000.0
    ],
    "temp_avg": 28.984295454545457,
    "tds_avg": 1237.5876344696967,
    "ph_avg": 4.9496950757575755,
    "ntu_avg": 3000.0
}