{
    "year": 2021,
    "month": 4,
    "day": 9,
    "hour": 19,
    "minute": 40,
    "temp": [
        27.37,
        27.37,
        27.317272727272705,
        27.309999999999977,
        27.284545454545448
    ],
    "tds": [
        1140.2009374999996,
        1140.2799999999995,
        1142.5033333333333,
        1142.8100000000002,
        1144.2009090909094
    ],
    "ph": [
        4.738437500000001,
        4.8069696969696984,
        4.83,
        4.752499999999999,
        4.674242424242424
    ],
    "ntu": [
        3000.0,
        3000.0,
        3000.0,
        3000.0,
        3000.0
    ],
    "temp_avg": 27.330363636363625,
    "tds_avg": 1141.9990359848484,
    "ph_avg": 4.760429924242425,
    "ntu_avg": 3000.0
}