{
    "year": 2021,
    "month": 4,
    "day": 24,
    "hour": 14,
    "minute": 15,
    "temp": [
        30.14690140845071,
        30.211126760563417,
        30.128999999999944,
        30.0633802816901,
        30.000845070422535
    ],
    "ntu": [
        229.18309859154928,
        228.18309859154928,
        218.5142857142857,
        213.61971830985917,
        211.42253521126761
    ],
    "temp_avg": 30.110250704225344,
    "ntu_avg": 220.18454728370222
}