{
    "year": 2021,
    "month": 4,
    "day": 14,
    "hour": 18,
    "minute": 15,
    "temp": [
        28.50545454545454,
        28.513124999999995,
        28.547272727272702,
        28.550909090909073,
        28.559999999999974
    ],
    "tds": [
        1314.7172727272725,
        1315.0087499999995,
        1314.2548484848485,
        1311.837272727272,
        1311.8065625
    ],
    "ph": [
        4.8466666666666685,
        4.8021875000000005,
        4.697575757575757,
        4.808181818181817,
        4.809374999999999
    ],
    "ntu": [
        3000.0,
        3000.0,
        3000.0,
        3000.0,
        3000.0
    ],
    "temp_avg": 28.535352272727255,
    "tds_avg": 1313.5249412878784,
    "ph_avg": 4.792797348484848,
    "ntu_avg": 3000.0
}