{
    "year": 2021,
    "month": 4,
    "day": 12,
    "hour": 12,
    "minute": 20,
    "temp": [
        28.998125,
        28.941818181818206,
        28.9039393939394,
        28.87,
        28.868181818181817
    ],
    "tds": [
        1197.4900000000005,
        1200.1300000000003,
        1197.802727272727,
        1202.6546875000006,
        1204.137575757576
    ],
    "ph": [
        8.231874999999999,
        8.243333333333334,
        8.25242424242424,
        8.272499999999999,
        8.291515151515151
    ],
    "ntu": [
        3000.0,
        3000.0,
        3000.0,
        3000.0,
        3000.0
    ],
    "temp_avg": 28.916412878787884,
    "tds_avg": 1200.4429981060607,
    "ph_avg": 8.258329545454545,
    "ntu_avg": 3000.0
}