{
    "year": 2021,
    "month": 4,
    "day": 19,
    "hour": 23,
    "minute": 15,
    "temp": [
        27.51454545454544,
        27.544999999999977,
        27.585454545454542,
        27.67727272727275,
        27.718125000000004
    ],
    "tds": [
        1310.873333333333,
        1309.2137500000006,
        1307.1490909090917,
        1302.9845454545457,
        1300.6249999999998
    ],
    "ph": [
        3.1399999999999992,
        3.1271875000000007,
        3.1590909090909087,
        3.086363636363636,
        3.138749999999999
    ],
    "ntu": [
        3000.0,
        3000.0,
        3000.0,
        3000.0,
        3000.0
    ],
    "temp_avg": 27.60807954545454,
    "tds_avg": 1306.1691439393942,
    "ph_avg": 3.1302784090909084,
    "ntu_avg": 3000.0
}