{
    "year": 2021,
    "month": 4,
    "day": 13,
    "hour": 10,
    "minute": 35,
    "temp": [
        27.71437500000001,
        27.7590909090909,
        27.806363636363614,
        27.809999999999977,
        27.849999999999998
    ],
    "tds": [
        222.831875,
        235.67333333333332,
        1182.312727272728,
        1155.8206250000003,
        783.88
    ],
    "ph": [
        0.0,
        0.0,
        0.0,
        0.0,
        0.0
    ],
    "ntu": [
        3000.0,
        3000.0,
        3000.0,
        3000.0,
        3000.0
    ],
    "temp_avg": 27.7879659090909,
    "tds_avg": 716.1037121212123,
    "ph_avg": 0.0,
    "ntu_avg": 3000.0
}