{
    "year": 2021,
    "month": 4,
    "day": 11,
    "hour": 23,
    "minute": 25,
    "temp": [
        28.0,
        27.960000000000022,
        27.940000000000023,
        27.929393939393954,
        27.872121212121215
    ],
    "tds": [
        1107.3100000000002,
        1108.9827272727268,
        1109.7099999999994,
        1109.9290909090905,
        1111.973939393939
    ],
    "ph": [
        6.843030303030304,
        6.850000000000001,
        6.853125000000002,
        6.914848484848486,
        6.893030303030302
    ],
    "ntu": [
        3000.0,
        3000.0,
        3000.0,
        3000.0,
        3000.0
    ],
    "temp_avg": 27.940303030303046,
    "tds_avg": 1109.5811515151513,
    "ph_avg": 6.870806818181819,
    "ntu_avg": 3000.0
}