{
    "year": 2021,
    "month": 4,
    "day": 13,
    "hour": 19,
    "minute": 5,
    "temp": [
        28.62,
        28.578749999999978,
        28.559999999999974,
        28.549090909090893,
        28.501875
    ],
    "tds": [
        1120.1300000000006,
        1122.4378125000007,
        1122.5400000000006,
        1126.8718181818188,
        1124.8940625000005
    ],
    "ph": [
        0.0,
        0.0,
        0.0,
        0.0,
        0.0
    ],
    "ntu": [
        3000.0,
        3000.0,
        3000.0,
        3000.0,
        3000.0
    ],
    "temp_avg": 28.56194318181817,
    "tds_avg": 1123.3747386363643,
    "ph_avg": 0.0,
    "ntu_avg": 3000.0
}