{
    "year": 2021,
    "month": 4,
    "day": 23,
    "hour": 5,
    "minute": 35,
    "temp": [
        29.020999999999958,
        29.006101694915262,
        28.89916666666663,
        28.820169491525387,
        28.764
    ],
    "ntu": [
        2345.5448333333334,
        2296.5388135593225,
        2294.267833333334,
        2302.524237288136,
        2294.047166666666
    ],
    "temp_avg": 28.90208757062145,
    "ntu_avg": 2306.5845768361582
}