{
    "year": 2021,
    "month": 4,
    "day": 6,
    "hour": 14,
    "minute": 34,
    "temp": [
        27.56,
        25.06,
        27.62,
        27.62,
        25.12
    ],
    "tds": [
        1298.95,
        1352.32,
        1295.92,
        1295.92,
        1380.39
    ],
    "ph": [
        0.0,
        0.0,
        0.0,
        0.0,
        0.0
    ],
    "ntu": [
        3000.0,
        3000.0,
        3000.0,
        3000.0,
        3000.0
    ],
    "temp_avg": 26.595999999999997,
    "tds_avg": 1324.7000000000003,
    "ph_avg": 0.0,
    "ntu_avg": 3000.0
}