{
    "year": 2021,
    "month": 4,
    "day": 15,
    "hour": 19,
    "minute": 35,
    "temp": [
        29.5,
        29.5,
        29.5,
        29.52812499999998,
        29.507499999999993
    ],
    "tds": [
        1135.3600000000004,
        1135.3600000000004,
        1135.3600000000004,
        1134.6068750000002,
        1135.1340625000003
    ],
    "ph": [
        7.487500000000001,
        7.509999999999999,
        7.504848484848481,
        7.520937500000003,
        7.526875000000001
    ],
    "ntu": [
        3000.0,
        3000.0,
        3000.0,
        3000.0,
        3000.0
    ],
    "temp_avg": 29.507124999999995,
    "tds_avg": 1135.1641875000003,
    "ph_avg": 7.510032196969696,
    "ntu_avg": 3000.0
}