{
    "year": 2021,
    "month": 4,
    "day": 14,
    "hour": 5,
    "minute": 25,
    "temp": [
        29.190000000000026,
        29.190000000000026,
        29.199090909090927,
        29.25,
        29.25
    ],
    "tds": [
        1231.9272727272728,
        1232.7357575757583,
        1228.4727272727278,
        1242.7865625000002,
        1230.8009090909095
    ],
    "ph": [
        4.779696969696969,
        4.706666666666666,
        4.706969696969696,
        4.517187499999999,
        4.544848484848486
    ],
    "ntu": [
        3000.0,
        3000.0,
        3000.0,
        3000.0,
        3000.0
    ],
    "temp_avg": 29.215818181818197,
    "tds_avg": 1233.3446458333335,
    "ph_avg": 4.6510738636363635,
    "ntu_avg": 3000.0
}