{
    "year": 2021,
    "month": 4,
    "day": 22,
    "hour": 12,
    "minute": 35,
    "temp": [
        29.369999999999955,
        29.369999999999955,
        29.350999999999964,
        29.30999999999996,
        29.30999999999996
    ],
    "ntu": [
        3000.0,
        3000.0,
        3000.0,
        3000.0,
        3000.0
    ],
    "temp_avg": 29.342199999999956,
    "ntu_avg": 3000.0
}