{
    "year": 2021,
    "month": 4,
    "day": 20,
    "hour": 1,
    "minute": 45,
    "temp": [
        28.779090909090908,
        28.75,
        28.73909090909092,
        28.70818181818184,
        28.690000000000026
    ],
    "tds": [
        1086.3178787878794,
        1087.2200000000005,
        1087.777575757576,
        1088.9624242424243,
        1089.5200000000002
    ],
    "ph": [
        2.6915151515151527,
        2.6968750000000004,
        2.7369696969696964,
        2.7915151515151497,
        2.8215624999999993
    ],
    "ntu": [
        3000.0,
        3000.0,
        3000.0,
        3000.0,
        3000.0
    ],
    "temp_avg": 28.73327272727274,
    "tds_avg": 1087.959575757576,
    "ph_avg": 2.7476874999999996,
    "ntu_avg": 3000.0
}