{
    "year": 2021,
    "month": 4,
    "day": 20,
    "hour": 15,
    "minute": 0,
    "temp": [
        29.556249999999977,
        29.505454545454548,
        29.49818181818182,
        29.46250000000002,
        29.440000000000026
    ],
    "tds": [
        1066.1437499999997,
        1067.9333333333334,
        1068.0,
        1069.3875000000003,
        1070.2200000000005
    ],
    "ph": [
        5.235625,
        5.226969696969698,
        5.1912121212121205,
        5.116562499999999,
        5.17090909090909
    ],
    "ntu": [
        3000.0,
        3000.0,
        3000.0,
        3000.0,
        3000.0
    ],
    "temp_avg": 29.492477272727275,
    "tds_avg": 1068.3369166666666,
    "ph_avg": 5.188255681818182,
    "ntu_avg": 3000.0
}