{
    "year": 2021,
    "month": 4,
    "day": 14,
    "hour": 19,
    "minute": 36,
    "temp": [
        29.059999999999974,
        29.059999999999974,
        29.059999999999974,
        29.059999999999974,
        29.061874999999976
    ],
    "tds": [
        1289.90375,
        1331.7024242424243,
        1288.7530303030298,
        1266.5849999999996,
        1277.2903125
    ],
    "ph": [
        4.5528125,
        4.260606060606061,
        4.584545454545454,
        4.716562499999999,
        4.645000000000001
    ],
    "ntu": [
        3000.0,
        3000.0,
        3000.0,
        3000.0,
        3000.0
    ],
    "temp_avg": 29.060374999999976,
    "tds_avg": 1290.8469034090908,
    "ph_avg": 4.551905303030303,
    "ntu_avg": 3000.0
}