{
    "year": 2021,
    "month": 4,
    "day": 13,
    "hour": 20,
    "minute": 5,
    "temp": [
        27.426875000000017,
        27.380606060606066,
        27.37,
        27.37,
        27.349999999999987
    ],
    "tds": [
        1168.7918750000001,
        1171.9133333333339,
        1174.8,
        1173.8440625,
        1174.2503030303028
    ],
    "ph": [
        0.0,
        0.0,
        0.0,
        0.0,
        0.0
    ],
    "ntu": [
        3000.0,
        3000.0,
        3000.0,
        3000.0,
        3000.0
    ],
    "temp_avg": 27.379496212121218,
    "tds_avg": 1172.7199147727274,
    "ph_avg": 0.0,
    "ntu_avg": 3000.0
}