{
    "year": 2021,
    "month": 4,
    "day": 12,
    "hour": 5,
    "minute": 20,
    "temp": [
        26.199090909090923,
        26.210000000000015,
        26.212500000000013,
        26.21181818181819,
        26.208181818181835
    ],
    "tds": [
        1332.6133333333335,
        1332.9069696969698,
        1332.7815625,
        1332.8090909090909,
        1332.9069696969698
    ],
    "ph": [
        7.078787878787883,
        7.069393939393938,
        7.085000000000005,
        7.0803030303030345,
        7.062727272727272
    ],
    "ntu": [
        3000.0,
        3000.0,
        3000.0,
        3000.0,
        3000.0
    ],
    "temp_avg": 26.208318181818193,
    "tds_avg": 1332.8035852272728,
    "ph_avg": 7.075242424242427,
    "ntu_avg": 3000.0
}