{
    "year": 2021,
    "month": 4,
    "day": 23,
    "hour": 17,
    "minute": 56,
    "temp": [
        29.697428571428606,
        29.60140845070419,
        29.529142857142844,
        29.46366197183102,
        29.626197183098597
    ],
    "ntu": [
        -60.857142857142854,
        -53.929577464788736,
        -50.42857142857143,
        -49.15492957746479,
        446.07042253521126
    ],
    "temp_avg": 29.583567806841053,
    "ntu_avg": 46.34004024144869
}