{
    "year": 2021,
    "month": 4,
    "day": 26,
    "hour": 11,
    "minute": 35,
    "temp": [
        30.90450704225353,
        30.940845070422576,
        30.99142857142857,
        31.000845070422535,
        31.031714285714262
    ],
    "ntu": [
        -325.92957746478874,
        -330.28169014084506,
        -329.85714285714283,
        -334.5774647887324,
        -343.1857142857143
    ],
    "temp_avg": 30.973868008048292,
    "ntu_avg": -332.76631790744466
}