{
    "year": 2021,
    "month": 4,
    "day": 14,
    "hour": 23,
    "minute": 55,
    "temp": [
        29.37,
        29.37,
        29.339090909090885,
        29.309999999999974,
        29.308124999999976
    ],
    "tds": [
        1224.9700000000005,
        1224.8334375000004,
        1221.8227272727272,
        1223.2900000000006,
        1223.2900000000006
    ],
    "ph": [
        5.649393939393939,
        5.672812499999997,
        5.660909090909091,
        5.620909090909091,
        5.6059375
    ],
    "ntu": [
        3000.0,
        3000.0,
        3000.0,
        3000.0,
        3000.0
    ],
    "temp_avg": 29.339443181818172,
    "tds_avg": 1223.641232954546,
    "ph_avg": 5.6419924242424235,
    "ntu_avg": 3000.0
}