{
    "year": 2021,
    "month": 4,
    "day": 16,
    "hour": 20,
    "minute": 41,
    "temp": 27.440000000000023,
    "tds": 1176.5299999999995,
    "ph": 0.0,
    "ntu": 3000.0
}