{
    "year": 2021,
    "month": 4,
    "day": 22,
    "hour": 17,
    "minute": 4,
    "temp": 27.018305084745762,
    "ntu": 2013.0806779661011
}