{
    "year": 2021,
    "month": 4,
    "day": 24,
    "hour": 6,
    "minute": 26,
    "temp": 30.100285714285675,
    "ntu": 594.3571428571429
}