{
    "year": 2021,
    "month": 4,
    "day": 19,
    "hour": 13,
    "minute": 33,
    "temp": 28.87,
    "tds": 1063.1475757575765,
    "ph": 0.39999999999999997,
    "ntu": 3000.0
}