{
    "year": 2021,
    "month": 4,
    "day": 23,
    "hour": 11,
    "minute": 24,
    "temp": 28.87237288135589,
    "ntu": 2355.19372881356
}