{
    "year": 2021,
    "month": 4,
    "day": 16,
    "hour": 21,
    "minute": 41,
    "temp": 28.277272727272702,
    "tds": 1316.5690909090913,
    "ph": 1.8439393939393935,
    "ntu": 3000.0
}