{
    "year": 2021,
    "month": 4,
    "day": 22,
    "hour": 15,
    "minute": 27,
    "temp": 28.451186440678004,
    "ntu": 1499.3818644067799
}