{
    "year": 2021,
    "month": 4,
    "day": 26,
    "hour": 12,
    "minute": 23,
    "temp": 29.648999999999972,
    "ntu": -354.0285714285714
}