{
    "year": 2021,
    "month": 4,
    "day": 22,
    "hour": 8,
    "minute": 59,
    "temp": 28.309999999999963,
    "ntu": 2815.0668333333333
}