{
    "year": 2021,
    "month": 4,
    "day": 22,
    "hour": 17,
    "minute": 41,
    "temp": 27.426000000000002,
    "ntu": 1697.7769999999998
}