{
    "year": 2021,
    "month": 4,
    "day": 13,
    "hour": 8,
    "minute": 32,
    "temp": 30.00375,
    "tds": 44.3615625,
    "ph": 0.0,
    "ntu": 3000.0
}