{
    "year": 2021,
    "month": 4,
    "day": 24,
    "hour": 6,
    "minute": 13,
    "temp": 29.936901408450737,
    "ntu": 605.6619718309859
}