{
    "year": 2021,
    "month": 4,
    "day": 23,
    "hour": 11,
    "minute": 44,
    "temp": 29.026440677966093,
    "ntu": 2400.221694915255
}