{
    "year": 2021,
    "month": 4,
    "day": 25,
    "hour": 23,
    "minute": 37,
    "temp": 26.786585365853632,
    "ntu": 625.3170731707318
}