{
    "year": 2021,
    "month": 4,
    "day": 22,
    "hour": 8,
    "minute": 38,
    "temp": 28.190000000000037,
    "ntu": 2550.134237288136
}