{
    "year": 2021,
    "month": 4,
    "day": 24,
    "hour": 4,
    "minute": 56,
    "temp": 30.146999999999952,
    "ntu": -7.057142857142857
}