{
    "year": 2021,
    "month": 4,
    "day": 24,
    "hour": 12,
    "minute": 11,
    "temp": 30.169295774647882,
    "ntu": 276.36619718309856
}