{
    "year": 2021,
    "month": 4,
    "day": 22,
    "hour": 4,
    "minute": 13,
    "temp": 28.464406779661033,
    "ntu": 2563.7633898305085
}