{
    "year": 2021,
    "month": 4,
    "day": 22,
    "hour": 6,
    "minute": 20,
    "temp": 27.86999999999996,
    "ntu": 2812.0443333333324
}