{
    "year": 2021,
    "month": 4,
    "day": 24,
    "hour": 2,
    "minute": 4,
    "temp": 29.999142857142857,
    "ntu": 664.5142857142857
}