{
    "year": 2021,
    "month": 4,
    "day": 24,
    "hour": 21,
    "minute": 29,
    "temp": 26.690000000000037,
    "ntu": 633.2535211267606
}