{
    "year": 2021,
    "month": 4,
    "day": 13,
    "hour": 8,
    "minute": 3,
    "temp": 29.222727272727276,
    "tds": 422.65909090909093,
    "ph": 0.0,
    "ntu": 3000.0
}