{
    "year": 2021,
    "month": 4,
    "day": 23,
    "hour": 23,
    "minute": 35,
    "temp": 30.27028571428567,
    "ntu": 660.3571428571429
}