{
    "year": 2021,
    "month": 4,
    "day": 25,
    "hour": 6,
    "minute": 29,
    "temp": 26.385774647887292,
    "ntu": 590.3098591549295
}