{
    "year": 2021,
    "month": 4,
    "day": 24,
    "hour": 14,
    "minute": 18,
    "temp": 30.0633802816901,
    "ntu": 213.61971830985917
}