{
    "year": 2021,
    "month": 4,
    "day": 16,
    "hour": 21,
    "minute": 33,
    "temp": 27.824999999999992,
    "tds": 1342.8312500000004,
    "ph": 1.7546875000000006,
    "ntu": 3000.0
}