{
    "year": 2021,
    "month": 4,
    "day": 16,
    "hour": 14,
    "minute": 14,
    "temp": 26.24818181818182,
    "tds": 1286.07,
    "ph": 7.059696969696969,
    "ntu": 3000.0
}