{
    "year": 2021,
    "month": 4,
    "day": 22,
    "hour": 3,
    "minute": 55,
    "temp": 27.90266666666669,
    "ntu": 2373.6048333333333
}