{
    "year": 2021,
    "month": 4,
    "day": 24,
    "hour": 21,
    "minute": 20,
    "temp": 26.748285714285714,
    "ntu": 624.7571428571429
}