{
    "year": 2021,
    "month": 4,
    "day": 24,
    "hour": 2,
    "minute": 30,
    "temp": 30.120000000000008,
    "ntu": 654.9285714285714
}