{
    "year": 2021,
    "month": 4,
    "day": 24,
    "hour": 2,
    "minute": 31,
    "temp": 30.203943661971863,
    "ntu": 657.4225352112676
}