{
    "year": 2021,
    "month": 4,
    "day": 22,
    "hour": 17,
    "minute": 56,
    "temp": 27.152033898305053,
    "ntu": 1093.4891525423727
}