{
    "year": 2021,
    "month": 4,
    "day": 25,
    "hour": 2,
    "minute": 54,
    "temp": 26.368309859154884,
    "ntu": -6.323943661971831
}