{
    "year": 2021,
    "month": 4,
    "day": 16,
    "hour": 15,
    "minute": 30,
    "temp": 26.445454545454563,
    "tds": 1276.54393939394,
    "ph": 7.093030303030304,
    "ntu": 3000.0
}