{
    "year": 2021,
    "month": 4,
    "day": 26,
    "hour": 12,
    "minute": 17,
    "temp": 29.821830985915458,
    "ntu": -324.63380281690144
}