{
    "year": 2021,
    "month": 4,
    "day": 24,
    "hour": 8,
    "minute": 59,
    "temp": 29.90199999999996,
    "ntu": -90.31428571428572
}