{
    "year": 2021,
    "month": 4,
    "day": 24,
    "hour": 4,
    "minute": 25,
    "temp": 30.094366197183103,
    "ntu": 651.3239436619718
}