{
    "year": 2021,
    "month": 4,
    "day": 26,
    "hour": 1,
    "minute": 39,
    "temp": 26.749154929577465,
    "ntu": 623.5352112676056
}