{
    "year": 2021,
    "month": 4,
    "day": 25,
    "hour": 8,
    "minute": 26,
    "temp": 26.499154929577465,
    "ntu": 417.85915492957747
}