{
    "year": 2021,
    "month": 4,
    "day": 22,
    "hour": 2,
    "minute": 37,
    "temp": 27.99491525423729,
    "ntu": 1571.205254237288
}