{
    "year": 2021,
    "month": 4,
    "day": 22,
    "hour": 10,
    "minute": 16,
    "temp": 28.38399999999996,
    "ntu": 2856.747666666667
}