{
    "year": 2021,
    "month": 4,
    "day": 14,
    "hour": 20,
    "minute": 56,
    "temp": 29.37,
    "tds": 1245.1563636363642,
    "ph": 4.797272727272727,
    "ntu": 3000.0
}