{
    "year": 2021,
    "month": 4,
    "day": 22,
    "hour": 17,
    "minute": 36,
    "temp": 27.514000000000003,
    "ntu": 1458.861000000001
}