{
    "year": 2021,
    "month": 4,
    "day": 23,
    "hour": 23,
    "minute": 18,
    "temp": 30.223428571428595,
    "ntu": 672.9571428571429
}