{
    "year": 2021,
    "month": 4,
    "day": 23,
    "hour": 23,
    "minute": 48,
    "temp": 30.182112676056363,
    "ntu": -5.028169014084507
}