{
    "year": 2021,
    "month": 4,
    "day": 22,
    "hour": 17,
    "minute": 21,
    "temp": 27.75600000000001,
    "ntu": 1423.273166666667
}