{
    "year": 2021,
    "month": 4,
    "day": 21,
    "hour": 21,
    "minute": 47,
    "temp": 28.55999999999996,
    "ntu": 2991.9501694915252
}