{
    "year": 2021,
    "month": 4,
    "day": 21,
    "hour": 14,
    "minute": 25,
    "temp": 27.058181818181794,
    "tds": 1157.4790909090916,
    "ph": 6.54121212121212,
    "ntu": 3000.0
}