{
    "year": 2021,
    "month": 4,
    "day": 24,
    "hour": 6,
    "minute": 44,
    "temp": 29.9212676056338,
    "ntu": 543.1408450704225
}