{
    "year": 2021,
    "month": 4,
    "day": 14,
    "hour": 14,
    "minute": 5,
    "temp": 28.289374999999986,
    "tds": 1167.5431250000001,
    "ph": 6.1793749999999985,
    "ntu": 3000.0
}