{
    "year": 2021,
    "month": 4,
    "day": 21,
    "hour": 19,
    "minute": 53,
    "temp": 29.00610169491525,
    "ntu": 2439.323728813559
}