{
    "year": 2021,
    "month": 4,
    "day": 21,
    "hour": 20,
    "minute": 5,
    "temp": 29.367999999999952,
    "ntu": 2534.156166666666
}