{
    "year": 2021,
    "month": 4,
    "day": 23,
    "hour": 1,
    "minute": 16,
    "temp": 29.740000000000016,
    "ntu": 2359.938499999999
}