{
    "year": 2021,
    "month": 4,
    "day": 24,
    "hour": 6,
    "minute": 11,
    "temp": 30.084507042253488,
    "ntu": 604.5915492957746
}