{
    "year": 2021,
    "month": 4,
    "day": 14,
    "hour": 14,
    "minute": 37,
    "temp": 27.700909090909107,
    "tds": 1172.0903030303027,
    "ph": 3.5427272727272725,
    "ntu": 3000.0
}