{
    "year": 2021,
    "month": 4,
    "day": 14,
    "hour": 15,
    "minute": 4,
    "temp": 27.282727272727268,
    "tds": 1208.4969696969692,
    "ph": 3.708181818181817,
    "ntu": 3000.0
}