{
    "year": 2021,
    "month": 4,
    "day": 16,
    "hour": 19,
    "minute": 10,
    "temp": 29.309999999999974,
    "tds": 1114.1899999999998,
    "ph": 0.0,
    "ntu": 3000.0
}