{
    "year": 2021,
    "month": 4,
    "day": 25,
    "hour": 23,
    "minute": 32,
    "temp": 26.79901408450701,
    "ntu": 625.5633802816901
}