{
    "year": 2021,
    "month": 4,
    "day": 16,
    "hour": 15,
    "minute": 16,
    "temp": 26.309999999999977,
    "tds": 1280.6581818181812,
    "ph": 7.039696969696973,
    "ntu": 3000.0
}