{
    "year": 2021,
    "month": 4,
    "day": 16,
    "hour": 11,
    "minute": 35,
    "temp": 29.731818181818195,
    "tds": 1142.716363636364,
    "ph": 8.01121212121212,
    "ntu": 3000.0
}