{
    "year": 2021,
    "month": 4,
    "day": 23,
    "hour": 20,
    "minute": 18,
    "temp": 30.180000000000017,
    "ntu": 546.3714285714286
}