{
    "year": 2021,
    "month": 4,
    "day": 16,
    "hour": 17,
    "minute": 35,
    "temp": 27.5,
    "tds": 1222.7799999999995,
    "ph": 7.010937499999999,
    "ntu": 3000.0
}