{
    "year": 2021,
    "month": 4,
    "day": 16,
    "hour": 15,
    "minute": 56,
    "temp": 26.622187500000003,
    "tds": 1267.88,
    "ph": 7.039374999999999,
    "ntu": 3000.0
}