{
    "year": 2021,
    "month": 4,
    "day": 24,
    "hour": 6,
    "minute": 28,
    "temp": 29.95028571428575,
    "ntu": 590.5857142857143
}