{
    "year": 2021,
    "month": 4,
    "day": 22,
    "hour": 10,
    "minute": 58,
    "temp": 28.499000000000002,
    "ntu": 2633.0813333333335
}