{
    "year": 2021,
    "month": 4,
    "day": 14,
    "hour": 16,
    "minute": 37,
    "temp": 26.93787878787881,
    "tds": 1444.972121212121,
    "ph": 4.457878787878786,
    "ntu": 3000.0
}