{
    "year": 2021,
    "month": 4,
    "day": 14,
    "hour": 20,
    "minute": 50,
    "temp": 29.344545454545447,
    "tds": 1248.0509090909093,
    "ph": 4.988484848484847,
    "ntu": 3000.0
}