{
    "year": 2021,
    "month": 4,
    "day": 16,
    "hour": 20,
    "minute": 45,
    "temp": 27.37,
    "tds": 1179.3468750000002,
    "ph": 0.7384375000000002,
    "ntu": 3000.0
}