{
    "year": 2021,
    "month": 4,
    "day": 24,
    "hour": 12,
    "minute": 7,
    "temp": 30.082285714285685,
    "ntu": 255.18571428571428
}