{
    "year": 2021,
    "month": 4,
    "day": 22,
    "hour": 2,
    "minute": 55,
    "temp": 27.61999999999996,
    "ntu": 1458.4115000000008
}