{
    "year": 2021,
    "month": 4,
    "day": 14,
    "hour": 14,
    "minute": 19,
    "temp": 28.059999999999977,
    "tds": 1171.5642424242424,
    "ph": 3.295151515151515,
    "ntu": 3000.0
}