{
    "year": 2021,
    "month": 4,
    "day": 24,
    "hour": 18,
    "minute": 1,
    "temp": 30.107323943661925,
    "ntu": 433.19718309859155
}