{
    "year": 2021,
    "month": 4,
    "day": 23,
    "hour": 23,
    "minute": 7,
    "temp": 30.291999999999973,
    "ntu": 674.7857142857143
}