{
    "year": 2021,
    "month": 4,
    "day": 16,
    "hour": 19,
    "minute": 13,
    "temp": 29.24062500000001,
    "tds": 1117.0706249999998,
    "ph": 0.0,
    "ntu": 3000.0
}