{
    "year": 2021,
    "month": 4,
    "day": 24,
    "hour": 14,
    "minute": 45,
    "temp": 30.1418309859155,
    "ntu": -92.45070422535211
}