{
    "year": 2021,
    "month": 4,
    "day": 16,
    "hour": 19,
    "minute": 59,
    "temp": 28.190000000000023,
    "tds": 1141.43,
    "ph": 0.8793750000000002,
    "ntu": 3000.0
}