{
    "year": 2021,
    "month": 4,
    "day": 24,
    "hour": 18,
    "minute": 51,
    "temp": 30.096857142857107,
    "ntu": -55.27142857142857
}