{
    "year": 2021,
    "month": 4,
    "day": 21,
    "hour": 20,
    "minute": 45,
    "temp": 30.004067796610165,
    "ntu": 2804.6088135593222
}