{
    "year": 2021,
    "month": 4,
    "day": 24,
    "hour": 10,
    "minute": 49,
    "temp": 29.940845070422576,
    "ntu": -106.32394366197182
}