{
    "year": 2021,
    "month": 4,
    "day": 19,
    "hour": 13,
    "minute": 40,
    "temp": 28.659375000000008,
    "tds": 1078.49125,
    "ph": 0.42062499999999997,
    "ntu": 3000.0
}