{
    "year": 2021,
    "month": 4,
    "day": 22,
    "hour": 7,
    "minute": 32,
    "temp": 28.088999999999952,
    "ntu": 2825.274833333334
}