{
    "year": 2021,
    "month": 4,
    "day": 16,
    "hour": 14,
    "minute": 47,
    "temp": 26.12,
    "tds": 1295.213636363636,
    "ph": 7.03727272727273,
    "ntu": 3000.0
}