{
    "year": 2021,
    "month": 4,
    "day": 14,
    "hour": 15,
    "minute": 15,
    "temp": 27.12,
    "tds": 1195.9854545454552,
    "ph": 3.9566666666666666,
    "ntu": 3000.0
}