{
    "year": 2021,
    "month": 4,
    "day": 23,
    "hour": 20,
    "minute": 32,
    "temp": 30.32199999999996,
    "ntu": 553.1142857142858
}