{
    "year": 2021,
    "month": 4,
    "day": 25,
    "hour": 10,
    "minute": 45,
    "temp": 26.68802816901412,
    "ntu": -51.84507042253521
}