{
    "year": 2021,
    "month": 4,
    "day": 26,
    "hour": 12,
    "minute": 33,
    "temp": 29.369999999999948,
    "ntu": -322.25714285714287
}