{
    "year": 2021,
    "month": 4,
    "day": 21,
    "hour": 20,
    "minute": 26,
    "temp": 29.655000000000026,
    "ntu": 2688.0080000000007
}