{
    "year": 2021,
    "month": 4,
    "day": 22,
    "hour": 8,
    "minute": 36,
    "temp": 28.21793103448278,
    "ntu": 2557.435689655172
}