{
    "year": 2021,
    "month": 4,
    "day": 22,
    "hour": 4,
    "minute": 22,
    "temp": 28.758135593220338,
    "ntu": 2628.2769491525432
}