{
    "year": 2021,
    "month": 4,
    "day": 14,
    "hour": 18,
    "minute": 4,
    "temp": 28.405000000000015,
    "tds": 1322.5296874999995,
    "ph": 5.0546875,
    "ntu": 3000.0
}