{
    "year": 2021,
    "month": 4,
    "day": 14,
    "hour": 17,
    "minute": 33,
    "temp": 27.87,
    "tds": 1371.089999999999,
    "ph": 5.1196874999999995,
    "ntu": 3000.0
}