{
    "year": 2021,
    "month": 4,
    "day": 14,
    "hour": 21,
    "minute": 42,
    "temp": 29.414545454545475,
    "tds": 1228.2187878787886,
    "ph": 5.165151515151517,
    "ntu": 3000.0
}