{
    "year": 2021,
    "month": 4,
    "day": 24,
    "hour": 6,
    "minute": 8,
    "temp": 30.005070422535212,
    "ntu": 604.9577464788732
}