{
    "year": 2021,
    "month": 4,
    "day": 14,
    "hour": 16,
    "minute": 51,
    "temp": 27.059999999999977,
    "tds": 1435.7336363636364,
    "ph": 4.4339393939393945,
    "ntu": 3000.0
}