{
    "year": 2021,
    "month": 4,
    "day": 22,
    "hour": 13,
    "minute": 58,
    "temp": 28.05389830508471,
    "ntu": 1151.4167796610163
}