{
    "year": 2021,
    "month": 4,
    "day": 14,
    "hour": 14,
    "minute": 28,
    "temp": 27.846363636363616,
    "tds": 1180.92,
    "ph": 3.188181818181818,
    "ntu": 3000.0
}