{
    "year": 2021,
    "month": 4,
    "day": 23,
    "hour": 15,
    "minute": 31,
    "temp": 28.477714285714306,
    "ntu": 355.9714285714286
}