{
    "year": 2021,
    "month": 4,
    "day": 22,
    "hour": 2,
    "minute": 56,
    "temp": 27.616949152542336,
    "ntu": 1471.5481355932204
}