{
    "year": 2021,
    "month": 4,
    "day": 21,
    "hour": 21,
    "minute": 21,
    "temp": 29.19000000000004,
    "ntu": 2944.9633898305106
}