{
    "year": 2021,
    "month": 4,
    "day": 22,
    "hour": 6,
    "minute": 47,
    "temp": 27.98372881355934,
    "ntu": 2815.980677966103
}