{
    "year": 2021,
    "month": 4,
    "day": 14,
    "hour": 15,
    "minute": 41,
    "temp": 27.0,
    "tds": 1463.7337500000006,
    "ph": 4.828124999999998,
    "ntu": 3000.0
}