{
    "year": 2021,
    "month": 4,
    "day": 14,
    "hour": 15,
    "minute": 27,
    "temp": 27.03272727272727,
    "tds": 1488.8381818181826,
    "ph": 4.678484848484849,
    "ntu": 3000.0
}