{
    "year": 2021,
    "month": 4,
    "day": 13,
    "hour": 8,
    "minute": 19,
    "temp": 29.690000000000026,
    "tds": 244.56499999999997,
    "ph": 0.0,
    "ntu": 3000.0
}