{
    "year": 2021,
    "month": 4,
    "day": 22,
    "hour": 3,
    "minute": 54,
    "temp": 27.871186440677928,
    "ntu": 2363.9225423728813
}