{
    "year": 2021,
    "month": 4,
    "day": 23,
    "hour": 20,
    "minute": 35,
    "temp": 30.07584269662922,
    "ntu": 548.0786516853933
}