{
    "year": 2021,
    "month": 4,
    "day": 24,
    "hour": 8,
    "minute": 43,
    "temp": 29.99408450704226,
    "ntu": 296.85915492957747
}