{
    "year": 2021,
    "month": 4,
    "day": 16,
    "hour": 20,
    "minute": 32,
    "temp": 27.572727272727253,
    "tds": 962.3824242424241,
    "ph": 0.0,
    "ntu": 3000.0
}