{
    "year": 2021,
    "month": 4,
    "day": 22,
    "hour": 9,
    "minute": 41,
    "temp": 28.379333333333307,
    "ntu": 2812.424833333333
}