{
    "year": 2021,
    "month": 4,
    "day": 23,
    "hour": 20,
    "minute": 30,
    "temp": 30.336619718309866,
    "ntu": 537.6760563380282
}