{
    "year": 2021,
    "month": 4,
    "day": 24,
    "hour": 14,
    "minute": 48,
    "temp": 30.060857142857106,
    "ntu": -82.02857142857142
}