{
    "year": 2021,
    "month": 4,
    "day": 14,
    "hour": 21,
    "minute": 18,
    "temp": 29.37,
    "tds": 1240.523437499999,
    "ph": 5.1253125,
    "ntu": 3000.0
}