{
    "year": 2021,
    "month": 4,
    "day": 22,
    "hour": 15,
    "minute": 34,
    "temp": 28.342999999999975,
    "ntu": 1648.3440000000005
}