{
    "year": 2021,
    "month": 4,
    "day": 23,
    "hour": 17,
    "minute": 44,
    "temp": 29.473802816901433,
    "ntu": 484.92957746478874
}