{
    "year": 2021,
    "month": 4,
    "day": 24,
    "hour": 14,
    "minute": 50,
    "temp": 30.158169014084514,
    "ntu": -72.64788732394366
}