{
    "year": 2021,
    "month": 4,
    "day": 21,
    "hour": 20,
    "minute": 38,
    "temp": 29.869999999999955,
    "ntu": 2771.9586440677976
}