{
    "year": 2021,
    "month": 4,
    "day": 22,
    "hour": 15,
    "minute": 57,
    "temp": 28.16433333333333,
    "ntu": 1680.1286666666667
}