{
    "year": 2021,
    "month": 4,
    "day": 16,
    "hour": 20,
    "minute": 25,
    "temp": 27.72272727272729,
    "tds": 502.1063636363636,
    "ph": 0.0,
    "ntu": 3000.0
}