{
    "year": 2021,
    "month": 4,
    "day": 25,
    "hour": 8,
    "minute": 29,
    "temp": 26.49408450704226,
    "ntu": 391.67605633802816
}