{
    "year": 2021,
    "month": 4,
    "day": 25,
    "hour": 15,
    "minute": 59,
    "temp": 26.873999999999956,
    "ntu": -45.75714285714286
}