{
    "year": 2021,
    "month": 4,
    "day": 24,
    "hour": 10,
    "minute": 15,
    "temp": 30.10633802816903,
    "ntu": 316.5492957746479
}