{
    "year": 2021,
    "month": 4,
    "day": 24,
    "hour": 21,
    "minute": 11,
    "temp": 26.808309859154893,
    "ntu": 628.5070422535211
}