{
    "year": 2021,
    "month": 4,
    "day": 14,
    "hour": 21,
    "minute": 47,
    "temp": 29.401818181818197,
    "tds": 1224.7351515151518,
    "ph": 5.302727272727274,
    "ntu": 3000.0
}