{
    "year": 2021,
    "month": 4,
    "day": 25,
    "hour": 10,
    "minute": 46,
    "temp": 26.690000000000037,
    "ntu": -54.929577464788736
}