{
    "year": 2021,
    "month": 4,
    "day": 14,
    "hour": 17,
    "minute": 16,
    "temp": 27.56181818181816,
    "tds": 1427.759393939394,
    "ph": 4.952121212121212,
    "ntu": 3000.0
}