{
    "year": 2021,
    "month": 4,
    "day": 16,
    "hour": 17,
    "minute": 18,
    "temp": 27.35363636363636,
    "tds": 1228.8187878787876,
    "ph": 7.017272727272729,
    "ntu": 3000.0
}