{
    "year": 2021,
    "month": 4,
    "day": 21,
    "hour": 21,
    "minute": 53,
    "temp": 28.440000000000037,
    "ntu": 2997.4686440677965
}