{
    "year": 2021,
    "month": 4,
    "day": 16,
    "hour": 16,
    "minute": 58,
    "temp": 27.12424242424243,
    "tds": 1244.2154545454541,
    "ph": 7.045151515151516,
    "ntu": 3000.0
}