{
    "year": 2021,
    "month": 4,
    "day": 22,
    "hour": 3,
    "minute": 51,
    "temp": 27.734745762711867,
    "ntu": 2335.458474576271
}