{
    "year": 2021,
    "month": 4,
    "day": 22,
    "hour": 3,
    "minute": 45,
    "temp": 27.448135593220368,
    "ntu": 2297.595762711864
}