{
    "year": 2021,
    "month": 4,
    "day": 14,
    "hour": 14,
    "minute": 31,
    "temp": 27.809999999999977,
    "tds": 1177.499375,
    "ph": 3.3350000000000004,
    "ntu": 3000.0
}