{
    "year": 2021,
    "month": 4,
    "day": 24,
    "hour": 2,
    "minute": 10,
    "temp": 30.149718309859164,
    "ntu": 656.4788732394367
}