{
    "year": 2021,
    "month": 4,
    "day": 23,
    "hour": 15,
    "minute": 34,
    "temp": 28.308309859154893,
    "ntu": 394.63380281690144
}