{
    "year": 2021,
    "month": 4,
    "day": 23,
    "hour": 17,
    "minute": 58,
    "temp": 29.529142857142844,
    "ntu": -50.42857142857143
}