{
    "year": 2021,
    "month": 4,
    "day": 21,
    "hour": 14,
    "minute": 2,
    "temp": 27.37,
    "tds": 1142.9909090909096,
    "ph": 6.576363636363639,
    "ntu": 3000.0
}