{
    "year": 2021,
    "month": 4,
    "day": 24,
    "hour": 8,
    "minute": 46,
    "temp": 30.1028571428571,
    "ntu": -107.25714285714285
}