{
    "year": 2021,
    "month": 4,
    "day": 14,
    "hour": 13,
    "minute": 51,
    "temp": 28.437878787878812,
    "tds": 1255.9121212121213,
    "ph": 6.2372727272727255,
    "ntu": 3000.0
}