{
    "year": 2021,
    "month": 4,
    "day": 25,
    "hour": 10,
    "minute": 25,
    "temp": 26.672000000000008,
    "ntu": 362.35714285714283
}