{
    "year": 2021,
    "month": 4,
    "day": 16,
    "hour": 20,
    "minute": 39,
    "temp": 27.45687500000002,
    "tds": 925.7315625000002,
    "ph": 0.0,
    "ntu": 3000.0
}