{
    "year": 2021,
    "month": 4,
    "day": 25,
    "hour": 8,
    "minute": 30,
    "temp": 26.495774647887327,
    "ntu": 397.2676056338028
}