{
    "year": 2021,
    "month": 4,
    "day": 23,
    "hour": 1,
    "minute": 48,
    "temp": 29.619166666666622,
    "ntu": 2009.340166666667
}