{
    "year": 2021,
    "month": 4,
    "day": 23,
    "hour": 15,
    "minute": 7,
    "temp": 28.80999999999996,
    "ntu": 2084.311333333333
}