{
    "year": 2021,
    "month": 4,
    "day": 25,
    "hour": 6,
    "minute": 22,
    "temp": 26.37985915492954,
    "ntu": 588.5915492957746
}