{
    "year": 2021,
    "month": 4,
    "day": 22,
    "hour": 2,
    "minute": 31,
    "temp": 28.119999999999962,
    "ntu": 1681.8928813559326
}