{
    "year": 2021,
    "month": 4,
    "day": 14,
    "hour": 13,
    "minute": 44,
    "temp": 28.391212121212124,
    "tds": 1280.9551515151522,
    "ph": 6.173333333333333,
    "ntu": 3000.0
}