{
    "year": 2021,
    "month": 4,
    "day": 23,
    "hour": 17,
    "minute": 34,
    "temp": 29.4114084507042,
    "ntu": 482.5211267605634
}