{
    "year": 2021,
    "month": 4,
    "day": 23,
    "hour": 15,
    "minute": 37,
    "temp": 28.309999999999963,
    "ntu": 401.80281690140845
}