{
    "year": 2021,
    "month": 4,
    "day": 24,
    "hour": 4,
    "minute": 14,
    "temp": 29.952676056338063,
    "ntu": 658.6197183098592
}