{
    "year": 2021,
    "month": 4,
    "day": 14,
    "hour": 21,
    "minute": 40,
    "temp": 29.426875000000024,
    "tds": 1233.4684374999997,
    "ph": 5.155312500000001,
    "ntu": 3000.0
}