{
    "year": 2021,
    "month": 4,
    "day": 14,
    "hour": 20,
    "minute": 58,
    "temp": 29.36625,
    "tds": 1246.155625,
    "ph": 4.8065625,
    "ntu": 3000.0
}