{
    "year": 2021,
    "month": 4,
    "day": 21,
    "hour": 19,
    "minute": 39,
    "temp": 28.55999999999996,
    "ntu": 2293.1957627118645
}