{
    "year": 2021,
    "month": 4,
    "day": 22,
    "hour": 10,
    "minute": 18,
    "temp": 28.37830508474573,
    "ntu": 2861.875254237289
}