{
    "year": 2021,
    "month": 4,
    "day": 14,
    "hour": 17,
    "minute": 59,
    "temp": 28.309999999999977,
    "tds": 1325.3327272727267,
    "ph": 5.0118181818181835,
    "ntu": 3000.0
}