{
    "year": 2021,
    "month": 4,
    "day": 21,
    "hour": 20,
    "minute": 49,
    "temp": 30.05186440677963,
    "ntu": 2709.9588135593217
}