{
    "year": 2021,
    "month": 4,
    "day": 22,
    "hour": 17,
    "minute": 18,
    "temp": 27.619999999999962,
    "ntu": 1326.2615254237282
}