{
    "year": 2021,
    "month": 4,
    "day": 24,
    "hour": 2,
    "minute": 7,
    "temp": 30.098028169014047,
    "ntu": 662.6619718309859
}