{
    "year": 2021,
    "month": 4,
    "day": 26,
    "hour": 3,
    "minute": 15,
    "temp": 26.690845070422572,
    "ntu": 615.3802816901408
}