{
    "year": 2021,
    "month": 4,
    "day": 16,
    "hour": 17,
    "minute": 10,
    "temp": 27.25363636363636,
    "tds": 1237.8136363636374,
    "ph": 7.052121212121212,
    "ntu": 3000.0
}