{
    "year": 2021,
    "month": 4,
    "day": 24,
    "hour": 21,
    "minute": 23,
    "temp": 26.7054285714286,
    "ntu": 632.7571428571429
}