{
    "year": 2021,
    "month": 4,
    "day": 23,
    "hour": 15,
    "minute": 43,
    "temp": 28.180000000000014,
    "ntu": 444.3285714285714
}