{
    "year": 2021,
    "month": 4,
    "day": 22,
    "hour": 6,
    "minute": 19,
    "temp": 27.869999999999962,
    "ntu": 2808.6535593220333
}