{
    "year": 2021,
    "month": 4,
    "day": 14,
    "hour": 20,
    "minute": 21,
    "temp": 29.25,
    "tds": 1237.8556250000001,
    "ph": 4.913437499999999,
    "ntu": 3000.0
}