{
    "year": 2021,
    "month": 4,
    "day": 16,
    "hour": 21,
    "minute": 21,
    "temp": 27.190000000000023,
    "tds": 1382.5187499999995,
    "ph": 1.614375,
    "ntu": 3000.0
}