{
    "year": 2021,
    "month": 4,
    "day": 25,
    "hour": 15,
    "minute": 30,
    "temp": 26.910000000000004,
    "ntu": 288.42857142857144
}