{
    "year": 2021,
    "month": 4,
    "day": 16,
    "hour": 16,
    "minute": 37,
    "temp": 26.92939393939396,
    "tds": 1253.5439393939387,
    "ph": 6.940606060606061,
    "ntu": 3000.0
}