{
    "year": 2021,
    "month": 4,
    "day": 24,
    "hour": 2,
    "minute": 36,
    "temp": 30.17985915492959,
    "ntu": 658.4788732394367
}