{
    "year": 2021,
    "month": 4,
    "day": 16,
    "hour": 21,
    "minute": 37,
    "temp": 28.058181818181797,
    "tds": 1327.1999999999996,
    "ph": 1.7745454545454555,
    "ntu": 3000.0
}