{
    "year": 2021,
    "month": 4,
    "day": 14,
    "hour": 17,
    "minute": 50,
    "temp": 28.23545454545455,
    "tds": 1318.4236363636358,
    "ph": 5.208181818181818,
    "ntu": 3000.0
}