{
    "year": 2021,
    "month": 4,
    "day": 19,
    "hour": 13,
    "minute": 39,
    "temp": 28.690000000000026,
    "tds": 1077.6399999999996,
    "ph": 0.4612121212121212,
    "ntu": 3000.0
}