{
    "year": 2021,
    "month": 4,
    "day": 16,
    "hour": 21,
    "minute": 11,
    "temp": 27.0,
    "tds": 1404.025454545455,
    "ph": 1.3230303030303032,
    "ntu": 3000.0
}