{
    "year": 2021,
    "month": 4,
    "day": 22,
    "hour": 2,
    "minute": 47,
    "temp": 27.803999999999967,
    "ntu": 1462.6088333333332
}