{
    "year": 2021,
    "month": 4,
    "day": 13,
    "hour": 8,
    "minute": 0,
    "temp": 29.126363636363642,
    "tds": 353.8775757575757,
    "ph": 0.0,
    "ntu": 3000.0
}