{
    "year": 2021,
    "month": 4,
    "day": 14,
    "hour": 21,
    "minute": 32,
    "temp": 29.37,
    "tds": 1236.572121212121,
    "ph": 5.084242424242425,
    "ntu": 3000.0
}