{
    "year": 2021,
    "month": 4,
    "day": 24,
    "hour": 21,
    "minute": 49,
    "temp": 26.562535211267566,
    "ntu": -4.957746478873239
}