{
    "year": 2021,
    "month": 4,
    "day": 21,
    "hour": 14,
    "minute": 27,
    "temp": 27.00181818181818,
    "tds": 1163.894242424242,
    "ph": 6.657575757575759,
    "ntu": 3000.0
}