{
    "year": 2021,
    "month": 4,
    "day": 16,
    "hour": 15,
    "minute": 28,
    "temp": 26.440000000000023,
    "tds": 1276.9100000000008,
    "ph": 7.069393939393941,
    "ntu": 3000.0
}