{
    "year": 2021,
    "month": 4,
    "day": 16,
    "hour": 15,
    "minute": 57,
    "temp": 26.626363636363642,
    "tds": 1267.5187878787876,
    "ph": 7.040909090909093,
    "ntu": 3000.0
}