{
    "year": 2021,
    "month": 4,
    "day": 23,
    "hour": 17,
    "minute": 9,
    "temp": 29.20200000000004,
    "ntu": 526.3857142857142
}