{
    "year": 2021,
    "month": 4,
    "day": 16,
    "hour": 16,
    "minute": 27,
    "temp": 26.809999999999977,
    "tds": 1254.2699999999998,
    "ph": 6.932727272727271,
    "ntu": 3000.0
}