{
    "year": 2021,
    "month": 4,
    "day": 22,
    "hour": 13,
    "minute": 52,
    "temp": 28.190000000000037,
    "ntu": 2593.767333333332
}