{
    "year": 2021,
    "month": 4,
    "day": 16,
    "hour": 11,
    "minute": 53,
    "temp": 29.511249999999997,
    "tds": 1151.5293749999996,
    "ph": 7.968437499999998,
    "ntu": 3000.0
}