{
    "year": 2021,
    "month": 4,
    "day": 14,
    "hour": 13,
    "minute": 32,
    "temp": 28.185757575757595,
    "tds": 1302.0615151515156,
    "ph": 6.096060606060607,
    "ntu": 3000.0
}