{
    "year": 2021,
    "month": 4,
    "day": 22,
    "hour": 4,
    "minute": 12,
    "temp": 28.43183333333337,
    "ntu": 2557.9811666666665
}