{
    "year": 2021,
    "month": 4,
    "day": 22,
    "hour": 4,
    "minute": 8,
    "temp": 28.309999999999963,
    "ntu": 2529.4718333333344
}