{
    "year": 2021,
    "month": 4,
    "day": 16,
    "hour": 16,
    "minute": 47,
    "temp": 27.016874999999988,
    "tds": 1249.726875,
    "ph": 7.001249999999999,
    "ntu": 3000.0
}