{
    "year": 2021,
    "month": 4,
    "day": 23,
    "hour": 17,
    "minute": 28,
    "temp": 29.41042253521124,
    "ntu": 496.7042253521127
}