{
    "year": 2021,
    "month": 4,
    "day": 23,
    "hour": 17,
    "minute": 25,
    "temp": 29.45605633802815,
    "ntu": 490.77464788732397
}