{
    "year": 2021,
    "month": 4,
    "day": 14,
    "hour": 13,
    "minute": 50,
    "temp": 28.427272727272744,
    "tds": 1257.5860606060608,
    "ph": 6.2278787878787885,
    "ntu": 3000.0
}