{
    "year": 2021,
    "month": 4,
    "day": 25,
    "hour": 8,
    "minute": 21,
    "temp": 26.478873239436634,
    "ntu": 417.2535211267606
}