{
    "year": 2021,
    "month": 4,
    "day": 24,
    "hour": 16,
    "minute": 28,
    "temp": 30.013714285714286,
    "ntu": 352.5571428571429
}