{
    "year": 2021,
    "month": 4,
    "day": 14,
    "hour": 20,
    "minute": 2,
    "temp": 29.185625000000023,
    "tds": 1246.4599999999994,
    "ph": 4.850937500000001,
    "ntu": 3000.0
}