{
    "year": 2021,
    "month": 4,
    "day": 25,
    "hour": 2,
    "minute": 34,
    "temp": 26.369142857142812,
    "ntu": 631.9714285714285
}