{
    "year": 2021,
    "month": 4,
    "day": 21,
    "hour": 20,
    "minute": 57,
    "temp": 29.809999999999963,
    "ntu": 2768.603833333334
}