{
    "year": 2021,
    "month": 4,
    "day": 25,
    "hour": 8,
    "minute": 12,
    "temp": 26.444285714285748,
    "ntu": 409.3857142857143
}