{
    "year": 2021,
    "month": 4,
    "day": 24,
    "hour": 12,
    "minute": 0,
    "temp": 30.108873239436633,
    "ntu": 250.08450704225353
}