{
    "year": 2021,
    "month": 4,
    "day": 14,
    "hour": 14,
    "minute": 8,
    "temp": 28.33999999999998,
    "tds": 1146.6406249999998,
    "ph": 6.233437500000001,
    "ntu": 3000.0
}