{
    "year": 2021,
    "month": 4,
    "day": 21,
    "hour": 19,
    "minute": 29,
    "temp": 28.121186440677928,
    "ntu": 2180.2274576271193
}