{
    "year": 2021,
    "month": 4,
    "day": 14,
    "hour": 17,
    "minute": 44,
    "temp": 28.10363636363636,
    "tds": 1341.990606060606,
    "ph": 5.046363636363638,
    "ntu": 3000.0
}