{
    "year": 2021,
    "month": 4,
    "day": 16,
    "hour": 16,
    "minute": 42,
    "temp": 26.943636363636383,
    "tds": 1252.6575757575752,
    "ph": 6.943939393939392,
    "ntu": 3000.0
}