{
    "year": 2021,
    "month": 4,
    "day": 14,
    "hour": 20,
    "minute": 52,
    "temp": 29.37,
    "tds": 1245.79125,
    "ph": 5.055000000000001,
    "ntu": 3000.0
}