{
    "year": 2021,
    "month": 4,
    "day": 22,
    "hour": 6,
    "minute": 7,
    "temp": 27.86399999999996,
    "ntu": 2801.0009999999993
}