{
    "year": 2021,
    "month": 4,
    "day": 16,
    "hour": 19,
    "minute": 8,
    "temp": 29.34272727272725,
    "tds": 1112.623333333333,
    "ph": 0.0,
    "ntu": 3000.0
}