{
    "year": 2021,
    "month": 4,
    "day": 21,
    "hour": 14,
    "minute": 22,
    "temp": 27.112727272727266,
    "tds": 1158.0124242424242,
    "ph": 6.542121212121213,
    "ntu": 3000.0
}