{
    "year": 2021,
    "month": 4,
    "day": 16,
    "hour": 16,
    "minute": 39,
    "temp": 26.940000000000023,
    "tds": 1253.0999999999992,
    "ph": 6.910909090909088,
    "ntu": 3000.0
}