{
    "year": 2021,
    "month": 4,
    "day": 22,
    "hour": 7,
    "minute": 17,
    "temp": 28.024406779661,
    "ntu": 2824.065423728812
}