{
    "year": 2021,
    "month": 4,
    "day": 24,
    "hour": 14,
    "minute": 42,
    "temp": 30.124929577464737,
    "ntu": 277.4507042253521
}