{
    "year": 2021,
    "month": 4,
    "day": 21,
    "hour": 20,
    "minute": 35,
    "temp": 29.94000000000004,
    "ntu": 2733.7241666666678
}