{
    "year": 2021,
    "month": 4,
    "day": 24,
    "hour": 18,
    "minute": 59,
    "temp": 29.9311267605634,
    "ntu": -47.04225352112676
}