{
    "year": 2021,
    "month": 4,
    "day": 21,
    "hour": 20,
    "minute": 43,
    "temp": 29.942033898305123,
    "ntu": 2819.679322033898
}