{
    "year": 2021,
    "month": 4,
    "day": 19,
    "hour": 13,
    "minute": 26,
    "temp": 29.059999999999974,
    "tds": 1052.6300000000008,
    "ph": 0.599090909090909,
    "ntu": 3000.0
}