{
    "year": 2021,
    "month": 4,
    "day": 21,
    "hour": 19,
    "minute": 46,
    "temp": 28.865932203389786,
    "ntu": 2372.53186440678
}