{
    "year": 2021,
    "month": 4,
    "day": 21,
    "hour": 19,
    "minute": 42,
    "temp": 28.69000000000004,
    "ntu": 2330.1976271186445
}