{
    "year": 2021,
    "month": 4,
    "day": 14,
    "hour": 13,
    "minute": 59,
    "temp": 28.37,
    "tds": 1173.0425000000005,
    "ph": 6.166249999999997,
    "ntu": 3000.0
}