{
    "year": 2021,
    "month": 4,
    "day": 21,
    "hour": 18,
    "minute": 39,
    "temp": 25.68881355932207,
    "ntu": 1793.7971186440675
}