{
    "year": 2021,
    "month": 4,
    "day": 23,
    "hour": 17,
    "minute": 49,
    "temp": 29.429154929577482,
    "ntu": -39.84507042253521
}