{
    "year": 2021,
    "month": 4,
    "day": 21,
    "hour": 19,
    "minute": 11,
    "temp": 27.369999999999962,
    "ntu": 1952.1998305084753
}