{
    "year": 2021,
    "month": 4,
    "day": 16,
    "hour": 21,
    "minute": 32,
    "temp": 27.771818181818162,
    "tds": 1346.8378787878785,
    "ph": 1.7245454545454546,
    "ntu": 3000.0
}