{
    "year": 2021,
    "month": 4,
    "day": 24,
    "hour": 8,
    "minute": 57,
    "temp": 30.013521126760565,
    "ntu": -96.52112676056338
}