{
    "year": 2021,
    "month": 4,
    "day": 23,
    "hour": 15,
    "minute": 57,
    "temp": 28.00676056338028,
    "ntu": -52.014084507042256
}