{
    "year": 2021,
    "month": 4,
    "day": 22,
    "hour": 9,
    "minute": 33,
    "temp": 28.434067796610197,
    "ntu": 2445.425593220339
}