{
    "year": 2021,
    "month": 4,
    "day": 24,
    "hour": 16,
    "minute": 30,
    "temp": 30.099295774647903,
    "ntu": 369.056338028169
}