{
    "year": 2021,
    "month": 4,
    "day": 24,
    "hour": 14,
    "minute": 10,
    "temp": 30.13394366197184,
    "ntu": 243.6056338028169
}