{
    "year": 2021,
    "month": 4,
    "day": 23,
    "hour": 23,
    "minute": 50,
    "temp": 30.273571428571376,
    "ntu": -4.785714285714286
}