{
    "year": 2021,
    "month": 4,
    "day": 21,
    "hour": 21,
    "minute": 15,
    "temp": 29.326999999999966,
    "ntu": 2885.4131666666663
}