{
    "year": 2021,
    "month": 4,
    "day": 25,
    "hour": 23,
    "minute": 13,
    "temp": 26.808309859154893,
    "ntu": 626.1408450704225
}