{
    "year": 2021,
    "month": 4,
    "day": 21,
    "hour": 21,
    "minute": 22,
    "temp": 29.160833333333315,
    "ntu": 2947.8464999999987
}