{
    "year": 2021,
    "month": 4,
    "day": 24,
    "hour": 12,
    "minute": 35,
    "temp": 30.12070422535212,
    "ntu": 285.49295774647885
}