{
    "year": 2021,
    "month": 4,
    "day": 16,
    "hour": 11,
    "minute": 40,
    "temp": 29.68125000000002,
    "tds": 1147.278125,
    "ph": 7.910625,
    "ntu": 3000.0
}