{
    "year": 2021,
    "month": 4,
    "day": 14,
    "hour": 16,
    "minute": 2,
    "temp": 27.238750000000003,
    "tds": 1259.1625000000006,
    "ph": 3.7559374999999995,
    "ntu": 3000.0
}