{
    "year": 2021,
    "month": 4,
    "day": 24,
    "hour": 2,
    "minute": 1,
    "temp": 30.209714285714323,
    "ntu": 656.5571428571428
}