{
    "year": 2021,
    "month": 4,
    "day": 23,
    "hour": 17,
    "minute": 26,
    "temp": 29.535142857142837,
    "ntu": 492.1142857142857
}