{
    "year": 2021,
    "month": 4,
    "day": 14,
    "hour": 17,
    "minute": 31,
    "temp": 27.85727272727273,
    "tds": 1377.2478787878777,
    "ph": 4.822121212121212,
    "ntu": 3000.0
}