{
    "year": 2021,
    "month": 4,
    "day": 21,
    "hour": 19,
    "minute": 30,
    "temp": 28.179500000000036,
    "ntu": 2191.7805000000003
}