{
    "year": 2021,
    "month": 4,
    "day": 21,
    "hour": 15,
    "minute": 12,
    "temp": 28.690000000000026,
    "tds": 1255.4199999999992,
    "ph": 6.576562500000003,
    "ntu": 3000.0
}