{
    "year": 2021,
    "month": 4,
    "day": 25,
    "hour": 6,
    "minute": 11,
    "temp": 26.372957746478832,
    "ntu": 607.2535211267606
}