{
    "year": 2021,
    "month": 4,
    "day": 24,
    "hour": 12,
    "minute": 46,
    "temp": 30.16499999999998,
    "ntu": -94.67142857142858
}