{
    "year": 2021,
    "month": 4,
    "day": 25,
    "hour": 15,
    "minute": 55,
    "temp": 26.88676056338024,
    "ntu": -47.80281690140845
}