{
    "year": 2021,
    "month": 4,
    "day": 21,
    "hour": 21,
    "minute": 31,
    "temp": 28.94000000000004,
    "ntu": 2966.0252542372887
}