{
    "year": 2021,
    "month": 4,
    "day": 24,
    "hour": 12,
    "minute": 50,
    "temp": 30.141142857142864,
    "ntu": -92.57142857142857
}