{
    "year": 2021,
    "month": 4,
    "day": 23,
    "hour": 1,
    "minute": 28,
    "temp": 29.588999999999974,
    "ntu": 2333.3326666666662
}