{
    "year": 2021,
    "month": 4,
    "day": 14,
    "hour": 19,
    "minute": 30,
    "temp": 29.059999999999974,
    "tds": 1274.69,
    "ph": 4.6734375,
    "ntu": 3000.0
}