{
    "year": 2021,
    "month": 4,
    "day": 24,
    "hour": 10,
    "minute": 10,
    "temp": 30.09746478873241,
    "ntu": 304.4225352112676
}