{
    "year": 2021,
    "month": 4,
    "day": 24,
    "hour": 2,
    "minute": 49,
    "temp": 29.99239436619719,
    "ntu": -6.450704225352113
}