{
    "year": 2021,
    "month": 4,
    "day": 25,
    "hour": 23,
    "minute": 18,
    "temp": 26.807464788732357,
    "ntu": 625.8450704225352
}