{
    "year": 2021,
    "month": 4,
    "day": 14,
    "hour": 18,
    "minute": 43,
    "temp": 28.75,
    "tds": 1298.1254545454547,
    "ph": 4.760606060606061,
    "ntu": 3000.0
}