{
    "year": 2021,
    "month": 4,
    "day": 22,
    "hour": 17,
    "minute": 1,
    "temp": 27.186166666666672,
    "ntu": 2032.7458333333327
}