{
    "year": 2021,
    "month": 4,
    "day": 14,
    "hour": 16,
    "minute": 29,
    "temp": 26.969090909090912,
    "tds": 1455.7548484848485,
    "ph": 4.4724242424242435,
    "ntu": 3000.0
}