{
    "year": 2021,
    "month": 4,
    "day": 14,
    "hour": 18,
    "minute": 18,
    "temp": 28.550909090909073,
    "tds": 1311.837272727272,
    "ph": 4.808181818181817,
    "ntu": 3000.0
}