{
    "year": 2021,
    "month": 4,
    "day": 24,
    "hour": 10,
    "minute": 24,
    "temp": 29.93507042253524,
    "ntu": 329.5633802816901
}