{
    "year": 2021,
    "month": 4,
    "day": 22,
    "hour": 5,
    "minute": 56,
    "temp": 27.809999999999963,
    "ntu": 2789.236779661018
}