{
    "year": 2021,
    "month": 4,
    "day": 14,
    "hour": 15,
    "minute": 6,
    "temp": 27.266363636363636,
    "tds": 1207.7033333333334,
    "ph": 3.6406060606060624,
    "ntu": 3000.0
}