{
    "year": 2021,
    "month": 4,
    "day": 14,
    "hour": 20,
    "minute": 37,
    "temp": 29.309999999999974,
    "tds": 1232.0800000000008,
    "ph": 4.972424242424241,
    "ntu": 3000.0
}