{
    "year": 2021,
    "month": 4,
    "day": 14,
    "hour": 15,
    "minute": 45,
    "temp": 27.056363636363614,
    "tds": 1465.3963636363646,
    "ph": 4.931212121212121,
    "ntu": 3000.0
}