{
    "year": 2021,
    "month": 4,
    "day": 16,
    "hour": 14,
    "minute": 54,
    "temp": 26.190000000000023,
    "tds": 1289.1500000000008,
    "ph": 7.052121212121213,
    "ntu": 3000.0
}