{
    "year": 2021,
    "month": 4,
    "day": 24,
    "hour": 18,
    "minute": 32,
    "temp": 30.042253521126735,
    "ntu": 448.14084507042253
}