{
    "year": 2021,
    "month": 4,
    "day": 16,
    "hour": 19,
    "minute": 35,
    "temp": 28.71250000000002,
    "tds": 1128.3381250000004,
    "ph": 0.0,
    "ntu": 3000.0
}