{
    "year": 2021,
    "month": 4,
    "day": 23,
    "hour": 20,
    "minute": 6,
    "temp": 30.305714285714256,
    "ntu": 549.6571428571428
}