{
    "year": 2021,
    "month": 4,
    "day": 16,
    "hour": 21,
    "minute": 24,
    "temp": 27.309999999999977,
    "tds": 1375.5500000000004,
    "ph": 1.6681250000000003,
    "ntu": 3000.0
}