{
    "year": 2021,
    "month": 4,
    "day": 24,
    "hour": 18,
    "minute": 16,
    "temp": 30.092112676056306,
    "ntu": 467.36619718309856
}