{
    "year": 2021,
    "month": 4,
    "day": 22,
    "hour": 15,
    "minute": 31,
    "temp": 28.577288135593186,
    "ntu": 1657.7111864406777
}