{
    "year": 2021,
    "month": 4,
    "day": 24,
    "hour": 8,
    "minute": 11,
    "temp": 30.098571428571383,
    "ntu": 394.26190476190476
}