{
    "year": 2021,
    "month": 4,
    "day": 24,
    "hour": 12,
    "minute": 28,
    "temp": 30.049859154929546,
    "ntu": 263.80281690140845
}