{
    "year": 2021,
    "month": 4,
    "day": 22,
    "hour": 9,
    "minute": 7,
    "temp": 28.309999999999963,
    "ntu": 2774.5783050847463
}