{
    "year": 2021,
    "month": 4,
    "day": 22,
    "hour": 2,
    "minute": 45,
    "temp": 27.809999999999963,
    "ntu": 1475.5566666666666
}