{
    "year": 2021,
    "month": 4,
    "day": 14,
    "hour": 17,
    "minute": 32,
    "temp": 27.87,
    "tds": 1373.211212121211,
    "ph": 4.941818181818181,
    "ntu": 3000.0
}