{
    "year": 2021,
    "month": 4,
    "day": 19,
    "hour": 13,
    "minute": 56,
    "temp": 28.204545454545478,
    "tds": 1095.6315151515155,
    "ph": 0.27424242424242423,
    "ntu": 3000.0
}