{
    "year": 2021,
    "month": 4,
    "day": 16,
    "hour": 20,
    "minute": 53,
    "temp": 27.24454545454546,
    "tds": 1183.0260606060608,
    "ph": 0.9512121212121212,
    "ntu": 3000.0
}