{
    "year": 2021,
    "month": 4,
    "day": 21,
    "hour": 21,
    "minute": 17,
    "temp": 29.28899999999998,
    "ntu": 2892.1903333333335
}