{
    "year": 2021,
    "month": 4,
    "day": 22,
    "hour": 9,
    "minute": 31,
    "temp": 28.369999999999962,
    "ntu": 2473.143050847458
}