{
    "year": 2021,
    "month": 4,
    "day": 14,
    "hour": 18,
    "minute": 5,
    "temp": 28.39545454545456,
    "tds": 1324.5884848484839,
    "ph": 4.9918181818181795,
    "ntu": 3000.0
}