{
    "year": 2021,
    "month": 4,
    "day": 22,
    "hour": 4,
    "minute": 41,
    "temp": 28.11999999999996,
    "ntu": 2731.9273333333335
}