{
    "year": 2021,
    "month": 4,
    "day": 25,
    "hour": 2,
    "minute": 53,
    "temp": 26.36828571428567,
    "ntu": -6.228571428571429
}