{
    "year": 2021,
    "month": 4,
    "day": 14,
    "hour": 17,
    "minute": 30,
    "temp": 27.83624999999999,
    "tds": 1383.1625000000001,
    "ph": 4.719687499999999,
    "ntu": 3000.0
}