{
    "year": 2021,
    "month": 4,
    "day": 24,
    "hour": 4,
    "minute": 39,
    "temp": 29.931000000000022,
    "ntu": 653.0714285714286
}