{
    "year": 2021,
    "month": 4,
    "day": 16,
    "hour": 19,
    "minute": 27,
    "temp": 28.8869696969697,
    "tds": 596.8845454545449,
    "ph": 0.0,
    "ntu": 3000.0
}