{
    "year": 2021,
    "month": 4,
    "day": 14,
    "hour": 18,
    "minute": 34,
    "temp": 28.690000000000026,
    "tds": 1285.9933333333338,
    "ph": 4.77121212121212,
    "ntu": 3000.0
}