{
    "year": 2021,
    "month": 4,
    "day": 14,
    "hour": 13,
    "minute": 6,
    "temp": 27.456363636363644,
    "tds": 1353.8996969696973,
    "ph": 6.087272727272729,
    "ntu": 3000.0
}