{
    "year": 2021,
    "month": 4,
    "day": 14,
    "hour": 20,
    "minute": 18,
    "temp": 29.262727272727265,
    "tds": 1242.7236363636364,
    "ph": 5.06151515151515,
    "ntu": 3000.0
}