{
    "year": 2021,
    "month": 4,
    "day": 21,
    "hour": 21,
    "minute": 26,
    "temp": 29.05999999999996,
    "ntu": 2958.188166666667
}