{
    "year": 2021,
    "month": 4,
    "day": 16,
    "hour": 11,
    "minute": 9,
    "temp": 29.311818181818158,
    "tds": 1159.1345454545449,
    "ph": 7.917878787878789,
    "ntu": 3000.0
}