{
    "year": 2021,
    "month": 4,
    "day": 22,
    "hour": 7,
    "minute": 41,
    "temp": 28.059999999999963,
    "ntu": 2792.9991525423725
}