{
    "year": 2021,
    "month": 4,
    "day": 23,
    "hour": 23,
    "minute": 32,
    "temp": 30.23647887323945,
    "ntu": 667.3098591549295
}