{
    "year": 2021,
    "month": 4,
    "day": 25,
    "hour": 23,
    "minute": 33,
    "temp": 26.79799999999997,
    "ntu": 625.5428571428571
}