{
    "year": 2021,
    "month": 4,
    "day": 22,
    "hour": 10,
    "minute": 8,
    "temp": 28.440000000000037,
    "ntu": 2879.5049152542374
}