{
    "year": 2021,
    "month": 4,
    "day": 14,
    "hour": 18,
    "minute": 31,
    "temp": 28.690000000000026,
    "tds": 1290.0709090909095,
    "ph": 4.726969696969697,
    "ntu": 3000.0
}