{
    "year": 2021,
    "month": 4,
    "day": 21,
    "hour": 19,
    "minute": 58,
    "temp": 29.108999999999956,
    "ntu": 2472.9219999999996
}