{
    "year": 2021,
    "month": 4,
    "day": 25,
    "hour": 15,
    "minute": 11,
    "temp": 26.881159420289823,
    "ntu": 264.40579710144925
}