{
    "year": 2021,
    "month": 4,
    "day": 25,
    "hour": 2,
    "minute": 20,
    "temp": 26.36999999999995,
    "ntu": 624.9428571428572
}