{
    "year": 2021,
    "month": 4,
    "day": 22,
    "hour": 2,
    "minute": 27,
    "temp": 28.190000000000037,
    "ntu": 1846.8172881355936
}