{
    "year": 2021,
    "month": 4,
    "day": 16,
    "hour": 17,
    "minute": 56,
    "temp": 27.440000000000023,
    "tds": 1221.0500000000002,
    "ph": 7.105,
    "ntu": 3000.0
}