{
    "year": 2021,
    "month": 4,
    "day": 13,
    "hour": 8,
    "minute": 28,
    "temp": 29.940000000000026,
    "tds": 379.9754545454547,
    "ph": 0.0,
    "ntu": 3000.0
}