{
    "year": 2021,
    "month": 4,
    "day": 22,
    "hour": 3,
    "minute": 26,
    "temp": 27.059999999999963,
    "ntu": 1528.3664406779658
}