{
    "year": 2021,
    "month": 4,
    "day": 24,
    "hour": 10,
    "minute": 12,
    "temp": 30.074366197183064,
    "ntu": 343.9718309859155
}