{
    "year": 2021,
    "month": 4,
    "day": 24,
    "hour": 12,
    "minute": 14,
    "temp": 29.965714285714316,
    "ntu": 283.01428571428573
}