{
    "year": 2021,
    "month": 4,
    "day": 19,
    "hour": 13,
    "minute": 54,
    "temp": 28.25181818181818,
    "tds": 1093.7799999999995,
    "ph": 0.31606060606060604,
    "ntu": 3000.0
}