{
    "year": 2021,
    "month": 4,
    "day": 22,
    "hour": 9,
    "minute": 59,
    "temp": 28.469491525423745,
    "ntu": 2883.381355932203
}