{
    "year": 2021,
    "month": 4,
    "day": 22,
    "hour": 15,
    "minute": 42,
    "temp": 28.305932203389798,
    "ntu": 1447.5728813559315
}