{
    "year": 2021,
    "month": 4,
    "day": 21,
    "hour": 21,
    "minute": 29,
    "temp": 28.987796610169504,
    "ntu": 2962.4381355932214
}