{
    "year": 2021,
    "month": 4,
    "day": 16,
    "hour": 15,
    "minute": 2,
    "temp": 26.190000000000023,
    "tds": 1291.2849999999996,
    "ph": 7.003750000000001,
    "ntu": 3000.0
}