{
    "year": 2021,
    "month": 4,
    "day": 24,
    "hour": 12,
    "minute": 8,
    "temp": 30.016901408450703,
    "ntu": 269.85915492957747
}