{
    "year": 2021,
    "month": 4,
    "day": 21,
    "hour": 21,
    "minute": 56,
    "temp": 28.368999999999957,
    "ntu": 2998.5846666666685
}