{
    "year": 2021,
    "month": 4,
    "day": 21,
    "hour": 21,
    "minute": 12,
    "temp": 29.432881355932224,
    "ntu": 2871.5449152542383
}