{
    "year": 2021,
    "month": 4,
    "day": 16,
    "hour": 11,
    "minute": 24,
    "temp": 29.63312500000001,
    "tds": 1173.2743749999997,
    "ph": 8.025625,
    "ntu": 3000.0
}