{
    "year": 2021,
    "month": 4,
    "day": 25,
    "hour": 8,
    "minute": 1,
    "temp": 26.440000000000037,
    "ntu": 454.2957746478873
}