{
    "year": 2021,
    "month": 4,
    "day": 14,
    "hour": 19,
    "minute": 57,
    "temp": 29.16242424242426,
    "tds": 1255.71,
    "ph": 4.7239393939393945,
    "ntu": 3000.0
}