{
    "year": 2021,
    "month": 4,
    "day": 21,
    "hour": 19,
    "minute": 51,
    "temp": 29.03864406779658,
    "ntu": 2418.1769491525424
}