{
    "year": 2021,
    "month": 4,
    "day": 22,
    "hour": 8,
    "minute": 33,
    "temp": 28.227000000000007,
    "ntu": 2561.438666666666
}