{
    "year": 2021,
    "month": 4,
    "day": 23,
    "hour": 1,
    "minute": 56,
    "temp": 29.855593220338957,
    "ntu": 1989.5210169491531
}