{
    "year": 2021,
    "month": 4,
    "day": 25,
    "hour": 15,
    "minute": 41,
    "temp": 26.906478873239433,
    "ntu": 267.3943661971831
}