{
    "year": 2021,
    "month": 4,
    "day": 22,
    "hour": 8,
    "minute": 50,
    "temp": 28.229000000000017,
    "ntu": 2635.7608333333337
}