{
    "year": 2021,
    "month": 4,
    "day": 23,
    "hour": 11,
    "minute": 5,
    "temp": 28.831500000000023,
    "ntu": 2370.8765000000003
}