{
    "year": 2021,
    "month": 4,
    "day": 16,
    "hour": 17,
    "minute": 29,
    "temp": 27.440000000000023,
    "tds": 1227.286250000001,
    "ph": 7.024375,
    "ntu": 3000.0
}