{
    "year": 2021,
    "month": 4,
    "day": 25,
    "hour": 15,
    "minute": 23,
    "temp": 26.881830985915457,
    "ntu": 269.01408450704224
}