{
    "year": 2021,
    "month": 4,
    "day": 14,
    "hour": 16,
    "minute": 45,
    "temp": 26.95454545454547,
    "tds": 1457.544848484848,
    "ph": 4.364545454545455,
    "ntu": 3000.0
}