{
    "year": 2021,
    "month": 4,
    "day": 16,
    "hour": 17,
    "minute": 33,
    "temp": 27.5,
    "tds": 1222.7799999999995,
    "ph": 7.016060606060607,
    "ntu": 3000.0
}