{
    "year": 2021,
    "month": 4,
    "day": 22,
    "hour": 9,
    "minute": 28,
    "temp": 28.369999999999962,
    "ntu": 2460.5913559322034
}