{
    "year": 2021,
    "month": 4,
    "day": 16,
    "hour": 19,
    "minute": 21,
    "temp": 29.056363636363614,
    "tds": 662.2851515151515,
    "ph": 0.0,
    "ntu": 3000.0
}