{
    "year": 2021,
    "month": 4,
    "day": 24,
    "hour": 8,
    "minute": 28,
    "temp": 30.001690140845067,
    "ntu": 282.53521126760563
}