{
    "year": 2021,
    "month": 4,
    "day": 16,
    "hour": 11,
    "minute": 10,
    "temp": 29.309999999999974,
    "tds": 1159.2099999999994,
    "ph": 7.875937500000001,
    "ntu": 3000.0
}