{
    "year": 2021,
    "month": 4,
    "day": 25,
    "hour": 23,
    "minute": 11,
    "temp": 26.809999999999963,
    "ntu": 626.1830985915493
}