{
    "year": 2021,
    "month": 4,
    "day": 16,
    "hour": 21,
    "minute": 34,
    "temp": 27.87,
    "tds": 1340.7206060606054,
    "ph": 1.7554545454545454,
    "ntu": 3000.0
}