{
    "year": 2021,
    "month": 4,
    "day": 23,
    "hour": 15,
    "minute": 5,
    "temp": 28.886000000000028,
    "ntu": 2146.7301666666667
}