{
    "year": 2021,
    "month": 4,
    "day": 22,
    "hour": 9,
    "minute": 50,
    "temp": 28.440000000000037,
    "ntu": 2861.4035000000003
}