{
    "year": 2021,
    "month": 4,
    "day": 14,
    "hour": 13,
    "minute": 45,
    "temp": 28.39121212121213,
    "tds": 1278.531515151515,
    "ph": 6.1869696969696975,
    "ntu": 3000.0
}