{
    "year": 2021,
    "month": 4,
    "day": 22,
    "hour": 6,
    "minute": 21,
    "temp": 27.869999999999962,
    "ntu": 2808.001864406779
}