{
    "year": 2021,
    "month": 4,
    "day": 14,
    "hour": 21,
    "minute": 54,
    "temp": 29.437878787878812,
    "tds": 1224.2609090909086,
    "ph": 5.188484848484848,
    "ntu": 3000.0
}