{
    "year": 2021,
    "month": 4,
    "day": 25,
    "hour": 23,
    "minute": 24,
    "temp": 26.804929577464755,
    "ntu": 625.1971830985915
}