{
    "year": 2021,
    "month": 4,
    "day": 16,
    "hour": 11,
    "minute": 46,
    "temp": 29.588124999999984,
    "tds": 1148.4578124999996,
    "ph": 7.859374999999998,
    "ntu": 3000.0
}