{
    "year": 2021,
    "month": 4,
    "day": 23,
    "hour": 23,
    "minute": 14,
    "temp": 30.161999999999978,
    "ntu": 672.3857142857142
}