{
    "year": 2021,
    "month": 4,
    "day": 24,
    "hour": 21,
    "minute": 12,
    "temp": 26.789428571428545,
    "ntu": 629.3428571428572
}