{
    "year": 2021,
    "month": 4,
    "day": 25,
    "hour": 6,
    "minute": 39,
    "temp": 26.404999999999994,
    "ntu": 597.3714285714286
}