{
    "year": 2021,
    "month": 4,
    "day": 16,
    "hour": 11,
    "minute": 7,
    "temp": 29.368125,
    "tds": 1161.0368750000007,
    "ph": 8.005625,
    "ntu": 3000.0
}