{
    "year": 2021,
    "month": 4,
    "day": 24,
    "hour": 6,
    "minute": 23,
    "temp": 29.94760563380286,
    "ntu": 602.1267605633802
}