{
    "year": 2021,
    "month": 4,
    "day": 16,
    "hour": 17,
    "minute": 17,
    "temp": 27.31562499999998,
    "tds": 1231.4178125000005,
    "ph": 7.009062499999999,
    "ntu": 3000.0
}