{
    "year": 2021,
    "month": 4,
    "day": 22,
    "hour": 15,
    "minute": 40,
    "temp": 28.450169491525422,
    "ntu": 1564.2916949152534
}