{
    "year": 2021,
    "month": 4,
    "day": 24,
    "hour": 18,
    "minute": 49,
    "temp": 29.900563380281646,
    "ntu": -54.985915492957744
}