{
    "year": 2021,
    "month": 4,
    "day": 23,
    "hour": 11,
    "minute": 46,
    "temp": 29.33169491525421,
    "ntu": 2180.9389830508476
}