{
    "year": 2021,
    "month": 4,
    "day": 24,
    "hour": 18,
    "minute": 3,
    "temp": 29.95521126760567,
    "ntu": 427.38028169014086
}