{
    "year": 2021,
    "month": 4,
    "day": 21,
    "hour": 20,
    "minute": 46,
    "temp": 30.03899999999997,
    "ntu": 2680.9208333333327
}