{
    "year": 2021,
    "month": 4,
    "day": 22,
    "hour": 17,
    "minute": 40,
    "temp": 27.45847457627119,
    "ntu": 1841.4771186440678
}