{
    "year": 2021,
    "month": 4,
    "day": 24,
    "hour": 10,
    "minute": 28,
    "temp": 30.048857142857113,
    "ntu": 311.22857142857146
}