{
    "year": 2021,
    "month": 4,
    "day": 16,
    "hour": 17,
    "minute": 36,
    "temp": 27.5,
    "tds": 1222.9175757575754,
    "ph": 6.988787878787879,
    "ntu": 3000.0
}