{
    "year": 2021,
    "month": 4,
    "day": 21,
    "hour": 14,
    "minute": 26,
    "temp": 27.03749999999999,
    "tds": 1159.0859375,
    "ph": 6.573437500000001,
    "ntu": 3000.0
}