{
    "year": 2021,
    "month": 4,
    "day": 14,
    "hour": 18,
    "minute": 10,
    "temp": 28.440000000000023,
    "tds": 1318.469375,
    "ph": 4.9134375,
    "ntu": 3000.0
}