{
    "year": 2021,
    "month": 4,
    "day": 24,
    "hour": 10,
    "minute": 2,
    "temp": 30.086571428571396,
    "ntu": 301.6714285714286
}