{
    "year": 2021,
    "month": 4,
    "day": 23,
    "hour": 1,
    "minute": 9,
    "temp": 29.396101694915213,
    "ntu": 2150.6938983050836
}