{
    "year": 2021,
    "month": 4,
    "day": 16,
    "hour": 20,
    "minute": 58,
    "temp": 27.132727272727276,
    "tds": 1185.3787878787873,
    "ph": 0.7845454545454547,
    "ntu": 3000.0
}