{
    "year": 2021,
    "month": 4,
    "day": 25,
    "hour": 6,
    "minute": 42,
    "temp": 26.415352112676064,
    "ntu": 594.4225352112676
}