{
    "year": 2021,
    "month": 4,
    "day": 24,
    "hour": 18,
    "minute": 38,
    "temp": 29.93085714285716,
    "ntu": 499.64285714285717
}