{
    "year": 2021,
    "month": 4,
    "day": 25,
    "hour": 10,
    "minute": 10,
    "temp": 26.61999999999995,
    "ntu": 308.0857142857143
}