{
    "year": 2021,
    "month": 4,
    "day": 23,
    "hour": 1,
    "minute": 12,
    "temp": 29.545999999999978,
    "ntu": 2098.597666666666
}