{
    "year": 2021,
    "month": 4,
    "day": 25,
    "hour": 2,
    "minute": 57,
    "temp": 26.369154929577416,
    "ntu": -6.309859154929577
}