{
    "year": 2021,
    "month": 4,
    "day": 24,
    "hour": 12,
    "minute": 44,
    "temp": 29.976338028169035,
    "ntu": 330.0422535211268
}