{
    "year": 2021,
    "month": 4,
    "day": 22,
    "hour": 9,
    "minute": 20,
    "temp": 28.367966101694872,
    "ntu": 2557.3274576271187
}