{
    "year": 2021,
    "month": 4,
    "day": 24,
    "hour": 8,
    "minute": 21,
    "temp": 30.10309859154925,
    "ntu": 336.83098591549293
}