{
    "year": 2021,
    "month": 4,
    "day": 22,
    "hour": 8,
    "minute": 42,
    "temp": 28.191016949152576,
    "ntu": 2560.7611864406786
}