{
    "year": 2021,
    "month": 4,
    "day": 24,
    "hour": 12,
    "minute": 22,
    "temp": 30.071830985915454,
    "ntu": 265.3098591549296
}