{
    "year": 2021,
    "month": 4,
    "day": 23,
    "hour": 11,
    "minute": 53,
    "temp": 29.20423728813563,
    "ntu": 2182.150677966103
}