{
    "year": 2021,
    "month": 4,
    "day": 24,
    "hour": 8,
    "minute": 29,
    "temp": 29.944225352112714,
    "ntu": 327.71830985915494
}