{
    "year": 2021,
    "month": 4,
    "day": 23,
    "hour": 1,
    "minute": 7,
    "temp": 29.52499999999999,
    "ntu": 2147.795666666666
}