{
    "year": 2021,
    "month": 4,
    "day": 24,
    "hour": 6,
    "minute": 46,
    "temp": 30.08485714285711,
    "ntu": -71.54285714285714
}