{
    "year": 2021,
    "month": 4,
    "day": 16,
    "hour": 20,
    "minute": 8,
    "temp": 28.00181818181818,
    "tds": 400.7775757575758,
    "ph": 0.0,
    "ntu": 3000.0
}