{
    "year": 2021,
    "month": 4,
    "day": 22,
    "hour": 8,
    "minute": 21,
    "temp": 28.190000000000037,
    "ntu": 2585.425762711865
}