{
    "year": 2021,
    "month": 4,
    "day": 16,
    "hour": 19,
    "minute": 58,
    "temp": 28.19727272727275,
    "tds": 1140.9018181818183,
    "ph": 1.0639393939393937,
    "ntu": 3000.0
}