{
    "year": 2021,
    "month": 4,
    "day": 22,
    "hour": 3,
    "minute": 4,
    "temp": 27.443000000000037,
    "ntu": 1430.5643333333333
}