{
    "year": 2021,
    "month": 4,
    "day": 14,
    "hour": 20,
    "minute": 54,
    "temp": 29.37,
    "tds": 1240.3178787878778,
    "ph": 4.963333333333332,
    "ntu": 3000.0
}