{
    "year": 2021,
    "month": 4,
    "day": 16,
    "hour": 20,
    "minute": 11,
    "temp": 27.95636363636366,
    "tds": 531.0372727272727,
    "ph": 0.0,
    "ntu": 3000.0
}