{
    "year": 2021,
    "month": 4,
    "day": 21,
    "hour": 14,
    "minute": 23,
    "temp": 27.061874999999976,
    "tds": 1157.4000000000005,
    "ph": 6.5565625,
    "ntu": 3000.0
}