{
    "year": 2021,
    "month": 4,
    "day": 24,
    "hour": 4,
    "minute": 32,
    "temp": 30.09514285714282,
    "ntu": 653.1571428571428
}