{
    "year": 2021,
    "month": 4,
    "day": 14,
    "hour": 20,
    "minute": 17,
    "temp": 29.25,
    "tds": 1239.6562500000005,
    "ph": 4.9834375,
    "ntu": 3000.0
}