{
    "year": 2021,
    "month": 4,
    "day": 24,
    "hour": 6,
    "minute": 51,
    "temp": 30.11871428571424,
    "ntu": -72.25714285714285
}