{
    "year": 2021,
    "month": 4,
    "day": 16,
    "hour": 21,
    "minute": 2,
    "temp": 27.06545454545452,
    "tds": 1187.914545454546,
    "ph": 0.5427272727272726,
    "ntu": 3000.0
}