{
    "year": 2021,
    "month": 4,
    "day": 14,
    "hour": 13,
    "minute": 30,
    "temp": 28.12,
    "tds": 1305.7112121212126,
    "ph": 6.113636363636367,
    "ntu": 3000.0
}