{
    "year": 2021,
    "month": 4,
    "day": 23,
    "hour": 17,
    "minute": 13,
    "temp": 29.294788732394338,
    "ntu": 503.01408450704224
}