{
    "year": 2021,
    "month": 4,
    "day": 24,
    "hour": 8,
    "minute": 38,
    "temp": 29.98056338028171,
    "ntu": 289.36619718309856
}