{
    "year": 2021,
    "month": 4,
    "day": 8,
    "hour": 18,
    "minute": 54,
    "temp": 26.99636363636364,
    "tds": 1389.334242424243,
    "ph": 0.0,
    "ntu": 3000.0
}