{
    "year": 2021,
    "month": 4,
    "day": 23,
    "hour": 23,
    "minute": 53,
    "temp": 30.17323943661972,
    "ntu": -5.309859154929577
}