{
    "year": 2021,
    "month": 4,
    "day": 21,
    "hour": 22,
    "minute": 7,
    "temp": 28.121166666666625,
    "ntu": 3003.8108333333334
}