{
    "year": 2021,
    "month": 4,
    "day": 14,
    "hour": 20,
    "minute": 34,
    "temp": 29.309999999999974,
    "tds": 1233.95090909091,
    "ph": 4.924242424242423,
    "ntu": 3000.0
}