{
    "year": 2021,
    "month": 4,
    "day": 24,
    "hour": 12,
    "minute": 57,
    "temp": 30.079436619718276,
    "ntu": -102.91549295774648
}