{
    "year": 2021,
    "month": 4,
    "day": 24,
    "hour": 2,
    "minute": 38,
    "temp": 30.027042253521113,
    "ntu": 660.3521126760563
}