{
    "year": 2021,
    "month": 4,
    "day": 19,
    "hour": 13,
    "minute": 42,
    "temp": 28.601818181818164,
    "tds": 1080.8815151515153,
    "ph": 0.45969696969697,
    "ntu": 3000.0
}