{
    "year": 2021,
    "month": 4,
    "day": 22,
    "hour": 7,
    "minute": 12,
    "temp": 28.059999999999963,
    "ntu": 2819.766333333333
}