{
    "year": 2021,
    "month": 4,
    "day": 21,
    "hour": 21,
    "minute": 49,
    "temp": 28.53864406779659,
    "ntu": 2993.626949152543
}