{
    "year": 2021,
    "month": 4,
    "day": 24,
    "hour": 8,
    "minute": 20,
    "temp": 30.053714285714225,
    "ntu": 355.3142857142857
}