{
    "year": 2021,
    "month": 4,
    "day": 22,
    "hour": 7,
    "minute": 37,
    "temp": 28.080338983050815,
    "ntu": 2802.707796610169
}