{
    "year": 2021,
    "month": 4,
    "day": 16,
    "hour": 16,
    "minute": 35,
    "temp": 26.87,
    "tds": 1255.9384374999995,
    "ph": 6.9174999999999995,
    "ntu": 3000.0
}