{
    "year": 2021,
    "month": 4,
    "day": 16,
    "hour": 18,
    "minute": 45,
    "temp": 27.809999999999977,
    "tds": 1205.7815624999996,
    "ph": 7.049375000000001,
    "ntu": 3000.0
}