{
    "year": 2021,
    "month": 4,
    "day": 16,
    "hour": 21,
    "minute": 1,
    "temp": 27.112727272727266,
    "tds": 1185.7054545454544,
    "ph": 0.6133333333333334,
    "ntu": 3000.0
}