{
    "year": 2021,
    "month": 4,
    "day": 26,
    "hour": 1,
    "minute": 32,
    "temp": 26.749142857142857,
    "ntu": 623.6571428571428
}