{
    "year": 2021,
    "month": 4,
    "day": 22,
    "hour": 6,
    "minute": 6,
    "temp": 27.863898305084703,
    "ntu": 2805.639661016948
}