{
    "year": 2021,
    "month": 4,
    "day": 22,
    "hour": 8,
    "minute": 28,
    "temp": 28.137499999999992,
    "ntu": 2589.193166666666
}