{
    "year": 2021,
    "month": 4,
    "day": 21,
    "hour": 20,
    "minute": 48,
    "temp": 30.05999999999996,
    "ntu": 2700.5595000000003
}