{
    "year": 2021,
    "month": 4,
    "day": 22,
    "hour": 17,
    "minute": 49,
    "temp": 27.177166666666672,
    "ntu": 1287.3163333333337
}