{
    "year": 2021,
    "month": 4,
    "day": 23,
    "hour": 11,
    "minute": 8,
    "temp": 28.702203389830544,
    "ntu": 2330.8086440677966
}