{
    "year": 2021,
    "month": 4,
    "day": 22,
    "hour": 8,
    "minute": 30,
    "temp": 28.190000000000037,
    "ntu": 2580.6076271186434
}