{
    "year": 2021,
    "month": 4,
    "day": 16,
    "hour": 14,
    "minute": 31,
    "temp": 26.18787878787881,
    "tds": 1294.0299999999995,
    "ph": 6.964242424242422,
    "ntu": 3000.0
}