{
    "year": 2021,
    "month": 4,
    "day": 24,
    "hour": 21,
    "minute": 55,
    "temp": 26.559999999999963,
    "ntu": -5.314285714285714
}