{
    "year": 2021,
    "month": 4,
    "day": 14,
    "hour": 19,
    "minute": 35,
    "temp": 29.059999999999974,
    "tds": 1283.8600000000004,
    "ph": 4.562727272727273,
    "ntu": 3000.0
}