{
    "year": 2021,
    "month": 4,
    "day": 14,
    "hour": 18,
    "minute": 46,
    "temp": 28.75,
    "tds": 1296.1957575757572,
    "ph": 4.737575757575756,
    "ntu": 3000.0
}