{
    "year": 2021,
    "month": 4,
    "day": 23,
    "hour": 17,
    "minute": 6,
    "temp": 29.363999999999955,
    "ntu": 494.04285714285714
}