{
    "year": 2021,
    "month": 4,
    "day": 16,
    "hour": 15,
    "minute": 58,
    "temp": 26.66242424242426,
    "tds": 1266.254545454546,
    "ph": 7.0548484848484865,
    "ntu": 3000.0
}