{
    "year": 2021,
    "month": 4,
    "day": 24,
    "hour": 8,
    "minute": 51,
    "temp": 30.15999999999997,
    "ntu": -95.74285714285715
}