{
    "year": 2021,
    "month": 4,
    "day": 24,
    "hour": 12,
    "minute": 20,
    "temp": 30.093661971830986,
    "ntu": 266.49295774647885
}