{
    "year": 2021,
    "month": 4,
    "day": 25,
    "hour": 6,
    "minute": 58,
    "temp": 26.413000000000004,
    "ntu": -41.52857142857143
}