{
    "year": 2021,
    "month": 4,
    "day": 22,
    "hour": 4,
    "minute": 0,
    "temp": 28.123559322033866,
    "ntu": 2441.5005084745762
}