{
    "year": 2021,
    "month": 4,
    "day": 22,
    "hour": 4,
    "minute": 45,
    "temp": 28.05399999999997,
    "ntu": 2734.380333333333
}