{
    "year": 2021,
    "month": 4,
    "day": 24,
    "hour": 8,
    "minute": 56,
    "temp": 30.104571428571386,
    "ntu": -93.91428571428571
}