{
    "year": 2021,
    "month": 4,
    "day": 24,
    "hour": 12,
    "minute": 51,
    "temp": 30.191830985915523,
    "ntu": -87.91549295774648
}