{
    "year": 2021,
    "month": 4,
    "day": 24,
    "hour": 16,
    "minute": 35,
    "temp": 30.109859154929598,
    "ntu": 335.2112676056338
}