{
    "year": 2021,
    "month": 4,
    "day": 16,
    "hour": 15,
    "minute": 6,
    "temp": 26.246363636363636,
    "tds": 1286.1633333333332,
    "ph": 7.057878787878787,
    "ntu": 3000.0
}