{
    "year": 2021,
    "month": 4,
    "day": 21,
    "hour": 18,
    "minute": 48,
    "temp": 26.18983050847461,
    "ntu": 1878.2394915254229
}