{
    "year": 2021,
    "month": 4,
    "day": 24,
    "hour": 21,
    "minute": 36,
    "temp": 26.62299999999995,
    "ntu": 633.9571428571429
}