{
    "year": 2021,
    "month": 4,
    "day": 25,
    "hour": 2,
    "minute": 48,
    "temp": 26.36830985915488,
    "ntu": -5.929577464788732
}