{
    "year": 2021,
    "month": 4,
    "day": 21,
    "hour": 18,
    "minute": 36,
    "temp": 25.502999999999993,
    "ntu": 1773.0548333333331
}