{
    "year": 2021,
    "month": 4,
    "day": 16,
    "hour": 14,
    "minute": 50,
    "temp": 26.122121212121215,
    "tds": 1296.412727272727,
    "ph": 7.030000000000001,
    "ntu": 3000.0
}