{
    "year": 2021,
    "month": 4,
    "day": 16,
    "hour": 21,
    "minute": 26,
    "temp": 27.42727272727275,
    "tds": 1364.2472727272725,
    "ph": 1.638484848484849,
    "ntu": 3000.0
}