{
    "year": 2021,
    "month": 4,
    "day": 24,
    "hour": 6,
    "minute": 9,
    "temp": 29.940857142857183,
    "ntu": 606.4285714285714
}