{
    "year": 2021,
    "month": 4,
    "day": 22,
    "hour": 7,
    "minute": 14,
    "temp": 28.000999999999998,
    "ntu": 2820.5039999999995
}