{
    "year": 2021,
    "month": 4,
    "day": 16,
    "hour": 16,
    "minute": 15,
    "temp": 26.700909090909107,
    "tds": 1264.4500000000007,
    "ph": 7.02030303030303,
    "ntu": 3000.0
}