{
    "year": 2021,
    "month": 4,
    "day": 14,
    "hour": 19,
    "minute": 10,
    "temp": 28.940000000000026,
    "tds": 1264.9615151515147,
    "ph": 4.7224242424242435,
    "ntu": 3000.0
}