{
    "year": 2021,
    "month": 4,
    "day": 8,
    "hour": 18,
    "minute": 59,
    "temp": 27.095625,
    "tds": 1375.6137500000007,
    "ph": 0.0,
    "ntu": 3000.0
}