{
    "year": 2021,
    "month": 4,
    "day": 25,
    "hour": 23,
    "minute": 48,
    "temp": 26.750857142857143,
    "ntu": -6.085714285714285
}