{
    "year": 2021,
    "month": 4,
    "day": 24,
    "hour": 4,
    "minute": 4,
    "temp": 29.94169014084511,
    "ntu": 660.5211267605633
}