{
    "year": 2021,
    "month": 4,
    "day": 25,
    "hour": 10,
    "minute": 8,
    "temp": 26.61999999999995,
    "ntu": 302.0281690140845
}