{
    "year": 2021,
    "month": 4,
    "day": 24,
    "hour": 10,
    "minute": 32,
    "temp": 30.08197183098588,
    "ntu": 326.90140845070425
}