{
    "year": 2021,
    "month": 4,
    "day": 24,
    "hour": 18,
    "minute": 35,
    "temp": 29.74068181818178,
    "ntu": 474.52272727272725
}