{
    "year": 2021,
    "month": 4,
    "day": 16,
    "hour": 18,
    "minute": 0,
    "temp": 27.476363636363644,
    "tds": 1220.6448484848484,
    "ph": 7.0424242424242465,
    "ntu": 3000.0
}