{
    "year": 2021,
    "month": 4,
    "day": 22,
    "hour": 9,
    "minute": 23,
    "temp": 28.375833333333308,
    "ntu": 2480.7336666666665
}