{
    "year": 2021,
    "month": 4,
    "day": 22,
    "hour": 4,
    "minute": 29,
    "temp": 28.49491525423729,
    "ntu": 2729.413559322034
}