{
    "year": 2021,
    "month": 4,
    "day": 22,
    "hour": 3,
    "minute": 32,
    "temp": 26.998983050847457,
    "ntu": 1627.3538983050846
}