{
    "year": 2021,
    "month": 4,
    "day": 25,
    "hour": 6,
    "minute": 26,
    "temp": 26.377887323943618,
    "ntu": 585.0422535211268
}