{
    "year": 2021,
    "month": 4,
    "day": 16,
    "hour": 21,
    "minute": 35,
    "temp": 27.9357575757576,
    "tds": 1338.3099999999997,
    "ph": 1.736666666666667,
    "ntu": 3000.0
}