{
    "year": 2021,
    "month": 4,
    "day": 23,
    "hour": 11,
    "minute": 31,
    "temp": 29.1822033898305,
    "ntu": 2345.2389830508478
}