{
    "year": 2021,
    "month": 4,
    "day": 25,
    "hour": 23,
    "minute": 57,
    "temp": 26.750857142857143,
    "ntu": -6.114285714285714
}