{
    "year": 2021,
    "month": 4,
    "day": 14,
    "hour": 16,
    "minute": 33,
    "temp": 26.940000000000023,
    "tds": 1444.92696969697,
    "ph": 4.4366666666666665,
    "ntu": 3000.0
}