{
    "year": 2021,
    "month": 4,
    "day": 22,
    "hour": 3,
    "minute": 49,
    "temp": 27.628305084745744,
    "ntu": 2322.2466101694913
}