{
    "year": 2021,
    "month": 4,
    "day": 22,
    "hour": 3,
    "minute": 22,
    "temp": 27.12355932203386,
    "ntu": 1518.702711864406
}