{
    "year": 2021,
    "month": 4,
    "day": 26,
    "hour": 12,
    "minute": 1,
    "temp": 30.330571428571393,
    "ntu": -355.35714285714283
}