{
    "year": 2021,
    "month": 4,
    "day": 24,
    "hour": 10,
    "minute": 5,
    "temp": 30.114225352112697,
    "ntu": 330.92957746478874
}