{
    "year": 2021,
    "month": 4,
    "day": 25,
    "hour": 6,
    "minute": 31,
    "temp": 26.395999999999976,
    "ntu": 593.8857142857142
}