{
    "year": 2021,
    "month": 4,
    "day": 26,
    "hour": 1,
    "minute": 38,
    "temp": 26.749154929577465,
    "ntu": 623.5211267605633
}