{
    "year": 2021,
    "month": 4,
    "day": 22,
    "hour": 6,
    "minute": 49,
    "temp": 27.940000000000037,
    "ntu": 2817.4440677966113
}