{
    "year": 2021,
    "month": 4,
    "day": 16,
    "hour": 15,
    "minute": 20,
    "temp": 26.355,
    "tds": 1275.8974999999996,
    "ph": 7.0765625000000005,
    "ntu": 3000.0
}