{
    "year": 2021,
    "month": 4,
    "day": 26,
    "hour": 5,
    "minute": 44,
    "temp": 26.690000000000037,
    "ntu": 611.1285714285714
}