{
    "year": 2021,
    "month": 4,
    "day": 14,
    "hour": 19,
    "minute": 39,
    "temp": 29.059999999999974,
    "tds": 1266.5849999999996,
    "ph": 4.716562499999999,
    "ntu": 3000.0
}