{
    "year": 2021,
    "month": 4,
    "day": 22,
    "hour": 17,
    "minute": 53,
    "temp": 27.11999999999996,
    "ntu": 1208.0486666666668
}