{
    "year": 2021,
    "month": 4,
    "day": 14,
    "hour": 13,
    "minute": 41,
    "temp": 28.36818181818182,
    "tds": 1275.7669696969706,
    "ph": 6.165151515151513,
    "ntu": 3000.0
}