{
    "year": 2021,
    "month": 4,
    "day": 14,
    "hour": 14,
    "minute": 34,
    "temp": 27.75181818181818,
    "tds": 1186.6333333333323,
    "ph": 3.4075757575757573,
    "ntu": 3000.0
}