{
    "year": 2021,
    "month": 4,
    "day": 21,
    "hour": 21,
    "minute": 48,
    "temp": 28.55999999999996,
    "ntu": 2992.032999999999
}