{
    "year": 2021,
    "month": 4,
    "day": 22,
    "hour": 15,
    "minute": 44,
    "temp": 28.190000000000037,
    "ntu": 1454.9522033898304
}