{
    "year": 2021,
    "month": 4,
    "day": 22,
    "hour": 7,
    "minute": 47,
    "temp": 28.11999999999996,
    "ntu": 2812.4136666666664
}