{
    "year": 2021,
    "month": 4,
    "day": 24,
    "hour": 18,
    "minute": 30,
    "temp": 30.032535211267547,
    "ntu": 429.3521126760563
}