{
    "year": 2021,
    "month": 4,
    "day": 14,
    "hour": 15,
    "minute": 16,
    "temp": 27.12,
    "tds": 1204.0051515151515,
    "ph": 3.9736363636363636,
    "ntu": 3000.0
}