{
    "year": 2021,
    "month": 4,
    "day": 22,
    "hour": 10,
    "minute": 35,
    "temp": 28.440000000000037,
    "ntu": 2887.422033898306
}