{
    "year": 2021,
    "month": 4,
    "day": 24,
    "hour": 2,
    "minute": 19,
    "temp": 29.945915492957784,
    "ntu": 663.0140845070423
}