{
    "year": 2021,
    "month": 4,
    "day": 26,
    "hour": 5,
    "minute": 17,
    "temp": 26.690000000000037,
    "ntu": 619.4084507042254
}