{
    "year": 2021,
    "month": 4,
    "day": 22,
    "hour": 10,
    "minute": 41,
    "temp": 28.36999999999996,
    "ntu": 2800.896333333332
}