{
    "year": 2021,
    "month": 4,
    "day": 14,
    "hour": 13,
    "minute": 24,
    "temp": 27.941818181818206,
    "tds": 1329.9239393939388,
    "ph": 6.068787878787881,
    "ntu": 3000.0
}