{
    "year": 2021,
    "month": 4,
    "day": 24,
    "hour": 12,
    "minute": 25,
    "temp": 30.10197183098593,
    "ntu": 244.7605633802817
}