{
    "year": 2021,
    "month": 4,
    "day": 14,
    "hour": 18,
    "minute": 6,
    "temp": 28.440000000000023,
    "tds": 1325.7072727272728,
    "ph": 4.984848484848487,
    "ntu": 3000.0
}