{
    "year": 2021,
    "month": 4,
    "day": 14,
    "hour": 15,
    "minute": 58,
    "temp": 27.22272727272729,
    "tds": 1241.9521212121208,
    "ph": 3.7957575757575754,
    "ntu": 3000.0
}