{
    "year": 2021,
    "month": 4,
    "day": 22,
    "hour": 17,
    "minute": 35,
    "temp": 27.533728813559282,
    "ntu": 1590.7537288135593
}