{
    "year": 2021,
    "month": 4,
    "day": 14,
    "hour": 14,
    "minute": 6,
    "temp": 28.25181818181818,
    "tds": 1171.9399999999991,
    "ph": 6.220909090909089,
    "ntu": 3000.0
}