{
    "year": 2021,
    "month": 4,
    "day": 24,
    "hour": 4,
    "minute": 28,
    "temp": 29.989859154929587,
    "ntu": 654.830985915493
}