{
    "year": 2021,
    "month": 4,
    "day": 22,
    "hour": 8,
    "minute": 9,
    "temp": 28.174833333333368,
    "ntu": 2711.887333333333
}