{
    "year": 2021,
    "month": 4,
    "day": 22,
    "hour": 2,
    "minute": 53,
    "temp": 27.690000000000037,
    "ntu": 1455.736333333333
}