{
    "year": 2021,
    "month": 4,
    "day": 16,
    "hour": 11,
    "minute": 47,
    "temp": 29.561874999999976,
    "tds": 1149.095,
    "ph": 7.942812499999997,
    "ntu": 3000.0
}