{
    "year": 2021,
    "month": 4,
    "day": 24,
    "hour": 16,
    "minute": 56,
    "temp": 30.189295774647913,
    "ntu": -76.43661971830986
}