{
    "year": 2021,
    "month": 4,
    "day": 25,
    "hour": 2,
    "minute": 52,
    "temp": 26.368309859154884,
    "ntu": -5.957746478873239
}