{
    "year": 2021,
    "month": 4,
    "day": 22,
    "hour": 8,
    "minute": 15,
    "temp": 28.11999999999996,
    "ntu": 2601.0255000000006
}