{
    "year": 2021,
    "month": 4,
    "day": 24,
    "hour": 18,
    "minute": 50,
    "temp": 30.037042253521072,
    "ntu": -51.647887323943664
}