{
    "year": 2021,
    "month": 4,
    "day": 16,
    "hour": 11,
    "minute": 23,
    "temp": 29.62,
    "tds": 1173.3860606060598,
    "ph": 8.00090909090909,
    "ntu": 3000.0
}