{
    "year": 2021,
    "month": 4,
    "day": 24,
    "hour": 21,
    "minute": 2,
    "temp": 26.86999999999995,
    "ntu": 623.9285714285714
}