{
    "year": 2021,
    "month": 4,
    "day": 14,
    "hour": 16,
    "minute": 49,
    "temp": 27.00363636363636,
    "tds": 1447.050303030303,
    "ph": 4.447575757575757,
    "ntu": 3000.0
}