{
    "year": 2021,
    "month": 4,
    "day": 14,
    "hour": 21,
    "minute": 8,
    "temp": 29.37,
    "tds": 1234.8624999999993,
    "ph": 4.983749999999999,
    "ntu": 3000.0
}