{
    "year": 2021,
    "month": 4,
    "day": 14,
    "hour": 15,
    "minute": 17,
    "temp": 27.08249999999998,
    "tds": 1206.0490624999998,
    "ph": 4.0640624999999995,
    "ntu": 3000.0
}