{
    "year": 2021,
    "month": 4,
    "day": 14,
    "hour": 13,
    "minute": 36,
    "temp": 28.253636363636364,
    "tds": 1298.7881818181822,
    "ph": 6.112424242424243,
    "ntu": 3000.0
}