{
    "year": 2021,
    "month": 4,
    "day": 24,
    "hour": 21,
    "minute": 3,
    "temp": 26.864929577464743,
    "ntu": 624.5774647887324
}