{
    "year": 2021,
    "month": 4,
    "day": 22,
    "hour": 15,
    "minute": 55,
    "temp": 28.21500000000002,
    "ntu": 1697.216833333334
}