{
    "year": 2021,
    "month": 4,
    "day": 16,
    "hour": 11,
    "minute": 43,
    "temp": 29.62,
    "tds": 1146.8499999999995,
    "ph": 7.933749999999998,
    "ntu": 3000.0
}