{
    "year": 2021,
    "month": 4,
    "day": 25,
    "hour": 10,
    "minute": 15,
    "temp": 26.626999999999956,
    "ntu": 291.0285714285714
}