{
    "year": 2021,
    "month": 4,
    "day": 16,
    "hour": 15,
    "minute": 41,
    "temp": 26.559999999999977,
    "tds": 1266.1100000000004,
    "ph": 7.106250000000002,
    "ntu": 3000.0
}