{
    "year": 2021,
    "month": 4,
    "day": 14,
    "hour": 15,
    "minute": 56,
    "temp": 27.20125000000002,
    "tds": 1222.4128125000009,
    "ph": 3.7856249999999987,
    "ntu": 3000.0
}