{
    "year": 2021,
    "month": 4,
    "day": 24,
    "hour": 4,
    "minute": 49,
    "temp": 29.94000000000004,
    "ntu": -7.285714285714286
}