{
    "year": 2021,
    "month": 4,
    "day": 24,
    "hour": 4,
    "minute": 24,
    "temp": 29.97942857142859,
    "ntu": 657.1428571428571
}