{
    "year": 2021,
    "month": 4,
    "day": 22,
    "hour": 7,
    "minute": 33,
    "temp": 28.11898305084742,
    "ntu": 2820.5667796610173
}