{
    "year": 2021,
    "month": 4,
    "day": 24,
    "hour": 2,
    "minute": 12,
    "temp": 30.119436619718257,
    "ntu": 660.5915492957746
}