{
    "year": 2021,
    "month": 4,
    "day": 22,
    "hour": 9,
    "minute": 17,
    "temp": 28.309999999999963,
    "ntu": 2633.9083050847466
}