{
    "year": 2021,
    "month": 4,
    "day": 25,
    "hour": 6,
    "minute": 9,
    "temp": 26.371999999999957,
    "ntu": 608.3857142857142
}