{
    "year": 2021,
    "month": 4,
    "day": 24,
    "hour": 18,
    "minute": 4,
    "temp": 29.881830985915435,
    "ntu": 424.28169014084506
}