{
    "year": 2021,
    "month": 4,
    "day": 25,
    "hour": 2,
    "minute": 24,
    "temp": 26.36999999999995,
    "ntu": 632.2857142857143
}