{
    "year": 2021,
    "month": 4,
    "day": 24,
    "hour": 8,
    "minute": 27,
    "temp": 30.071142857142817,
    "ntu": 292.6714285714286
}