{
    "year": 2021,
    "month": 4,
    "day": 14,
    "hour": 20,
    "minute": 19,
    "temp": 29.25,
    "tds": 1243.5127272727275,
    "ph": 5.0175757575757585,
    "ntu": 3000.0
}