{
    "year": 2021,
    "month": 4,
    "day": 22,
    "hour": 6,
    "minute": 39,
    "temp": 27.93525423728817,
    "ntu": 2814.573559322034
}