{
    "year": 2021,
    "month": 4,
    "day": 14,
    "hour": 20,
    "minute": 23,
    "temp": 29.257272727272728,
    "tds": 1239.6618181818183,
    "ph": 4.957575757575758,
    "ntu": 3000.0
}