{
    "year": 2021,
    "month": 4,
    "day": 16,
    "hour": 20,
    "minute": 47,
    "temp": 27.309999999999977,
    "tds": 1177.5833333333333,
    "ph": 0.9739393939393938,
    "ntu": 3000.0
}