{
    "year": 2021,
    "month": 4,
    "day": 24,
    "hour": 8,
    "minute": 14,
    "temp": 29.871971830985864,
    "ntu": 377.2957746478873
}