{
    "year": 2021,
    "month": 4,
    "day": 16,
    "hour": 19,
    "minute": 42,
    "temp": 28.559999999999974,
    "tds": 1142.9778787878788,
    "ph": 0.0,
    "ntu": 3000.0
}