{
    "year": 2021,
    "month": 4,
    "day": 22,
    "hour": 5,
    "minute": 21,
    "temp": 27.691016949152576,
    "ntu": 2770.1193220338982
}