{
    "year": 2021,
    "month": 4,
    "day": 24,
    "hour": 6,
    "minute": 31,
    "temp": 30.119999999999948,
    "ntu": 575.3857142857142
}