{
    "year": 2021,
    "month": 4,
    "day": 14,
    "hour": 17,
    "minute": 35,
    "temp": 27.940000000000023,
    "tds": 1360.48,
    "ph": 5.082121212121211,
    "ntu": 3000.0
}