{
    "year": 2021,
    "month": 4,
    "day": 14,
    "hour": 18,
    "minute": 15,
    "temp": 28.50545454545454,
    "tds": 1314.7172727272725,
    "ph": 4.8466666666666685,
    "ntu": 3000.0
}