{
    "year": 2021,
    "month": 4,
    "day": 16,
    "hour": 16,
    "minute": 14,
    "temp": 26.69375000000002,
    "tds": 1263.9718750000006,
    "ph": 6.999375000000001,
    "ntu": 3000.0
}