{
    "year": 2021,
    "month": 4,
    "day": 23,
    "hour": 1,
    "minute": 15,
    "temp": 29.75694915254232,
    "ntu": 2350.218644067796
}