{
    "year": 2021,
    "month": 4,
    "day": 23,
    "hour": 11,
    "minute": 23,
    "temp": 28.943000000000037,
    "ntu": 2348.243500000001
}