{
    "year": 2021,
    "month": 4,
    "day": 23,
    "hour": 20,
    "minute": 56,
    "temp": 30.431428571428587,
    "ntu": -38.114285714285714
}