{
    "year": 2021,
    "month": 4,
    "day": 19,
    "hour": 13,
    "minute": 35,
    "temp": 28.80249999999998,
    "tds": 1065.6925000000003,
    "ph": 0.3790625000000002,
    "ntu": 3000.0
}