{
    "year": 2021,
    "month": 4,
    "day": 24,
    "hour": 16,
    "minute": 46,
    "temp": 30.18014084507044,
    "ntu": -90.01408450704226
}