{
    "year": 2021,
    "month": 4,
    "day": 14,
    "hour": 18,
    "minute": 45,
    "temp": 28.75,
    "tds": 1298.5500000000002,
    "ph": 4.716969696969696,
    "ntu": 3000.0
}