{
    "year": 2021,
    "month": 4,
    "day": 23,
    "hour": 17,
    "minute": 57,
    "temp": 29.60140845070419,
    "ntu": -53.929577464788736
}