{
    "year": 2021,
    "month": 4,
    "day": 14,
    "hour": 18,
    "minute": 36,
    "temp": 28.690000000000026,
    "tds": 1292.7460606060606,
    "ph": 4.743030303030302,
    "ntu": 3000.0
}