{
    "year": 2021,
    "month": 4,
    "day": 24,
    "hour": 16,
    "minute": 37,
    "temp": 30.07714285714282,
    "ntu": 334.87142857142857
}