{
    "year": 2021,
    "month": 4,
    "day": 14,
    "hour": 15,
    "minute": 2,
    "temp": 27.309999999999977,
    "tds": 1208.4096875,
    "ph": 3.6375000000000006,
    "ntu": 3000.0
}