{
    "year": 2021,
    "month": 4,
    "day": 24,
    "hour": 21,
    "minute": 34,
    "temp": 26.640704225352092,
    "ntu": 633.887323943662
}