{
    "year": 2021,
    "month": 4,
    "day": 16,
    "hour": 17,
    "minute": 28,
    "temp": 27.440000000000023,
    "tds": 1226.8209090909095,
    "ph": 7.032424242424243,
    "ntu": 3000.0
}