{
    "year": 2021,
    "month": 4,
    "day": 23,
    "hour": 15,
    "minute": 46,
    "temp": 28.189000000000036,
    "ntu": -88.88571428571429
}