{
    "year": 2021,
    "month": 4,
    "day": 24,
    "hour": 6,
    "minute": 50,
    "temp": 30.042112676056316,
    "ntu": -72.83098591549296
}