{
    "year": 2021,
    "month": 4,
    "day": 25,
    "hour": 23,
    "minute": 31,
    "temp": 26.800704225352078,
    "ntu": 625.5070422535211
}