{
    "year": 2021,
    "month": 4,
    "day": 24,
    "hour": 16,
    "minute": 38,
    "temp": 30.010985915492956,
    "ntu": 340.943661971831
}