{
    "year": 2021,
    "month": 4,
    "day": 24,
    "hour": 14,
    "minute": 33,
    "temp": 30.0414084507042,
    "ntu": 167.66197183098592
}