{
    "year": 2021,
    "month": 4,
    "day": 23,
    "hour": 17,
    "minute": 39,
    "temp": 29.412777777777762,
    "ntu": 463.2638888888889
}