{
    "year": 2021,
    "month": 4,
    "day": 22,
    "hour": 9,
    "minute": 53,
    "temp": 28.422203389830536,
    "ntu": 2866.4971186440675
}