{
    "year": 2021,
    "month": 4,
    "day": 24,
    "hour": 8,
    "minute": 44,
    "temp": 29.930000000000017,
    "ntu": 311.8142857142857
}