{
    "year": 2021,
    "month": 4,
    "day": 16,
    "hour": 18,
    "minute": 12,
    "temp": 27.559999999999977,
    "tds": 1219.043333333333,
    "ph": 7.037272727272728,
    "ntu": 3000.0
}