{
    "year": 2021,
    "month": 4,
    "day": 14,
    "hour": 20,
    "minute": 31,
    "temp": 29.311818181818158,
    "tds": 1236.4900000000002,
    "ph": 4.948787878787879,
    "ntu": 3000.0
}