{
    "year": 2021,
    "month": 4,
    "day": 23,
    "hour": 1,
    "minute": 11,
    "temp": 29.675762711864394,
    "ntu": 2076.762711864406
}