{
    "year": 2021,
    "month": 4,
    "day": 22,
    "hour": 3,
    "minute": 53,
    "temp": 27.813050847457582,
    "ntu": 2353.7552542372887
}