{
    "year": 2021,
    "month": 4,
    "day": 22,
    "hour": 2,
    "minute": 35,
    "temp": 28.00508474576271,
    "ntu": 1608.7015254237283
}