{
    "year": 2021,
    "month": 4,
    "day": 8,
    "hour": 18,
    "minute": 53,
    "temp": 26.998125,
    "tds": 493.65593750000016,
    "ph": 0.0,
    "ntu": 3000.0
}