{
    "year": 2021,
    "month": 4,
    "day": 23,
    "hour": 11,
    "minute": 30,
    "temp": 29.156666666666673,
    "ntu": 2388.2889999999998
}