{
    "year": 2021,
    "month": 4,
    "day": 26,
    "hour": 1,
    "minute": 59,
    "temp": 26.696000000000037,
    "ntu": -6.014285714285714
}