{
    "year": 2021,
    "month": 4,
    "day": 14,
    "hour": 18,
    "minute": 50,
    "temp": 28.797647058823507,
    "tds": 1289.3982352941182,
    "ph": 4.752941176470588,
    "ntu": 3000.0
}