{
    "year": 2021,
    "month": 4,
    "day": 21,
    "hour": 20,
    "minute": 36,
    "temp": 29.9376271186441,
    "ntu": 2739.9833898305083
}