{
    "year": 2021,
    "month": 4,
    "day": 24,
    "hour": 6,
    "minute": 47,
    "temp": 29.994929577464795,
    "ntu": -70.32394366197182
}