{
    "year": 2021,
    "month": 4,
    "day": 14,
    "hour": 18,
    "minute": 32,
    "temp": 28.690000000000026,
    "tds": 1285.075000000001,
    "ph": 4.793750000000002,
    "ntu": 3000.0
}