{
    "year": 2021,
    "month": 4,
    "day": 16,
    "hour": 17,
    "minute": 54,
    "temp": 27.440000000000023,
    "tds": 1222.0109090909093,
    "ph": 7.06757575757576,
    "ntu": 3000.0
}