{
    "year": 2021,
    "month": 4,
    "day": 16,
    "hour": 19,
    "minute": 4,
    "temp": 30.18343750000002,
    "tds": 1089.9303125000004,
    "ph": 7.783437499999997,
    "ntu": 3000.0
}