{
    "year": 2021,
    "month": 4,
    "day": 25,
    "hour": 15,
    "minute": 46,
    "temp": 26.878999999999962,
    "ntu": -47.77142857142857
}