{
    "year": 2021,
    "month": 4,
    "day": 19,
    "hour": 13,
    "minute": 51,
    "temp": 28.32272727272725,
    "tds": 1091.0181818181816,
    "ph": 0.33787878787878795,
    "ntu": 3000.0
}