{
    "year": 2021,
    "month": 4,
    "day": 16,
    "hour": 18,
    "minute": 39,
    "temp": 27.75,
    "tds": 1208.504375,
    "ph": 7.0428125,
    "ntu": 3000.0
}