{
    "year": 2021,
    "month": 4,
    "day": 24,
    "hour": 12,
    "minute": 6,
    "temp": 30.1761971830986,
    "ntu": 229.69014084507043
}