{
    "year": 2021,
    "month": 4,
    "day": 14,
    "hour": 16,
    "minute": 21,
    "temp": 27.056363636363617,
    "tds": 1196.1318181818187,
    "ph": 4.111818181818182,
    "ntu": 3000.0
}