{
    "year": 2021,
    "month": 4,
    "day": 24,
    "hour": 16,
    "minute": 18,
    "temp": 30.01028571428572,
    "ntu": 251.85714285714286
}