{
    "year": 2021,
    "month": 4,
    "day": 26,
    "hour": 1,
    "minute": 56,
    "temp": 26.701142857142887,
    "ntu": -5.9714285714285715
}