{
    "year": 2021,
    "month": 4,
    "day": 25,
    "hour": 15,
    "minute": 27,
    "temp": 26.89799999999999,
    "ntu": 242.27142857142857
}