{
    "year": 2021,
    "month": 4,
    "day": 21,
    "hour": 21,
    "minute": 32,
    "temp": 28.934067796610194,
    "ntu": 2966.4557627118647
}