{
    "year": 2021,
    "month": 4,
    "day": 13,
    "hour": 8,
    "minute": 18,
    "temp": 29.656060606060628,
    "tds": 207.74969696969697,
    "ph": 0.0,
    "ntu": 3000.0
}