{
    "year": 2021,
    "month": 4,
    "day": 22,
    "hour": 17,
    "minute": 7,
    "temp": 27.310999999999964,
    "ntu": 1995.9361666666664
}