{
    "year": 2021,
    "month": 4,
    "day": 22,
    "hour": 3,
    "minute": 14,
    "temp": 27.276999999999987,
    "ntu": 1482.0805000000003
}