{
    "year": 2021,
    "month": 4,
    "day": 14,
    "hour": 14,
    "minute": 21,
    "temp": 28.0,
    "tds": 1164.0812121212118,
    "ph": 3.3400000000000007,
    "ntu": 3000.0
}