{
    "year": 2021,
    "month": 4,
    "day": 24,
    "hour": 14,
    "minute": 15,
    "temp": 30.14690140845071,
    "ntu": 229.18309859154928
}