{
    "year": 2021,
    "month": 4,
    "day": 16,
    "hour": 19,
    "minute": 49,
    "temp": 28.40181818181819,
    "tds": 1095.4166666666663,
    "ph": 0.0,
    "ntu": 3000.0
}