{
    "year": 2021,
    "month": 4,
    "day": 23,
    "hour": 23,
    "minute": 52,
    "temp": 30.241549295774657,
    "ntu": -5.169014084507042
}