{
    "year": 2021,
    "month": 4,
    "day": 21,
    "hour": 20,
    "minute": 25,
    "temp": 29.62118644067792,
    "ntu": 2683.613050847458
}