{
    "year": 2021,
    "month": 4,
    "day": 22,
    "hour": 17,
    "minute": 27,
    "temp": 27.564067796610136,
    "ntu": 1405.6203389830505
}