{
    "year": 2021,
    "month": 4,
    "day": 24,
    "hour": 14,
    "minute": 28,
    "temp": 30.075211267605596,
    "ntu": 225.91549295774647
}