{
    "year": 2021,
    "month": 4,
    "day": 14,
    "hour": 20,
    "minute": 33,
    "temp": 29.309999999999974,
    "tds": 1236.4900000000002,
    "ph": 4.941250000000001,
    "ntu": 3000.0
}