{
    "year": 2021,
    "month": 4,
    "day": 22,
    "hour": 7,
    "minute": 9,
    "temp": 28.059999999999963,
    "ntu": 2822.949322033898
}