{
    "year": 2021,
    "month": 4,
    "day": 25,
    "hour": 15,
    "minute": 16,
    "temp": 26.888732394366166,
    "ntu": 275.77464788732397
}