{
    "year": 2021,
    "month": 4,
    "day": 22,
    "hour": 8,
    "minute": 52,
    "temp": 28.22900000000001,
    "ntu": 2756.2893333333336
}