{
    "year": 2021,
    "month": 4,
    "day": 8,
    "hour": 18,
    "minute": 39,
    "temp": 27.18781250000002,
    "tds": 1121.8112499999993,
    "ph": 0.0,
    "ntu": 3000.0
}