{
    "year": 2021,
    "month": 4,
    "day": 22,
    "hour": 6,
    "minute": 18,
    "temp": 27.86999999999996,
    "ntu": 2808.4104999999995
}