{
    "year": 2021,
    "month": 4,
    "day": 14,
    "hour": 19,
    "minute": 47,
    "temp": 29.12,
    "tds": 1274.3948484848486,
    "ph": 4.560303030303029,
    "ntu": 3000.0
}