{
    "year": 2021,
    "month": 4,
    "day": 22,
    "hour": 5,
    "minute": 0,
    "temp": 27.811034482758586,
    "ntu": 2737.1782758620684
}