{
    "year": 2021,
    "month": 4,
    "day": 25,
    "hour": 6,
    "minute": 46,
    "temp": 26.375915492957706,
    "ntu": -34.971830985915496
}