{
    "year": 2021,
    "month": 4,
    "day": 21,
    "hour": 14,
    "minute": 38,
    "temp": 27.255624999999995,
    "tds": 1323.8743749999999,
    "ph": 6.5953124999999995,
    "ntu": 3000.0
}