{
    "year": 2021,
    "month": 4,
    "day": 14,
    "hour": 15,
    "minute": 39,
    "temp": 26.943636363636383,
    "tds": 1448.0354545454543,
    "ph": 4.888484848484849,
    "ntu": 3000.0
}