{
    "year": 2021,
    "month": 4,
    "day": 14,
    "hour": 20,
    "minute": 30,
    "temp": 29.309999999999974,
    "tds": 1236.4046875000004,
    "ph": 4.9759375000000015,
    "ntu": 3000.0
}