{
    "year": 2021,
    "month": 4,
    "day": 24,
    "hour": 6,
    "minute": 18,
    "temp": 29.972112676056362,
    "ntu": 599.7183098591549
}