{
    "year": 2021,
    "month": 4,
    "day": 22,
    "hour": 15,
    "minute": 36,
    "temp": 28.46440677966105,
    "ntu": 1606.7440677966106
}