{
    "year": 2021,
    "month": 4,
    "day": 16,
    "hour": 11,
    "minute": 17,
    "temp": 29.25,
    "tds": 1161.7099999999994,
    "ph": 7.867272727272727,
    "ntu": 3000.0
}