{
    "year": 2021,
    "month": 4,
    "day": 14,
    "hour": 13,
    "minute": 23,
    "temp": 27.929393939393957,
    "tds": 1330.4921212121217,
    "ph": 6.114242424242426,
    "ntu": 3000.0
}