{
    "year": 2021,
    "month": 4,
    "day": 16,
    "hour": 21,
    "minute": 6,
    "temp": 27.009375,
    "tds": 1191.0603124999998,
    "ph": 0.821875,
    "ntu": 3000.0
}