{
    "year": 2021,
    "month": 4,
    "day": 14,
    "hour": 21,
    "minute": 57,
    "temp": 29.43363636363639,
    "tds": 1226.6500000000008,
    "ph": 5.032727272727273,
    "ntu": 3000.0
}