{
    "year": 2021,
    "month": 4,
    "day": 24,
    "hour": 4,
    "minute": 2,
    "temp": 30.079436619718276,
    "ntu": 655.6197183098592
}