{
    "year": 2021,
    "month": 4,
    "day": 23,
    "hour": 20,
    "minute": 39,
    "temp": 30.190857142857183,
    "ntu": 565.3142857142857
}