{
    "year": 2021,
    "month": 4,
    "day": 24,
    "hour": 12,
    "minute": 13,
    "temp": 29.76989010989009,
    "ntu": 281.6373626373626
}