{
    "year": 2021,
    "month": 4,
    "day": 23,
    "hour": 20,
    "minute": 57,
    "temp": 30.35225352112672,
    "ntu": -33.63380281690141
}