{
    "year": 2021,
    "month": 4,
    "day": 22,
    "hour": 6,
    "minute": 36,
    "temp": 27.869999999999962,
    "ntu": 2810.455762711864
}