{
    "year": 2021,
    "month": 4,
    "day": 23,
    "hour": 1,
    "minute": 5,
    "temp": 29.672166666666666,
    "ntu": 2135.2711666666673
}