{
    "year": 2021,
    "month": 4,
    "day": 16,
    "hour": 14,
    "minute": 57,
    "temp": 26.190000000000023,
    "tds": 1291.220303030303,
    "ph": 7.062727272727272,
    "ntu": 3000.0
}