{
    "year": 2021,
    "month": 4,
    "day": 19,
    "hour": 13,
    "minute": 34,
    "temp": 28.819090909090885,
    "tds": 1064.9721212121215,
    "ph": 0.3990909090909093,
    "ntu": 3000.0
}