{
    "year": 2021,
    "month": 4,
    "day": 16,
    "hour": 17,
    "minute": 59,
    "temp": 27.464375000000015,
    "tds": 1221.4509375,
    "ph": 7.0528125,
    "ntu": 3000.0
}