{
    "year": 2021,
    "month": 4,
    "day": 21,
    "hour": 21,
    "minute": 36,
    "temp": 28.80999999999996,
    "ntu": 2975.7115254237283
}