{
    "year": 2021,
    "month": 4,
    "day": 21,
    "hour": 20,
    "minute": 6,
    "temp": 29.369999999999955,
    "ntu": 2544.174576271187
}