{
    "year": 2021,
    "month": 4,
    "day": 25,
    "hour": 2,
    "minute": 40,
    "temp": 26.36999999999995,
    "ntu": 624.7605633802817
}