{
    "year": 2021,
    "month": 4,
    "day": 22,
    "hour": 5,
    "minute": 40,
    "temp": 27.752033898305083,
    "ntu": 2793.212203389829
}