{
    "year": 2021,
    "month": 4,
    "day": 25,
    "hour": 15,
    "minute": 15,
    "temp": 26.893661971830966,
    "ntu": 262.80281690140845
}