{
    "year": 2021,
    "month": 4,
    "day": 14,
    "hour": 15,
    "minute": 24,
    "temp": 27.0,
    "tds": 1206.798484848485,
    "ph": 4.2324242424242415,
    "ntu": 3000.0
}