{
    "year": 2021,
    "month": 4,
    "day": 25,
    "hour": 10,
    "minute": 18,
    "temp": 26.636760563380257,
    "ntu": 242.53521126760563
}