{
    "year": 2021,
    "month": 4,
    "day": 26,
    "hour": 5,
    "minute": 19,
    "temp": 26.69000000000004,
    "ntu": 619.2361111111111
}