{
    "year": 2021,
    "month": 4,
    "day": 26,
    "hour": 3,
    "minute": 45,
    "temp": 26.690000000000037,
    "ntu": -11.714285714285714
}