{
    "year": 2021,
    "month": 4,
    "day": 24,
    "hour": 10,
    "minute": 48,
    "temp": 30.001690140845067,
    "ntu": -111.59154929577464
}