{
    "year": 2021,
    "month": 4,
    "day": 21,
    "hour": 21,
    "minute": 45,
    "temp": 28.619999999999955,
    "ntu": 2990.656166666666
}