{
    "year": 2021,
    "month": 4,
    "day": 16,
    "hour": 17,
    "minute": 7,
    "temp": 27.25,
    "tds": 1238.544545454546,
    "ph": 7.046363636363638,
    "ntu": 3000.0
}