{
    "year": 2021,
    "month": 4,
    "day": 24,
    "hour": 4,
    "minute": 31,
    "temp": 30.1860563380282,
    "ntu": 652.4225352112676
}