{
    "year": 2021,
    "month": 4,
    "day": 22,
    "hour": 10,
    "minute": 40,
    "temp": 28.369999999999962,
    "ntu": 2792.7977966101703
}