{
    "year": 2021,
    "month": 4,
    "day": 24,
    "hour": 4,
    "minute": 48,
    "temp": 29.989859154929587,
    "ntu": -7.267605633802817
}