{
    "year": 2021,
    "month": 4,
    "day": 24,
    "hour": 16,
    "minute": 15,
    "temp": 30.134084507042278,
    "ntu": 257.59154929577466
}