{
    "year": 2021,
    "month": 4,
    "day": 14,
    "hour": 19,
    "minute": 58,
    "temp": 29.172500000000017,
    "tds": 1250.1453125000003,
    "ph": 4.757812500000001,
    "ntu": 3000.0
}