{
    "year": 2021,
    "month": 4,
    "day": 22,
    "hour": 17,
    "minute": 17,
    "temp": 27.68183333333335,
    "ntu": 1332.004333333333
}