{
    "year": 2021,
    "month": 4,
    "day": 14,
    "hour": 16,
    "minute": 16,
    "temp": 27.118181818181817,
    "tds": 1189.9000000000008,
    "ph": 4.276060606060606,
    "ntu": 3000.0
}