{
    "year": 2021,
    "month": 4,
    "day": 14,
    "hour": 16,
    "minute": 46,
    "temp": 26.98727272727273,
    "tds": 1455.0860606060605,
    "ph": 4.328181818181818,
    "ntu": 3000.0
}