{
    "year": 2021,
    "month": 4,
    "day": 16,
    "hour": 11,
    "minute": 28,
    "temp": 29.710625000000007,
    "tds": 1140.4678125000003,
    "ph": 7.997187499999999,
    "ntu": 3000.0
}