{
    "year": 2021,
    "month": 4,
    "day": 14,
    "hour": 21,
    "minute": 30,
    "temp": 29.37,
    "tds": 1238.4468749999992,
    "ph": 5.105312500000001,
    "ntu": 3000.0
}