{
    "year": 2021,
    "month": 4,
    "day": 22,
    "hour": 17,
    "minute": 54,
    "temp": 27.07322033898302,
    "ntu": 1197.2398305084748
}