{
    "year": 2021,
    "month": 4,
    "day": 25,
    "hour": 10,
    "minute": 34,
    "temp": 26.690000000000037,
    "ntu": 396.32394366197184
}