{
    "year": 2021,
    "month": 4,
    "day": 23,
    "hour": 1,
    "minute": 19,
    "temp": 29.487000000000013,
    "ntu": 2337.407833333334
}