{
    "year": 2021,
    "month": 4,
    "day": 21,
    "hour": 21,
    "minute": 13,
    "temp": 29.369999999999955,
    "ntu": 2876.6981666666666
}