{
    "year": 2021,
    "month": 4,
    "day": 22,
    "hour": 17,
    "minute": 55,
    "temp": 27.203166666666675,
    "ntu": 1287.1270000000002
}