{
    "year": 2021,
    "month": 4,
    "day": 22,
    "hour": 15,
    "minute": 33,
    "temp": 28.42457627118644,
    "ntu": 1684.2744067796616
}