{
    "year": 2021,
    "month": 4,
    "day": 21,
    "hour": 14,
    "minute": 16,
    "temp": 27.190000000000023,
    "tds": 1152.2200000000005,
    "ph": 6.52848484848485,
    "ntu": 3000.0
}