{
    "year": 2021,
    "month": 4,
    "day": 23,
    "hour": 1,
    "minute": 1,
    "temp": 29.626666666666633,
    "ntu": 2047.2831666666668
}