{
    "year": 2021,
    "month": 4,
    "day": 14,
    "hour": 18,
    "minute": 16,
    "temp": 28.513124999999995,
    "tds": 1315.0087499999995,
    "ph": 4.8021875000000005,
    "ntu": 3000.0
}