{
    "year": 2021,
    "month": 4,
    "day": 24,
    "hour": 2,
    "minute": 56,
    "temp": 30.18577464788734,
    "ntu": -6.309859154929577
}