{
    "year": 2021,
    "month": 4,
    "day": 24,
    "hour": 4,
    "minute": 27,
    "temp": 30.05828571428568,
    "ntu": 653.7571428571429
}