{
    "year": 2021,
    "month": 4,
    "day": 25,
    "hour": 6,
    "minute": 41,
    "temp": 26.412000000000006,
    "ntu": 596.2285714285714
}