{
    "year": 2021,
    "month": 4,
    "day": 25,
    "hour": 10,
    "minute": 40,
    "temp": 26.690000000000037,
    "ntu": 371.49295774647885
}