{
    "year": 2021,
    "month": 4,
    "day": 24,
    "hour": 18,
    "minute": 37,
    "temp": 30.000845070422535,
    "ntu": 494.4507042253521
}