{
    "year": 2021,
    "month": 4,
    "day": 24,
    "hour": 16,
    "minute": 17,
    "temp": 30.07605633802813,
    "ntu": 248.45070422535213
}