{
    "year": 2021,
    "month": 4,
    "day": 16,
    "hour": 19,
    "minute": 0,
    "temp": 30.371249999999996,
    "tds": 1092.2806250000003,
    "ph": 7.740000000000004,
    "ntu": 3000.0
}