{
    "year": 2021,
    "month": 4,
    "day": 25,
    "hour": 15,
    "minute": 31,
    "temp": 26.89070422535209,
    "ntu": 325.15492957746477
}