{
    "year": 2021,
    "month": 4,
    "day": 25,
    "hour": 23,
    "minute": 2,
    "temp": 26.809999999999963,
    "ntu": 625.6056338028169
}