{
    "year": 2021,
    "month": 4,
    "day": 22,
    "hour": 13,
    "minute": 57,
    "temp": 28.054915254237258,
    "ntu": 1459.0623728813562
}