{
    "year": 2021,
    "month": 4,
    "day": 14,
    "hour": 17,
    "minute": 18,
    "temp": 27.62,
    "tds": 1414.5154545454543,
    "ph": 4.925757575757574,
    "ntu": 3000.0
}