{
    "year": 2021,
    "month": 4,
    "day": 24,
    "hour": 14,
    "minute": 56,
    "temp": 30.19828571428575,
    "ntu": -63.68571428571428
}