{
    "year": 2021,
    "month": 4,
    "day": 14,
    "hour": 15,
    "minute": 49,
    "temp": 27.061363636363605,
    "tds": 1181.8970454545452,
    "ph": 4.39568181818182,
    "ntu": 3000.0
}