{
    "year": 2021,
    "month": 4,
    "day": 16,
    "hour": 20,
    "minute": 28,
    "temp": 27.673030303030316,
    "tds": 1162.1066666666668,
    "ph": 0.0,
    "ntu": 3000.0
}