{
    "year": 2021,
    "month": 4,
    "day": 22,
    "hour": 5,
    "minute": 22,
    "temp": 27.697000000000028,
    "ntu": 2772.565833333333
}