{
    "year": 2021,
    "month": 4,
    "day": 16,
    "hour": 18,
    "minute": 32,
    "temp": 27.690000000000023,
    "tds": 1209.9900000000005,
    "ph": 7.038181818181819,
    "ntu": 3000.0
}