{
    "year": 2021,
    "month": 4,
    "day": 14,
    "hour": 21,
    "minute": 3,
    "temp": 29.37,
    "tds": 1242.5999999999992,
    "ph": 5.017575757575758,
    "ntu": 3000.0
}