{
    "year": 2021,
    "month": 4,
    "day": 23,
    "hour": 1,
    "minute": 29,
    "temp": 29.52542372881355,
    "ntu": 2333.2754237288136
}