{
    "year": 2021,
    "month": 4,
    "day": 21,
    "hour": 20,
    "minute": 10,
    "temp": 29.32799999999996,
    "ntu": 2581.2901666666667
}