{
    "year": 2021,
    "month": 4,
    "day": 16,
    "hour": 18,
    "minute": 49,
    "temp": 27.809999999999977,
    "tds": 1206.687575757576,
    "ph": 7.03090909090909,
    "ntu": 3000.0
}