{
    "year": 2021,
    "month": 4,
    "day": 16,
    "hour": 21,
    "minute": 47,
    "temp": 28.578181818181807,
    "tds": 1301.450909090909,
    "ph": 1.7296969696969688,
    "ntu": 3000.0
}