{
    "year": 2021,
    "month": 4,
    "day": 23,
    "hour": 1,
    "minute": 27,
    "temp": 29.682711864406798,
    "ntu": 2333.9211864406775
}