{
    "year": 2021,
    "month": 4,
    "day": 22,
    "hour": 9,
    "minute": 5,
    "temp": 28.265999999999988,
    "ntu": 2796.272999999999
}