{
    "year": 2021,
    "month": 4,
    "day": 16,
    "hour": 18,
    "minute": 50,
    "temp": 27.817272727272712,
    "tds": 1206.9799999999996,
    "ph": 7.020303030303029,
    "ntu": 3000.0
}