{
    "year": 2021,
    "month": 4,
    "day": 23,
    "hour": 20,
    "minute": 10,
    "temp": 30.273380281690095,
    "ntu": 545.6338028169014
}