{
    "year": 2021,
    "month": 4,
    "day": 16,
    "hour": 16,
    "minute": 2,
    "temp": 26.690000000000023,
    "tds": 1264.9000000000008,
    "ph": 7.093750000000002,
    "ntu": 3000.0
}