{
    "year": 2021,
    "month": 4,
    "day": 14,
    "hour": 21,
    "minute": 44,
    "temp": 29.391212121212128,
    "tds": 1228.374545454546,
    "ph": 5.252121212121214,
    "ntu": 3000.0
}