{
    "year": 2021,
    "month": 4,
    "day": 23,
    "hour": 23,
    "minute": 13,
    "temp": 30.220422535211295,
    "ntu": 671.7746478873239
}