{
    "year": 2021,
    "month": 4,
    "day": 24,
    "hour": 2,
    "minute": 6,
    "temp": 30.20057142857146,
    "ntu": 661.2571428571429
}