{
    "year": 2021,
    "month": 4,
    "day": 22,
    "hour": 6,
    "minute": 3,
    "temp": 27.809999999999963,
    "ntu": 2801.2344999999996
}