{
    "year": 2021,
    "month": 4,
    "day": 14,
    "hour": 17,
    "minute": 49,
    "temp": 28.191818181818203,
    "tds": 1324.9566666666665,
    "ph": 5.255151515151514,
    "ntu": 3000.0
}