{
    "year": 2021,
    "month": 4,
    "day": 21,
    "hour": 14,
    "minute": 33,
    "temp": 27.027272727272706,
    "tds": 1340.3581818181822,
    "ph": 6.54939393939394,
    "ntu": 3000.0
}