{
    "year": 2021,
    "month": 4,
    "day": 22,
    "hour": 4,
    "minute": 30,
    "temp": 28.443000000000037,
    "ntu": 2730.5406666666668
}