{
    "year": 2021,
    "month": 4,
    "day": 24,
    "hour": 16,
    "minute": 53,
    "temp": 29.987323943661984,
    "ntu": -77.29577464788733
}