{
    "year": 2021,
    "month": 4,
    "day": 14,
    "hour": 17,
    "minute": 3,
    "temp": 27.309999999999977,
    "tds": 1483.682424242424,
    "ph": 4.540303030303032,
    "ntu": 3000.0
}