{
    "year": 2021,
    "month": 4,
    "day": 26,
    "hour": 3,
    "minute": 59,
    "temp": 26.690000000000037,
    "ntu": -6.591549295774648
}