{
    "year": 2021,
    "month": 4,
    "day": 21,
    "hour": 15,
    "minute": 9,
    "temp": 28.60181818181818,
    "tds": 1259.213333333333,
    "ph": 6.5603030303030305,
    "ntu": 3000.0
}