{
    "year": 2021,
    "month": 4,
    "day": 16,
    "hour": 19,
    "minute": 40,
    "temp": 28.61454545454545,
    "tds": 1140.9754545454546,
    "ph": 0.0,
    "ntu": 3000.0
}