{
    "year": 2021,
    "month": 4,
    "day": 23,
    "hour": 20,
    "minute": 54,
    "temp": 30.227714285714306,
    "ntu": -30.84285714285714
}