{
    "year": 2021,
    "month": 4,
    "day": 16,
    "hour": 15,
    "minute": 34,
    "temp": 26.5,
    "tds": 1273.7987878787874,
    "ph": 7.068181818181818,
    "ntu": 3000.0
}