{
    "year": 2021,
    "month": 4,
    "day": 24,
    "hour": 12,
    "minute": 23,
    "temp": 30.016056338028168,
    "ntu": 249.92957746478874
}