{
    "year": 2021,
    "month": 4,
    "day": 26,
    "hour": 3,
    "minute": 21,
    "temp": 26.690000000000037,
    "ntu": 621.9857142857143
}