{
    "year": 2021,
    "month": 4,
    "day": 16,
    "hour": 17,
    "minute": 21,
    "temp": 27.37,
    "tds": 1228.3899999999996,
    "ph": 7.0175757575757585,
    "ntu": 3000.0
}