{
    "year": 2021,
    "month": 4,
    "day": 26,
    "hour": 12,
    "minute": 28,
    "temp": 29.515428571428572,
    "ntu": -335.0285714285714
}