{
    "year": 2021,
    "month": 4,
    "day": 14,
    "hour": 13,
    "minute": 33,
    "temp": 28.195454545454567,
    "tds": 1298.279393939394,
    "ph": 6.096060606060608,
    "ntu": 3000.0
}