{
    "year": 2021,
    "month": 4,
    "day": 21,
    "hour": 19,
    "minute": 0,
    "temp": 26.826999999999952,
    "ntu": 1903.5993333333327
}