{
    "year": 2021,
    "month": 4,
    "day": 24,
    "hour": 10,
    "minute": 54,
    "temp": 29.976338028169035,
    "ntu": -96.4225352112676
}