{
    "year": 2021,
    "month": 4,
    "day": 22,
    "hour": 17,
    "minute": 5,
    "temp": 27.421666666666667,
    "ntu": 2101.641666666667
}