{
    "year": 2021,
    "month": 4,
    "day": 24,
    "hour": 2,
    "minute": 53,
    "temp": 30.00845070422535,
    "ntu": -6.704225352112676
}