{
    "year": 2021,
    "month": 4,
    "day": 14,
    "hour": 19,
    "minute": 0,
    "temp": 28.866363636363637,
    "tds": 1279.0436363636359,
    "ph": 4.864242424242422,
    "ntu": 3000.0
}