{
    "year": 2021,
    "month": 4,
    "day": 14,
    "hour": 16,
    "minute": 58,
    "temp": 27.190000000000023,
    "tds": 1446.2766666666666,
    "ph": 4.466060606060606,
    "ntu": 3000.0
}