{
    "year": 2021,
    "month": 4,
    "day": 24,
    "hour": 8,
    "minute": 9,
    "temp": 29.905492957746446,
    "ntu": 412.2535211267606
}