{
    "year": 2021,
    "month": 4,
    "day": 16,
    "hour": 20,
    "minute": 44,
    "temp": 27.37,
    "tds": 1178.9145454545455,
    "ph": 0.42515151515151517,
    "ntu": 3000.0
}