{
    "year": 2021,
    "month": 4,
    "day": 25,
    "hour": 23,
    "minute": 55,
    "temp": 26.757605633802818,
    "ntu": -5.915492957746479
}