{
    "year": 2021,
    "month": 4,
    "day": 22,
    "hour": 6,
    "minute": 24,
    "temp": 27.84699999999996,
    "ntu": 2811.9013333333332
}