{
    "year": 2021,
    "month": 4,
    "day": 14,
    "hour": 15,
    "minute": 40,
    "temp": 26.974545454545456,
    "tds": 1448.1336363636365,
    "ph": 4.928484848484848,
    "ntu": 3000.0
}