{
    "year": 2021,
    "month": 4,
    "day": 22,
    "hour": 8,
    "minute": 18,
    "temp": 28.128305084745737,
    "ntu": 2617.3696610169495
}