{
    "year": 2021,
    "month": 4,
    "day": 22,
    "hour": 15,
    "minute": 35,
    "temp": 28.508474576271148,
    "ntu": 1679.0730508474576
}