{
    "year": 2021,
    "month": 4,
    "day": 14,
    "hour": 15,
    "minute": 18,
    "temp": 27.07090909090907,
    "tds": 1205.350303030303,
    "ph": 4.151212121212121,
    "ntu": 3000.0
}