{
    "year": 2021,
    "month": 4,
    "day": 24,
    "hour": 16,
    "minute": 36,
    "temp": 30.166338028169,
    "ntu": 337.32394366197184
}