{
    "year": 2021,
    "month": 4,
    "day": 23,
    "hour": 15,
    "minute": 39,
    "temp": 28.200985915492996,
    "ntu": 428.2535211267606
}