{
    "year": 2021,
    "month": 4,
    "day": 22,
    "hour": 7,
    "minute": 51,
    "temp": 28.060999999999964,
    "ntu": 2816.279833333333
}