{
    "year": 2021,
    "month": 4,
    "day": 24,
    "hour": 16,
    "minute": 50,
    "temp": 30.100563380281695,
    "ntu": -82.22535211267606
}