{
    "year": 2021,
    "month": 4,
    "day": 14,
    "hour": 19,
    "minute": 24,
    "temp": 29.0,
    "tds": 1273.28625,
    "ph": 4.9362499999999985,
    "ntu": 3000.0
}