{
    "year": 2021,
    "month": 4,
    "day": 21,
    "hour": 19,
    "minute": 44,
    "temp": 28.775423728813536,
    "ntu": 2351.1089830508477
}