{
    "year": 2021,
    "month": 4,
    "day": 19,
    "hour": 13,
    "minute": 58,
    "temp": 28.172500000000014,
    "tds": 1097.0846875000004,
    "ph": 0.23124999999999996,
    "ntu": 3000.0
}