{
    "year": 2021,
    "month": 4,
    "day": 22,
    "hour": 7,
    "minute": 36,
    "temp": 28.11799999999996,
    "ntu": 2803.501499999999
}