{
    "year": 2021,
    "month": 4,
    "day": 22,
    "hour": 3,
    "minute": 19,
    "temp": 27.190000000000037,
    "ntu": 1497.6446666666668
}