{
    "year": 2021,
    "month": 4,
    "day": 14,
    "hour": 16,
    "minute": 48,
    "temp": 27.0,
    "tds": 1458.4824242424233,
    "ph": 4.346363636363637,
    "ntu": 3000.0
}