{
    "year": 2021,
    "month": 4,
    "day": 21,
    "hour": 22,
    "minute": 2,
    "temp": 28.246949152542374,
    "ntu": 3002.961186440678
}