{
    "year": 2021,
    "month": 4,
    "day": 25,
    "hour": 15,
    "minute": 36,
    "temp": 26.89957746478872,
    "ntu": 329.09859154929575
}