{
    "year": 2021,
    "month": 4,
    "day": 23,
    "hour": 20,
    "minute": 55,
    "temp": 30.371267605633818,
    "ntu": -44.056338028169016
}