{
    "year": 2021,
    "month": 4,
    "day": 21,
    "hour": 19,
    "minute": 33,
    "temp": 28.309999999999963,
    "ntu": 2224.1059322033893
}