{
    "year": 2021,
    "month": 4,
    "day": 16,
    "hour": 17,
    "minute": 55,
    "temp": 27.440000000000023,
    "tds": 1224.0700000000006,
    "ph": 7.055454545454546,
    "ntu": 3000.0
}