{
    "year": 2021,
    "month": 4,
    "day": 16,
    "hour": 18,
    "minute": 4,
    "temp": 27.5,
    "tds": 1218.9448484848483,
    "ph": 7.020909090909091,
    "ntu": 3000.0
}