{
    "year": 2021,
    "month": 4,
    "day": 23,
    "hour": 11,
    "minute": 29,
    "temp": 28.873559322033856,
    "ntu": 2348.8045762711868
}