{
    "year": 2021,
    "month": 4,
    "day": 23,
    "hour": 11,
    "minute": 34,
    "temp": 28.971000000000025,
    "ntu": 2350.553999999999
}