{
    "year": 2021,
    "month": 4,
    "day": 24,
    "hour": 18,
    "minute": 25,
    "temp": 30.01347222222218,
    "ntu": 465.02777777777777
}