{
    "year": 2021,
    "month": 4,
    "day": 25,
    "hour": 23,
    "minute": 56,
    "temp": 26.750845070422535,
    "ntu": -6.028169014084507
}