{
    "year": 2021,
    "month": 4,
    "day": 16,
    "hour": 18,
    "minute": 29,
    "temp": 27.690000000000023,
    "tds": 1210.3963636363637,
    "ph": 7.0554545454545465,
    "ntu": 3000.0
}