{
    "year": 2021,
    "month": 4,
    "day": 26,
    "hour": 3,
    "minute": 20,
    "temp": 26.690000000000037,
    "ntu": 615.0140845070423
}