{
    "year": 2021,
    "month": 4,
    "day": 14,
    "hour": 20,
    "minute": 51,
    "temp": 29.36818181818182,
    "tds": 1247.2084848484853,
    "ph": 4.992727272727272,
    "ntu": 3000.0
}