{
    "year": 2021,
    "month": 4,
    "day": 16,
    "hour": 15,
    "minute": 36,
    "temp": 26.550909090909073,
    "tds": 1271.4272727272726,
    "ph": 7.04878787878788,
    "ntu": 3000.0
}