{
    "year": 2021,
    "month": 4,
    "day": 16,
    "hour": 18,
    "minute": 19,
    "temp": 27.612727272727273,
    "tds": 1212.897272727273,
    "ph": 7.042727272727273,
    "ntu": 3000.0
}