{
    "year": 2021,
    "month": 4,
    "day": 22,
    "hour": 15,
    "minute": 23,
    "temp": 28.109830508474545,
    "ntu": 1508.6228813559317
}