{
    "year": 2021,
    "month": 4,
    "day": 14,
    "hour": 13,
    "minute": 0,
    "temp": 27.351818181818178,
    "tds": 1368.8787878787884,
    "ph": 5.994545454545452,
    "ntu": 3000.0
}