{
    "year": 2021,
    "month": 4,
    "day": 14,
    "hour": 21,
    "minute": 33,
    "temp": 29.37,
    "tds": 1233.7599999999998,
    "ph": 4.9815625,
    "ntu": 3000.0
}