{
    "year": 2021,
    "month": 4,
    "day": 22,
    "hour": 17,
    "minute": 0,
    "temp": 27.24423728813556,
    "ntu": 2154.9444067796608
}