{
    "year": 2021,
    "month": 4,
    "day": 25,
    "hour": 23,
    "minute": 40,
    "temp": 26.788028169014062,
    "ntu": 618.2957746478874
}