{
    "year": 2021,
    "month": 4,
    "day": 21,
    "hour": 15,
    "minute": 5,
    "temp": 28.420312500000016,
    "tds": 1267.8534375000002,
    "ph": 6.574375000000001,
    "ntu": 3000.0
}