{
    "year": 2021,
    "month": 4,
    "day": 24,
    "hour": 4,
    "minute": 1,
    "temp": 29.951612903225826,
    "ntu": 651.8602150537635
}