{
    "year": 2021,
    "month": 4,
    "day": 23,
    "hour": 20,
    "minute": 7,
    "temp": 30.237323943661984,
    "ntu": 554.9859154929577
}