{
    "year": 2021,
    "month": 4,
    "day": 8,
    "hour": 18,
    "minute": 58,
    "temp": 27.059999999999977,
    "tds": 1367.4324242424243,
    "ph": 0.0,
    "ntu": 3000.0
}