{
    "year": 2021,
    "month": 4,
    "day": 22,
    "hour": 9,
    "minute": 38,
    "temp": 28.440000000000037,
    "ntu": 2699.983559322033
}