{
    "year": 2021,
    "month": 4,
    "day": 25,
    "hour": 8,
    "minute": 5,
    "temp": 26.442535211267646,
    "ntu": 447.53521126760563
}