{
    "year": 2021,
    "month": 4,
    "day": 16,
    "hour": 17,
    "minute": 23,
    "temp": 27.38968750000001,
    "tds": 1230.5059374999996,
    "ph": 7.0356250000000005,
    "ntu": 3000.0
}