{
    "year": 2021,
    "month": 4,
    "day": 23,
    "hour": 20,
    "minute": 19,
    "temp": 30.11915492957741,
    "ntu": 548.6338028169014
}