{
    "year": 2021,
    "month": 4,
    "day": 16,
    "hour": 20,
    "minute": 6,
    "temp": 28.059999999999977,
    "tds": 605.2224242424243,
    "ph": 0.0,
    "ntu": 3000.0
}