{
    "year": 2021,
    "month": 4,
    "day": 14,
    "hour": 13,
    "minute": 55,
    "temp": 28.409375000000008,
    "tds": 1245.946875,
    "ph": 6.135937500000002,
    "ntu": 3000.0
}