{
    "year": 2021,
    "month": 4,
    "day": 25,
    "hour": 6,
    "minute": 14,
    "temp": 26.370985915492913,
    "ntu": 601.7605633802817
}