{
    "year": 2021,
    "month": 4,
    "day": 26,
    "hour": 5,
    "minute": 49,
    "temp": 26.690000000000037,
    "ntu": -25.197183098591548
}