{
    "year": 2021,
    "month": 4,
    "day": 16,
    "hour": 21,
    "minute": 22,
    "temp": 27.242727272727272,
    "tds": 1379.1727272727276,
    "ph": 1.5993939393939398,
    "ntu": 3000.0
}