{
    "year": 2021,
    "month": 4,
    "day": 23,
    "hour": 1,
    "minute": 44,
    "temp": 29.562999999999963,
    "ntu": 2333.260833333333
}