{
    "year": 2021,
    "month": 4,
    "day": 23,
    "hour": 17,
    "minute": 18,
    "temp": 29.369999999999948,
    "ntu": 491.7323943661972
}