{
    "year": 2021,
    "month": 4,
    "day": 24,
    "hour": 2,
    "minute": 33,
    "temp": 30.034647887323924,
    "ntu": 660.2253521126761
}