{
    "year": 2021,
    "month": 4,
    "day": 25,
    "hour": 23,
    "minute": 50,
    "temp": 26.759295774647885,
    "ntu": -5.591549295774648
}