{
    "year": 2021,
    "month": 4,
    "day": 16,
    "hour": 15,
    "minute": 9,
    "temp": 26.25,
    "tds": 1288.5787878787878,
    "ph": 7.044242424242422,
    "ntu": 3000.0
}