{
    "year": 2021,
    "month": 4,
    "day": 24,
    "hour": 4,
    "minute": 45,
    "temp": 30.097183098591568,
    "ntu": -10.56338028169014
}