{
    "year": 2021,
    "month": 4,
    "day": 14,
    "hour": 16,
    "minute": 55,
    "temp": 27.12,
    "tds": 1454.040303030303,
    "ph": 4.378787878787879,
    "ntu": 3000.0
}