{
    "year": 2021,
    "month": 4,
    "day": 22,
    "hour": 17,
    "minute": 9,
    "temp": 27.20932203389834,
    "ntu": 1934.699661016949
}