{
    "year": 2021,
    "month": 4,
    "day": 23,
    "hour": 23,
    "minute": 0,
    "temp": 30.362676056338042,
    "ntu": 664.1830985915493
}