{
    "year": 2021,
    "month": 4,
    "day": 22,
    "hour": 2,
    "minute": 54,
    "temp": 27.635423728813524,
    "ntu": 1463.8554237288138
}