{
    "year": 2021,
    "month": 4,
    "day": 24,
    "hour": 2,
    "minute": 55,
    "temp": 30.11000000000001,
    "ntu": -6.285714285714286
}