{
    "year": 2021,
    "month": 4,
    "day": 24,
    "hour": 16,
    "minute": 10,
    "temp": 30.13291666666667,
    "ntu": 252.22222222222223
}