{
    "year": 2021,
    "month": 4,
    "day": 25,
    "hour": 10,
    "minute": 14,
    "temp": 26.621971830985867,
    "ntu": 264.09859154929575
}