{
    "year": 2021,
    "month": 4,
    "day": 14,
    "hour": 17,
    "minute": 5,
    "temp": 27.364375000000003,
    "tds": 1449.5831249999997,
    "ph": 4.600312500000001,
    "ntu": 3000.0
}