{
    "year": 2021,
    "month": 4,
    "day": 25,
    "hour": 6,
    "minute": 43,
    "temp": 26.40647887323944,
    "ntu": 593.1830985915493
}