{
    "year": 2021,
    "month": 4,
    "day": 22,
    "hour": 4,
    "minute": 54,
    "temp": 27.86999999999996,
    "ntu": 2737.7601666666665
}