{
    "year": 2021,
    "month": 4,
    "day": 21,
    "hour": 19,
    "minute": 31,
    "temp": 28.2184745762712,
    "ntu": 2209.420508474576
}