{
    "year": 2021,
    "month": 4,
    "day": 21,
    "hour": 19,
    "minute": 25,
    "temp": 27.987000000000005,
    "ntu": 2142.9576666666667
}