{
    "year": 2021,
    "month": 4,
    "day": 14,
    "hour": 18,
    "minute": 23,
    "temp": 28.56363636363634,
    "tds": 1312.25,
    "ph": 4.84090909090909,
    "ntu": 3000.0
}