{
    "year": 2021,
    "month": 4,
    "day": 16,
    "hour": 21,
    "minute": 52,
    "temp": 28.824545454545444,
    "tds": 1290.1381818181817,
    "ph": 1.6812121212121207,
    "ntu": 3000.0
}