{
    "year": 2021,
    "month": 4,
    "day": 24,
    "hour": 10,
    "minute": 40,
    "temp": 30.11757142857145,
    "ntu": 292.2857142857143
}