{
    "year": 2021,
    "month": 4,
    "day": 24,
    "hour": 16,
    "minute": 57,
    "temp": 30.099428571428533,
    "ntu": -74.82857142857142
}