{
    "year": 2021,
    "month": 4,
    "day": 24,
    "hour": 10,
    "minute": 9,
    "temp": 29.95714285714289,
    "ntu": 288.0571428571429
}