{
    "year": 2021,
    "month": 4,
    "day": 16,
    "hour": 17,
    "minute": 37,
    "temp": 27.50363636363636,
    "tds": 1222.7799999999995,
    "ph": 7.064848484848484,
    "ntu": 3000.0
}