{
    "year": 2021,
    "month": 4,
    "day": 22,
    "hour": 6,
    "minute": 32,
    "temp": 27.940000000000037,
    "ntu": 2811.806949152542
}