{
    "year": 2021,
    "month": 4,
    "day": 22,
    "hour": 2,
    "minute": 25,
    "temp": 28.246949152542374,
    "ntu": 1903.9359322033902
}