{
    "year": 2021,
    "month": 4,
    "day": 22,
    "hour": 8,
    "minute": 17,
    "temp": 28.12116666666663,
    "ntu": 2621.9891666666663
}