{
    "year": 2021,
    "month": 4,
    "day": 22,
    "hour": 5,
    "minute": 51,
    "temp": 27.776440677966082,
    "ntu": 2796.064406779661
}