{
    "year": 2021,
    "month": 4,
    "day": 25,
    "hour": 15,
    "minute": 4,
    "temp": 26.874929577464748,
    "ntu": 311.14084507042253
}