{
    "year": 2021,
    "month": 4,
    "day": 24,
    "hour": 14,
    "minute": 16,
    "temp": 30.211126760563417,
    "ntu": 228.18309859154928
}