{
    "year": 2021,
    "month": 4,
    "day": 16,
    "hour": 11,
    "minute": 45,
    "temp": 29.616363636363637,
    "tds": 1147.146969696969,
    "ph": 7.908787878787879,
    "ntu": 3000.0
}