{
    "year": 2021,
    "month": 4,
    "day": 23,
    "hour": 1,
    "minute": 18,
    "temp": 29.539661016949132,
    "ntu": 2350.14813559322
}