{
    "year": 2021,
    "month": 4,
    "day": 22,
    "hour": 2,
    "minute": 22,
    "temp": 28.309999999999963,
    "ntu": 1984.6938983050848
}