{
    "year": 2021,
    "month": 4,
    "day": 22,
    "hour": 3,
    "minute": 48,
    "temp": 27.592999999999957,
    "ntu": 2314.723166666667
}