{
    "year": 2021,
    "month": 4,
    "day": 14,
    "hour": 15,
    "minute": 31,
    "temp": 26.943636363636383,
    "tds": 1460.1709090909087,
    "ph": 4.9815151515151515,
    "ntu": 3000.0
}