{
    "year": 2021,
    "month": 4,
    "day": 24,
    "hour": 21,
    "minute": 51,
    "temp": 26.559999999999963,
    "ntu": -4.788732394366197
}