{
    "year": 2021,
    "month": 4,
    "day": 23,
    "hour": 17,
    "minute": 20,
    "temp": 29.456338028169004,
    "ntu": 449.0281690140845
}