{
    "year": 2021,
    "month": 4,
    "day": 25,
    "hour": 23,
    "minute": 23,
    "temp": 26.805774647887286,
    "ntu": 625.3943661971831
}