{
    "year": 2021,
    "month": 4,
    "day": 23,
    "hour": 11,
    "minute": 6,
    "temp": 28.844067796610144,
    "ntu": 2333.1438983050834
}