{
    "year": 2021,
    "month": 4,
    "day": 22,
    "hour": 5,
    "minute": 55,
    "temp": 27.809999999999963,
    "ntu": 2788.322542372882
}