{
    "year": 2021,
    "month": 4,
    "day": 22,
    "hour": 3,
    "minute": 28,
    "temp": 27.05694915254234,
    "ntu": 1543.138135593221
}