{
    "year": 2021,
    "month": 4,
    "day": 22,
    "hour": 5,
    "minute": 41,
    "temp": 27.771999999999984,
    "ntu": 2795.2258333333343
}