{
    "year": 2021,
    "month": 4,
    "day": 22,
    "hour": 9,
    "minute": 52,
    "temp": 28.401499999999984,
    "ntu": 2865.0773333333327
}