{
    "year": 2021,
    "month": 4,
    "day": 25,
    "hour": 6,
    "minute": 38,
    "temp": 26.398591549295766,
    "ntu": 597.1971830985915
}