{
    "year": 2021,
    "month": 4,
    "day": 23,
    "hour": 11,
    "minute": 48,
    "temp": 29.184067796610194,
    "ntu": 2185.8928813559323
}