{
    "year": 2021,
    "month": 4,
    "day": 16,
    "hour": 17,
    "minute": 42,
    "temp": 27.5,
    "tds": 1221.1363636363635,
    "ph": 7.077878787878788,
    "ntu": 3000.0
}