{
    "year": 2021,
    "month": 4,
    "day": 24,
    "hour": 4,
    "minute": 19,
    "temp": 29.9311267605634,
    "ntu": 656.8591549295775
}