{
    "year": 2021,
    "month": 4,
    "day": 16,
    "hour": 18,
    "minute": 24,
    "temp": 27.62,
    "tds": 1212.7300000000002,
    "ph": 7.0390625,
    "ntu": 3000.0
}