{
    "year": 2021,
    "month": 4,
    "day": 25,
    "hour": 8,
    "minute": 18,
    "temp": 26.4554285714286,
    "ntu": 425.35714285714283
}