{
    "year": 2021,
    "month": 4,
    "day": 21,
    "hour": 15,
    "minute": 29,
    "temp": 29.059999999999974,
    "tds": 1238.63,
    "ph": 6.576363636363638,
    "ntu": 3000.0
}