{
    "year": 2021,
    "month": 4,
    "day": 22,
    "hour": 7,
    "minute": 7,
    "temp": 28.031525423728787,
    "ntu": 2822.7357627118645
}