{
    "year": 2021,
    "month": 4,
    "day": 23,
    "hour": 11,
    "minute": 51,
    "temp": 29.3466101694915,
    "ntu": 2164.1589830508474
}