{
    "year": 2021,
    "month": 4,
    "day": 14,
    "hour": 17,
    "minute": 48,
    "temp": 28.174687500000022,
    "tds": 1330.8240625000008,
    "ph": 5.189374999999999,
    "ntu": 3000.0
}