{
    "year": 2021,
    "month": 4,
    "day": 24,
    "hour": 2,
    "minute": 26,
    "temp": 30.16535211267604,
    "ntu": 659.2394366197183
}