{
    "year": 2021,
    "month": 4,
    "day": 14,
    "hour": 15,
    "minute": 13,
    "temp": 27.149696969696972,
    "tds": 1206.4818181818182,
    "ph": 3.9142424242424245,
    "ntu": 3000.0
}