{
    "year": 2021,
    "month": 4,
    "day": 24,
    "hour": 21,
    "minute": 13,
    "temp": 26.76521126760563,
    "ntu": 629.6619718309859
}