{
    "year": 2021,
    "month": 4,
    "day": 23,
    "hour": 23,
    "minute": 40,
    "temp": 30.284142857142804,
    "ntu": 659.9857142857143
}