{
    "year": 2021,
    "month": 4,
    "day": 14,
    "hour": 16,
    "minute": 57,
    "temp": 27.18787878787881,
    "tds": 1445.5824242424233,
    "ph": 4.339696969696968,
    "ntu": 3000.0
}