{
    "year": 2021,
    "month": 4,
    "day": 22,
    "hour": 3,
    "minute": 3,
    "temp": 27.498983050847457,
    "ntu": 1432.8544067796608
}