{
    "year": 2021,
    "month": 4,
    "day": 14,
    "hour": 17,
    "minute": 11,
    "temp": 27.5,
    "tds": 1441.339375000001,
    "ph": 4.699375,
    "ntu": 3000.0
}