{
    "year": 2021,
    "month": 4,
    "day": 14,
    "hour": 21,
    "minute": 45,
    "temp": 29.39121212121213,
    "tds": 1228.5387878787885,
    "ph": 5.2327272727272724,
    "ntu": 3000.0
}