{
    "year": 2021,
    "month": 4,
    "day": 14,
    "hour": 19,
    "minute": 16,
    "temp": 28.940000000000026,
    "tds": 1272.4178787878786,
    "ph": 4.782424242424242,
    "ntu": 3000.0
}