{
    "year": 2021,
    "month": 4,
    "day": 24,
    "hour": 16,
    "minute": 4,
    "temp": 29.986285714285728,
    "ntu": 282.7857142857143
}