{
    "year": 2021,
    "month": 4,
    "day": 26,
    "hour": 5,
    "minute": 37,
    "temp": 26.690000000000037,
    "ntu": 614.830985915493
}