{
    "year": 2021,
    "month": 4,
    "day": 16,
    "hour": 17,
    "minute": 57,
    "temp": 27.440000000000023,
    "tds": 1220.7118181818184,
    "ph": 7.076666666666669,
    "ntu": 3000.0
}