{
    "year": 2021,
    "month": 4,
    "day": 21,
    "hour": 20,
    "minute": 19,
    "temp": 29.643333333333338,
    "ntu": 2661.673333333332
}