{
    "year": 2021,
    "month": 4,
    "day": 14,
    "hour": 20,
    "minute": 49,
    "temp": 29.338124999999984,
    "tds": 1244.9924999999998,
    "ph": 4.7959375,
    "ntu": 3000.0
}