{
    "year": 2021,
    "month": 4,
    "day": 13,
    "hour": 8,
    "minute": 12,
    "temp": 29.49818181818182,
    "tds": 174.86696969696973,
    "ph": 0.0,
    "ntu": 3000.0
}