{
    "year": 2021,
    "month": 4,
    "day": 26,
    "hour": 5,
    "minute": 58,
    "temp": 26.690000000000037,
    "ntu": -24.685714285714287
}