{
    "year": 2021,
    "month": 4,
    "day": 25,
    "hour": 2,
    "minute": 15,
    "temp": 26.36999999999995,
    "ntu": 625.1571428571428
}