{
    "year": 2021,
    "month": 4,
    "day": 14,
    "hour": 20,
    "minute": 8,
    "temp": 29.190000000000026,
    "tds": 1242.0,
    "ph": 4.9840624999999985,
    "ntu": 3000.0
}