{
    "year": 2021,
    "month": 4,
    "day": 24,
    "hour": 8,
    "minute": 39,
    "temp": 29.932000000000023,
    "ntu": 297.85714285714283
}