{
    "year": 2021,
    "month": 4,
    "day": 24,
    "hour": 6,
    "minute": 12,
    "temp": 30.000857142857143,
    "ntu": 605.7428571428571
}