{
    "year": 2021,
    "month": 4,
    "day": 24,
    "hour": 18,
    "minute": 18,
    "temp": 29.943380281690178,
    "ntu": 457.9154929577465
}