{
    "year": 2021,
    "month": 4,
    "day": 22,
    "hour": 6,
    "minute": 26,
    "temp": 27.869999999999962,
    "ntu": 2812.9561016949147
}