{
    "year": 2021,
    "month": 4,
    "day": 24,
    "hour": 18,
    "minute": 33,
    "temp": 29.978873239436638,
    "ntu": 459.23943661971833
}