{
    "year": 2021,
    "month": 4,
    "day": 24,
    "hour": 12,
    "minute": 24,
    "temp": 29.952000000000037,
    "ntu": 241.04285714285714
}