{
    "year": 2021,
    "month": 4,
    "day": 14,
    "hour": 14,
    "minute": 23,
    "temp": 27.943750000000023,
    "tds": 1177.4403125,
    "ph": 3.1709375000000004,
    "ntu": 3000.0
}