{
    "year": 2021,
    "month": 4,
    "day": 24,
    "hour": 2,
    "minute": 37,
    "temp": 30.09857142857139,
    "ntu": 659.5714285714286
}