{
    "year": 2021,
    "month": 4,
    "day": 14,
    "hour": 19,
    "minute": 29,
    "temp": 29.016363636363632,
    "tds": 1268.422121212121,
    "ph": 4.697575757575758,
    "ntu": 3000.0
}