{
    "year": 2021,
    "month": 4,
    "day": 14,
    "hour": 21,
    "minute": 27,
    "temp": 29.37,
    "tds": 1241.4924999999992,
    "ph": 5.1796875,
    "ntu": 3000.0
}