{
    "year": 2021,
    "month": 4,
    "day": 21,
    "hour": 14,
    "minute": 7,
    "temp": 27.309999999999977,
    "tds": 1146.5712121212118,
    "ph": 6.5645454545454545,
    "ntu": 3000.0
}