{
    "year": 2021,
    "month": 4,
    "day": 23,
    "hour": 11,
    "minute": 15,
    "temp": 28.980338983050814,
    "ntu": 2374.289661016949
}