{
    "year": 2021,
    "month": 4,
    "day": 25,
    "hour": 23,
    "minute": 20,
    "temp": 26.807428571428535,
    "ntu": 618.6428571428571
}