{
    "year": 2021,
    "month": 4,
    "day": 14,
    "hour": 20,
    "minute": 41,
    "temp": 29.368181818181817,
    "tds": 1225.0521212121216,
    "ph": 4.793030303030303,
    "ntu": 3000.0
}