{
    "year": 2021,
    "month": 4,
    "day": 24,
    "hour": 8,
    "minute": 4,
    "temp": 29.91239436619716,
    "ntu": 418.63380281690144
}