{
    "year": 2021,
    "month": 4,
    "day": 22,
    "hour": 8,
    "minute": 4,
    "temp": 28.11399999999996,
    "ntu": 2777.2735000000002
}