{
    "year": 2021,
    "month": 4,
    "day": 24,
    "hour": 2,
    "minute": 25,
    "temp": 30.115070422535233,
    "ntu": 655.0140845070423
}