{
    "year": 2021,
    "month": 4,
    "day": 16,
    "hour": 11,
    "minute": 29,
    "temp": 29.75727272727272,
    "tds": 1137.6909090909091,
    "ph": 7.989090909090908,
    "ntu": 3000.0
}