{
    "year": 2021,
    "month": 4,
    "day": 24,
    "hour": 18,
    "minute": 17,
    "temp": 30.015428571428572,
    "ntu": 461.92857142857144
}