{
    "year": 2021,
    "month": 4,
    "day": 14,
    "hour": 13,
    "minute": 42,
    "temp": 28.37,
    "tds": 1264.8893939393938,
    "ph": 6.256060606060605,
    "ntu": 3000.0
}