{
    "year": 2021,
    "month": 4,
    "day": 24,
    "hour": 10,
    "minute": 42,
    "temp": 30.10114285714282,
    "ntu": 271.92857142857144
}