{
    "year": 2021,
    "month": 4,
    "day": 24,
    "hour": 8,
    "minute": 17,
    "temp": 30.05492957746475,
    "ntu": 363.5492957746479
}