{
    "year": 2021,
    "month": 4,
    "day": 25,
    "hour": 2,
    "minute": 43,
    "temp": 26.36999999999995,
    "ntu": 631.9014084507043
}