{
    "year": 2021,
    "month": 4,
    "day": 25,
    "hour": 23,
    "minute": 46,
    "temp": 26.752571428571425,
    "ntu": -7.328571428571428
}