{
    "year": 2021,
    "month": 4,
    "day": 16,
    "hour": 16,
    "minute": 43,
    "temp": 26.983636363636364,
    "tds": 1250.9763636363637,
    "ph": 6.9818181818181815,
    "ntu": 3000.0
}