{
    "year": 2021,
    "month": 4,
    "day": 24,
    "hour": 16,
    "minute": 31,
    "temp": 30.152535211267566,
    "ntu": 376.5633802816901
}