{
    "year": 2021,
    "month": 4,
    "day": 23,
    "hour": 11,
    "minute": 28,
    "temp": 28.942033898305123,
    "ntu": 2348.600847457627
}