{
    "year": 2021,
    "month": 4,
    "day": 16,
    "hour": 20,
    "minute": 40,
    "temp": 27.440000000000023,
    "tds": 1171.1130303030295,
    "ph": 0.0,
    "ntu": 3000.0
}