{
    "year": 2021,
    "month": 4,
    "day": 23,
    "hour": 20,
    "minute": 3,
    "temp": 30.07352112676053,
    "ntu": 560.1830985915493
}