{
    "year": 2021,
    "month": 4,
    "day": 22,
    "hour": 5,
    "minute": 36,
    "temp": 27.748983050847457,
    "ntu": 2787.8355932203394
}