{
    "year": 2021,
    "month": 4,
    "day": 25,
    "hour": 6,
    "minute": 40,
    "temp": 26.40845070422534,
    "ntu": 589.2957746478874
}