{
    "year": 2021,
    "month": 4,
    "day": 22,
    "hour": 17,
    "minute": 8,
    "temp": 27.25305084745763,
    "ntu": 1947.5327118644075
}