{
    "year": 2021,
    "month": 4,
    "day": 14,
    "hour": 17,
    "minute": 51,
    "temp": 28.248125,
    "tds": 1317.2131249999995,
    "ph": 5.241249999999998,
    "ntu": 3000.0
}