{
    "year": 2021,
    "month": 4,
    "day": 24,
    "hour": 2,
    "minute": 16,
    "temp": 30.160999999999973,
    "ntu": 660.3428571428572
}