{
    "year": 2021,
    "month": 4,
    "day": 24,
    "hour": 21,
    "minute": 54,
    "temp": 26.559999999999963,
    "ntu": -5.28169014084507
}