{
    "year": 2021,
    "month": 4,
    "day": 16,
    "hour": 17,
    "minute": 30,
    "temp": 27.452727272727287,
    "tds": 1226.7136363636364,
    "ph": 7.042424242424241,
    "ntu": 3000.0
}