{
    "year": 2021,
    "month": 4,
    "day": 24,
    "hour": 14,
    "minute": 49,
    "temp": 30.000845070422535,
    "ntu": -78.43661971830986
}