{
    "year": 2021,
    "month": 4,
    "day": 22,
    "hour": 9,
    "minute": 3,
    "temp": 28.27399999999999,
    "ntu": 2813.8415000000005
}