{
    "year": 2021,
    "month": 4,
    "day": 25,
    "hour": 15,
    "minute": 19,
    "temp": 26.88999999999998,
    "ntu": 365.5285714285714
}