{
    "year": 2021,
    "month": 4,
    "day": 25,
    "hour": 6,
    "minute": 24,
    "temp": 26.377887323943625,
    "ntu": 591.5070422535211
}