{
    "year": 2021,
    "month": 4,
    "day": 24,
    "hour": 14,
    "minute": 30,
    "temp": 30.136619718309877,
    "ntu": 198.77464788732394
}