{
    "year": 2021,
    "month": 4,
    "day": 21,
    "hour": 14,
    "minute": 20,
    "temp": 27.12,
    "tds": 1159.1399999999996,
    "ph": 6.52625,
    "ntu": 3000.0
}