{
    "year": 2021,
    "month": 4,
    "day": 14,
    "hour": 13,
    "minute": 1,
    "temp": 27.322727272727253,
    "tds": 1373.851818181818,
    "ph": 6.035757575757578,
    "ntu": 3000.0
}