{
    "year": 2021,
    "month": 4,
    "day": 14,
    "hour": 21,
    "minute": 15,
    "temp": 29.37,
    "tds": 1243.4072727272724,
    "ph": 4.885454545454546,
    "ntu": 3000.0
}