{
    "year": 2021,
    "month": 4,
    "day": 24,
    "hour": 8,
    "minute": 26,
    "temp": 30.145633802816853,
    "ntu": 318.67605633802816
}