{
    "year": 2021,
    "month": 4,
    "day": 24,
    "hour": 10,
    "minute": 41,
    "temp": 30.187464788732427,
    "ntu": 287.85915492957747
}