{
    "year": 2021,
    "month": 4,
    "day": 26,
    "hour": 5,
    "minute": 10,
    "temp": 26.690000000000037,
    "ntu": 613.6285714285714
}