{
    "year": 2021,
    "month": 4,
    "day": 16,
    "hour": 18,
    "minute": 52,
    "temp": 30.000606060606057,
    "tds": 1121.955454545455,
    "ph": 7.233030303030303,
    "ntu": 3000.0
}