{
    "year": 2021,
    "month": 4,
    "day": 22,
    "hour": 13,
    "minute": 59,
    "temp": 28.011000000000006,
    "ntu": 1618.7291666666663
}