{
    "year": 2021,
    "month": 4,
    "day": 23,
    "hour": 15,
    "minute": 8,
    "temp": 28.752033898305083,
    "ntu": 2054.34779661017
}