{
    "year": 2021,
    "month": 4,
    "day": 22,
    "hour": 9,
    "minute": 6,
    "temp": 28.29779661016946,
    "ntu": 2788.590169491526
}