{
    "year": 2021,
    "month": 4,
    "day": 21,
    "hour": 20,
    "minute": 1,
    "temp": 29.21700000000002,
    "ntu": 2502.672833333333
}