{
    "year": 2021,
    "month": 4,
    "day": 22,
    "hour": 15,
    "minute": 22,
    "temp": 28.119999999999962,
    "ntu": 1521.586271186441
}