{
    "year": 2021,
    "month": 4,
    "day": 23,
    "hour": 1,
    "minute": 50,
    "temp": 29.899500000000003,
    "ntu": 2059.7271666666666
}