{
    "year": 2021,
    "month": 4,
    "day": 24,
    "hour": 10,
    "minute": 31,
    "temp": 30.15943661971828,
    "ntu": 308.61971830985914
}