{
    "year": 2021,
    "month": 4,
    "day": 22,
    "hour": 9,
    "minute": 14,
    "temp": 28.31999999999997,
    "ntu": 2623.961500000001
}