{
    "year": 2021,
    "month": 4,
    "day": 22,
    "hour": 17,
    "minute": 16,
    "temp": 27.750937500000006,
    "ntu": 1506.2704687500004
}