{
    "year": 2021,
    "month": 4,
    "day": 24,
    "hour": 18,
    "minute": 47,
    "temp": 30.038028169014062,
    "ntu": -56.70422535211268
}