{
    "year": 2021,
    "month": 4,
    "day": 22,
    "hour": 10,
    "minute": 27,
    "temp": 28.42813559322035,
    "ntu": 2872.3911864406778
}