{
    "year": 2021,
    "month": 4,
    "day": 24,
    "hour": 6,
    "minute": 30,
    "temp": 30.045352112676014,
    "ntu": 577.2957746478874
}