{
    "year": 2021,
    "month": 4,
    "day": 19,
    "hour": 13,
    "minute": 37,
    "temp": 28.75,
    "tds": 1075.013636363636,
    "ph": 0.47939393939393954,
    "ntu": 3000.0
}