{
    "year": 2021,
    "month": 4,
    "day": 24,
    "hour": 16,
    "minute": 59,
    "temp": 29.96228571428575,
    "ntu": -71.68571428571428
}