{
    "year": 2021,
    "month": 4,
    "day": 16,
    "hour": 17,
    "minute": 16,
    "temp": 27.31181818181816,
    "tds": 1234.2733333333338,
    "ph": 7.010909090909091,
    "ntu": 3000.0
}