{
    "year": 2021,
    "month": 4,
    "day": 22,
    "hour": 15,
    "minute": 21,
    "temp": 72.48523809523805,
    "ntu": 1484.3668253968249
}