{
    "year": 2021,
    "month": 4,
    "day": 25,
    "hour": 6,
    "minute": 47,
    "temp": 26.379999999999963,
    "ntu": -34.97142857142857
}