{
    "year": 2021,
    "month": 4,
    "day": 16,
    "hour": 19,
    "minute": 55,
    "temp": 28.264545454545456,
    "tds": 1138.2636363636364,
    "ph": 0.3257575757575757,
    "ntu": 3000.0
}