{
    "year": 2021,
    "month": 4,
    "day": 16,
    "hour": 18,
    "minute": 51,
    "temp": 28.4496875,
    "tds": 1244.1628125,
    "ph": 7.1853125,
    "ntu": 3000.0
}