{
    "year": 2021,
    "month": 4,
    "day": 23,
    "hour": 17,
    "minute": 7,
    "temp": 29.30746478873236,
    "ntu": 509.90140845070425
}