{
    "year": 2021,
    "month": 4,
    "day": 22,
    "hour": 13,
    "minute": 55,
    "temp": 28.09355932203387,
    "ntu": 1527.4089830508476
}