{
    "year": 2021,
    "month": 4,
    "day": 24,
    "hour": 8,
    "minute": 47,
    "temp": 30.031267605633786,
    "ntu": -106.59154929577464
}