{
    "year": 2021,
    "month": 4,
    "day": 26,
    "hour": 3,
    "minute": 11,
    "temp": 26.690000000000037,
    "ntu": 622.5070422535211
}