{
    "year": 2021,
    "month": 4,
    "day": 22,
    "hour": 5,
    "minute": 33,
    "temp": 27.70400000000003,
    "ntu": 2777.7254999999996
}