{
    "year": 2021,
    "month": 4,
    "day": 22,
    "hour": 3,
    "minute": 34,
    "temp": 26.97457627118646,
    "ntu": 2024.2742372881348
}