{
    "year": 2021,
    "month": 4,
    "day": 14,
    "hour": 19,
    "minute": 45,
    "temp": 29.12,
    "tds": 1276.9339393939395,
    "ph": 4.549090909090908,
    "ntu": 3000.0
}