{
    "year": 2021,
    "month": 4,
    "day": 23,
    "hour": 11,
    "minute": 40,
    "temp": 29.26118644067792,
    "ntu": 2380.9857627118645
}