{
    "year": 2021,
    "month": 4,
    "day": 26,
    "hour": 5,
    "minute": 48,
    "temp": 26.690000000000037,
    "ntu": -24.571428571428573
}