{
    "year": 2021,
    "month": 4,
    "day": 24,
    "hour": 12,
    "minute": 36,
    "temp": 30.19400000000003,
    "ntu": 276.62857142857143
}