{
    "year": 2021,
    "month": 4,
    "day": 16,
    "hour": 19,
    "minute": 18,
    "temp": 29.118181818181817,
    "tds": 1107.089090909091,
    "ph": 0.0,
    "ntu": 3000.0
}