{
    "year": 2021,
    "month": 4,
    "day": 26,
    "hour": 3,
    "minute": 18,
    "temp": 26.690000000000037,
    "ntu": 622.5428571428571
}