{
    "year": 2021,
    "month": 4,
    "day": 22,
    "hour": 17,
    "minute": 25,
    "temp": 27.67542372881358,
    "ntu": 1475.1362711864406
}