{
    "year": 2021,
    "month": 4,
    "day": 24,
    "hour": 2,
    "minute": 20,
    "temp": 30.130704225352122,
    "ntu": 654.8591549295775
}