{
    "year": 2021,
    "month": 4,
    "day": 25,
    "hour": 10,
    "minute": 13,
    "temp": 26.61999999999995,
    "ntu": 290.1267605633803
}