{
    "year": 2021,
    "month": 4,
    "day": 16,
    "hour": 20,
    "minute": 18,
    "temp": 27.85312499999999,
    "tds": 226.76874999999995,
    "ph": 0.0,
    "ntu": 3000.0
}