{
    "year": 2021,
    "month": 4,
    "day": 14,
    "hour": 18,
    "minute": 59,
    "temp": 28.87,
    "tds": 1278.7271874999994,
    "ph": 4.752187500000002,
    "ntu": 3000.0
}