{
    "year": 2021,
    "month": 4,
    "day": 22,
    "hour": 6,
    "minute": 22,
    "temp": 27.857999999999958,
    "ntu": 2808.762500000001
}