{
    "year": 2021,
    "month": 4,
    "day": 24,
    "hour": 4,
    "minute": 43,
    "temp": 29.998309859154933,
    "ntu": 652.4225352112676
}