{
    "year": 2021,
    "month": 4,
    "day": 22,
    "hour": 2,
    "minute": 42,
    "temp": 27.869999999999962,
    "ntu": 1504.2101694915257
}