{
    "year": 2021,
    "month": 4,
    "day": 23,
    "hour": 15,
    "minute": 13,
    "temp": 28.65929824561401,
    "ntu": 2021.7805263157893
}