{
    "year": 2021,
    "month": 4,
    "day": 22,
    "hour": 17,
    "minute": 33,
    "temp": 27.440000000000037,
    "ntu": 1437.577966101695
}