{
    "year": 2021,
    "month": 4,
    "day": 16,
    "hour": 18,
    "minute": 11,
    "temp": 27.559999999999977,
    "tds": 1219.43625,
    "ph": 7.010000000000001,
    "ntu": 3000.0
}