{
    "year": 2021,
    "month": 4,
    "day": 16,
    "hour": 20,
    "minute": 57,
    "temp": 27.176875000000013,
    "tds": 1183.2824999999996,
    "ph": 0.8943750000000001,
    "ntu": 3000.0
}