{
    "year": 2021,
    "month": 4,
    "day": 21,
    "hour": 18,
    "minute": 29,
    "temp": 25.089062499999947,
    "ntu": 1857.44671875
}