{
    "year": 2021,
    "month": 4,
    "day": 16,
    "hour": 11,
    "minute": 34,
    "temp": 29.75,
    "tds": 1138.0371875000003,
    "ph": 8.025937500000001,
    "ntu": 3000.0
}