{
    "year": 2021,
    "month": 4,
    "day": 22,
    "hour": 8,
    "minute": 5,
    "temp": 28.11898305084742,
    "ntu": 2763.042881355932
}