{
    "year": 2021,
    "month": 4,
    "day": 14,
    "hour": 15,
    "minute": 1,
    "temp": 27.32090909090907,
    "tds": 1205.476969696969,
    "ph": 3.5957575757575757,
    "ntu": 3000.0
}