{
    "year": 2021,
    "month": 4,
    "day": 25,
    "hour": 6,
    "minute": 45,
    "temp": 26.39366197183095,
    "ntu": -36.25352112676056
}