{
    "year": 2021,
    "month": 4,
    "day": 26,
    "hour": 3,
    "minute": 42,
    "temp": 26.690000000000037,
    "ntu": 621.8857142857142
}