{
    "year": 2021,
    "month": 4,
    "day": 14,
    "hour": 21,
    "minute": 36,
    "temp": 29.37,
    "tds": 1241.6603030303024,
    "ph": 5.004242424242424,
    "ntu": 3000.0
}