{
    "year": 2021,
    "month": 4,
    "day": 25,
    "hour": 15,
    "minute": 57,
    "temp": 26.874929577464744,
    "ntu": -44.83098591549296
}