{
    "year": 2021,
    "month": 4,
    "day": 14,
    "hour": 19,
    "minute": 3,
    "temp": 28.87,
    "tds": 1278.9193939393933,
    "ph": 4.906969696969695,
    "ntu": 3000.0
}