{
    "year": 2021,
    "month": 4,
    "day": 25,
    "hour": 23,
    "minute": 38,
    "temp": 26.785142857142834,
    "ntu": 625.4142857142857
}