{
    "year": 2021,
    "month": 4,
    "day": 24,
    "hour": 6,
    "minute": 0,
    "temp": 30.039275362318783,
    "ntu": 591.0579710144928
}