{
    "year": 2021,
    "month": 4,
    "day": 25,
    "hour": 10,
    "minute": 49,
    "temp": 26.690000000000037,
    "ntu": -62.24285714285714
}