{
    "year": 2021,
    "month": 4,
    "day": 21,
    "hour": 20,
    "minute": 16,
    "temp": 29.533559322033867,
    "ntu": 2636.947457627119
}