{
    "year": 2021,
    "month": 4,
    "day": 25,
    "hour": 8,
    "minute": 19,
    "temp": 26.457746478873265,
    "ntu": 434.5492957746479
}