{
    "year": 2021,
    "month": 4,
    "day": 24,
    "hour": 12,
    "minute": 10,
    "temp": 30.106478873239457,
    "ntu": 257.4225352112676
}