{
    "year": 2021,
    "month": 4,
    "day": 23,
    "hour": 1,
    "minute": 42,
    "temp": 29.69915254237292,
    "ntu": 2335.3410169491526
}