{
    "year": 2021,
    "month": 4,
    "day": 25,
    "hour": 2,
    "minute": 33,
    "temp": 26.369154929577412,
    "ntu": 631.943661971831
}