{
    "year": 2021,
    "month": 4,
    "day": 25,
    "hour": 2,
    "minute": 14,
    "temp": 26.36999999999995,
    "ntu": 632.6901408450705
}