{
    "year": 2021,
    "month": 4,
    "day": 14,
    "hour": 20,
    "minute": 43,
    "temp": 29.364374999999995,
    "tds": 1225.2240625000004,
    "ph": 4.7806250000000015,
    "ntu": 3000.0
}