{
    "year": 2021,
    "month": 4,
    "day": 23,
    "hour": 11,
    "minute": 55,
    "temp": 29.43440677966101,
    "ntu": 2221.4718644067793
}