{
    "year": 2021,
    "month": 4,
    "day": 14,
    "hour": 13,
    "minute": 7,
    "temp": 27.505625000000002,
    "tds": 1350.34875,
    "ph": 6.055625000000001,
    "ntu": 3000.0
}