{
    "year": 2021,
    "month": 4,
    "day": 16,
    "hour": 17,
    "minute": 41,
    "temp": 27.5,
    "tds": 1222.07375,
    "ph": 7.0515625,
    "ntu": 3000.0
}