{
    "year": 2021,
    "month": 4,
    "day": 25,
    "hour": 15,
    "minute": 50,
    "temp": 26.888732394366155,
    "ntu": -48.140845070422536
}