{
    "year": 2021,
    "month": 4,
    "day": 24,
    "hour": 6,
    "minute": 42,
    "temp": 30.02788732394365,
    "ntu": 516.5915492957746
}