{
    "year": 2021,
    "month": 4,
    "day": 26,
    "hour": 3,
    "minute": 35,
    "temp": 26.69169014084511,
    "ntu": 614.830985915493
}