{
    "year": 2021,
    "month": 4,
    "day": 14,
    "hour": 13,
    "minute": 3,
    "temp": 27.37,
    "tds": 1362.1999999999996,
    "ph": 6.128181818181816,
    "ntu": 3000.0
}