{
    "year": 2021,
    "month": 4,
    "day": 24,
    "hour": 6,
    "minute": 49,
    "temp": 29.86661971830981,
    "ntu": -62.19718309859155
}