{
    "year": 2021,
    "month": 4,
    "day": 26,
    "hour": 3,
    "minute": 33,
    "temp": 26.690000000000037,
    "ntu": 621.7605633802817
}