{
    "year": 2021,
    "month": 4,
    "day": 22,
    "hour": 7,
    "minute": 39,
    "temp": 28.059999999999963,
    "ntu": 2798.603050847457
}