{
    "year": 2021,
    "month": 4,
    "day": 24,
    "hour": 18,
    "minute": 48,
    "temp": 29.96314285714289,
    "ntu": -55.98571428571429
}