{
    "year": 2021,
    "month": 4,
    "day": 14,
    "hour": 21,
    "minute": 9,
    "temp": 29.37,
    "tds": 1234.4281818181814,
    "ph": 4.8921212121212125,
    "ntu": 3000.0
}