{
    "year": 2021,
    "month": 4,
    "day": 23,
    "hour": 23,
    "minute": 49,
    "temp": 30.11577464788727,
    "ntu": -5.084507042253521
}