{
    "year": 2021,
    "month": 4,
    "day": 14,
    "hour": 20,
    "minute": 0,
    "temp": 29.18363636363639,
    "tds": 1251.2530303030303,
    "ph": 4.782424242424244,
    "ntu": 3000.0
}