{
    "year": 2021,
    "month": 4,
    "day": 24,
    "hour": 12,
    "minute": 2,
    "temp": 30.11585714285709,
    "ntu": 295.7142857142857
}