{
    "year": 2021,
    "month": 4,
    "day": 25,
    "hour": 23,
    "minute": 25,
    "temp": 26.803239436619688,
    "ntu": 618.0422535211268
}