{
    "year": 2021,
    "month": 4,
    "day": 16,
    "hour": 19,
    "minute": 36,
    "temp": 28.690000000000026,
    "tds": 1130.026060606061,
    "ph": 0.0,
    "ntu": 3000.0
}