{
    "year": 2021,
    "month": 4,
    "day": 14,
    "hour": 13,
    "minute": 2,
    "temp": 27.364545454545457,
    "tds": 1363.7612121212117,
    "ph": 6.111515151515151,
    "ntu": 3000.0
}