{
    "year": 2021,
    "month": 4,
    "day": 21,
    "hour": 20,
    "minute": 22,
    "temp": 29.686440677966136,
    "ntu": 2661.915254237288
}