{
    "year": 2021,
    "month": 4,
    "day": 25,
    "hour": 10,
    "minute": 31,
    "temp": 26.68900000000004,
    "ntu": 361.25714285714287
}