{
    "year": 2021,
    "month": 4,
    "day": 23,
    "hour": 11,
    "minute": 50,
    "temp": 29.362833333333366,
    "ntu": 2207.3669999999997
}