{
    "year": 2021,
    "month": 4,
    "day": 24,
    "hour": 2,
    "minute": 3,
    "temp": 30.0608450704225,
    "ntu": 663.0985915492957
}