{
    "year": 2021,
    "month": 4,
    "day": 23,
    "hour": 1,
    "minute": 45,
    "temp": 29.82644067796613,
    "ntu": 2072.8637288135596
}