{
    "year": 2021,
    "month": 4,
    "day": 24,
    "hour": 8,
    "minute": 15,
    "temp": 30.076714285714292,
    "ntu": 376.24285714285713
}