{
    "year": 2021,
    "month": 4,
    "day": 14,
    "hour": 21,
    "minute": 13,
    "temp": 29.37,
    "tds": 1244.7527272727268,
    "ph": 4.8509090909090915,
    "ntu": 3000.0
}