{
    "year": 2021,
    "month": 4,
    "day": 16,
    "hour": 21,
    "minute": 42,
    "temp": 28.326874999999994,
    "tds": 1313.9500000000005,
    "ph": 1.7975,
    "ntu": 3000.0
}