{
    "year": 2021,
    "month": 4,
    "day": 23,
    "hour": 1,
    "minute": 53,
    "temp": 29.693050847457663,
    "ntu": 2006.7257627118645
}