{
    "year": 2021,
    "month": 4,
    "day": 22,
    "hour": 9,
    "minute": 13,
    "temp": 28.35779661016945,
    "ntu": 2625.467966101695
}