{
    "year": 2021,
    "month": 4,
    "day": 22,
    "hour": 9,
    "minute": 51,
    "temp": 28.43644067796613,
    "ntu": 2864.023389830509
}