{
    "year": 2021,
    "month": 4,
    "day": 16,
    "hour": 11,
    "minute": 4,
    "temp": 29.298749999999977,
    "tds": 1159.2103124999994,
    "ph": 7.8728124999999975,
    "ntu": 3000.0
}