{
    "year": 2021,
    "month": 4,
    "day": 21,
    "hour": 19,
    "minute": 10,
    "temp": 27.31599999999996,
    "ntu": 1941.8711666666668
}