{
    "year": 2021,
    "month": 4,
    "day": 22,
    "hour": 4,
    "minute": 19,
    "temp": 28.71200000000002,
    "ntu": 2607.2835000000005
}