{
    "year": 2021,
    "month": 4,
    "day": 25,
    "hour": 23,
    "minute": 35,
    "temp": 26.793714285714263,
    "ntu": 618.2571428571429
}