{
    "year": 2021,
    "month": 4,
    "day": 13,
    "hour": 8,
    "minute": 7,
    "temp": 29.32499999999999,
    "tds": 420.43312500000013,
    "ph": 0.0,
    "ntu": 3000.0
}