{
    "year": 2021,
    "month": 4,
    "day": 14,
    "hour": 20,
    "minute": 44,
    "temp": 29.35363636363636,
    "tds": 1219.9503030303024,
    "ph": 4.83939393939394,
    "ntu": 3000.0
}