{
    "year": 2021,
    "month": 4,
    "day": 24,
    "hour": 6,
    "minute": 29,
    "temp": 29.88099999999995,
    "ntu": 586.6714285714286
}