{
    "year": 2021,
    "month": 4,
    "day": 14,
    "hour": 17,
    "minute": 38,
    "temp": 28.00181818181818,
    "tds": 1371.1803030303029,
    "ph": 4.955454545454546,
    "ntu": 3000.0
}