{
    "year": 2021,
    "month": 4,
    "day": 23,
    "hour": 23,
    "minute": 42,
    "temp": 30.250857142857143,
    "ntu": 667.6285714285714
}