{
    "year": 2021,
    "month": 4,
    "day": 22,
    "hour": 8,
    "minute": 25,
    "temp": 28.190000000000037,
    "ntu": 2584.6254237288135
}