{
    "year": 2021,
    "month": 4,
    "day": 25,
    "hour": 2,
    "minute": 50,
    "temp": 26.368285714285665,
    "ntu": -5.614285714285714
}