{
    "year": 2021,
    "month": 4,
    "day": 24,
    "hour": 4,
    "minute": 21,
    "temp": 30.179295774647894,
    "ntu": 653.830985915493
}