{
    "year": 2021,
    "month": 4,
    "day": 25,
    "hour": 10,
    "minute": 43,
    "temp": 26.690000000000037,
    "ntu": 394.23943661971833
}