{
    "year": 2021,
    "month": 4,
    "day": 25,
    "hour": 6,
    "minute": 3,
    "temp": 26.36999999999995,
    "ntu": 614.9577464788732
}