{
    "year": 2021,
    "month": 4,
    "day": 16,
    "hour": 20,
    "minute": 56,
    "temp": 27.190000000000023,
    "tds": 1182.7799999999995,
    "ph": 1.0587878787878786,
    "ntu": 3000.0
}