{
    "year": 2021,
    "month": 4,
    "day": 14,
    "hour": 17,
    "minute": 29,
    "temp": 27.81181818181816,
    "tds": 1386.901515151516,
    "ph": 4.757575757575758,
    "ntu": 3000.0
}