{
    "year": 2021,
    "month": 4,
    "day": 21,
    "hour": 21,
    "minute": 16,
    "temp": 29.30999999999996,
    "ntu": 2888.7415254237294
}