{
    "year": 2021,
    "month": 4,
    "day": 14,
    "hour": 17,
    "minute": 47,
    "temp": 28.132727272727283,
    "tds": 1328.648181818182,
    "ph": 5.18,
    "ntu": 3000.0
}