{
    "year": 2021,
    "month": 4,
    "day": 25,
    "hour": 2,
    "minute": 18,
    "temp": 26.369999999999955,
    "ntu": 632.4347826086956
}