{
    "year": 2021,
    "month": 4,
    "day": 23,
    "hour": 23,
    "minute": 17,
    "temp": 30.290563380281665,
    "ntu": 671.1971830985915
}