{
    "year": 2021,
    "month": 4,
    "day": 14,
    "hour": 15,
    "minute": 32,
    "temp": 26.940000000000023,
    "tds": 1466.0903125000004,
    "ph": 4.955937499999997,
    "ntu": 3000.0
}