{
    "year": 2021,
    "month": 4,
    "day": 24,
    "hour": 4,
    "minute": 16,
    "temp": 30.141690140845018,
    "ntu": 654.6619718309859
}