{
    "year": 2021,
    "month": 4,
    "day": 23,
    "hour": 23,
    "minute": 36,
    "temp": 30.353943661971787,
    "ntu": 665.9577464788732
}