{
    "year": 2021,
    "month": 4,
    "day": 21,
    "hour": 21,
    "minute": 20,
    "temp": 29.21237288135596,
    "ntu": 2943.1959322033895
}