{
    "year": 2021,
    "month": 4,
    "day": 22,
    "hour": 8,
    "minute": 44,
    "temp": 28.249000000000002,
    "ntu": 2552.961166666668
}