{
    "year": 2021,
    "month": 4,
    "day": 14,
    "hour": 19,
    "minute": 42,
    "temp": 29.12,
    "tds": 1297.2960606060617,
    "ph": 4.398484848484848,
    "ntu": 3000.0
}