{
    "year": 2021,
    "month": 4,
    "day": 24,
    "hour": 6,
    "minute": 3,
    "temp": 29.93507042253524,
    "ntu": 604.3661971830986
}