{
    "year": 2021,
    "month": 4,
    "day": 21,
    "hour": 21,
    "minute": 0,
    "temp": 29.745862068965522,
    "ntu": 2792.8443103448285
}