{
    "year": 2021,
    "month": 4,
    "day": 26,
    "hour": 1,
    "minute": 41,
    "temp": 26.746619718309862,
    "ntu": 623.7183098591549
}