{
    "year": 2021,
    "month": 4,
    "day": 19,
    "hour": 13,
    "minute": 53,
    "temp": 28.28636363636363,
    "tds": 1092.2199999999996,
    "ph": 0.33272727272727276,
    "ntu": 3000.0
}