{
    "year": 2021,
    "month": 4,
    "day": 16,
    "hour": 19,
    "minute": 26,
    "temp": 28.940000000000026,
    "tds": 606.4943750000001,
    "ph": 0.0,
    "ntu": 3000.0
}