{
    "year": 2021,
    "month": 4,
    "day": 21,
    "hour": 21,
    "minute": 11,
    "temp": 29.44000000000004,
    "ntu": 2868.7848333333336
}