{
    "year": 2021,
    "month": 4,
    "day": 13,
    "hour": 8,
    "minute": 6,
    "temp": 29.309999999999974,
    "tds": 382.77212121212114,
    "ph": 0.0,
    "ntu": 3000.0
}