{
    "year": 2021,
    "month": 4,
    "day": 19,
    "hour": 13,
    "minute": 45,
    "temp": 28.50181818181818,
    "tds": 1084.3606060606062,
    "ph": 0.3863636363636366,
    "ntu": 3000.0
}