{
    "year": 2021,
    "month": 4,
    "day": 22,
    "hour": 9,
    "minute": 25,
    "temp": 28.36999999999996,
    "ntu": 2455.9046666666673
}