{
    "year": 2021,
    "month": 4,
    "day": 21,
    "hour": 19,
    "minute": 52,
    "temp": 29.024999999999984,
    "ntu": 2426.0056666666665
}