{
    "year": 2021,
    "month": 4,
    "day": 14,
    "hour": 18,
    "minute": 29,
    "temp": 28.690000000000026,
    "tds": 1303.4353124999993,
    "ph": 4.870937500000001,
    "ntu": 3000.0
}