{
    "year": 2021,
    "month": 4,
    "day": 22,
    "hour": 7,
    "minute": 57,
    "temp": 28.123559322033866,
    "ntu": 2821.3922033898307
}