{
    "year": 2021,
    "month": 4,
    "day": 21,
    "hour": 14,
    "minute": 35,
    "temp": 27.114375000000003,
    "tds": 1331.8671874999995,
    "ph": 6.583437500000002,
    "ntu": 3000.0
}