{
    "year": 2021,
    "month": 4,
    "day": 16,
    "hour": 19,
    "minute": 2,
    "temp": 30.257272727272728,
    "tds": 1088.0242424242426,
    "ph": 7.747575757575756,
    "ntu": 3000.0
}