{
    "year": 2021,
    "month": 4,
    "day": 24,
    "hour": 18,
    "minute": 22,
    "temp": 30.003428571428568,
    "ntu": 471.2142857142857
}