{
    "year": 2021,
    "month": 4,
    "day": 22,
    "hour": 3,
    "minute": 10,
    "temp": 27.36799999999996,
    "ntu": 1451.924166666667
}