{
    "year": 2021,
    "month": 4,
    "day": 14,
    "hour": 18,
    "minute": 53,
    "temp": 28.81363636363634,
    "tds": 1286.6854545454546,
    "ph": 4.8606060606060595,
    "ntu": 3000.0
}