{
    "year": 2021,
    "month": 4,
    "day": 14,
    "hour": 16,
    "minute": 22,
    "temp": 27.023636363636356,
    "tds": 1194.3472727272724,
    "ph": 4.189090909090908,
    "ntu": 3000.0
}