{
    "year": 2021,
    "month": 4,
    "day": 25,
    "hour": 15,
    "minute": 0,
    "temp": 26.875999999999955,
    "ntu": 395.0857142857143
}