{
    "year": 2021,
    "month": 4,
    "day": 14,
    "hour": 19,
    "minute": 23,
    "temp": 29.0,
    "tds": 1276.0533333333342,
    "ph": 4.757575757575759,
    "ntu": 3000.0
}