{
    "year": 2021,
    "month": 4,
    "day": 16,
    "hour": 20,
    "minute": 21,
    "temp": 27.809999999999977,
    "tds": 55.65281250000001,
    "ph": 0.0,
    "ntu": 3000.0
}