{
    "year": 2021,
    "month": 4,
    "day": 24,
    "hour": 12,
    "minute": 16,
    "temp": 30.182957746478895,
    "ntu": 247.46478873239437
}