{
    "year": 2021,
    "month": 4,
    "day": 14,
    "hour": 17,
    "minute": 52,
    "temp": 28.25,
    "tds": 1310.016060606061,
    "ph": 5.084545454545454,
    "ntu": 3000.0
}