{
    "year": 2021,
    "month": 4,
    "day": 23,
    "hour": 11,
    "minute": 33,
    "temp": 29.02275862068965,
    "ntu": 2348.402931034483
}