{
    "year": 2021,
    "month": 4,
    "day": 16,
    "hour": 17,
    "minute": 14,
    "temp": 27.309999999999977,
    "tds": 1235.8000000000002,
    "ph": 7.014374999999998,
    "ntu": 3000.0
}