{
    "year": 2021,
    "month": 4,
    "day": 14,
    "hour": 17,
    "minute": 55,
    "temp": 28.27181818181817,
    "tds": 1321.7603030303028,
    "ph": 4.990909090909091,
    "ntu": 3000.0
}