{
    "year": 2021,
    "month": 4,
    "day": 14,
    "hour": 21,
    "minute": 55,
    "temp": 29.440000000000026,
    "tds": 1226.6500000000008,
    "ph": 5.184242424242422,
    "ntu": 3000.0
}