{
    "year": 2021,
    "month": 4,
    "day": 22,
    "hour": 3,
    "minute": 33,
    "temp": 26.996000000000002,
    "ntu": 2023.1690000000003
}