{
    "year": 2021,
    "month": 4,
    "day": 16,
    "hour": 20,
    "minute": 12,
    "temp": 27.940000000000023,
    "tds": 471.6021875,
    "ph": 0.0,
    "ntu": 3000.0
}