{
    "year": 2021,
    "month": 4,
    "day": 22,
    "hour": 6,
    "minute": 33,
    "temp": 27.940000000000037,
    "ntu": 2815.889333333333
}