{
    "year": 2021,
    "month": 4,
    "day": 23,
    "hour": 17,
    "minute": 27,
    "temp": 29.464507042253555,
    "ntu": 493.6619718309859
}