{
    "year": 2021,
    "month": 4,
    "day": 24,
    "hour": 12,
    "minute": 3,
    "temp": 30.04647887323941,
    "ntu": 285.59154929577466
}