{
    "year": 2021,
    "month": 4,
    "day": 21,
    "hour": 15,
    "minute": 14,
    "temp": 28.806363636363614,
    "tds": 1249.865151515151,
    "ph": 6.579393939393939,
    "ntu": 3000.0
}