{
    "year": 2021,
    "month": 4,
    "day": 14,
    "hour": 18,
    "minute": 48,
    "temp": 28.76312499999999,
    "tds": 1293.5512500000002,
    "ph": 4.8540625,
    "ntu": 3000.0
}