{
    "year": 2021,
    "month": 4,
    "day": 14,
    "hour": 19,
    "minute": 46,
    "temp": 29.12,
    "tds": 1272.1049999999998,
    "ph": 4.547812500000001,
    "ntu": 3000.0
}