{
    "year": 2021,
    "month": 4,
    "day": 16,
    "hour": 15,
    "minute": 18,
    "temp": 26.309999999999977,
    "tds": 1279.9263636363632,
    "ph": 7.073030303030305,
    "ntu": 3000.0
}