{
    "year": 2021,
    "month": 4,
    "day": 14,
    "hour": 20,
    "minute": 29,
    "temp": 29.311818181818158,
    "tds": 1236.4900000000002,
    "ph": 5.036666666666666,
    "ntu": 3000.0
}