{
    "year": 2021,
    "month": 4,
    "day": 22,
    "hour": 17,
    "minute": 57,
    "temp": 27.080999999999968,
    "ntu": 1097.0433333333337
}