{
    "year": 2021,
    "month": 4,
    "day": 14,
    "hour": 14,
    "minute": 27,
    "temp": 27.87,
    "tds": 1179.2224242424243,
    "ph": 3.235454545454545,
    "ntu": 3000.0
}