{
    "year": 2021,
    "month": 4,
    "day": 24,
    "hour": 14,
    "minute": 13,
    "temp": 30.053239436619684,
    "ntu": 216.91549295774647
}