{
    "year": 2021,
    "month": 4,
    "day": 24,
    "hour": 2,
    "minute": 24,
    "temp": 29.994929577464795,
    "ntu": 663.112676056338
}