{
    "year": 2021,
    "month": 4,
    "day": 16,
    "hour": 15,
    "minute": 17,
    "temp": 26.309999999999977,
    "tds": 1278.169999999999,
    "ph": 7.089062500000001,
    "ntu": 3000.0
}