{
    "year": 2021,
    "month": 4,
    "day": 14,
    "hour": 13,
    "minute": 10,
    "temp": 27.586249999999996,
    "tds": 1345.2768749999998,
    "ph": 6.0228125,
    "ntu": 3000.0
}