{
    "year": 2021,
    "month": 4,
    "day": 22,
    "hour": 3,
    "minute": 41,
    "temp": 27.254067796610165,
    "ntu": 2210.955593220339
}