{
    "year": 2021,
    "month": 4,
    "day": 22,
    "hour": 17,
    "minute": 58,
    "temp": 27.039661016949136,
    "ntu": 1076.004406779661
}