{
    "year": 2021,
    "month": 4,
    "day": 14,
    "hour": 21,
    "minute": 0,
    "temp": 29.37,
    "tds": 1242.8518181818176,
    "ph": 4.823939393939395,
    "ntu": 3000.0
}