{
    "year": 2021,
    "month": 4,
    "day": 21,
    "hour": 20,
    "minute": 29,
    "temp": 29.754067796610165,
    "ntu": 2705.2888135593216
}