{
    "year": 2021,
    "month": 4,
    "day": 26,
    "hour": 1,
    "minute": 54,
    "temp": 26.699295774647922,
    "ntu": -6.323943661971831
}