{
    "year": 2021,
    "month": 4,
    "day": 14,
    "hour": 13,
    "minute": 28,
    "temp": 28.069374999999983,
    "tds": 1329.7087500000002,
    "ph": 6.142812500000002,
    "ntu": 3000.0
}