{
    "year": 2021,
    "month": 4,
    "day": 16,
    "hour": 20,
    "minute": 7,
    "temp": 28.049090909090893,
    "tds": 677.9581818181817,
    "ph": 0.0,
    "ntu": 3000.0
}