{
    "year": 2021,
    "month": 4,
    "day": 14,
    "hour": 20,
    "minute": 53,
    "temp": 29.37,
    "tds": 1245.2909090909095,
    "ph": 5.057575757575757,
    "ntu": 3000.0
}