{
    "year": 2021,
    "month": 4,
    "day": 22,
    "hour": 9,
    "minute": 24,
    "temp": 28.372372881355894,
    "ntu": 2455.460169491525
}