{
    "year": 2021,
    "month": 4,
    "day": 24,
    "hour": 2,
    "minute": 43,
    "temp": 29.999154929577465,
    "ntu": 659.3380281690141
}