{
    "year": 2021,
    "month": 4,
    "day": 22,
    "hour": 10,
    "minute": 42,
    "temp": 28.369999999999962,
    "ntu": 2755.6811864406786
}