{
    "year": 2021,
    "month": 4,
    "day": 21,
    "hour": 19,
    "minute": 16,
    "temp": 27.61491525423725,
    "ntu": 2064.1128813559326
}