{
    "year": 2021,
    "month": 4,
    "day": 23,
    "hour": 15,
    "minute": 36,
    "temp": 28.368285714285665,
    "ntu": 391.6857142857143
}