{
    "year": 2021,
    "month": 4,
    "day": 14,
    "hour": 14,
    "minute": 29,
    "temp": 27.809999999999977,
    "tds": 1169.9196875,
    "ph": 3.277499999999999,
    "ntu": 3000.0
}