{
    "year": 2021,
    "month": 4,
    "day": 22,
    "hour": 8,
    "minute": 24,
    "temp": 28.190000000000037,
    "ntu": 2580.2483333333334
}