{
    "year": 2021,
    "month": 4,
    "day": 23,
    "hour": 11,
    "minute": 22,
    "temp": 29.015254237288133,
    "ntu": 2348.8927118644065
}