{
    "year": 2021,
    "month": 4,
    "day": 23,
    "hour": 1,
    "minute": 0,
    "temp": 29.631864406779666,
    "ntu": 2107.357118644068
}