{
    "year": 2021,
    "month": 4,
    "day": 16,
    "hour": 20,
    "minute": 19,
    "temp": 27.811818181818158,
    "tds": 162.47151515151523,
    "ph": 0.0,
    "ntu": 3000.0
}