{
    "year": 2021,
    "month": 4,
    "day": 25,
    "hour": 2,
    "minute": 4,
    "temp": 26.36999999999995,
    "ntu": 633.1714285714286
}