{
    "year": 2021,
    "month": 4,
    "day": 22,
    "hour": 7,
    "minute": 58,
    "temp": 28.145666666666664,
    "ntu": 2819.040333333333
}