{
    "year": 2021,
    "month": 4,
    "day": 23,
    "hour": 17,
    "minute": 43,
    "temp": 29.52742857142856,
    "ntu": 476.72857142857146
}