{
    "year": 2021,
    "month": 4,
    "day": 24,
    "hour": 8,
    "minute": 18,
    "temp": 29.99228571428572,
    "ntu": 378.48571428571427
}