{
    "year": 2021,
    "month": 4,
    "day": 21,
    "hour": 19,
    "minute": 22,
    "temp": 27.869999999999962,
    "ntu": 2110.0383050847463
}