{
    "year": 2021,
    "month": 4,
    "day": 22,
    "hour": 17,
    "minute": 48,
    "temp": 27.206271186440713,
    "ntu": 1221.7427118644068
}