{
    "year": 2021,
    "month": 4,
    "day": 14,
    "hour": 16,
    "minute": 56,
    "temp": 27.13312500000001,
    "tds": 1450.9993749999999,
    "ph": 4.310937499999999,
    "ntu": 3000.0
}