{
    "year": 2021,
    "month": 4,
    "day": 24,
    "hour": 4,
    "minute": 12,
    "temp": 30.07352112676053,
    "ntu": 657.0704225352113
}