{
    "year": 2021,
    "month": 4,
    "day": 26,
    "hour": 5,
    "minute": 42,
    "temp": 26.690000000000037,
    "ntu": 612.3857142857142
}