{
    "year": 2021,
    "month": 4,
    "day": 14,
    "hour": 17,
    "minute": 27,
    "temp": 27.804545454545433,
    "tds": 1374.6581818181821,
    "ph": 4.893939393939393,
    "ntu": 3000.0
}