{
    "year": 2021,
    "month": 4,
    "day": 16,
    "hour": 17,
    "minute": 26,
    "temp": 27.440000000000023,
    "tds": 1225.5800000000008,
    "ph": 7.0390625,
    "ntu": 3000.0
}