{
    "year": 2021,
    "month": 4,
    "day": 14,
    "hour": 17,
    "minute": 1,
    "temp": 27.25,
    "tds": 1473.1045454545458,
    "ph": 4.493636363636363,
    "ntu": 3000.0
}