{
    "year": 2021,
    "month": 4,
    "day": 8,
    "hour": 18,
    "minute": 40,
    "temp": 27.162424242424258,
    "tds": 855.377878787879,
    "ph": 0.0,
    "ntu": 3000.0
}