{
    "year": 2021,
    "month": 4,
    "day": 23,
    "hour": 17,
    "minute": 51,
    "temp": 29.67700000000001,
    "ntu": -58.128571428571426
}