{
    "year": 2021,
    "month": 4,
    "day": 14,
    "hour": 17,
    "minute": 9,
    "temp": 27.44727272727275,
    "tds": 1447.2478787878792,
    "ph": 4.641212121212121,
    "ntu": 3000.0
}