{
    "year": 2021,
    "month": 4,
    "day": 24,
    "hour": 16,
    "minute": 9,
    "temp": 29.943380281690178,
    "ntu": 256.40845070422534
}