{
    "year": 2021,
    "month": 4,
    "day": 25,
    "hour": 23,
    "minute": 9,
    "temp": 26.808285714285674,
    "ntu": 626.2571428571429
}