{
    "year": 2021,
    "month": 4,
    "day": 21,
    "hour": 19,
    "minute": 38,
    "temp": 28.517999999999983,
    "ntu": 2281.3108333333325
}