{
    "year": 2021,
    "month": 4,
    "day": 22,
    "hour": 7,
    "minute": 59,
    "temp": 28.14135593220336,
    "ntu": 2813.3308474576265
}