{
    "year": 2021,
    "month": 4,
    "day": 23,
    "hour": 17,
    "minute": 38,
    "temp": 29.473428571428595,
    "ntu": 461.5285714285714
}