{
    "year": 2021,
    "month": 4,
    "day": 23,
    "hour": 23,
    "minute": 44,
    "temp": 30.107323943661925,
    "ntu": 671.6619718309859
}