{
    "year": 2021,
    "month": 4,
    "day": 24,
    "hour": 10,
    "minute": 55,
    "temp": 30.087183098591545,
    "ntu": -96.85915492957747
}