{
    "year": 2021,
    "month": 4,
    "day": 22,
    "hour": 8,
    "minute": 31,
    "temp": 28.190000000000037,
    "ntu": 2577.5618333333337
}