{
    "year": 2021,
    "month": 4,
    "day": 25,
    "hour": 6,
    "minute": 10,
    "temp": 26.373943661971786,
    "ntu": 601.4366197183099
}