{
    "year": 2021,
    "month": 4,
    "day": 23,
    "hour": 15,
    "minute": 23,
    "temp": 28.52823529411763,
    "ntu": 398.4033613445378
}