{
    "year": 2021,
    "month": 4,
    "day": 14,
    "hour": 14,
    "minute": 25,
    "temp": 27.923030303030316,
    "tds": 1166.870909090909,
    "ph": 3.3148484848484854,
    "ntu": 3000.0
}