{
    "year": 2021,
    "month": 4,
    "day": 19,
    "hour": 13,
    "minute": 27,
    "temp": 29.049090909090893,
    "tds": 1053.094545454546,
    "ph": 0.6330303030303032,
    "ntu": 3000.0
}