{
    "year": 2021,
    "month": 4,
    "day": 14,
    "hour": 16,
    "minute": 43,
    "temp": 26.940000000000023,
    "tds": 1459.3381818181813,
    "ph": 4.292424242424243,
    "ntu": 3000.0
}