{
    "year": 2021,
    "month": 4,
    "day": 14,
    "hour": 14,
    "minute": 20,
    "temp": 28.001875,
    "tds": 1156.7293750000001,
    "ph": 3.3640625,
    "ntu": 3000.0
}