{
    "year": 2021,
    "month": 4,
    "day": 16,
    "hour": 17,
    "minute": 1,
    "temp": 27.190000000000023,
    "tds": 1241.5099999999998,
    "ph": 6.969696969696969,
    "ntu": 3000.0
}