{
    "year": 2021,
    "month": 4,
    "day": 21,
    "hour": 18,
    "minute": 34,
    "temp": 25.37716666666664,
    "ntu": 1766.1508333333334
}