{
    "year": 2021,
    "month": 4,
    "day": 22,
    "hour": 9,
    "minute": 30,
    "temp": 28.36999999999996,
    "ntu": 2457.1171666666664
}