{
    "year": 2021,
    "month": 4,
    "day": 16,
    "hour": 19,
    "minute": 20,
    "temp": 29.059999999999974,
    "tds": 758.0006060606062,
    "ph": 0.0,
    "ntu": 3000.0
}