{
    "year": 2021,
    "month": 4,
    "day": 24,
    "hour": 10,
    "minute": 59,
    "temp": 29.920999999999996,
    "ntu": -91.34285714285714
}