{
    "year": 2021,
    "month": 4,
    "day": 22,
    "hour": 15,
    "minute": 39,
    "temp": 28.271999999999995,
    "ntu": 1517.8788333333334
}