{
    "year": 2021,
    "month": 4,
    "day": 22,
    "hour": 2,
    "minute": 46,
    "temp": 27.809999999999963,
    "ntu": 1473.319830508475
}