{
    "year": 2021,
    "month": 4,
    "day": 14,
    "hour": 14,
    "minute": 36,
    "temp": 27.731818181818188,
    "tds": 1178.8560606060607,
    "ph": 3.5312121212121212,
    "ntu": 3000.0
}