{
    "year": 2021,
    "month": 4,
    "day": 22,
    "hour": 2,
    "minute": 34,
    "temp": 28.059999999999963,
    "ntu": 1644.2821666666673
}