{
    "year": 2021,
    "month": 4,
    "day": 21,
    "hour": 19,
    "minute": 28,
    "temp": 28.090508474576218,
    "ntu": 2176.374576271186
}