{
    "year": 2021,
    "month": 4,
    "day": 14,
    "hour": 20,
    "minute": 22,
    "temp": 29.26272727272726,
    "tds": 1241.6799999999998,
    "ph": 4.888181818181818,
    "ntu": 3000.0
}