{
    "year": 2021,
    "month": 4,
    "day": 13,
    "hour": 8,
    "minute": 29,
    "temp": 29.955000000000013,
    "tds": 392.5034375,
    "ph": 0.0,
    "ntu": 3000.0
}