{
    "year": 2021,
    "month": 4,
    "day": 22,
    "hour": 5,
    "minute": 43,
    "temp": 27.764237288135593,
    "ntu": 2789.2205084745765
}