{
    "year": 2021,
    "month": 4,
    "day": 16,
    "hour": 21,
    "minute": 8,
    "temp": 27.0,
    "tds": 1190.8699999999997,
    "ph": 1.0978787878787877,
    "ntu": 3000.0
}