{
    "year": 2021,
    "month": 4,
    "day": 21,
    "hour": 21,
    "minute": 35,
    "temp": 28.84299999999997,
    "ntu": 2973.8688333333344
}