{
    "year": 2021,
    "month": 4,
    "day": 14,
    "hour": 13,
    "minute": 26,
    "temp": 28.01636363636362,
    "tds": 1312.4196969696968,
    "ph": 6.1421212121212125,
    "ntu": 3000.0
}