{
    "year": 2021,
    "month": 4,
    "day": 22,
    "hour": 9,
    "minute": 42,
    "temp": 28.4020338983051,
    "ntu": 2820.1779661016953
}