{
    "year": 2021,
    "month": 4,
    "day": 14,
    "hour": 17,
    "minute": 22,
    "temp": 27.70636363636365,
    "tds": 1375.831212121212,
    "ph": 4.848787878787879,
    "ntu": 3000.0
}