{
    "year": 2021,
    "month": 4,
    "day": 14,
    "hour": 15,
    "minute": 43,
    "temp": 27.0,
    "tds": 1466.5166666666669,
    "ph": 4.884545454545455,
    "ntu": 3000.0
}