{
    "year": 2021,
    "month": 4,
    "day": 22,
    "hour": 2,
    "minute": 41,
    "temp": 27.8828333333333,
    "ntu": 1501.008166666666
}