{
    "year": 2021,
    "month": 4,
    "day": 16,
    "hour": 15,
    "minute": 14,
    "temp": 26.30437499999998,
    "tds": 1283.2475,
    "ph": 7.067812500000001,
    "ntu": 3000.0
}