{
    "year": 2021,
    "month": 4,
    "day": 16,
    "hour": 20,
    "minute": 35,
    "temp": 27.54181818181817,
    "tds": 1119.2912121212123,
    "ph": 0.0,
    "ntu": 3000.0
}