{
    "year": 2021,
    "month": 4,
    "day": 13,
    "hour": 8,
    "minute": 21,
    "temp": 29.74818181818182,
    "tds": 326.82545454545436,
    "ph": 0.0,
    "ntu": 3000.0
}