{
    "year": 2021,
    "month": 4,
    "day": 16,
    "hour": 18,
    "minute": 1,
    "temp": 27.49818181818182,
    "tds": 1218.6184848484847,
    "ph": 7.0457575757575786,
    "ntu": 3000.0
}