{
    "year": 2021,
    "month": 4,
    "day": 24,
    "hour": 10,
    "minute": 18,
    "temp": 30.046285714285684,
    "ntu": 326.12857142857143
}