{
    "year": 2021,
    "month": 4,
    "day": 23,
    "hour": 15,
    "minute": 27,
    "temp": 28.487323943661984,
    "ntu": 383.92957746478874
}