{
    "year": 2021,
    "month": 4,
    "day": 22,
    "hour": 7,
    "minute": 31,
    "temp": 28.061016949152506,
    "ntu": 2829.2137288135596
}