{
    "year": 2021,
    "month": 4,
    "day": 25,
    "hour": 10,
    "minute": 27,
    "temp": 26.68211267605637,
    "ntu": 364.8732394366197
}