{
    "year": 2021,
    "month": 4,
    "day": 23,
    "hour": 20,
    "minute": 20,
    "temp": 30.286428571428516,
    "ntu": 532.3714285714286
}