{
    "2021": {
        "4": {
            "28": {
                "22": {
                    "25": {
                        "temp": 28.744463840399128,
                        "ntu": 883.219451371571
                    }
                }
            }
        }
    }
}