{
    "2021": {
        "4": {
            "28": {
                "22": {
                    "35": {
                        "temp": 28.500595533498867,
                        "ntu": 882.1488833746898
                    }
                }
            }
        }
    },
    "temp": 24.575781637717157,
    "ntu": 347.7940446650124
}