{
    "2021": {
        "4": {
            "28": {
                "22": {
                    "35": {
                        "temp": 28.500595533498867,
                        "ntu": 882.1488833746898
                    }
                }
            }
        }
    },
    "temp": 28.17168734491326,
    "ntu": 875.0769230769231
}