{
    "2021": {
        "4": {
            "28": {
                "22": {
                    "35": {
                        "temp": 28.500595533498867,
                        "ntu": 882.1488833746898
                    }
                }
            }
        }
    },
    "temp": 25.183225806451595,
    "ntu": 23.265508684863523
}