{
    "2021": {
        "4": {
            "28": {
                "22": {
                    "35": {
                        "temp": 28.500595533498867,
                        "ntu": 882.1488833746898
                    }
                }
            }
        }
    },
    "temp": 28.03513647642686,
    "ntu": 233.9578163771712
}