{
    "2021": {
        "4": {
            "28": {
                "22": {
                    "35": {
                        "temp": 28.500595533498867,
                        "ntu": 882.1488833746898
                    }
                }
            },
            "29": {
                "10": {
                    "0": {
                        "temp": 24.925860349127124,
                        "ntu": 506.1047381546135
                    },
                    "5": {
                        "temp": 24.95752475247515,
                        "ntu": 455.0470297029703
                    },
                    "10": {
                        "temp": 25.046898263027558,
                        "ntu": 302.5483870967742
                    },
                    "15": {
                        "temp": 25.192679900744302,
                        "ntu": 310.7071960297767
                    },
                    "20": {
                        "temp": 25.28052109181144,
                        "ntu": 426.863523573201
                    },
                    "25": {
                        "temp": 25.374628712871292,
                        "ntu": 320.8242574257426
                    },
                    "30": {
                        "temp": 25.502531017369684,
                        "ntu": 415.32506203473946
                    },
                    "35": {
                        "temp": 25.573548387097027,
                        "ntu": 407.4044665012407
                    },
                    "40": {
                        "temp": 27.56995037220841,
                        "ntu": 320.14143920595535
                    },
                    "45": {
                        "temp": 30.666501240694615,
                        "ntu": 272.49131513647643
                    }
                }
            }
        }
    }
}