{
    "2021": {
        "4": {
            "28": {
                "22": {
                    "35": {
                        "temp": 28.500595533498867,
                        "ntu": 882.1488833746898
                    }
                }
            }
        }
    },
    "temp": 26.344739454094203,
    "ntu": 821.1265508684863
}