{
    "year": 2021,
    "month": 5,
    "day": 27,
    "hour": 0,
    "minute": 55,
    "temp": 28.38429280397011,
    "ntu": 3.327543424317618
}