{
    "year": 2021,
    "month": 6,
    "day": 19,
    "hour": 16,
    "minute": 5,
    "temp": 28.01915211970075,
    "ntu": 368.9775561097257
}