{
    "year": 2021,
    "month": 5,
    "day": 15,
    "hour": 10,
    "minute": 50,
    "temp": 31.317965260546273,
    "ntu": 781.9454094292804
}