{
    "year": 2021,
    "month": 5,
    "day": 26,
    "hour": 21,
    "minute": 35,
    "temp": 28.74776674937965,
    "ntu": 739.6054590570719
}