{
    "year": 2021,
    "month": 5,
    "day": 21,
    "hour": 4,
    "minute": 45,
    "temp": 28.442326732673365,
    "ntu": 9.28960396039604
}