{
    "year": 2021,
    "month": 6,
    "day": 3,
    "hour": 18,
    "minute": 35,
    "temp": 28.471116625310238,
    "ntu": 473.30272952853596
}