{
    "year": 2021,
    "month": 6,
    "day": 21,
    "hour": 3,
    "minute": 25,
    "temp": 28.921144278607073,
    "ntu": -12.7363184079602
}