{
    "year": 2021,
    "month": 6,
    "day": 22,
    "hour": 9,
    "minute": 50,
    "temp": 28.92380722891577,
    "ntu": 350.5397590361446
}