{
    "year": 2021,
    "month": 5,
    "day": 21,
    "hour": 20,
    "minute": 55,
    "temp": 28.9805721393034,
    "ntu": 632.226368159204
}