{
    "year": 2021,
    "month": 5,
    "day": 20,
    "hour": 12,
    "minute": 35,
    "temp": 30.761166253101845,
    "ntu": 442.9255583126551
}