{
    "year": 2021,
    "month": 6,
    "day": 20,
    "hour": 1,
    "minute": 45,
    "temp": 28.37477611940308,
    "ntu": -4.111940298507463
}