{
    "year": 2021,
    "month": 6,
    "day": 10,
    "hour": 6,
    "minute": 15,
    "temp": 28.278585607940503,
    "ntu": -153.7866004962779
}