{
    "year": 2021,
    "month": 6,
    "day": 29,
    "hour": 4,
    "minute": 30,
    "temp": 27.940746268656717,
    "ntu": -63.0547263681592
}