{
    "year": 2021,
    "month": 5,
    "day": 17,
    "hour": 0,
    "minute": 20,
    "temp": 29.73850746268669,
    "ntu": -2.490049751243781
}