{
    "year": 2021,
    "month": 6,
    "day": 16,
    "hour": 23,
    "minute": 10,
    "temp": 28.958358208955246,
    "ntu": 486.62189054726366
}