{
    "year": 2021,
    "month": 5,
    "day": 6,
    "hour": 20,
    "minute": 5,
    "temp": 29.632952853598002,
    "ntu": 885.4441687344913
}