{
    "year": 2021,
    "month": 5,
    "day": 16,
    "hour": 6,
    "minute": 45,
    "temp": 31.60738805970172,
    "ntu": 796.1716417910447
}