{
    "year": 2021,
    "month": 5,
    "day": 7,
    "hour": 18,
    "minute": 10,
    "temp": 29.92263027295279,
    "ntu": 790.3250620347394
}