{
    "year": 2021,
    "month": 5,
    "day": 3,
    "hour": 4,
    "minute": 20,
    "temp": 24.439999999999937,
    "ntu": 0.04950495049504951
}