{
    "year": 2021,
    "month": 6,
    "day": 6,
    "hour": 21,
    "minute": 40,
    "temp": 28.297493796526144,
    "ntu": 581.1191066997519
}