{
    "year": 2021,
    "month": 6,
    "day": 25,
    "hour": 18,
    "minute": 35,
    "temp": 28.69000000000002,
    "ntu": 341.2793017456359
}