{
    "year": 2021,
    "month": 5,
    "day": 10,
    "hour": 23,
    "minute": 35,
    "temp": 29.211417910447828,
    "ntu": 456.58706467661693
}