{
    "year": 2021,
    "month": 6,
    "day": 27,
    "hour": 5,
    "minute": 55,
    "temp": 28.13187032418957,
    "ntu": -61.775561097256855
}