{
    "year": 2021,
    "month": 6,
    "day": 26,
    "hour": 19,
    "minute": 20,
    "temp": 28.190000000000012,
    "ntu": 499.3333333333333
}