{
    "year": 2021,
    "month": 5,
    "day": 23,
    "hour": 7,
    "minute": 35,
    "temp": 28.11178660049615,
    "ntu": 382.66749379652606
}