{
    "year": 2021,
    "month": 6,
    "day": 12,
    "hour": 12,
    "minute": 50,
    "temp": 28.478560794044775,
    "ntu": 365.8411910669975
}