{
    "year": 2021,
    "month": 5,
    "day": 26,
    "hour": 12,
    "minute": 45,
    "temp": 28.784676616915668,
    "ntu": 719.7412935323383
}