{
    "year": 2021,
    "month": 6,
    "day": 27,
    "hour": 2,
    "minute": 50,
    "temp": 29.090447761193953,
    "ntu": -9.074626865671641
}