{
    "year": 2021,
    "month": 5,
    "day": 2,
    "hour": 9,
    "minute": 45,
    "temp": 30.73228287841206,
    "ntu": 444.62531017369724
}