{
    "year": 2021,
    "month": 6,
    "day": 30,
    "hour": 20,
    "minute": 30,
    "temp": 28.120000000000154,
    "ntu": 339.5970149253731
}