{
    "year": 2021,
    "month": 5,
    "day": 29,
    "hour": 20,
    "minute": 10,
    "temp": 28.18920595533482,
    "ntu": 762.2977667493797
}