{
    "year": 2021,
    "month": 5,
    "day": 1,
    "hour": 6,
    "minute": 20,
    "temp": 24.99508684863526,
    "ntu": 162.6426799007444
}