{
    "year": 2021,
    "month": 5,
    "day": 7,
    "hour": 10,
    "minute": 15,
    "temp": 30.873656716418104,
    "ntu": 814.9502487562189
}