{
    "year": 2021,
    "month": 5,
    "day": 26,
    "hour": 3,
    "minute": 0,
    "temp": 27.915831265508807,
    "ntu": 5.106699751861042
}