{
    "year": 2021,
    "month": 6,
    "day": 6,
    "hour": 13,
    "minute": 55,
    "temp": 28.358337468982548,
    "ntu": 492.88585607940445
}