{
    "year": 2021,
    "month": 5,
    "day": 31,
    "hour": 21,
    "minute": 30,
    "temp": 28.676923076923167,
    "ntu": 517.7568238213399
}