{
    "year": 2021,
    "month": 5,
    "day": 26,
    "hour": 18,
    "minute": 55,
    "temp": 28.50446650124076,
    "ntu": 776.3672456575682
}