{
    "year": 2021,
    "month": 5,
    "day": 4,
    "hour": 18,
    "minute": 15,
    "temp": 30.437940446650238,
    "ntu": 821.0818858560795
}