{
    "year": 2021,
    "month": 6,
    "day": 30,
    "hour": 15,
    "minute": 30,
    "temp": 28.527531172069853,
    "ntu": 282.6334164588529
}