{
    "year": 2021,
    "month": 6,
    "day": 13,
    "hour": 11,
    "minute": 40,
    "temp": 28.46843672456581,
    "ntu": 298.22332506203475
}