{
    "year": 2021,
    "month": 6,
    "day": 10,
    "hour": 10,
    "minute": 0,
    "temp": 28.691786600496286,
    "ntu": 406.51116625310175
}