{
    "year": 2021,
    "month": 4,
    "day": 30,
    "hour": 19,
    "minute": 15,
    "temp": 30.942462686567026,
    "ntu": 663.8159203980099
}