{
    "year": 2021,
    "month": 5,
    "day": 19,
    "hour": 16,
    "minute": 25,
    "temp": 30.53483870967751,
    "ntu": 488.3101736972705
}