{
    "year": 2021,
    "month": 5,
    "day": 16,
    "hour": 13,
    "minute": 0,
    "temp": 31.598535980148732,
    "ntu": 826.1960297766749
}