{
    "year": 2021,
    "month": 5,
    "day": 17,
    "hour": 8,
    "minute": 20,
    "temp": 31.622636815920316,
    "ntu": 734.1467661691543
}