{
    "year": 2021,
    "month": 6,
    "day": 21,
    "hour": 6,
    "minute": 15,
    "temp": 28.649079601990238,
    "ntu": -37.004975124378106
}