{
    "year": 2021,
    "month": 6,
    "day": 18,
    "hour": 5,
    "minute": 5,
    "temp": 28.461840796019917,
    "ntu": -38.50995024875622
}