{
    "year": 2021,
    "month": 6,
    "day": 11,
    "hour": 14,
    "minute": 25,
    "temp": 28.120000000000154,
    "ntu": 434.27791563275434
}