{
    "year": 2021,
    "month": 6,
    "day": 3,
    "hour": 16,
    "minute": 50,
    "temp": 28.482537313432953,
    "ntu": 459.44278606965173
}