{
    "year": 2021,
    "month": 5,
    "day": 24,
    "hour": 8,
    "minute": 35,
    "temp": 28.66394540942941,
    "ntu": 240.50620347394542
}