{
    "year": 2021,
    "month": 5,
    "day": 6,
    "hour": 3,
    "minute": 40,
    "temp": 29.20181141439215,
    "ntu": 0.06947890818858561
}