{
    "year": 2021,
    "month": 5,
    "day": 12,
    "hour": 9,
    "minute": 5,
    "temp": 30.975583126551008,
    "ntu": 704.6277915632754
}