{
    "year": 2021,
    "month": 4,
    "day": 29,
    "hour": 22,
    "minute": 20,
    "temp": 29.875632754342277,
    "ntu": 870.4317617866005
}