{
    "year": 2021,
    "month": 6,
    "day": 26,
    "hour": 11,
    "minute": 25,
    "temp": 28.120174563591174,
    "ntu": 499.03241895261846
}