{
    "year": 2021,
    "month": 6,
    "day": 13,
    "hour": 11,
    "minute": 50,
    "temp": 28.31476426799006,
    "ntu": 283.6600496277916
}