{
    "year": 2021,
    "month": 6,
    "day": 23,
    "hour": 1,
    "minute": 25,
    "temp": 28.33537313432851,
    "ntu": 384.0323383084577
}