{
    "year": 2021,
    "month": 5,
    "day": 3,
    "hour": 14,
    "minute": 40,
    "temp": 29.44764267990081,
    "ntu": 799.9478908188586
}