{
    "year": 2021,
    "month": 6,
    "day": 24,
    "hour": 12,
    "minute": 40,
    "temp": 28.119701492537466,
    "ntu": 302.32089552238807
}