{
    "year": 2021,
    "month": 6,
    "day": 13,
    "hour": 10,
    "minute": 0,
    "temp": 28.464029850746293,
    "ntu": 324.74626865671644
}