{
    "year": 2021,
    "month": 5,
    "day": 18,
    "hour": 8,
    "minute": 50,
    "temp": 31.365970149253904,
    "ntu": 88.43532338308458
}