{
    "year": 2021,
    "month": 5,
    "day": 16,
    "hour": 19,
    "minute": 25,
    "temp": 31.687096774193687,
    "ntu": 838.7990074441688
}