{
    "year": 2021,
    "month": 6,
    "day": 9,
    "hour": 3,
    "minute": 55,
    "temp": 28.673548387096897,
    "ntu": -48.81885856079405
}