{
    "year": 2021,
    "month": 6,
    "day": 22,
    "hour": 7,
    "minute": 25,
    "temp": 28.100746268656888,
    "ntu": 68.2139303482587
}