{
    "year": 2021,
    "month": 6,
    "day": 17,
    "hour": 20,
    "minute": 5,
    "temp": 28.315373134328347,
    "ntu": 437.74626865671644
}