{
    "year": 2021,
    "month": 5,
    "day": 25,
    "hour": 2,
    "minute": 10,
    "temp": 29.025905707196163,
    "ntu": 5.089330024813896
}