{
    "year": 2021,
    "month": 6,
    "day": 22,
    "hour": 10,
    "minute": 55,
    "temp": 28.368805970149385,
    "ntu": 334.0771144278607
}