{
    "year": 2021,
    "month": 5,
    "day": 7,
    "hour": 6,
    "minute": 55,
    "temp": 30.931811414391948,
    "ntu": 860.7369727047146
}