{
    "year": 2021,
    "month": 6,
    "day": 13,
    "hour": 12,
    "minute": 10,
    "temp": 28.052089552238858,
    "ntu": 271.16915422885575
}