{
    "year": 2021,
    "month": 5,
    "day": 28,
    "hour": 3,
    "minute": 35,
    "temp": 28.96791563275444,
    "ntu": 1.6749379652605458
}