{
    "year": 2021,
    "month": 6,
    "day": 30,
    "hour": 1,
    "minute": 40,
    "temp": 28.334029850746205,
    "ntu": -12.522388059701493
}