{
    "year": 2021,
    "month": 7,
    "day": 1,
    "hour": 19,
    "minute": 15,
    "temp": 28.994950248756087,
    "ntu": 340.95522388059703
}