{
    "year": 2021,
    "month": 6,
    "day": 9,
    "hour": 23,
    "minute": 55,
    "temp": 28.993746898262938,
    "ntu": 547.4565756823821
}