{
    "year": 2021,
    "month": 4,
    "day": 11,
    "hour": 15,
    "minute": 59,
    "temp": 28.43363636363638,
    "tds": 1091.2236363636362,
    "ph": 6.2312121212121205,
    "ntu": 3000.0
}