{
    "year": 2021,
    "month": 6,
    "day": 30,
    "hour": 23,
    "minute": 20,
    "temp": 28.308656716417907,
    "ntu": 359.44776119402985
}