{
    "year": 2021,
    "month": 5,
    "day": 5,
    "hour": 2,
    "minute": 50,
    "temp": 28.7651861042185,
    "ntu": 0.007444168734491315
}