{
    "year": 2021,
    "month": 5,
    "day": 9,
    "hour": 12,
    "minute": 45,
    "temp": 30.695298507462695,
    "ntu": 750.7985074626865
}