{
    "year": 2021,
    "month": 6,
    "day": 7,
    "hour": 13,
    "minute": 30,
    "temp": 28.96114143920599,
    "ntu": 497.72704714640196
}