{
    "year": 2021,
    "month": 4,
    "day": 20,
    "hour": 2,
    "minute": 59,
    "temp": 27.179393939393954,
    "tds": 1153.6596969696973,
    "ph": 1.9612121212121207,
    "ntu": 3000.0
}