{
    "year": 2021,
    "month": 6,
    "day": 22,
    "hour": 0,
    "minute": 50,
    "temp": 28.02813895781639,
    "ntu": 387.6575682382134
}