{
    "year": 2021,
    "month": 4,
    "day": 28,
    "hour": 23,
    "minute": 50,
    "temp": 29.99126550868473,
    "ntu": 219.37468982630273
}