{
    "year": 2021,
    "month": 6,
    "day": 19,
    "hour": 6,
    "minute": 50,
    "temp": 29.02164179104481,
    "ntu": -27.296019900497512
}