{
    "year": 2021,
    "month": 6,
    "day": 14,
    "hour": 13,
    "minute": 30,
    "temp": 28.19092039800999,
    "ntu": 236.5099502487562
}