{
    "year": 2021,
    "month": 5,
    "day": 18,
    "hour": 2,
    "minute": 45,
    "temp": 31.34647642679911,
    "ntu": -9.218362282878411
}