{
    "year": 2021,
    "month": 5,
    "day": 25,
    "hour": 6,
    "minute": 35,
    "temp": 27.848143564356324,
    "ntu": 126.79950495049505
}