{
    "year": 2021,
    "month": 6,
    "day": 14,
    "hour": 3,
    "minute": 25,
    "temp": 28.117761194029956,
    "ntu": -25.28855721393035
}