{
    "year": 2021,
    "month": 5,
    "day": 18,
    "hour": 7,
    "minute": 10,
    "temp": 31.68657568238221,
    "ntu": 115.61042183622828
}