{
    "year": 2021,
    "month": 5,
    "day": 30,
    "hour": 21,
    "minute": 10,
    "temp": 28.191741293532385,
    "ntu": 797.2039800995025
}