{
    "year": 2021,
    "month": 5,
    "day": 28,
    "hour": 14,
    "minute": 20,
    "temp": 28.15863523573197,
    "ntu": 716.9057071960298
}