{
    "year": 2021,
    "month": 5,
    "day": 31,
    "hour": 7,
    "minute": 25,
    "temp": 27.955806451612908,
    "ntu": 155.36724565756825
}