{
    "year": 2021,
    "month": 6,
    "day": 28,
    "hour": 7,
    "minute": 35,
    "temp": 28.325746268656744,
    "ntu": 44.92537313432836
}