{
    "year": 2021,
    "month": 5,
    "day": 9,
    "hour": 21,
    "minute": 45,
    "temp": 30.01354838709671,
    "ntu": 842.0794044665013
}