{
    "year": 2021,
    "month": 5,
    "day": 30,
    "hour": 23,
    "minute": 50,
    "temp": 28.32712158808931,
    "ntu": 822.6947890818858
}