{
    "year": 2021,
    "month": 4,
    "day": 30,
    "hour": 6,
    "minute": 10,
    "temp": 24.45101736972698,
    "ntu": 801.0272952853599
}