{
    "year": 2021,
    "month": 6,
    "day": 20,
    "hour": 20,
    "minute": 35,
    "temp": 28.079253731343243,
    "ntu": 394.62189054726366
}