{
    "year": 2021,
    "month": 5,
    "day": 10,
    "hour": 22,
    "minute": 30,
    "temp": 29.06699751861048,
    "ntu": 923.5384615384615
}