{
    "year": 2021,
    "month": 5,
    "day": 30,
    "hour": 0,
    "minute": 55,
    "temp": 27.840074441687257,
    "ntu": 6.302729528535981
}