{
    "year": 2021,
    "month": 5,
    "day": 21,
    "hour": 17,
    "minute": 15,
    "temp": 28.944317617866073,
    "ntu": 633.7816377171216
}