{
    "year": 2021,
    "month": 5,
    "day": 24,
    "hour": 3,
    "minute": 55,
    "temp": 28.985856079404577,
    "ntu": 0.913151364764268
}