{
    "year": 2021,
    "month": 5,
    "day": 27,
    "hour": 1,
    "minute": 25,
    "temp": 28.733242574257343,
    "ntu": 3.4183168316831685
}