{
    "year": 2021,
    "month": 5,
    "day": 14,
    "hour": 7,
    "minute": 55,
    "temp": 31.755657568238124,
    "ntu": 697.4813895781638
}