{
    "year": 2021,
    "month": 5,
    "day": 13,
    "hour": 0,
    "minute": 0,
    "temp": 29.66310173697258,
    "ntu": -1.5136476426799008
}