{
    "year": 2021,
    "month": 5,
    "day": 17,
    "hour": 11,
    "minute": 55,
    "temp": 31.723200992555988,
    "ntu": 788.2853598014889
}