{
    "year": 2021,
    "month": 6,
    "day": 12,
    "hour": 20,
    "minute": 10,
    "temp": 28.061945137157103,
    "ntu": 396.5660847880299
}