{
    "year": 2021,
    "month": 5,
    "day": 11,
    "hour": 2,
    "minute": 45,
    "temp": 30.920124069478888,
    "ntu": 234.24813895781637
}