{
    "year": 2021,
    "month": 6,
    "day": 17,
    "hour": 23,
    "minute": 20,
    "temp": 28.26611940298507,
    "ntu": 450.3258706467662
}