{
    "year": 2021,
    "month": 5,
    "day": 13,
    "hour": 10,
    "minute": 45,
    "temp": 29.309553349875898,
    "ntu": 502.79156327543427
}