{
    "year": 2021,
    "month": 5,
    "day": 24,
    "hour": 19,
    "minute": 0,
    "temp": 28.935049751243685,
    "ntu": 733.5597014925373
}