{
    "year": 2021,
    "month": 6,
    "day": 9,
    "hour": 7,
    "minute": 20,
    "temp": 28.228507462686665,
    "ntu": -280.3905472636816
}