{
    "year": 2021,
    "month": 5,
    "day": 30,
    "hour": 8,
    "minute": 15,
    "temp": 28.216940298507502,
    "ntu": 204.1144278606965
}