{
    "year": 2021,
    "month": 5,
    "day": 25,
    "hour": 0,
    "minute": 50,
    "temp": 28.12714640198521,
    "ntu": 4.58560794044665
}