{
    "year": 2021,
    "month": 5,
    "day": 6,
    "hour": 18,
    "minute": 10,
    "temp": 29.96645161290309,
    "ntu": 846.483870967742
}