{
    "year": 2021,
    "month": 6,
    "day": 4,
    "hour": 16,
    "minute": 20,
    "temp": 29.050895522388043,
    "ntu": 447.22636815920396
}