{
    "year": 2021,
    "month": 6,
    "day": 20,
    "hour": 17,
    "minute": 40,
    "temp": 28.593731343283455,
    "ntu": 377.7587064676617
}