{
    "year": 2021,
    "month": 5,
    "day": 22,
    "hour": 2,
    "minute": 10,
    "temp": 28.164937965260467,
    "ntu": 4.674937965260546
}