{
    "year": 2021,
    "month": 5,
    "day": 16,
    "hour": 3,
    "minute": 50,
    "temp": 31.405707196029866,
    "ntu": -1.4441687344913152
}