{
    "year": 2021,
    "month": 6,
    "day": 16,
    "hour": 20,
    "minute": 10,
    "temp": 28.716666666666722,
    "ntu": 465.7487562189055
}