{
    "year": 2021,
    "month": 5,
    "day": 2,
    "hour": 18,
    "minute": 50,
    "temp": 30.177841191067095,
    "ntu": 734.1488833746898
}