{
    "year": 2021,
    "month": 5,
    "day": 24,
    "hour": 9,
    "minute": 15,
    "temp": 28.082183622828744,
    "ntu": 318.24813895781637
}