{
    "year": 2021,
    "month": 6,
    "day": 11,
    "hour": 1,
    "minute": 55,
    "temp": 28.47379652605466,
    "ntu": -7.424317617866005
}