{
    "year": 2021,
    "month": 5,
    "day": 28,
    "hour": 17,
    "minute": 55,
    "temp": 28.66555831265522,
    "ntu": 715.4019851116625
}