{
    "year": 2021,
    "month": 5,
    "day": 20,
    "hour": 10,
    "minute": 40,
    "temp": 30.889057071960423,
    "ntu": 444.17617866004963
}