{
    "year": 2021,
    "month": 6,
    "day": 14,
    "hour": 6,
    "minute": 0,
    "temp": 28.625024875621733,
    "ntu": -172.46019900497512
}