{
    "year": 2021,
    "month": 5,
    "day": 27,
    "hour": 4,
    "minute": 0,
    "temp": 28.076865671641798,
    "ntu": 0.8606965174129353
}