{
    "year": 2021,
    "month": 7,
    "day": 2,
    "hour": 9,
    "minute": 0,
    "temp": 28.367338308457807,
    "ntu": -173.9502487562189
}