{
    "year": 2021,
    "month": 6,
    "day": 6,
    "hour": 18,
    "minute": 25,
    "temp": 28.51205955334989,
    "ntu": 572.5037220843673
}