{
    "year": 2021,
    "month": 6,
    "day": 26,
    "hour": 6,
    "minute": 20,
    "temp": 27.876982543641034,
    "ntu": -44.61845386533666
}