{
    "year": 2021,
    "month": 6,
    "day": 29,
    "hour": 2,
    "minute": 5,
    "temp": 27.940000000000005,
    "ntu": -8.221945137157107
}