{
    "year": 2021,
    "month": 5,
    "day": 30,
    "hour": 9,
    "minute": 40,
    "temp": 28.202282878411925,
    "ntu": 720.0769230769231
}