{
    "year": 2021,
    "month": 5,
    "day": 26,
    "hour": 16,
    "minute": 50,
    "temp": 28.78766749379664,
    "ntu": 780.5359801488834
}