{
    "year": 2021,
    "month": 5,
    "day": 30,
    "hour": 17,
    "minute": 0,
    "temp": 28.084863523573144,
    "ntu": 702.9156327543425
}