{
    "year": 2021,
    "month": 6,
    "day": 30,
    "hour": 23,
    "minute": 35,
    "temp": 28.217841191067045,
    "ntu": 361.74441687344915
}