{
    "year": 2021,
    "month": 5,
    "day": 5,
    "hour": 6,
    "minute": 55,
    "temp": 30.651091811414606,
    "ntu": 826.6774193548387
}