{
    "year": 2021,
    "month": 5,
    "day": 2,
    "hour": 4,
    "minute": 55,
    "temp": 27.766079404466584,
    "ntu": 2.5806451612903225
}