{
    "year": 2021,
    "month": 6,
    "day": 6,
    "hour": 16,
    "minute": 0,
    "temp": 28.041091811414482,
    "ntu": 554.7344913151364
}