{
    "year": 2021,
    "month": 6,
    "day": 19,
    "hour": 15,
    "minute": 15,
    "temp": 28.574214463840374,
    "ntu": 372.72319201995015
}