{
    "year": 2021,
    "month": 5,
    "day": 27,
    "hour": 20,
    "minute": 20,
    "temp": 28.03290322580651,
    "ntu": 769.2059553349876
}