{
    "year": 2021,
    "month": 5,
    "day": 21,
    "hour": 14,
    "minute": 30,
    "temp": 30.75178660049625,
    "ntu": 470.48138957816377
}