{
    "year": 2021,
    "month": 5,
    "day": 31,
    "hour": 12,
    "minute": 30,
    "temp": 28.505062034739513,
    "ntu": 787.7245657568238
}