{
    "year": 2021,
    "month": 6,
    "day": 8,
    "hour": 1,
    "minute": 15,
    "temp": 27.918461538461635,
    "ntu": -13.823821339950372
}