{
    "year": 2021,
    "month": 6,
    "day": 20,
    "hour": 11,
    "minute": 50,
    "temp": 28.409179104477758,
    "ntu": 372.12189054726366
}