{
    "year": 2021,
    "month": 5,
    "day": 6,
    "hour": 23,
    "minute": 25,
    "temp": 29.926650124069326,
    "ntu": -0.18858560794044665
}