{
    "year": 2021,
    "month": 6,
    "day": 27,
    "hour": 0,
    "minute": 35,
    "temp": 28.769402985074624,
    "ntu": 546.6417910447761
}