{
    "year": 2021,
    "month": 5,
    "day": 26,
    "hour": 0,
    "minute": 15,
    "temp": 27.0592537313433,
    "ntu": 5.972636815920398
}