{
    "year": 2021,
    "month": 6,
    "day": 11,
    "hour": 22,
    "minute": 40,
    "temp": 28.505210918114145,
    "ntu": 440.49627791563273
}