{
    "year": 2021,
    "month": 6,
    "day": 5,
    "hour": 21,
    "minute": 5,
    "temp": 28.37529850746268,
    "ntu": 541.3134328358209
}