{
    "year": 2021,
    "month": 5,
    "day": 2,
    "hour": 22,
    "minute": 35,
    "temp": 27.998957816377274,
    "ntu": -0.33002481389578164
}