{
    "year": 2021,
    "month": 5,
    "day": 30,
    "hour": 20,
    "minute": 45,
    "temp": 28.649751861042365,
    "ntu": 789.0719602977667
}