{
    "year": 2021,
    "month": 5,
    "day": 23,
    "hour": 19,
    "minute": 5,
    "temp": 28.636616915422866,
    "ntu": 443.69651741293535
}