{
    "year": 2021,
    "month": 5,
    "day": 8,
    "hour": 2,
    "minute": 45,
    "temp": 28.924267990074394,
    "ntu": -0.6947890818858561
}