{
    "year": 2021,
    "month": 6,
    "day": 28,
    "hour": 23,
    "minute": 45,
    "temp": 28.912917705735662,
    "ntu": 500.1770573566085
}