{
    "year": 2021,
    "month": 5,
    "day": 15,
    "hour": 18,
    "minute": 40,
    "temp": 31.01384615384602,
    "ntu": 763.9528535980149
}