{
    "year": 2021,
    "month": 5,
    "day": 15,
    "hour": 22,
    "minute": 50,
    "temp": 29.85415841584149,
    "ntu": -4.797029702970297
}