{
    "year": 2021,
    "month": 5,
    "day": 30,
    "hour": 19,
    "minute": 25,
    "temp": 28.534925373134403,
    "ntu": 730.9477611940298
}