{
    "year": 2021,
    "month": 5,
    "day": 27,
    "hour": 8,
    "minute": 10,
    "temp": 28.27888337468988,
    "ntu": 743.893300248139
}