{
    "year": 2021,
    "month": 4,
    "day": 28,
    "hour": 23,
    "minute": 45,
    "temp": 29.814640198511523,
    "ntu": 828.9900744416874
}