{
    "year": 2021,
    "month": 5,
    "day": 13,
    "hour": 20,
    "minute": 40,
    "temp": 31.005522388059614,
    "ntu": 797.0248756218906
}