{
    "year": 2021,
    "month": 6,
    "day": 11,
    "hour": 23,
    "minute": 15,
    "temp": 28.001492537313414,
    "ntu": 425.3258706467662
}