{
    "year": 2021,
    "month": 4,
    "day": 29,
    "hour": 13,
    "minute": 30,
    "temp": 29.41434243176171,
    "ntu": 764.4292803970224
}