{
    "year": 2021,
    "month": 6,
    "day": 23,
    "hour": 0,
    "minute": 50,
    "temp": 28.175024875621965,
    "ntu": 405.99004975124376
}