{
    "year": 2021,
    "month": 5,
    "day": 24,
    "hour": 8,
    "minute": 50,
    "temp": 28.452630272952867,
    "ntu": 251.1712158808933
}