{
    "year": 2021,
    "month": 5,
    "day": 21,
    "hour": 13,
    "minute": 20,
    "temp": 30.799330024814036,
    "ntu": 498.7890818858561
}