{
    "year": 2021,
    "month": 5,
    "day": 17,
    "hour": 23,
    "minute": 15,
    "temp": 29.905136476426907,
    "ntu": -8.851116625310175
}