{
    "year": 2021,
    "month": 6,
    "day": 19,
    "hour": 3,
    "minute": 20,
    "temp": 28.283283582089613,
    "ntu": -11.604477611940299
}