{
    "year": 2021,
    "month": 6,
    "day": 28,
    "hour": 16,
    "minute": 50,
    "temp": 28.868507462686708,
    "ntu": 445.96019900497515
}