{
    "year": 2021,
    "month": 6,
    "day": 27,
    "hour": 2,
    "minute": 0,
    "temp": 27.960199501246898,
    "ntu": -5.892768079800499
}