{
    "year": 2021,
    "month": 6,
    "day": 27,
    "hour": 19,
    "minute": 50,
    "temp": 28.305074626865697,
    "ntu": 523.5099502487562
}