{
    "year": 2021,
    "month": 6,
    "day": 12,
    "hour": 22,
    "minute": 55,
    "temp": 28.346625310173547,
    "ntu": 402.69975186104216
}