{
    "year": 2021,
    "month": 5,
    "day": 20,
    "hour": 0,
    "minute": 50,
    "temp": 30.51746268656719,
    "ntu": 0.31343283582089554
}