{
    "year": 2021,
    "month": 6,
    "day": 30,
    "hour": 5,
    "minute": 0,
    "temp": 28.6530845771146,
    "ntu": -78.7089552238806
}