{
    "year": 2021,
    "month": 5,
    "day": 24,
    "hour": 18,
    "minute": 25,
    "temp": 27.993151364764323,
    "ntu": 672.2828784119107
}