{
    "year": 2021,
    "month": 5,
    "day": 13,
    "hour": 3,
    "minute": 25,
    "temp": 28.688387096774278,
    "ntu": -0.9851116625310173
}