{
    "year": 2021,
    "month": 5,
    "day": 15,
    "hour": 10,
    "minute": 55,
    "temp": 31.403233830845966,
    "ntu": 781.136815920398
}