{
    "year": 2021,
    "month": 6,
    "day": 2,
    "hour": 6,
    "minute": 10,
    "temp": 28.23570719602987,
    "ntu": -179.82133995037222
}