{
    "year": 2021,
    "month": 6,
    "day": 1,
    "hour": 11,
    "minute": 25,
    "temp": 28.112133995037173,
    "ntu": 452.48387096774195
}