{
    "year": 2021,
    "month": 6,
    "day": 8,
    "hour": 14,
    "minute": 30,
    "temp": 28.154392059553512,
    "ntu": 471.2630272952854
}