{
    "year": 2021,
    "month": 6,
    "day": 10,
    "hour": 6,
    "minute": 30,
    "temp": 28.090397022332546,
    "ntu": -145.01985111662532
}