{
    "year": 2021,
    "month": 4,
    "day": 29,
    "hour": 4,
    "minute": 10,
    "temp": 25.758168316831686,
    "ntu": 820.950495049505
}