{
    "year": 2021,
    "month": 5,
    "day": 13,
    "hour": 16,
    "minute": 10,
    "temp": 31.69334987593039,
    "ntu": 771.7096774193549
}