{
    "year": 2021,
    "month": 6,
    "day": 2,
    "hour": 3,
    "minute": 45,
    "temp": 29.01225806451636,
    "ntu": -22.245657568238215
}