{
    "year": 2021,
    "month": 5,
    "day": 31,
    "hour": 11,
    "minute": 45,
    "temp": 28.29044776119431,
    "ntu": 706.1691542288557
}