{
    "year": 2021,
    "month": 6,
    "day": 7,
    "hour": 8,
    "minute": 30,
    "temp": 28.183870967742,
    "ntu": -214.0893300248139
}