{
    "year": 2021,
    "month": 6,
    "day": 17,
    "hour": 0,
    "minute": 30,
    "temp": 28.52835411471347,
    "ntu": 457.35660847880297
}