{
    "year": 2021,
    "month": 5,
    "day": 21,
    "hour": 20,
    "minute": 25,
    "temp": 28.029999999999976,
    "ntu": 595.2636815920398
}