{
    "year": 2021,
    "month": 5,
    "day": 26,
    "hour": 7,
    "minute": 45,
    "temp": 28.89238805970148,
    "ntu": 762.5149253731344
}