{
    "year": 2021,
    "month": 6,
    "day": 20,
    "hour": 7,
    "minute": 0,
    "temp": 28.750447761194117,
    "ntu": 19.333333333333332
}