{
    "year": 2021,
    "month": 4,
    "day": 29,
    "hour": 22,
    "minute": 15,
    "temp": 30.040347394541037,
    "ntu": 870.6004962779157
}