{
    "year": 2021,
    "month": 6,
    "day": 30,
    "hour": 13,
    "minute": 30,
    "temp": 28.001044776119404,
    "ntu": 492.89303482587064
}