{
    "year": 2021,
    "month": 5,
    "day": 2,
    "hour": 21,
    "minute": 40,
    "temp": 29.0343920595534,
    "ntu": 831.258064516129
}