{
    "year": 2021,
    "month": 4,
    "day": 20,
    "hour": 17,
    "minute": 59,
    "temp": 29.12,
    "tds": 1249.1654545454546,
    "ph": 5.041212121212122,
    "ntu": 3000.0
}