{
    "year": 2021,
    "month": 5,
    "day": 5,
    "hour": 6,
    "minute": 10,
    "temp": 29.490694789082088,
    "ntu": 181.86104218362283
}