{
    "year": 2021,
    "month": 6,
    "day": 30,
    "hour": 0,
    "minute": 35,
    "temp": 28.931119402985136,
    "ntu": 548.6194029850747
}