{
    "year": 2021,
    "month": 5,
    "day": 10,
    "hour": 20,
    "minute": 10,
    "temp": 29.13791563275433,
    "ntu": 903.1563275434244
}