{
    "year": 2021,
    "month": 5,
    "day": 22,
    "hour": 16,
    "minute": 45,
    "temp": 28.22677419354848,
    "ntu": 359.0769230769231
}