{
    "year": 2021,
    "month": 5,
    "day": 12,
    "hour": 11,
    "minute": 40,
    "temp": 30.599975124378325,
    "ntu": 592.8457711442786
}