{
    "year": 2021,
    "month": 5,
    "day": 8,
    "hour": 17,
    "minute": 30,
    "temp": 29.815049504950565,
    "ntu": 776.700495049505
}