{
    "year": 2021,
    "month": 5,
    "day": 19,
    "hour": 1,
    "minute": 5,
    "temp": 30.339950248756367,
    "ntu": 180.8855721393035
}