{
    "year": 2021,
    "month": 6,
    "day": 17,
    "hour": 8,
    "minute": 50,
    "temp": 29.106716417910334,
    "ntu": 82.55970149253731
}