{
    "year": 2021,
    "month": 4,
    "day": 11,
    "hour": 12,
    "minute": 59,
    "temp": 27.690000000000023,
    "tds": 1119.4199999999992,
    "ph": 6.124242424242424,
    "ntu": 3000.0
}