{
    "year": 2021,
    "month": 5,
    "day": 4,
    "hour": 0,
    "minute": 5,
    "temp": 30.233250620347523,
    "ntu": -0.01488833746898263
}