{
    "year": 2021,
    "month": 6,
    "day": 9,
    "hour": 21,
    "minute": 20,
    "temp": 28.7440446650125,
    "ntu": 542.3846153846154
}