{
    "year": 2021,
    "month": 6,
    "day": 26,
    "hour": 16,
    "minute": 35,
    "temp": 29.041492537313427,
    "ntu": 467.84328358208955
}