{
    "year": 2021,
    "month": 7,
    "day": 2,
    "hour": 2,
    "minute": 20,
    "temp": 28.03890274314216,
    "ntu": -10.775561097256858
}