{
    "year": 2021,
    "month": 6,
    "day": 28,
    "hour": 13,
    "minute": 0,
    "temp": 28.83388059701485,
    "ntu": 504.71890547263683
}