{
    "year": 2021,
    "month": 6,
    "day": 5,
    "hour": 22,
    "minute": 45,
    "temp": 28.69863523573186,
    "ntu": 567.87841191067
}