{
    "year": 2021,
    "month": 5,
    "day": 13,
    "hour": 13,
    "minute": 40,
    "temp": 29.555657568238548,
    "ntu": 787.590570719603
}