{
    "year": 2021,
    "month": 6,
    "day": 11,
    "hour": 3,
    "minute": 35,
    "temp": 29.610746268656545,
    "ntu": -25.90049751243781
}