{
    "year": 2021,
    "month": 6,
    "day": 19,
    "hour": 22,
    "minute": 55,
    "temp": 28.40500000000016,
    "ntu": 418.3482587064677
}