{
    "year": 2021,
    "month": 7,
    "day": 1,
    "hour": 17,
    "minute": 45,
    "temp": 28.283880597014978,
    "ntu": 373.09203980099505
}