{
    "year": 2021,
    "month": 6,
    "day": 29,
    "hour": 4,
    "minute": 20,
    "temp": 27.986533665835463,
    "ntu": -60.03241895261846
}