{
    "year": 2021,
    "month": 5,
    "day": 3,
    "hour": 22,
    "minute": 10,
    "temp": 30.083176178660164,
    "ntu": 432.1389578163772
}