{
    "year": 2021,
    "month": 6,
    "day": 18,
    "hour": 9,
    "minute": 35,
    "temp": 28.531265508684914,
    "ntu": 77.86600496277916
}