{
    "year": 2021,
    "month": 5,
    "day": 16,
    "hour": 12,
    "minute": 35,
    "temp": 31.89985074626872,
    "ntu": 763.6169154228855
}