{
    "year": 2021,
    "month": 5,
    "day": 11,
    "hour": 3,
    "minute": 35,
    "temp": 28.892288557213842,
    "ntu": 219.78855721393035
}