{
    "year": 2021,
    "month": 6,
    "day": 8,
    "hour": 20,
    "minute": 10,
    "temp": 28.843945409429132,
    "ntu": 523.7047146401985
}