{
    "year": 2021,
    "month": 6,
    "day": 17,
    "hour": 15,
    "minute": 30,
    "temp": 28.28370646766195,
    "ntu": 387.3830845771144
}