{
    "year": 2021,
    "month": 6,
    "day": 20,
    "hour": 8,
    "minute": 30,
    "temp": 28.92442786069637,
    "ntu": 77.85820895522389
}