{
    "year": 2021,
    "month": 6,
    "day": 30,
    "hour": 5,
    "minute": 40,
    "temp": 28.342468827930063,
    "ntu": -91.43391521197007
}