{
    "year": 2021,
    "month": 5,
    "day": 8,
    "hour": 15,
    "minute": 30,
    "temp": 29.87000000000019,
    "ntu": 748.820895522388
}