{
    "year": 2021,
    "month": 5,
    "day": 11,
    "hour": 11,
    "minute": 30,
    "temp": 30.921985111662693,
    "ntu": 570.6253101736972
}