{
    "year": 2021,
    "month": 5,
    "day": 29,
    "hour": 7,
    "minute": 55,
    "temp": 28.62652605459045,
    "ntu": 270.1017369727047
}