{
    "year": 2021,
    "month": 5,
    "day": 27,
    "hour": 23,
    "minute": 50,
    "temp": 27.220447761194063,
    "ntu": 0.6915422885572139
}