{
    "year": 2021,
    "month": 5,
    "day": 9,
    "hour": 20,
    "minute": 45,
    "temp": 29.52560794044673,
    "ntu": 866.3300248138958
}