{
    "year": 2021,
    "month": 5,
    "day": 9,
    "hour": 2,
    "minute": 25,
    "temp": 30.45325062034728,
    "ntu": -0.9751861042183623
}