{
    "year": 2021,
    "month": 7,
    "day": 1,
    "hour": 23,
    "minute": 15,
    "temp": 28.847014925373035,
    "ntu": 419.94776119402985
}