{
    "year": 2021,
    "month": 6,
    "day": 20,
    "hour": 18,
    "minute": 10,
    "temp": 28.283283582089613,
    "ntu": 379.8830845771144
}