{
    "year": 2021,
    "month": 6,
    "day": 25,
    "hour": 3,
    "minute": 15,
    "temp": 28.95863184079604,
    "ntu": -17.84328358208955
}