{
    "year": 2021,
    "month": 6,
    "day": 10,
    "hour": 22,
    "minute": 30,
    "temp": 28.889353233831002,
    "ntu": 530.8034825870647
}