{
    "year": 2021,
    "month": 6,
    "day": 12,
    "hour": 11,
    "minute": 50,
    "temp": 28.57935483870991,
    "ntu": 350.53846153846155
}