{
    "year": 2021,
    "month": 5,
    "day": 8,
    "hour": 11,
    "minute": 0,
    "temp": 30.628362282878378,
    "ntu": 788.044665012407
}