{
    "year": 2021,
    "month": 5,
    "day": 1,
    "hour": 1,
    "minute": 15,
    "temp": 29.750744416873566,
    "ntu": 745.893300248139
}