{
    "year": 2021,
    "month": 6,
    "day": 6,
    "hour": 7,
    "minute": 0,
    "temp": 28.016417910447753,
    "ntu": -180.12686567164178
}