{
    "year": 2021,
    "month": 6,
    "day": 9,
    "hour": 5,
    "minute": 25,
    "temp": 27.860769230769098,
    "ntu": -129.07692307692307
}