{
    "year": 2021,
    "month": 5,
    "day": 9,
    "hour": 15,
    "minute": 45,
    "temp": 30.40193548387103,
    "ntu": 760.2555831265508
}