{
    "year": 2021,
    "month": 5,
    "day": 16,
    "hour": 5,
    "minute": 35,
    "temp": 29.79970223325065,
    "ntu": 99.66997518610422
}