{
    "year": 2021,
    "month": 4,
    "day": 30,
    "hour": 8,
    "minute": 35,
    "temp": 24.31490099009909,
    "ntu": 650.3217821782179
}