{
    "year": 2021,
    "month": 7,
    "day": 2,
    "hour": 8,
    "minute": 5,
    "temp": 28.72089552238813,
    "ntu": -191.1218905472637
}