{
    "year": 2021,
    "month": 6,
    "day": 10,
    "hour": 14,
    "minute": 45,
    "temp": 28.12965260545921,
    "ntu": 434.8908188585608
}