{
    "year": 2021,
    "month": 6,
    "day": 5,
    "hour": 19,
    "minute": 15,
    "temp": 28.050471464019925,
    "ntu": 527.287841191067
}