{
    "year": 2021,
    "month": 6,
    "day": 19,
    "hour": 11,
    "minute": 10,
    "temp": 28.82310173697267,
    "ntu": 343.84615384615387
}