{
    "year": 2021,
    "month": 6,
    "day": 4,
    "hour": 9,
    "minute": 55,
    "temp": 28.022630272952853,
    "ntu": 435.70223325062034
}