{
    "year": 2021,
    "month": 6,
    "day": 3,
    "hour": 8,
    "minute": 15,
    "temp": 28.15593052109197,
    "ntu": -299.5806451612903
}