{
    "year": 2021,
    "month": 6,
    "day": 6,
    "hour": 17,
    "minute": 10,
    "temp": 28.32518610421834,
    "ntu": 589.6153846153846
}