{
    "year": 2021,
    "month": 6,
    "day": 28,
    "hour": 20,
    "minute": 0,
    "temp": 28.651072319201887,
    "ntu": 456.5361596009975
}