{
    "year": 2021,
    "month": 5,
    "day": 11,
    "hour": 22,
    "minute": 45,
    "temp": 29.359057071960233,
    "ntu": -0.6947890818858561
}