{
    "year": 2021,
    "month": 5,
    "day": 8,
    "hour": 8,
    "minute": 55,
    "temp": 29.003870967741936,
    "ntu": 787.2307692307693
}