{
    "year": 2021,
    "month": 6,
    "day": 20,
    "hour": 10,
    "minute": 25,
    "temp": 28.07600997506232,
    "ntu": 373.7805486284289
}