{
    "year": 2021,
    "month": 5,
    "day": 23,
    "hour": 15,
    "minute": 5,
    "temp": 28.80348258706495,
    "ntu": 355.3731343283582
}