{
    "year": 2021,
    "month": 6,
    "day": 13,
    "hour": 5,
    "minute": 40,
    "temp": 28.95459057071966,
    "ntu": -69.7741935483871
}