{
    "year": 2021,
    "month": 6,
    "day": 6,
    "hour": 16,
    "minute": 30,
    "temp": 29.003275434243193,
    "ntu": 591.1736972704715
}