{
    "year": 2021,
    "month": 6,
    "day": 12,
    "hour": 17,
    "minute": 20,
    "temp": 28.667761194029694,
    "ntu": 343.73383084577114
}