{
    "year": 2021,
    "month": 7,
    "day": 1,
    "hour": 0,
    "minute": 25,
    "temp": 28.103990024937772,
    "ntu": 337.52369077306736
}