{
    "year": 2021,
    "month": 5,
    "day": 4,
    "hour": 4,
    "minute": 10,
    "temp": 28.994540942928104,
    "ntu": -0.12903225806451613
}