{
    "year": 2021,
    "month": 6,
    "day": 26,
    "hour": 15,
    "minute": 50,
    "temp": 28.05567164179105,
    "ntu": 472.60199004975124
}