{
    "year": 2021,
    "month": 6,
    "day": 3,
    "hour": 1,
    "minute": 35,
    "temp": 28.85315920397994,
    "ntu": -5.04726368159204
}