{
    "year": 2021,
    "month": 6,
    "day": 7,
    "hour": 1,
    "minute": 20,
    "temp": 27.558805970149262,
    "ntu": -13.728855721393035
}