{
    "year": 2021,
    "month": 7,
    "day": 1,
    "hour": 1,
    "minute": 20,
    "temp": 28.80223880597019,
    "ntu": 365.52985074626866
}