{
    "year": 2021,
    "month": 5,
    "day": 16,
    "hour": 12,
    "minute": 15,
    "temp": 31.721666666666586,
    "ntu": 751.094527363184
}