{
    "year": 2021,
    "month": 4,
    "day": 21,
    "hour": 4,
    "minute": 59,
    "temp": 27.302727272727253,
    "tds": 1154.672121212121,
    "ph": 4.37787878787879,
    "ntu": 3000.0
}