{
    "year": 2021,
    "month": 6,
    "day": 18,
    "hour": 16,
    "minute": 55,
    "temp": 28.585586034912648,
    "ntu": 381.5960099750623
}