{
    "year": 2021,
    "month": 5,
    "day": 11,
    "hour": 2,
    "minute": 40,
    "temp": 30.788507462686635,
    "ntu": 246.35572139303483
}