{
    "year": 2021,
    "month": 5,
    "day": 7,
    "hour": 12,
    "minute": 50,
    "temp": 30.79570719602985,
    "ntu": 758.166253101737
}