{
    "year": 2021,
    "month": 5,
    "day": 14,
    "hour": 0,
    "minute": 25,
    "temp": 29.28126550868495,
    "ntu": -1.0818858560794045
}