{
    "year": 2021,
    "month": 7,
    "day": 1,
    "hour": 8,
    "minute": 15,
    "temp": 27.892288557214087,
    "ntu": -177.7636815920398
}