{
    "year": 2021,
    "month": 6,
    "day": 28,
    "hour": 12,
    "minute": 45,
    "temp": 28.943582089552265,
    "ntu": 500.1243781094527
}