{
    "year": 2021,
    "month": 6,
    "day": 7,
    "hour": 13,
    "minute": 55,
    "temp": 28.754168734491316,
    "ntu": 484.8833746898263
}