{
    "year": 2021,
    "month": 4,
    "day": 30,
    "hour": 18,
    "minute": 0,
    "temp": 28.821386138613725,
    "ntu": 732.4158415841584
}