{
    "year": 2021,
    "month": 6,
    "day": 7,
    "hour": 5,
    "minute": 30,
    "temp": 28.91283582089537,
    "ntu": -107.14427860696517
}