{
    "year": 2021,
    "month": 6,
    "day": 27,
    "hour": 4,
    "minute": 5,
    "temp": 28.106915422885454,
    "ntu": -32.98756218905473
}