{
    "year": 2021,
    "month": 5,
    "day": 12,
    "hour": 15,
    "minute": 20,
    "temp": 29.16171215880909,
    "ntu": 831.4987593052109
}