{
    "year": 2021,
    "month": 6,
    "day": 30,
    "hour": 2,
    "minute": 0,
    "temp": 28.07104477611939,
    "ntu": -9.36318407960199
}