{
    "year": 2021,
    "month": 5,
    "day": 6,
    "hour": 11,
    "minute": 35,
    "temp": 28.973498759305123,
    "ntu": 784.059553349876
}