{
    "year": 2021,
    "month": 5,
    "day": 11,
    "hour": 14,
    "minute": 45,
    "temp": 29.52382133995041,
    "ntu": 860.1091811414392
}