{
    "year": 2021,
    "month": 6,
    "day": 11,
    "hour": 11,
    "minute": 40,
    "temp": 28.451985111662353,
    "ntu": 414.53846153846155
}