{
    "year": 2021,
    "month": 4,
    "day": 30,
    "hour": 6,
    "minute": 55,
    "temp": 24.308808933002542,
    "ntu": 294.3200992555831
}