{
    "year": 2021,
    "month": 5,
    "day": 4,
    "hour": 5,
    "minute": 10,
    "temp": 28.102555831265395,
    "ntu": 12.615384615384615
}