{
    "year": 2021,
    "month": 5,
    "day": 17,
    "hour": 5,
    "minute": 45,
    "temp": 31.337014925372998,
    "ntu": 84.43781094527363
}