{
    "year": 2021,
    "month": 5,
    "day": 17,
    "hour": 2,
    "minute": 35,
    "temp": 29.78538461538476,
    "ntu": -1.7146401985111663
}