{
    "year": 2021,
    "month": 5,
    "day": 1,
    "hour": 2,
    "minute": 40,
    "temp": 28.812803970223438,
    "ntu": -0.16377171215880892
}