{
    "year": 2021,
    "month": 6,
    "day": 21,
    "hour": 19,
    "minute": 50,
    "temp": 28.22134328358215,
    "ntu": 386.38557213930346
}