{
    "year": 2021,
    "month": 5,
    "day": 14,
    "hour": 18,
    "minute": 15,
    "temp": 31.399354838709908,
    "ntu": 789.8734491315137
}