{
    "year": 2021,
    "month": 4,
    "day": 29,
    "hour": 11,
    "minute": 45,
    "temp": 29.684888337468905,
    "ntu": 570.5657568238213
}