{
    "year": 2021,
    "month": 6,
    "day": 10,
    "hour": 4,
    "minute": 30,
    "temp": 28.18614427860713,
    "ntu": -64.10199004975124
}