{
    "year": 2021,
    "month": 5,
    "day": 7,
    "hour": 11,
    "minute": 45,
    "temp": 29.564267990074757,
    "ntu": 757.106699751861
}