{
    "year": 2021,
    "month": 5,
    "day": 10,
    "hour": 23,
    "minute": 40,
    "temp": 30.0332009925558,
    "ntu": 447.7642679900744
}