{
    "year": 2021,
    "month": 5,
    "day": 14,
    "hour": 14,
    "minute": 30,
    "temp": 31.773582089552228,
    "ntu": 773.9328358208955
}