{
    "year": 2021,
    "month": 6,
    "day": 7,
    "hour": 17,
    "minute": 35,
    "temp": 28.744328358209,
    "ntu": 531.2412935323383
}