{
    "year": 2021,
    "month": 6,
    "day": 30,
    "hour": 2,
    "minute": 25,
    "temp": 27.94000000000001,
    "ntu": -8.467661691542288
}