{
    "year": 2021,
    "month": 5,
    "day": 25,
    "hour": 6,
    "minute": 5,
    "temp": 28.712178217821883,
    "ntu": 113.01732673267327
}