{
    "year": 2021,
    "month": 4,
    "day": 30,
    "hour": 13,
    "minute": 40,
    "temp": 28.014554455445534,
    "ntu": 749.2747524752475
}