{
    "year": 2021,
    "month": 6,
    "day": 6,
    "hour": 10,
    "minute": 0,
    "temp": 28.607965260545825,
    "ntu": 442.8684863523573
}