{
    "year": 2021,
    "month": 6,
    "day": 25,
    "hour": 18,
    "minute": 40,
    "temp": 28.663009950248885,
    "ntu": 342.2412935323383
}