{
    "year": 2021,
    "month": 5,
    "day": 3,
    "hour": 2,
    "minute": 40,
    "temp": 24.74985111662531,
    "ntu": -0.22580645161290322
}