{
    "year": 2021,
    "month": 5,
    "day": 9,
    "hour": 18,
    "minute": 15,
    "temp": 29.207121588089212,
    "ntu": 797.4292803970224
}