{
    "year": 2021,
    "month": 6,
    "day": 4,
    "hour": 4,
    "minute": 55,
    "temp": 28.422363184079668,
    "ntu": -74.15174129353234
}