{
    "year": 2021,
    "month": 6,
    "day": 13,
    "hour": 15,
    "minute": 0,
    "temp": 28.601265508684694,
    "ntu": 262.7320099255583
}