{
    "year": 2021,
    "month": 5,
    "day": 27,
    "hour": 19,
    "minute": 15,
    "temp": 28.692183622828832,
    "ntu": 683.0570719602978
}