{
    "year": 2021,
    "month": 6,
    "day": 20,
    "hour": 2,
    "minute": 30,
    "temp": 28.80646766169152,
    "ntu": -4.146766169154229
}