{
    "year": 2021,
    "month": 5,
    "day": 30,
    "hour": 5,
    "minute": 30,
    "temp": 28.22136815920397,
    "ntu": 15.393034825870647
}