{
    "year": 2021,
    "month": 5,
    "day": 31,
    "hour": 7,
    "minute": 30,
    "temp": 28.768337468982782,
    "ntu": 182.86352357320098
}