{
    "year": 2021,
    "month": 5,
    "day": 6,
    "hour": 19,
    "minute": 10,
    "temp": 30.99389578163772,
    "ntu": 861.3573200992556
}