{
    "year": 2021,
    "month": 5,
    "day": 24,
    "hour": 12,
    "minute": 25,
    "temp": 28.452009925558208,
    "ntu": 389.2630272952854
}