{
    "year": 2021,
    "month": 5,
    "day": 30,
    "hour": 14,
    "minute": 20,
    "temp": 28.150572139303403,
    "ntu": 676.955223880597
}