{
    "year": 2021,
    "month": 5,
    "day": 2,
    "hour": 12,
    "minute": 35,
    "temp": 30.10831265508703,
    "ntu": 622.8039702233251
}