{
    "year": 2021,
    "month": 6,
    "day": 9,
    "hour": 0,
    "minute": 45,
    "temp": 28.427014925373246,
    "ntu": -7.300995024875622
}