{
    "year": 2021,
    "month": 6,
    "day": 16,
    "hour": 22,
    "minute": 20,
    "temp": 28.21731343283586,
    "ntu": 485.6517412935323
}