{
    "year": 2021,
    "month": 6,
    "day": 21,
    "hour": 21,
    "minute": 25,
    "temp": 28.601446384039757,
    "ntu": 399.5062344139651
}