{
    "year": 2021,
    "month": 5,
    "day": 16,
    "hour": 18,
    "minute": 0,
    "temp": 31.256104218362253,
    "ntu": 764.3920595533499
}