{
    "year": 2021,
    "month": 5,
    "day": 26,
    "hour": 19,
    "minute": 5,
    "temp": 28.316253101737008,
    "ntu": 779.2655086848636
}