{
    "year": 2021,
    "month": 6,
    "day": 20,
    "hour": 6,
    "minute": 10,
    "temp": 28.380773067331734,
    "ntu": -29.346633416458854
}