{
    "year": 2021,
    "month": 6,
    "day": 19,
    "hour": 17,
    "minute": 15,
    "temp": 28.455223880597025,
    "ntu": 376.61442786069654
}