{
    "year": 2021,
    "month": 6,
    "day": 12,
    "hour": 17,
    "minute": 45,
    "temp": 28.82313432835818,
    "ntu": 364.05970149253733
}