{
    "year": 2021,
    "month": 6,
    "day": 25,
    "hour": 23,
    "minute": 30,
    "temp": 28.289850746268712,
    "ntu": 548.1542288557214
}