{
    "year": 2021,
    "month": 5,
    "day": 14,
    "hour": 15,
    "minute": 5,
    "temp": 31.87300248138969,
    "ntu": 780.9627791563275
}