{
    "year": 2021,
    "month": 6,
    "day": 13,
    "hour": 0,
    "minute": 20,
    "temp": 28.483771712158923,
    "ntu": 397.9454094292804
}