{
    "year": 2021,
    "month": 5,
    "day": 8,
    "hour": 13,
    "minute": 25,
    "temp": 30.8489552238805,
    "ntu": 722.7636815920398
}