{
    "year": 2021,
    "month": 6,
    "day": 4,
    "hour": 13,
    "minute": 45,
    "temp": 28.34141439205944,
    "ntu": 481.25062034739454
}