{
    "year": 2021,
    "month": 6,
    "day": 30,
    "hour": 18,
    "minute": 25,
    "temp": 28.865671641791135,
    "ntu": 337.7587064676617
}