{
    "year": 2021,
    "month": 6,
    "day": 3,
    "hour": 18,
    "minute": 0,
    "temp": 28.83200992555856,
    "ntu": 444.40694789081886
}