{
    "year": 2021,
    "month": 6,
    "day": 10,
    "hour": 22,
    "minute": 10,
    "temp": 28.54625310173724,
    "ntu": 507.8759305210918
}