{
    "year": 2021,
    "month": 6,
    "day": 20,
    "hour": 4,
    "minute": 0,
    "temp": 28.631122194513825,
    "ntu": -21.301745635910226
}