{
    "year": 2021,
    "month": 6,
    "day": 14,
    "hour": 7,
    "minute": 25,
    "temp": 28.120173697270626,
    "ntu": -266.8163771712159
}