{
    "year": 2021,
    "month": 5,
    "day": 16,
    "hour": 5,
    "minute": 15,
    "temp": 29.98228287841204,
    "ntu": 57.93796526054591
}