{
    "year": 2021,
    "month": 5,
    "day": 1,
    "hour": 15,
    "minute": 50,
    "temp": 29.822357320099496,
    "ntu": 690.5831265508685
}