{
    "year": 2021,
    "month": 6,
    "day": 17,
    "hour": 10,
    "minute": 25,
    "temp": 28.671666666666514,
    "ntu": 383.51741293532336
}