{
    "year": 2021,
    "month": 5,
    "day": 1,
    "hour": 2,
    "minute": 15,
    "temp": 30.043176178660314,
    "ntu": 668.317617866005
}