{
    "year": 2021,
    "month": 6,
    "day": 4,
    "hour": 17,
    "minute": 5,
    "temp": 28.580545905707144,
    "ntu": 451.258064516129
}