{
    "year": 2021,
    "month": 6,
    "day": 25,
    "hour": 8,
    "minute": 10,
    "temp": 28.59492537313419,
    "ntu": -22.395522388059703
}