{
    "year": 2021,
    "month": 5,
    "day": 12,
    "hour": 13,
    "minute": 50,
    "temp": 30.350595533498982,
    "ntu": 778.6476426799007
}