{
    "year": 2021,
    "month": 6,
    "day": 19,
    "hour": 12,
    "minute": 45,
    "temp": 28.965361596009945,
    "ntu": 375.42394014962593
}