{
    "year": 2021,
    "month": 5,
    "day": 8,
    "hour": 14,
    "minute": 15,
    "temp": 30.004455445544643,
    "ntu": 751.2029702970297
}