{
    "year": 2021,
    "month": 5,
    "day": 26,
    "hour": 9,
    "minute": 15,
    "temp": 28.763582089552273,
    "ntu": 720.1268656716418
}