{
    "year": 2021,
    "month": 5,
    "day": 24,
    "hour": 3,
    "minute": 0,
    "temp": 28.803300248139067,
    "ntu": 2.7146401985111663
}