{
    "year": 2021,
    "month": 5,
    "day": 6,
    "hour": 17,
    "minute": 35,
    "temp": 29.112208436724387,
    "ntu": 829.5037220843673
}