{
    "year": 2021,
    "month": 5,
    "day": 24,
    "hour": 18,
    "minute": 55,
    "temp": 28.903151364764287,
    "ntu": 722.3424317617867
}