{
    "year": 2021,
    "month": 5,
    "day": 6,
    "hour": 19,
    "minute": 45,
    "temp": 30.163995037221003,
    "ntu": 888.3523573200993
}