{
    "year": 2021,
    "month": 5,
    "day": 7,
    "hour": 14,
    "minute": 55,
    "temp": 29.704378109452588,
    "ntu": 782.3308457711443
}