{
    "year": 2021,
    "month": 5,
    "day": 25,
    "hour": 23,
    "minute": 50,
    "temp": 27.437196029776718,
    "ntu": 6.205955334987593
}