{
    "year": 2021,
    "month": 5,
    "day": 16,
    "hour": 1,
    "minute": 0,
    "temp": 30.497096774193732,
    "ntu": -2.2456575682382134
}