{
    "year": 2021,
    "month": 5,
    "day": 12,
    "hour": 17,
    "minute": 15,
    "temp": 29.59558312655074,
    "ntu": 810.2928039702233
}