{
    "year": 2021,
    "month": 5,
    "day": 23,
    "hour": 0,
    "minute": 0,
    "temp": 28.8783622828784,
    "ntu": 6.580645161290323
}