{
    "year": 2021,
    "month": 6,
    "day": 18,
    "hour": 16,
    "minute": 50,
    "temp": 28.657263681592198,
    "ntu": 382.228855721393
}