{
    "year": 2021,
    "month": 5,
    "day": 17,
    "hour": 2,
    "minute": 55,
    "temp": 30.887642679900626,
    "ntu": -1.8089330024813897
}