{
    "year": 2021,
    "month": 6,
    "day": 28,
    "hour": 4,
    "minute": 0,
    "temp": 27.99791044776121,
    "ntu": -45.08955223880597
}