{
    "year": 2021,
    "month": 6,
    "day": 18,
    "hour": 18,
    "minute": 30,
    "temp": 28.80506234413969,
    "ntu": 391.4862842892768
}