{
    "year": 2021,
    "month": 6,
    "day": 26,
    "hour": 17,
    "minute": 40,
    "temp": 28.690149625935184,
    "ntu": 479.77556109725685
}