{
    "year": 2021,
    "month": 6,
    "day": 13,
    "hour": 14,
    "minute": 55,
    "temp": 28.682014925373192,
    "ntu": 260.6467661691542
}