{
    "year": 2021,
    "month": 6,
    "day": 10,
    "hour": 22,
    "minute": 15,
    "temp": 28.78601990049772,
    "ntu": 506.42537313432837
}