{
    "year": 2021,
    "month": 5,
    "day": 11,
    "hour": 11,
    "minute": 10,
    "temp": 30.511467661691654,
    "ntu": 487.05223880597015
}