{
    "year": 2021,
    "month": 5,
    "day": 1,
    "hour": 10,
    "minute": 45,
    "temp": 30.553002481389527,
    "ntu": 275.62531017369724
}