{
    "year": 2021,
    "month": 6,
    "day": 30,
    "hour": 3,
    "minute": 5,
    "temp": 28.559401496259383,
    "ntu": -15.441396508728179
}