{
    "year": 2021,
    "month": 6,
    "day": 17,
    "hour": 2,
    "minute": 35,
    "temp": 29.36775561097242,
    "ntu": -5.541147132169576
}