{
    "year": 2021,
    "month": 5,
    "day": 1,
    "hour": 20,
    "minute": 10,
    "temp": 30.144962779156405,
    "ntu": 764.0372208436725
}