{
    "year": 2021,
    "month": 4,
    "day": 29,
    "hour": 15,
    "minute": 35,
    "temp": 29.354764267989918,
    "ntu": 830.1761786600496
}