{
    "year": 2021,
    "month": 5,
    "day": 3,
    "hour": 9,
    "minute": 35,
    "temp": 30.214689826302603,
    "ntu": 618.1265508684863
}