{
    "year": 2021,
    "month": 5,
    "day": 26,
    "hour": 20,
    "minute": 5,
    "temp": 29.006253101736966,
    "ntu": 777.5086848635236
}