{
    "year": 2021,
    "month": 5,
    "day": 9,
    "hour": 13,
    "minute": 15,
    "temp": 30.983622828784213,
    "ntu": 778.0496277915632
}