{
    "year": 2021,
    "month": 6,
    "day": 30,
    "hour": 7,
    "minute": 5,
    "temp": 28.658927680798154,
    "ntu": -64.11720698254364
}