{
    "year": 2021,
    "month": 6,
    "day": 21,
    "hour": 15,
    "minute": 35,
    "temp": 28.01537313432835,
    "ntu": 361.62935323383084
}