{
    "year": 2021,
    "month": 6,
    "day": 2,
    "hour": 13,
    "minute": 40,
    "temp": 29.029925558312705,
    "ntu": 420.11414392059555
}