{
    "year": 2021,
    "month": 4,
    "day": 29,
    "hour": 6,
    "minute": 20,
    "temp": 24.70548387096769,
    "ntu": 813.6104218362283
}