{
    "year": 2021,
    "month": 6,
    "day": 27,
    "hour": 10,
    "minute": 50,
    "temp": 28.79037406483822,
    "ntu": 474.06733167082297
}