{
    "year": 2021,
    "month": 5,
    "day": 16,
    "hour": 13,
    "minute": 35,
    "temp": 31.239752475247435,
    "ntu": 763.0074257425742
}