{
    "year": 2021,
    "month": 5,
    "day": 27,
    "hour": 3,
    "minute": 35,
    "temp": 28.908855721393127,
    "ntu": 3.4950248756218905
}