{
    "year": 2021,
    "month": 5,
    "day": 27,
    "hour": 11,
    "minute": 15,
    "temp": 28.901066997518747,
    "ntu": 746.789081885856
}