{
    "year": 2021,
    "month": 7,
    "day": 2,
    "hour": 5,
    "minute": 20,
    "temp": 27.84546134663358,
    "ntu": -115.23690773067332
}