{
    "year": 2021,
    "month": 6,
    "day": 2,
    "hour": 21,
    "minute": 50,
    "temp": 28.560746268656747,
    "ntu": 536.9527363184079
}