{
    "year": 2021,
    "month": 5,
    "day": 11,
    "hour": 3,
    "minute": 55,
    "temp": 29.878709677419344,
    "ntu": 208.27791563275434
}