{
    "year": 2021,
    "month": 5,
    "day": 17,
    "hour": 10,
    "minute": 10,
    "temp": 31.62853598014884,
    "ntu": 752.2158808933002
}