{
    "year": 2021,
    "month": 6,
    "day": 9,
    "hour": 18,
    "minute": 20,
    "temp": 28.945820895522413,
    "ntu": 469.84328358208955
}