{
    "year": 2021,
    "month": 6,
    "day": 5,
    "hour": 14,
    "minute": 50,
    "temp": 29.049727047146458,
    "ntu": 445.2803970223325
}