{
    "year": 2021,
    "month": 6,
    "day": 18,
    "hour": 9,
    "minute": 5,
    "temp": 28.918304239401614,
    "ntu": 82.92518703241895
}