{
    "year": 2021,
    "month": 6,
    "day": 25,
    "hour": 1,
    "minute": 50,
    "temp": 27.82298507462684,
    "ntu": -3.7064676616915424
}