{
    "year": 2021,
    "month": 6,
    "day": 19,
    "hour": 8,
    "minute": 55,
    "temp": 29.15334164588547,
    "ntu": 85.91521197007481
}