{
    "year": 2021,
    "month": 6,
    "day": 29,
    "hour": 21,
    "minute": 5,
    "temp": 28.81417910447758,
    "ntu": 530.1965174129353
}