{
    "year": 2021,
    "month": 6,
    "day": 21,
    "hour": 8,
    "minute": 15,
    "temp": 28.536119402985154,
    "ntu": 68.87562189054727
}