{
    "year": 2021,
    "month": 5,
    "day": 17,
    "hour": 12,
    "minute": 50,
    "temp": 31.400992555831213,
    "ntu": 787.4119106699752
}