{
    "year": 2021,
    "month": 6,
    "day": 3,
    "hour": 17,
    "minute": 55,
    "temp": 28.61691542288565,
    "ntu": 441.8258706467662
}