{
    "year": 2021,
    "month": 7,
    "day": 2,
    "hour": 9,
    "minute": 45,
    "temp": 28.12313432835836,
    "ntu": 347.68905472636817
}