{
    "year": 2021,
    "month": 5,
    "day": 16,
    "hour": 18,
    "minute": 30,
    "temp": 31.6912623762375,
    "ntu": 770.730198019802
}