{
    "year": 2021,
    "month": 6,
    "day": 8,
    "hour": 21,
    "minute": 25,
    "temp": 28.891567164179087,
    "ntu": 525.8432835820895
}