{
    "year": 2021,
    "month": 6,
    "day": 24,
    "hour": 18,
    "minute": 10,
    "temp": 29.046119402985074,
    "ntu": 337.90547263681594
}