{
    "year": 2021,
    "month": 6,
    "day": 6,
    "hour": 9,
    "minute": 15,
    "temp": 28.640970149253672,
    "ntu": 459.7686567164179
}