{
    "year": 2021,
    "month": 5,
    "day": 3,
    "hour": 22,
    "minute": 25,
    "temp": 29.39267326732661,
    "ntu": -0.7351485148514851
}