{
    "year": 2021,
    "month": 4,
    "day": 30,
    "hour": 18,
    "minute": 35,
    "temp": 29.72166253101722,
    "ntu": 612.2258064516129
}