{
    "year": 2021,
    "month": 5,
    "day": 15,
    "hour": 21,
    "minute": 40,
    "temp": 31.872928039702394,
    "ntu": 807.63523573201
}