{
    "year": 2021,
    "month": 5,
    "day": 31,
    "hour": 0,
    "minute": 45,
    "temp": 28.096129032257934,
    "ntu": -5.481389578163772
}