{
    "year": 2021,
    "month": 5,
    "day": 9,
    "hour": 16,
    "minute": 5,
    "temp": 30.706575682382223,
    "ntu": 756.7394540942928
}