{
    "year": 2021,
    "month": 6,
    "day": 25,
    "hour": 9,
    "minute": 45,
    "temp": 29.058802992518686,
    "ntu": 307.857855361596
}