{
    "year": 2021,
    "month": 5,
    "day": 17,
    "hour": 0,
    "minute": 10,
    "temp": 30.080173697270503,
    "ntu": -2.575682382133995
}