{
    "year": 2021,
    "month": 5,
    "day": 25,
    "hour": 4,
    "minute": 15,
    "temp": 28.86111662531004,
    "ntu": 14.275434243176178
}