{
    "year": 2021,
    "month": 6,
    "day": 17,
    "hour": 15,
    "minute": 35,
    "temp": 28.536194029851025,
    "ntu": 375.8805970149254
}