{
    "year": 2021,
    "month": 5,
    "day": 12,
    "hour": 15,
    "minute": 25,
    "temp": 29.03781637717129,
    "ntu": 809.3846153846154
}