{
    "year": 2021,
    "month": 5,
    "day": 16,
    "hour": 22,
    "minute": 10,
    "temp": 31.21713930348241,
    "ntu": 817.0298507462686
}