{
    "year": 2021,
    "month": 6,
    "day": 21,
    "hour": 2,
    "minute": 55,
    "temp": 28.869551122194682,
    "ntu": -5.062344139650873
}