{
    "year": 2021,
    "month": 5,
    "day": 15,
    "hour": 3,
    "minute": 20,
    "temp": 29.676476426799137,
    "ntu": -1.5806451612903225
}