{
    "year": 2021,
    "month": 6,
    "day": 5,
    "hour": 12,
    "minute": 25,
    "temp": 28.141538461538644,
    "ntu": 490.6228287841191
}