{
    "year": 2021,
    "month": 5,
    "day": 3,
    "hour": 7,
    "minute": 50,
    "temp": 30.41017369727064,
    "ntu": 753.4888337468983
}