{
    "year": 2021,
    "month": 5,
    "day": 10,
    "hour": 0,
    "minute": 40,
    "temp": 29.18684863523571,
    "ntu": -0.8337468982630273
}