{
    "year": 2021,
    "month": 5,
    "day": 19,
    "hour": 15,
    "minute": 45,
    "temp": 30.65975124378114,
    "ntu": 459.35820895522386
}