{
    "year": 2021,
    "month": 6,
    "day": 14,
    "hour": 4,
    "minute": 40,
    "temp": 28.790049627791863,
    "ntu": -84.85856079404466
}