{
    "year": 2021,
    "month": 5,
    "day": 20,
    "hour": 21,
    "minute": 30,
    "temp": 30.470621890547196,
    "ntu": 517.7537313432836
}