{
    "year": 2021,
    "month": 5,
    "day": 3,
    "hour": 19,
    "minute": 40,
    "temp": 30.92176178660063,
    "ntu": 727.1439205955335
}