{
    "year": 2021,
    "month": 5,
    "day": 16,
    "hour": 6,
    "minute": 50,
    "temp": 31.59111662531037,
    "ntu": 792.4491315136477
}