{
    "year": 2021,
    "month": 6,
    "day": 27,
    "hour": 3,
    "minute": 10,
    "temp": 28.68631840796026,
    "ntu": -13.034825870646767
}