{
    "year": 2021,
    "month": 5,
    "day": 28,
    "hour": 22,
    "minute": 30,
    "temp": 28.776799007444197,
    "ntu": 812.0297766749379
}