{
    "year": 2021,
    "month": 4,
    "day": 10,
    "hour": 18,
    "minute": 59,
    "temp": 29.87,
    "tds": 1189.1237500000004,
    "ph": 5.526875,
    "ntu": 3000.0
}