{
    "year": 2021,
    "month": 5,
    "day": 12,
    "hour": 15,
    "minute": 50,
    "temp": 29.75369727047136,
    "ntu": 790.6600496277915
}