{
    "year": 2021,
    "month": 5,
    "day": 24,
    "hour": 3,
    "minute": 45,
    "temp": 27.316550868486438,
    "ntu": 0.017369727047146403
}