{
    "year": 2021,
    "month": 6,
    "day": 29,
    "hour": 1,
    "minute": 50,
    "temp": 28.05194029850752,
    "ntu": -9.323383084577115
}