{
    "year": 2021,
    "month": 6,
    "day": 18,
    "hour": 14,
    "minute": 40,
    "temp": 28.899675810474,
    "ntu": 390.84039900249377
}