{
    "year": 2021,
    "month": 6,
    "day": 29,
    "hour": 22,
    "minute": 20,
    "temp": 28.370000000000157,
    "ntu": 543.8653366583541
}