{
    "year": 2021,
    "month": 6,
    "day": 2,
    "hour": 17,
    "minute": 10,
    "temp": 28.53409429280403,
    "ntu": 376.6302729528536
}