{
    "year": 2021,
    "month": 5,
    "day": 19,
    "hour": 12,
    "minute": 30,
    "temp": 31.023225806451645,
    "ntu": 436.30521091811414
}