{
    "year": 2021,
    "month": 5,
    "day": 14,
    "hour": 10,
    "minute": 45,
    "temp": 31.94731343283574,
    "ntu": 721.3233830845771
}