{
    "year": 2021,
    "month": 5,
    "day": 19,
    "hour": 13,
    "minute": 25,
    "temp": 30.365955334987646,
    "ntu": 427.53101736972707
}