{
    "year": 2021,
    "month": 5,
    "day": 13,
    "hour": 23,
    "minute": 35,
    "temp": 30.501293532338256,
    "ntu": -1.599502487562189
}