{
    "year": 2021,
    "month": 5,
    "day": 1,
    "hour": 8,
    "minute": 50,
    "temp": 24.475434243176153,
    "ntu": 333.81885856079407
}