{
    "year": 2021,
    "month": 5,
    "day": 6,
    "hour": 10,
    "minute": 5,
    "temp": 30.93660049627795,
    "ntu": 779.4267990074442
}