{
    "year": 2021,
    "month": 6,
    "day": 8,
    "hour": 6,
    "minute": 15,
    "temp": 28.256716417910457,
    "ntu": -162.16169154228857
}