{
    "year": 2021,
    "month": 6,
    "day": 4,
    "hour": 2,
    "minute": 10,
    "temp": 27.99432835820907,
    "ntu": -7.470149253731344
}