{
    "year": 2021,
    "month": 5,
    "day": 12,
    "hour": 1,
    "minute": 5,
    "temp": 29.550794044665185,
    "ntu": -0.0794044665012407
}