{
    "year": 2021,
    "month": 6,
    "day": 30,
    "hour": 6,
    "minute": 0,
    "temp": 28.047910447761282,
    "ntu": -99.59701492537313
}