{
    "year": 2021,
    "month": 6,
    "day": 24,
    "hour": 21,
    "minute": 50,
    "temp": 28.00014925373134,
    "ntu": 357.6318407960199
}