{
    "year": 2021,
    "month": 6,
    "day": 17,
    "hour": 9,
    "minute": 0,
    "temp": 28.909154228855876,
    "ntu": 74.83582089552239
}