{
    "year": 2021,
    "month": 6,
    "day": 14,
    "hour": 0,
    "minute": 30,
    "temp": 28.22114427860701,
    "ntu": 194.8084577114428
}