{
    "year": 2021,
    "month": 6,
    "day": 19,
    "hour": 6,
    "minute": 10,
    "temp": 28.29922693266865,
    "ntu": -27.56359102244389
}