{
    "year": 2021,
    "month": 5,
    "day": 12,
    "hour": 15,
    "minute": 55,
    "temp": 29.93077114427847,
    "ntu": 790.6940298507462
}