{
    "year": 2021,
    "month": 5,
    "day": 6,
    "hour": 20,
    "minute": 35,
    "temp": 29.014292803970115,
    "ntu": 871.6848635235732
}