{
    "year": 2021,
    "month": 6,
    "day": 27,
    "hour": 9,
    "minute": 50,
    "temp": 28.2262094763093,
    "ntu": 476.354114713217
}