{
    "year": 2021,
    "month": 5,
    "day": 7,
    "hour": 1,
    "minute": 50,
    "temp": 28.88888337468969,
    "ntu": -0.10918114143920596
}