{
    "year": 2021,
    "month": 6,
    "day": 19,
    "hour": 16,
    "minute": 25,
    "temp": 28.718877805486127,
    "ntu": 351.0947630922693
}