{
    "year": 2021,
    "month": 6,
    "day": 23,
    "hour": 13,
    "minute": 5,
    "temp": 29.023491271820404,
    "ntu": 374.08977556109727
}