{
    "year": 2021,
    "month": 6,
    "day": 24,
    "hour": 17,
    "minute": 20,
    "temp": 28.059999999999988,
    "ntu": 318.69154228855723
}