{
    "year": 2021,
    "month": 6,
    "day": 9,
    "hour": 17,
    "minute": 20,
    "temp": 28.176417910447828,
    "ntu": 465.547263681592
}