{
    "year": 2021,
    "month": 6,
    "day": 26,
    "hour": 5,
    "minute": 15,
    "temp": 28.382512437811062,
    "ntu": -57.29353233830846
}