{
    "year": 2021,
    "month": 5,
    "day": 26,
    "hour": 22,
    "minute": 45,
    "temp": 28.019950372208424,
    "ntu": 743.1141439205956
}