{
    "year": 2021,
    "month": 6,
    "day": 10,
    "hour": 6,
    "minute": 55,
    "temp": 28.561492537313505,
    "ntu": -136.5820895522388
}