{
    "year": 2021,
    "month": 5,
    "day": 31,
    "hour": 0,
    "minute": 30,
    "temp": 28.493109452736416,
    "ntu": 563.8383084577115
}