{
    "year": 2021,
    "month": 5,
    "day": 4,
    "hour": 17,
    "minute": 55,
    "temp": 30.499552238805926,
    "ntu": 147.1417910447761
}