{
    "year": 2021,
    "month": 5,
    "day": 6,
    "hour": 3,
    "minute": 5,
    "temp": 28.14339950372199,
    "ntu": 0.1662531017369727
}