{
    "year": 2021,
    "month": 5,
    "day": 31,
    "hour": 22,
    "minute": 45,
    "temp": 28.94141439205962,
    "ntu": 520.6004962779157
}