{
    "year": 2021,
    "month": 6,
    "day": 12,
    "hour": 16,
    "minute": 40,
    "temp": 28.299429280397096,
    "ntu": 382.5260545905707
}