{
    "year": 2021,
    "month": 6,
    "day": 2,
    "hour": 9,
    "minute": 20,
    "temp": 28.581885856079357,
    "ntu": 382.0496277915633
}