{
    "year": 2021,
    "month": 5,
    "day": 6,
    "hour": 20,
    "minute": 45,
    "temp": 29.319404466501542,
    "ntu": 872.8610421836229
}