{
    "year": 2021,
    "month": 6,
    "day": 29,
    "hour": 19,
    "minute": 40,
    "temp": 28.060447761194016,
    "ntu": 485.5273631840796
}