{
    "year": 2021,
    "month": 6,
    "day": 13,
    "hour": 11,
    "minute": 25,
    "temp": 28.693034825870683,
    "ntu": 297.6318407960199
}