{
    "year": 2021,
    "month": 4,
    "day": 30,
    "hour": 17,
    "minute": 20,
    "temp": 29.17166253101723,
    "ntu": 820.2084367245658
}