{
    "year": 2021,
    "month": 6,
    "day": 26,
    "hour": 22,
    "minute": 0,
    "temp": 28.509875311720695,
    "ntu": 541.5211970074813
}