{
    "year": 2021,
    "month": 4,
    "day": 16,
    "hour": 0,
    "minute": 59,
    "temp": 28.37,
    "tds": 1194.5237499999998,
    "ph": 7.320937499999999,
    "ntu": 3000.0
}