{
    "year": 2021,
    "month": 5,
    "day": 7,
    "hour": 12,
    "minute": 5,
    "temp": 30.068188585608066,
    "ntu": 749.059553349876
}