{
    "year": 2021,
    "month": 5,
    "day": 16,
    "hour": 23,
    "minute": 10,
    "temp": 29.651439205955377,
    "ntu": -3.704714640198511
}