{
    "year": 2021,
    "month": 5,
    "day": 22,
    "hour": 20,
    "minute": 20,
    "temp": 28.70425373134332,
    "ntu": 393.28855721393035
}