{
    "year": 2021,
    "month": 6,
    "day": 25,
    "hour": 23,
    "minute": 25,
    "temp": 28.309999999999985,
    "ntu": 549.4588528678304
}