{
    "year": 2021,
    "month": 5,
    "day": 30,
    "hour": 17,
    "minute": 15,
    "temp": 28.298880597015238,
    "ntu": 662.3407960199005
}