{
    "year": 2021,
    "month": 6,
    "day": 27,
    "hour": 5,
    "minute": 30,
    "temp": 28.202064676616924,
    "ntu": -61.63681592039801
}