{
    "year": 2021,
    "month": 6,
    "day": 4,
    "hour": 7,
    "minute": 25,
    "temp": 27.677419354838797,
    "ntu": -257.9205955334988
}