{
    "year": 2021,
    "month": 4,
    "day": 30,
    "hour": 2,
    "minute": 40,
    "temp": 28.77270471464039,
    "ntu": 0.9330024813895782
}