{
    "year": 2021,
    "month": 5,
    "day": 3,
    "hour": 18,
    "minute": 55,
    "temp": 29.549032258064855,
    "ntu": 702.483870967742
}