{
    "year": 2021,
    "month": 6,
    "day": 18,
    "hour": 4,
    "minute": 45,
    "temp": 28.844079601989908,
    "ntu": -34.90547263681592
}