{
    "year": 2021,
    "month": 7,
    "day": 1,
    "hour": 19,
    "minute": 50,
    "temp": 28.84441396508717,
    "ntu": 359.4214463840399
}