{
    "year": 2021,
    "month": 6,
    "day": 8,
    "hour": 6,
    "minute": 35,
    "temp": 29.5745905707196,
    "ntu": -112.98511166253101
}