{
    "year": 2021,
    "month": 5,
    "day": 19,
    "hour": 2,
    "minute": 15,
    "temp": 29.826650124069566,
    "ntu": 121.37717121588089
}