{
    "year": 2021,
    "month": 6,
    "day": 18,
    "hour": 7,
    "minute": 25,
    "temp": 28.216633416458883,
    "ntu": 74.05486284289277
}