{
    "year": 2021,
    "month": 5,
    "day": 16,
    "hour": 17,
    "minute": 30,
    "temp": 31.502388059701612,
    "ntu": 828.3009950248756
}