{
    "year": 2021,
    "month": 5,
    "day": 26,
    "hour": 18,
    "minute": 25,
    "temp": 29.118138957816438,
    "ntu": 780.6600496277915
}