{
    "year": 2021,
    "month": 5,
    "day": 15,
    "hour": 23,
    "minute": 25,
    "temp": 28.879478908188695,
    "ntu": -3.203473945409429
}