{
    "year": 2021,
    "month": 5,
    "day": 1,
    "hour": 12,
    "minute": 35,
    "temp": 29.05409429280429,
    "ntu": 676.6600496277915
}