{
    "year": 2021,
    "month": 5,
    "day": 21,
    "hour": 6,
    "minute": 15,
    "temp": 29.58952853598024,
    "ntu": 37.00992555831265
}