{
    "year": 2021,
    "month": 5,
    "day": 18,
    "hour": 17,
    "minute": 20,
    "temp": 31.519701492537376,
    "ntu": 158.5497512437811
}