{
    "year": 2021,
    "month": 6,
    "day": 12,
    "hour": 17,
    "minute": 0,
    "temp": 28.037816377171307,
    "ntu": 365.04466501240694
}