{
    "year": 2021,
    "month": 5,
    "day": 25,
    "hour": 14,
    "minute": 20,
    "temp": 28.98094292803962,
    "ntu": 626.36476426799
}