{
    "year": 2021,
    "month": 6,
    "day": 18,
    "hour": 15,
    "minute": 45,
    "temp": 28.07167082294263,
    "ntu": 380.8379052369077
}