{
    "year": 2021,
    "month": 6,
    "day": 27,
    "hour": 1,
    "minute": 10,
    "temp": 28.513167082294263,
    "ntu": 546.5112219451372
}