{
    "year": 2021,
    "month": 6,
    "day": 13,
    "hour": 2,
    "minute": 0,
    "temp": 28.324179104477633,
    "ntu": -6.599502487562189
}