{
    "year": 2021,
    "month": 6,
    "day": 3,
    "hour": 11,
    "minute": 25,
    "temp": 28.075632754342426,
    "ntu": 426.6898263027295
}