{
    "year": 2021,
    "month": 6,
    "day": 9,
    "hour": 3,
    "minute": 5,
    "temp": 28.230719602977754,
    "ntu": -16.90074441687345
}