{
    "year": 2021,
    "month": 6,
    "day": 30,
    "hour": 18,
    "minute": 30,
    "temp": 28.812543640897733,
    "ntu": 338.70324189526184
}