{
    "year": 2021,
    "month": 4,
    "day": 30,
    "hour": 12,
    "minute": 20,
    "temp": 29.54925373134339,
    "ntu": 775.407960199005
}