{
    "year": 2021,
    "month": 6,
    "day": 25,
    "hour": 2,
    "minute": 20,
    "temp": 28.120199004975238,
    "ntu": -4.982587064676617
}