{
    "year": 2021,
    "month": 6,
    "day": 25,
    "hour": 13,
    "minute": 30,
    "temp": 28.915735660847755,
    "ntu": 311.9775561097257
}