{
    "year": 2021,
    "month": 5,
    "day": 5,
    "hour": 11,
    "minute": 45,
    "temp": 29.02411910669976,
    "ntu": 796.6253101736972
}