{
    "year": 2021,
    "month": 4,
    "day": 30,
    "hour": 15,
    "minute": 10,
    "temp": 29.845210918114372,
    "ntu": 817.8957816377172
}