{
    "year": 2021,
    "month": 5,
    "day": 30,
    "hour": 0,
    "minute": 15,
    "temp": 28.057220843672784,
    "ntu": 787.6873449131514
}