{
    "year": 2021,
    "month": 5,
    "day": 25,
    "hour": 5,
    "minute": 25,
    "temp": 28.093200992555776,
    "ntu": 86.54342431761786
}