{
    "year": 2021,
    "month": 6,
    "day": 29,
    "hour": 8,
    "minute": 0,
    "temp": 28.158830845771284,
    "ntu": -13.95273631840796
}