{
    "year": 2021,
    "month": 5,
    "day": 12,
    "hour": 7,
    "minute": 45,
    "temp": 29.663821339950438,
    "ntu": 852.2258064516129
}