{
    "year": 2021,
    "month": 5,
    "day": 14,
    "hour": 15,
    "minute": 55,
    "temp": 31.968511166253045,
    "ntu": 773.6327543424318
}