{
    "year": 2021,
    "month": 5,
    "day": 13,
    "hour": 13,
    "minute": 15,
    "temp": 29.184069478908285,
    "ntu": 838.7965260545906
}