{
    "year": 2021,
    "month": 6,
    "day": 26,
    "hour": 23,
    "minute": 5,
    "temp": 28.12677419354855,
    "ntu": 546.2258064516129
}