{
    "year": 2021,
    "month": 6,
    "day": 21,
    "hour": 15,
    "minute": 30,
    "temp": 28.059999999999988,
    "ntu": 362.26683291770576
}