{
    "year": 2021,
    "month": 6,
    "day": 8,
    "hour": 7,
    "minute": 40,
    "temp": 28.13717121588097,
    "ntu": -96.9454094292804
}