{
    "year": 2021,
    "month": 6,
    "day": 23,
    "hour": 14,
    "minute": 55,
    "temp": 28.059999999999988,
    "ntu": 335.76119402985074
}