{
    "year": 2021,
    "month": 6,
    "day": 12,
    "hour": 14,
    "minute": 20,
    "temp": 28.779032258064554,
    "ntu": 351.7468982630273
}