{
    "year": 2021,
    "month": 6,
    "day": 10,
    "hour": 6,
    "minute": 40,
    "temp": 28.738982630272833,
    "ntu": -114.16873449131513
}