{
    "year": 2021,
    "month": 6,
    "day": 27,
    "hour": 10,
    "minute": 40,
    "temp": 28.27234413965111,
    "ntu": 479.76059850374065
}