{
    "year": 2021,
    "month": 5,
    "day": 24,
    "hour": 15,
    "minute": 45,
    "temp": 28.260124069478824,
    "ntu": 653.9230769230769
}