{
    "year": 2021,
    "month": 6,
    "day": 23,
    "hour": 2,
    "minute": 0,
    "temp": 29.048123515439638,
    "ntu": 0.6983372921615202
}