{
    "year": 2021,
    "month": 5,
    "day": 27,
    "hour": 21,
    "minute": 35,
    "temp": 28.316401985111717,
    "ntu": 775.4987593052109
}