{
    "year": 2021,
    "month": 6,
    "day": 28,
    "hour": 20,
    "minute": 35,
    "temp": 28.945820895522413,
    "ntu": 513.4378109452737
}