{
    "year": 2021,
    "month": 5,
    "day": 15,
    "hour": 15,
    "minute": 35,
    "temp": 31.71580645161301,
    "ntu": 770.516129032258
}