{
    "year": 2021,
    "month": 5,
    "day": 25,
    "hour": 20,
    "minute": 35,
    "temp": 28.30149253731372,
    "ntu": 740.7661691542288
}