{
    "year": 2021,
    "month": 5,
    "day": 16,
    "hour": 13,
    "minute": 55,
    "temp": 31.446766169154305,
    "ntu": 765.360696517413
}