{
    "year": 2021,
    "month": 6,
    "day": 27,
    "hour": 16,
    "minute": 25,
    "temp": 28.26671641791046,
    "ntu": 479.8830845771144
}