{
    "year": 2021,
    "month": 6,
    "day": 30,
    "hour": 20,
    "minute": 25,
    "temp": 28.152817955112365,
    "ntu": 339.6384039900249
}