{
    "year": 2021,
    "month": 6,
    "day": 14,
    "hour": 6,
    "minute": 30,
    "temp": 28.077064676616878,
    "ntu": -177.75621890547265
}