{
    "year": 2021,
    "month": 5,
    "day": 21,
    "hour": 1,
    "minute": 40,
    "temp": 28.546600496278,
    "ntu": 1.9925558312655087
}