{
    "year": 2021,
    "month": 6,
    "day": 28,
    "hour": 12,
    "minute": 50,
    "temp": 28.92223880597025,
    "ntu": 500.5771144278607
}