{
    "year": 2021,
    "month": 6,
    "day": 29,
    "hour": 17,
    "minute": 0,
    "temp": 28.898034825870823,
    "ntu": 477.3805970149254
}