{
    "year": 2021,
    "month": 5,
    "day": 18,
    "hour": 15,
    "minute": 10,
    "temp": 31.00312655086846,
    "ntu": 152.7940446650124
}