{
    "year": 2021,
    "month": 6,
    "day": 14,
    "hour": 3,
    "minute": 0,
    "temp": 28.470149253731403,
    "ntu": -14.176616915422885
}