{
    "year": 2021,
    "month": 5,
    "day": 22,
    "hour": 10,
    "minute": 50,
    "temp": 28.9404466501241,
    "ntu": 21.523573200992555
}