{
    "year": 2021,
    "month": 6,
    "day": 4,
    "hour": 5,
    "minute": 25,
    "temp": 27.63059553349873,
    "ntu": -131.43424317617865
}