{
    "year": 2021,
    "month": 5,
    "day": 24,
    "hour": 19,
    "minute": 10,
    "temp": 29.06133995037221,
    "ntu": 668.3548387096774
}