{
    "year": 2021,
    "month": 6,
    "day": 2,
    "hour": 18,
    "minute": 40,
    "temp": 28.63957816377187,
    "ntu": 404.3920595533499
}