{
    "year": 2021,
    "month": 5,
    "day": 8,
    "hour": 10,
    "minute": 0,
    "temp": 30.543880597015043,
    "ntu": 764.5970149253732
}