{
    "year": 2021,
    "month": 5,
    "day": 20,
    "hour": 18,
    "minute": 0,
    "temp": 30.25473945409427,
    "ntu": 512.5186104218362
}