{
    "year": 2021,
    "month": 6,
    "day": 3,
    "hour": 8,
    "minute": 0,
    "temp": 28.496567164179226,
    "ntu": -243.77611940298507
}