{
    "year": 2021,
    "month": 5,
    "day": 20,
    "hour": 2,
    "minute": 25,
    "temp": 28.912183622828678,
    "ntu": -0.34739454094292804
}