{
    "year": 2021,
    "month": 5,
    "day": 4,
    "hour": 2,
    "minute": 25,
    "temp": 29.734094292804034,
    "ntu": -0.2456575682382134
}