{
    "year": 2021,
    "month": 6,
    "day": 30,
    "hour": 12,
    "minute": 50,
    "temp": 28.146293532338447,
    "ntu": 478.5771144278607
}