{
    "year": 2021,
    "month": 5,
    "day": 22,
    "hour": 14,
    "minute": 20,
    "temp": 28.00923076923069,
    "ntu": 338.70223325062034
}