{
    "year": 2021,
    "month": 6,
    "day": 14,
    "hour": 12,
    "minute": 55,
    "temp": 28.687220843672502,
    "ntu": 249.53101736972704
}