{
    "year": 2021,
    "month": 6,
    "day": 23,
    "hour": 23,
    "minute": 0,
    "temp": 28.809999999999977,
    "ntu": 351.63591022443893
}