{
    "year": 2021,
    "month": 6,
    "day": 8,
    "hour": 15,
    "minute": 15,
    "temp": 28.950870646766198,
    "ntu": 444.85074626865674
}