{
    "year": 2021,
    "month": 6,
    "day": 25,
    "hour": 1,
    "minute": 15,
    "temp": 28.059999999999988,
    "ntu": 365.8532338308458
}