{
    "year": 2021,
    "month": 5,
    "day": 23,
    "hour": 9,
    "minute": 45,
    "temp": 28.84114143920583,
    "ntu": 282.8709677419355
}