{
    "year": 2021,
    "month": 5,
    "day": 8,
    "hour": 4,
    "minute": 20,
    "temp": 30.41692307692312,
    "ntu": -0.39950372208436724
}