{
    "year": 2021,
    "month": 5,
    "day": 26,
    "hour": 6,
    "minute": 40,
    "temp": 28.84500000000007,
    "ntu": 58.17164179104478
}