{
    "year": 2021,
    "month": 6,
    "day": 1,
    "hour": 2,
    "minute": 15,
    "temp": 27.730149253731444,
    "ntu": -8.960199004975124
}