{
    "year": 2021,
    "month": 6,
    "day": 29,
    "hour": 13,
    "minute": 25,
    "temp": 28.75611940298507,
    "ntu": 475.46019900497515
}