{
    "year": 2021,
    "month": 5,
    "day": 23,
    "hour": 17,
    "minute": 40,
    "temp": 28.51002487562196,
    "ntu": 429.181592039801
}