{
    "year": 2021,
    "month": 5,
    "day": 18,
    "hour": 10,
    "minute": 0,
    "temp": 31.734626865671803,
    "ntu": 67.1592039800995
}