{
    "year": 2021,
    "month": 6,
    "day": 20,
    "hour": 3,
    "minute": 15,
    "temp": 28.2188059701493,
    "ntu": -7.706467661691542
}