{
    "year": 2021,
    "month": 5,
    "day": 23,
    "hour": 12,
    "minute": 45,
    "temp": 28.60466501240677,
    "ntu": 249.90818858560795
}