{
    "year": 2021,
    "month": 4,
    "day": 29,
    "hour": 10,
    "minute": 0,
    "temp": 24.925860349127124,
    "ntu": 506.1047381546135
}