{
    "year": 2021,
    "month": 6,
    "day": 5,
    "hour": 2,
    "minute": 15,
    "temp": 28.006848635235755,
    "ntu": -8.38213399503722
}