{
    "year": 2021,
    "month": 6,
    "day": 24,
    "hour": 8,
    "minute": 20,
    "temp": 28.517761194029845,
    "ntu": -65.56218905472637
}