{
    "year": 2021,
    "month": 5,
    "day": 17,
    "hour": 0,
    "minute": 55,
    "temp": 30.748933002481596,
    "ntu": -2.3176178660049627
}