{
    "year": 2021,
    "month": 5,
    "day": 8,
    "hour": 6,
    "minute": 0,
    "temp": 28.378411910669822,
    "ntu": 42.265508684863526
}