{
    "year": 2021,
    "month": 7,
    "day": 2,
    "hour": 3,
    "minute": 35,
    "temp": 28.95750623441398,
    "ntu": -36.36658354114713
}