{
    "year": 2021,
    "month": 6,
    "day": 26,
    "hour": 10,
    "minute": 45,
    "temp": 28.305062344139664,
    "ntu": 494.8778054862843
}