{
    "year": 2021,
    "month": 6,
    "day": 29,
    "hour": 20,
    "minute": 10,
    "temp": 28.159154228855588,
    "ntu": 484.5074626865672
}