{
    "year": 2021,
    "month": 5,
    "day": 30,
    "hour": 7,
    "minute": 0,
    "temp": 28.48024875621899,
    "ntu": 37.1044776119403
}