{
    "year": 2021,
    "month": 5,
    "day": 5,
    "hour": 22,
    "minute": 55,
    "temp": 28.179553349876024,
    "ntu": -0.09925558312655088
}