{
    "year": 2021,
    "month": 4,
    "day": 29,
    "hour": 22,
    "minute": 45,
    "temp": 29.2021339950373,
    "ntu": 864.1538461538462
}