{
    "year": 2021,
    "month": 5,
    "day": 25,
    "hour": 9,
    "minute": 10,
    "temp": 28.733945409429246,
    "ntu": 680.908188585608
}