{
    "year": 2021,
    "month": 6,
    "day": 20,
    "hour": 3,
    "minute": 25,
    "temp": 28.054477611940342,
    "ntu": -11.199004975124378
}