{
    "year": 2021,
    "month": 5,
    "day": 17,
    "hour": 0,
    "minute": 5,
    "temp": 30.28358208955239,
    "ntu": -2.674129353233831
}