{
    "year": 2021,
    "month": 6,
    "day": 25,
    "hour": 2,
    "minute": 30,
    "temp": 28.673516209476464,
    "ntu": -5.945137157107232
}