{
    "year": 2021,
    "month": 6,
    "day": 30,
    "hour": 4,
    "minute": 35,
    "temp": 29.063615960099582,
    "ntu": -69.67331670822942
}