{
    "year": 2021,
    "month": 6,
    "day": 21,
    "hour": 11,
    "minute": 40,
    "temp": 28.98790523690769,
    "ntu": 368.2917705735661
}