{
    "year": 2021,
    "month": 5,
    "day": 21,
    "hour": 23,
    "minute": 40,
    "temp": 26.71992555831267,
    "ntu": 7.697270471464019
}