{
    "year": 2021,
    "month": 5,
    "day": 2,
    "hour": 19,
    "minute": 10,
    "temp": 30.508805970149428,
    "ntu": 739.7885572139304
}