{
    "year": 2021,
    "month": 7,
    "day": 2,
    "hour": 2,
    "minute": 0,
    "temp": 27.809999999999995,
    "ntu": -9.309226932668329
}