{
    "year": 2021,
    "month": 6,
    "day": 25,
    "hour": 17,
    "minute": 35,
    "temp": 29.05402985074624,
    "ntu": 354.55970149253733
}