{
    "year": 2021,
    "month": 6,
    "day": 22,
    "hour": 16,
    "minute": 15,
    "temp": 28.339402985074532,
    "ntu": 364.0771144278607
}