{
    "year": 2021,
    "month": 6,
    "day": 12,
    "hour": 8,
    "minute": 35,
    "temp": 28.605561097256736,
    "ntu": 144.28179551122196
}