{
    "year": 2021,
    "month": 5,
    "day": 8,
    "hour": 6,
    "minute": 35,
    "temp": 30.584714640198808,
    "ntu": 800.8734491315137
}