{
    "year": 2021,
    "month": 6,
    "day": 5,
    "hour": 17,
    "minute": 30,
    "temp": 28.146401985111847,
    "ntu": 458.72952853598014
}