{
    "year": 2021,
    "month": 7,
    "day": 1,
    "hour": 18,
    "minute": 15,
    "temp": 28.12487562189071,
    "ntu": 343.3905472636816
}