{
    "year": 2021,
    "month": 6,
    "day": 5,
    "hour": 23,
    "minute": 15,
    "temp": 28.657344913151523,
    "ntu": 595.1042183622828
}