{
    "year": 2021,
    "month": 5,
    "day": 12,
    "hour": 17,
    "minute": 5,
    "temp": 29.881563275434186,
    "ntu": 778.7220843672457
}