{
    "year": 2021,
    "month": 5,
    "day": 27,
    "hour": 15,
    "minute": 50,
    "temp": 28.833300248139274,
    "ntu": 699.4119106699752
}