{
    "year": 2021,
    "month": 6,
    "day": 18,
    "hour": 4,
    "minute": 20,
    "temp": 29.005657568238256,
    "ntu": -32.50620347394541
}