{
    "year": 2021,
    "month": 6,
    "day": 17,
    "hour": 21,
    "minute": 55,
    "temp": 28.139875621890727,
    "ntu": 448.0696517412935
}