{
    "year": 2021,
    "month": 6,
    "day": 29,
    "hour": 23,
    "minute": 0,
    "temp": 28.18982587064678,
    "ntu": 547.5149253731344
}