{
    "year": 2021,
    "month": 6,
    "day": 28,
    "hour": 18,
    "minute": 10,
    "temp": 28.3944389027433,
    "ntu": 458.06733167082297
}