{
    "year": 2021,
    "month": 5,
    "day": 21,
    "hour": 11,
    "minute": 50,
    "temp": 30.83962779156358,
    "ntu": 464.87841191066997
}