{
    "year": 2021,
    "month": 4,
    "day": 30,
    "hour": 9,
    "minute": 55,
    "temp": 24.683399503722022,
    "ntu": 447.95781637717124
}