{
    "year": 2021,
    "month": 5,
    "day": 17,
    "hour": 12,
    "minute": 0,
    "temp": 31.557022332506293,
    "ntu": 800.9032258064516
}