{
    "year": 2021,
    "month": 5,
    "day": 28,
    "hour": 9,
    "minute": 0,
    "temp": 28.90461538461538,
    "ntu": 581.2779156327543
}