{
    "year": 2021,
    "month": 6,
    "day": 23,
    "hour": 15,
    "minute": 15,
    "temp": 28.055970149253717,
    "ntu": 346.28855721393035
}