{
    "year": 2021,
    "month": 5,
    "day": 21,
    "hour": 22,
    "minute": 50,
    "temp": 28.063945409429362,
    "ntu": 233.89578163771714
}