{
    "year": 2021,
    "month": 6,
    "day": 24,
    "hour": 17,
    "minute": 45,
    "temp": 27.99985074626866,
    "ntu": 311.547263681592
}