{
    "year": 2021,
    "month": 5,
    "day": 13,
    "hour": 22,
    "minute": 55,
    "temp": 30.095037220843675,
    "ntu": -105.79404466501241
}