{
    "year": 2021,
    "month": 5,
    "day": 27,
    "hour": 5,
    "minute": 15,
    "temp": 27.86042183622813,
    "ntu": 39.096774193548384
}