{
    "year": 2021,
    "month": 6,
    "day": 13,
    "hour": 9,
    "minute": 45,
    "temp": 28.69689826302733,
    "ntu": 339.9801488833747
}