{
    "year": 2021,
    "month": 5,
    "day": 23,
    "hour": 0,
    "minute": 35,
    "temp": 27.549875930521175,
    "ntu": 5.057071960297767
}