{
    "year": 2021,
    "month": 5,
    "day": 30,
    "hour": 8,
    "minute": 35,
    "temp": 28.65567164179095,
    "ntu": 494.8830845771144
}