{
    "year": 2021,
    "month": 5,
    "day": 17,
    "hour": 9,
    "minute": 10,
    "temp": 31.450721393034673,
    "ntu": 737.5049751243781
}