{
    "year": 2021,
    "month": 6,
    "day": 20,
    "hour": 3,
    "minute": 50,
    "temp": 28.620174129353394,
    "ntu": -18.35323383084577
}