{
    "year": 2021,
    "month": 5,
    "day": 5,
    "hour": 6,
    "minute": 15,
    "temp": 30.09141439205978,
    "ntu": 828.3672456575682
}