{
    "year": 2021,
    "month": 6,
    "day": 30,
    "hour": 11,
    "minute": 45,
    "temp": 28.432164179104525,
    "ntu": 479.69154228855723
}