{
    "year": 2021,
    "month": 5,
    "day": 24,
    "hour": 12,
    "minute": 10,
    "temp": 28.004317617865965,
    "ntu": 395.38461538461536
}