{
    "year": 2021,
    "month": 5,
    "day": 21,
    "hour": 18,
    "minute": 50,
    "temp": 28.615136476426663,
    "ntu": 671.1290322580645
}