{
    "year": 2021,
    "month": 5,
    "day": 18,
    "hour": 10,
    "minute": 40,
    "temp": 31.245422885571994,
    "ntu": 124.11691542288557
}