{
    "year": 2021,
    "month": 5,
    "day": 7,
    "hour": 9,
    "minute": 40,
    "temp": 30.703622828784013,
    "ntu": 833.8585607940447
}