{
    "year": 2021,
    "month": 5,
    "day": 19,
    "hour": 19,
    "minute": 30,
    "temp": 30.629702233250477,
    "ntu": 501.12655086848633
}