{
    "year": 2021,
    "month": 6,
    "day": 21,
    "hour": 19,
    "minute": 10,
    "temp": 28.576009975062306,
    "ntu": 376.73067331670825
}