{
    "year": 2021,
    "month": 6,
    "day": 24,
    "hour": 19,
    "minute": 15,
    "temp": 28.697761194029873,
    "ntu": 328.97014925373134
}