{
    "year": 2021,
    "month": 6,
    "day": 28,
    "hour": 2,
    "minute": 10,
    "temp": 27.999552238805975,
    "ntu": -7.477611940298507
}