{
    "year": 2021,
    "month": 6,
    "day": 30,
    "hour": 4,
    "minute": 50,
    "temp": 28.865771144278465,
    "ntu": -74.78109452736318
}