{
    "year": 2021,
    "month": 4,
    "day": 9,
    "hour": 5,
    "minute": 59,
    "temp": 25.44000000000002,
    "tds": 1389.5790625000004,
    "ph": 3.7906250000000017,
    "ntu": 3000.0
}