{
    "year": 2021,
    "month": 5,
    "day": 13,
    "hour": 0,
    "minute": 50,
    "temp": 30.64629353233844,
    "ntu": -1.5298507462686568
}