{
    "year": 2021,
    "month": 6,
    "day": 17,
    "hour": 7,
    "minute": 50,
    "temp": 27.988029925187128,
    "ntu": 58.71321695760599
}