{
    "year": 2021,
    "month": 5,
    "day": 7,
    "hour": 14,
    "minute": 0,
    "temp": 29.755359801488932,
    "ntu": 796.531017369727
}