{
    "year": 2021,
    "month": 6,
    "day": 25,
    "hour": 20,
    "minute": 10,
    "temp": 28.189975124378126,
    "ntu": 367.38557213930346
}