{
    "year": 2021,
    "month": 6,
    "day": 9,
    "hour": 18,
    "minute": 5,
    "temp": 29.057171215880867,
    "ntu": 470.61290322580646
}