{
    "year": 2021,
    "month": 5,
    "day": 23,
    "hour": 5,
    "minute": 10,
    "temp": 28.31394540942938,
    "ntu": 27.277915632754343
}