{
    "year": 2021,
    "month": 6,
    "day": 23,
    "hour": 9,
    "minute": 5,
    "temp": 28.021641791044793,
    "ntu": 88.50995024875621
}