{
    "year": 2021,
    "month": 6,
    "day": 11,
    "hour": 20,
    "minute": 50,
    "temp": 28.556426799007472,
    "ntu": 448.11910669975185
}