{
    "year": 2021,
    "month": 5,
    "day": 8,
    "hour": 8,
    "minute": 45,
    "temp": 29.204838709677468,
    "ntu": 801.4565756823821
}