{
    "year": 2021,
    "month": 6,
    "day": 1,
    "hour": 12,
    "minute": 5,
    "temp": 28.994640198511274,
    "ntu": 425.2258064516129
}