{
    "year": 2021,
    "month": 6,
    "day": 21,
    "hour": 10,
    "minute": 30,
    "temp": 28.42345771144287,
    "ntu": 367.0124378109453
}