{
    "year": 2021,
    "month": 5,
    "day": 13,
    "hour": 22,
    "minute": 35,
    "temp": 31.43694789081894,
    "ntu": 824.4714640198512
}