{
    "year": 2021,
    "month": 6,
    "day": 28,
    "hour": 6,
    "minute": 45,
    "temp": 29.013880597014918,
    "ntu": -82.58706467661692
}