{
    "year": 2021,
    "month": 5,
    "day": 6,
    "hour": 23,
    "minute": 45,
    "temp": 28.932903225806513,
    "ntu": -0.12655086848635236
}