{
    "year": 2021,
    "month": 6,
    "day": 17,
    "hour": 3,
    "minute": 40,
    "temp": 28.11186567164166,
    "ntu": -25.932835820895523
}