{
    "year": 2021,
    "month": 5,
    "day": 30,
    "hour": 13,
    "minute": 35,
    "temp": 28.67657568238223,
    "ntu": 725.4987593052109
}