{
    "year": 2021,
    "month": 5,
    "day": 3,
    "hour": 7,
    "minute": 5,
    "temp": 30.71545905707188,
    "ntu": 747.8163771712159
}