{
    "year": 2021,
    "month": 6,
    "day": 9,
    "hour": 12,
    "minute": 40,
    "temp": 28.908213399503882,
    "ntu": 485.30521091811414
}