{
    "year": 2021,
    "month": 6,
    "day": 5,
    "hour": 4,
    "minute": 15,
    "temp": 28.210719602977704,
    "ntu": -50.56079404466501
}