{
    "year": 2021,
    "month": 4,
    "day": 29,
    "hour": 4,
    "minute": 40,
    "temp": 25.377121588089423,
    "ntu": 820.1315136476427
}