{
    "year": 2021,
    "month": 5,
    "day": 7,
    "hour": 16,
    "minute": 55,
    "temp": 30.102282878411746,
    "ntu": 788.5707196029776
}