{
    "year": 2021,
    "month": 6,
    "day": 23,
    "hour": 1,
    "minute": 40,
    "temp": 28.558955223880577,
    "ntu": -2.0771144278606966
}