{
    "year": 2021,
    "month": 5,
    "day": 25,
    "hour": 13,
    "minute": 35,
    "temp": 27.987196029776577,
    "ntu": 607.5384615384615
}