{
    "year": 2021,
    "month": 5,
    "day": 24,
    "hour": 18,
    "minute": 45,
    "temp": 28.55417910447757,
    "ntu": 734.7860696517413
}