{
    "year": 2021,
    "month": 6,
    "day": 13,
    "hour": 10,
    "minute": 15,
    "temp": 28.236451612903323,
    "ntu": 326.8908188585608
}