{
    "year": 2021,
    "month": 5,
    "day": 10,
    "hour": 1,
    "minute": 5,
    "temp": 28.15796526054591,
    "ntu": -0.6873449131513648
}