{
    "year": 2021,
    "month": 5,
    "day": 12,
    "hour": 14,
    "minute": 45,
    "temp": 30.06550868486358,
    "ntu": 793.9975186104218
}