{
    "year": 2021,
    "month": 5,
    "day": 8,
    "hour": 2,
    "minute": 10,
    "temp": 29.045037220843685,
    "ntu": -0.7220843672456576
}