{
    "year": 2021,
    "month": 5,
    "day": 6,
    "hour": 23,
    "minute": 55,
    "temp": 28.55359801488842,
    "ntu": -0.11662531017369727
}