{
    "year": 2021,
    "month": 5,
    "day": 26,
    "hour": 12,
    "minute": 25,
    "temp": 28.3244416873449,
    "ntu": 722.1588089330024
}