{
    "year": 2021,
    "month": 6,
    "day": 7,
    "hour": 7,
    "minute": 35,
    "temp": 28.9961194029851,
    "ntu": -153.2910447761194
}