{
    "year": 2021,
    "month": 5,
    "day": 6,
    "hour": 16,
    "minute": 0,
    "temp": 30.674392059553348,
    "ntu": 799.6054590570719
}