{
    "year": 2021,
    "month": 5,
    "day": 14,
    "hour": 10,
    "minute": 15,
    "temp": 31.632034739454213,
    "ntu": 628.4962779156327
}