{
    "year": 2021,
    "month": 5,
    "day": 4,
    "hour": 19,
    "minute": 55,
    "temp": 30.270843672456436,
    "ntu": 795.741935483871
}