{
    "year": 2021,
    "month": 6,
    "day": 23,
    "hour": 23,
    "minute": 35,
    "temp": 28.61731343283594,
    "ntu": 352.17661691542287
}