{
    "year": 2021,
    "month": 5,
    "day": 19,
    "hour": 11,
    "minute": 30,
    "temp": 30.00029776674938,
    "ntu": 441.3895781637717
}