{
    "year": 2021,
    "month": 6,
    "day": 10,
    "hour": 8,
    "minute": 55,
    "temp": 28.408039702233403,
    "ntu": 213.72952853598014
}