{
    "year": 2021,
    "month": 5,
    "day": 15,
    "hour": 16,
    "minute": 40,
    "temp": 31.200322580645278,
    "ntu": 839.7841191066998
}