{
    "year": 2021,
    "month": 6,
    "day": 2,
    "hour": 1,
    "minute": 10,
    "temp": 27.23004962779165,
    "ntu": -8.754342431761787
}