{
    "year": 2021,
    "month": 5,
    "day": 7,
    "hour": 1,
    "minute": 5,
    "temp": 28.29719602977674,
    "ntu": -0.04962779156327544
}