{
    "year": 2021,
    "month": 5,
    "day": 15,
    "hour": 15,
    "minute": 15,
    "temp": 31.42347394540938,
    "ntu": 768.3573200992556
}