{
    "year": 2021,
    "month": 5,
    "day": 29,
    "hour": 22,
    "minute": 0,
    "temp": 28.830694789081836,
    "ntu": 830.697270471464
}