{
    "year": 2021,
    "month": 6,
    "day": 18,
    "hour": 12,
    "minute": 40,
    "temp": 29.018461538461555,
    "ntu": 397.9503722084367
}