{
    "year": 2021,
    "month": 6,
    "day": 11,
    "hour": 11,
    "minute": 0,
    "temp": 28.293582089552334,
    "ntu": 421.2437810945274
}