{
    "year": 2021,
    "month": 6,
    "day": 8,
    "hour": 6,
    "minute": 0,
    "temp": 28.520248138957808,
    "ntu": -113.50124069478908
}