{
    "year": 2021,
    "month": 5,
    "day": 22,
    "hour": 14,
    "minute": 35,
    "temp": 28.62352357320104,
    "ntu": 317.3200992555831
}