{
    "year": 2021,
    "month": 6,
    "day": 21,
    "hour": 13,
    "minute": 35,
    "temp": 28.249129353233972,
    "ntu": 357.1517412935323
}