{
    "year": 2021,
    "month": 6,
    "day": 17,
    "hour": 1,
    "minute": 20,
    "temp": 28.500895522388102,
    "ntu": 483.2761194029851
}