{
    "year": 2021,
    "month": 5,
    "day": 17,
    "hour": 3,
    "minute": 10,
    "temp": 30.140198511166105,
    "ntu": -1.6674937965260546
}