{
    "year": 2021,
    "month": 6,
    "day": 5,
    "hour": 0,
    "minute": 10,
    "temp": 28.599900744416715,
    "ntu": 585.106699751861
}