{
    "year": 2021,
    "month": 5,
    "day": 30,
    "hour": 5,
    "minute": 25,
    "temp": 27.852406947890668,
    "ntu": 15.404466501240694
}