{
    "year": 2021,
    "month": 6,
    "day": 30,
    "hour": 12,
    "minute": 15,
    "temp": 28.302817955112232,
    "ntu": 476.32668329177056
}