{
    "year": 2021,
    "month": 6,
    "day": 16,
    "hour": 21,
    "minute": 45,
    "temp": 28.724179104477706,
    "ntu": 482.363184079602
}