{
    "year": 2021,
    "month": 6,
    "day": 6,
    "hour": 20,
    "minute": 30,
    "temp": 28.01354838709669,
    "ntu": 565.059553349876
}