{
    "year": 2021,
    "month": 5,
    "day": 28,
    "hour": 14,
    "minute": 35,
    "temp": 28.19235732009915,
    "ntu": 661.712158808933
}