{
    "year": 2021,
    "month": 5,
    "day": 28,
    "hour": 7,
    "minute": 40,
    "temp": 29.098706467661582,
    "ntu": 658.7213930348258
}