{
    "year": 2021,
    "month": 6,
    "day": 14,
    "hour": 9,
    "minute": 0,
    "temp": 28.203134328358217,
    "ntu": 99.73134328358209
}