{
    "year": 2021,
    "month": 5,
    "day": 24,
    "hour": 0,
    "minute": 55,
    "temp": 28.942084367245734,
    "ntu": 3.2109181141439205
}