{
    "year": 2021,
    "month": 6,
    "day": 8,
    "hour": 0,
    "minute": 10,
    "temp": 27.999851116625308,
    "ntu": 567.4565756823821
}