{
    "year": 2021,
    "month": 5,
    "day": 19,
    "hour": 21,
    "minute": 35,
    "temp": 30.360421836228447,
    "ntu": 489.33002481389576
}