{
    "year": 2021,
    "month": 6,
    "day": 3,
    "hour": 4,
    "minute": 10,
    "temp": 28.11220843672443,
    "ntu": -30.07196029776675
}