{
    "year": 2021,
    "month": 6,
    "day": 7,
    "hour": 8,
    "minute": 35,
    "temp": 28.23719602977677,
    "ntu": 211.26550868486353
}