{
    "year": 2021,
    "month": 5,
    "day": 27,
    "hour": 17,
    "minute": 30,
    "temp": 28.420272952853452,
    "ntu": 699.2158808933002
}