{
    "year": 2021,
    "month": 6,
    "day": 12,
    "hour": 1,
    "minute": 45,
    "temp": 28.73300995024886,
    "ntu": -5.920398009950249
}