{
    "year": 2021,
    "month": 5,
    "day": 19,
    "hour": 22,
    "minute": 5,
    "temp": 30.854776119403194,
    "ntu": 493.44029850746267
}