{
    "year": 2021,
    "month": 6,
    "day": 27,
    "hour": 17,
    "minute": 45,
    "temp": 28.81827930174591,
    "ntu": 494.66084788029923
}