{
    "year": 2021,
    "month": 6,
    "day": 10,
    "hour": 10,
    "minute": 10,
    "temp": 29.020597014925304,
    "ntu": 455.2313432835821
}