{
    "year": 2021,
    "month": 5,
    "day": 20,
    "hour": 5,
    "minute": 30,
    "temp": 28.573870967742014,
    "ntu": 10.104218362282879
}