{
    "year": 2021,
    "month": 5,
    "day": 18,
    "hour": 13,
    "minute": 35,
    "temp": 31.622238805970305,
    "ntu": 160.62935323383084
}