{
    "year": 2021,
    "month": 5,
    "day": 6,
    "hour": 5,
    "minute": 40,
    "temp": 29.06057071960309,
    "ntu": 84.136476426799
}