{
    "year": 2021,
    "month": 6,
    "day": 4,
    "hour": 23,
    "minute": 0,
    "temp": 28.151612903225978,
    "ntu": 583.8089330024814
}