{
    "year": 2021,
    "month": 6,
    "day": 9,
    "hour": 21,
    "minute": 10,
    "temp": 28.911861042183766,
    "ntu": 542.3970223325063
}