{
    "year": 2021,
    "month": 5,
    "day": 4,
    "hour": 6,
    "minute": 20,
    "temp": 30.48094292803951,
    "ntu": 763.8014888337469
}