{
    "year": 2021,
    "month": 6,
    "day": 2,
    "hour": 12,
    "minute": 45,
    "temp": 28.406823821340105,
    "ntu": 421.151364764268
}