{
    "year": 2021,
    "month": 5,
    "day": 9,
    "hour": 17,
    "minute": 10,
    "temp": 30.29481389578174,
    "ntu": 798.0868486352357
}