{
    "year": 2021,
    "month": 6,
    "day": 14,
    "hour": 4,
    "minute": 50,
    "temp": 28.753731343283697,
    "ntu": -103.45522388059702
}