{
    "year": 2021,
    "month": 5,
    "day": 15,
    "hour": 19,
    "minute": 10,
    "temp": 31.528883374689848,
    "ntu": 769.1985111662531
}