{
    "year": 2021,
    "month": 5,
    "day": 21,
    "hour": 11,
    "minute": 5,
    "temp": 30.21158808933015,
    "ntu": 494.43672456575683
}