{
    "year": 2021,
    "month": 5,
    "day": 13,
    "hour": 22,
    "minute": 20,
    "temp": 31.69298507462693,
    "ntu": 830.9303482587064
}