{
    "year": 2021,
    "month": 7,
    "day": 1,
    "hour": 5,
    "minute": 10,
    "temp": 28.535820895522455,
    "ntu": -97.98258706467662
}