{
    "year": 2021,
    "month": 6,
    "day": 3,
    "hour": 0,
    "minute": 50,
    "temp": 28.249255583126676,
    "ntu": -5.669975186104218
}