{
    "year": 2021,
    "month": 6,
    "day": 25,
    "hour": 5,
    "minute": 20,
    "temp": 27.870000000000147,
    "ntu": -63.62593516209476
}