{
    "year": 2021,
    "month": 5,
    "day": 23,
    "hour": 1,
    "minute": 50,
    "temp": 29.01607940446659,
    "ntu": 4.612903225806452
}