{
    "year": 2021,
    "month": 6,
    "day": 1,
    "hour": 17,
    "minute": 15,
    "temp": 28.479950248756094,
    "ntu": 326.5124378109453
}