{
    "year": 2021,
    "month": 6,
    "day": 4,
    "hour": 11,
    "minute": 45,
    "temp": 28.560895522388353,
    "ntu": 473.54477611940297
}