{
    "year": 2021,
    "month": 5,
    "day": 24,
    "hour": 21,
    "minute": 10,
    "temp": 28.833821339950312,
    "ntu": 780.1761786600496
}