{
    "year": 2021,
    "month": 6,
    "day": 20,
    "hour": 20,
    "minute": 40,
    "temp": 28.04447761194037,
    "ntu": 394.771144278607
}