{
    "year": 2021,
    "month": 6,
    "day": 11,
    "hour": 21,
    "minute": 45,
    "temp": 28.394441687344848,
    "ntu": 445.14640198511165
}