{
    "year": 2021,
    "month": 5,
    "day": 24,
    "hour": 10,
    "minute": 45,
    "temp": 28.043920595533603,
    "ntu": 311.1017369727047
}