{
    "year": 2021,
    "month": 5,
    "day": 8,
    "hour": 9,
    "minute": 25,
    "temp": 29.83069478908223,
    "ntu": 779.4044665012407
}