{
    "year": 2021,
    "month": 6,
    "day": 26,
    "hour": 12,
    "minute": 30,
    "temp": 29.042238805970147,
    "ntu": 494.7562189054726
}