{
    "year": 2021,
    "month": 6,
    "day": 20,
    "hour": 3,
    "minute": 45,
    "temp": 28.615810473815614,
    "ntu": -17.09725685785536
}