{
    "year": 2021,
    "month": 6,
    "day": 10,
    "hour": 7,
    "minute": 30,
    "temp": 28.692425742574315,
    "ntu": -199.58415841584159
}