{
    "year": 2021,
    "month": 5,
    "day": 18,
    "hour": 1,
    "minute": 25,
    "temp": 29.735742574257547,
    "ntu": -11.368811881188119
}