{
    "year": 2021,
    "month": 5,
    "day": 29,
    "hour": 17,
    "minute": 45,
    "temp": 28.992109181141505,
    "ntu": 710.0322580645161
}