{
    "year": 2021,
    "month": 5,
    "day": 24,
    "hour": 22,
    "minute": 10,
    "temp": 28.216401985111503,
    "ntu": 758.1935483870968
}