{
    "year": 2021,
    "month": 6,
    "day": 11,
    "hour": 19,
    "minute": 50,
    "temp": 28.037761194030004,
    "ntu": 415.9676616915423
}