{
    "year": 2021,
    "month": 5,
    "day": 22,
    "hour": 15,
    "minute": 55,
    "temp": 28.699553349875814,
    "ntu": 305.7543424317618
}