{
    "year": 2021,
    "month": 5,
    "day": 6,
    "hour": 11,
    "minute": 10,
    "temp": 29.551215880893388,
    "ntu": 800.2332506203473
}