{
    "year": 2021,
    "month": 6,
    "day": 22,
    "hour": 16,
    "minute": 10,
    "temp": 28.37209476309243,
    "ntu": 364.20448877805484
}