{
    "year": 2021,
    "month": 5,
    "day": 24,
    "hour": 7,
    "minute": 30,
    "temp": 28.234218362283002,
    "ntu": 356.09181141439205
}