{
    "year": 2021,
    "month": 6,
    "day": 29,
    "hour": 20,
    "minute": 25,
    "temp": 28.95735660847865,
    "ntu": 500.2568578553616
}