{
    "year": 2021,
    "month": 6,
    "day": 30,
    "hour": 12,
    "minute": 30,
    "temp": 28.247306733167097,
    "ntu": 484.23940149625935
}