{
    "year": 2021,
    "month": 6,
    "day": 19,
    "hour": 15,
    "minute": 0,
    "temp": 28.77468827930176,
    "ntu": 374.3167082294264
}