{
    "year": 2021,
    "month": 6,
    "day": 22,
    "hour": 21,
    "minute": 55,
    "temp": 28.28402985074633,
    "ntu": 403.11442786069654
}