{
    "year": 2021,
    "month": 5,
    "day": 5,
    "hour": 14,
    "minute": 0,
    "temp": 29.853746898262862,
    "ntu": 828.2183622828784
}