{
    "year": 2021,
    "month": 6,
    "day": 9,
    "hour": 20,
    "minute": 5,
    "temp": 28.121915422885728,
    "ntu": 535.0597014925373
}