{
    "year": 2021,
    "month": 4,
    "day": 22,
    "hour": 19,
    "minute": 59,
    "temp": 29.31399999999996,
    "ntu": 1784.5339999999999
}