{
    "year": 2021,
    "month": 6,
    "day": 29,
    "hour": 22,
    "minute": 40,
    "temp": 28.264776119403,
    "ntu": 546.6890547263681
}