{
    "year": 2021,
    "month": 6,
    "day": 1,
    "hour": 7,
    "minute": 55,
    "temp": 28.661965174129453,
    "ntu": -206.43781094527364
}