{
    "year": 2021,
    "month": 5,
    "day": 27,
    "hour": 16,
    "minute": 45,
    "temp": 28.518805970149238,
    "ntu": 733.8756218905472
}