{
    "year": 2021,
    "month": 6,
    "day": 22,
    "hour": 17,
    "minute": 55,
    "temp": 28.896641791044964,
    "ntu": 367.2910447761194
}