{
    "year": 2021,
    "month": 6,
    "day": 5,
    "hour": 8,
    "minute": 50,
    "temp": 28.05999999999999,
    "ntu": 200.86352357320098
}