{
    "year": 2021,
    "month": 6,
    "day": 16,
    "hour": 18,
    "minute": 45,
    "temp": 28.843042394014837,
    "ntu": 433.3092269326683
}