{
    "year": 2021,
    "month": 5,
    "day": 7,
    "hour": 23,
    "minute": 10,
    "temp": 30.20037220843653,
    "ntu": -1.1339950372208436
}