{
    "year": 2021,
    "month": 6,
    "day": 17,
    "hour": 11,
    "minute": 10,
    "temp": 28.515860349127173,
    "ntu": 374.84788029925187
}