{
    "year": 2021,
    "month": 7,
    "day": 1,
    "hour": 13,
    "minute": 55,
    "temp": 28.310299251870312,
    "ntu": 323.72568578553614
}