{
    "year": 2021,
    "month": 7,
    "day": 1,
    "hour": 11,
    "minute": 15,
    "temp": 28.06104477611939,
    "ntu": 263.7238805970149
}