{
    "year": 2021,
    "month": 6,
    "day": 2,
    "hour": 3,
    "minute": 35,
    "temp": 28.79597014925399,
    "ntu": -17.654228855721392
}