{
    "year": 2021,
    "month": 5,
    "day": 12,
    "hour": 20,
    "minute": 45,
    "temp": 30.824193548387456,
    "ntu": 804.6625310173697
}