{
    "year": 2021,
    "month": 6,
    "day": 8,
    "hour": 7,
    "minute": 25,
    "temp": 28.102555831265363,
    "ntu": -281.75682382133994
}