{
    "year": 2021,
    "month": 6,
    "day": 27,
    "hour": 17,
    "minute": 30,
    "temp": 28.05458852867863,
    "ntu": 495.4862842892768
}