{
    "year": 2021,
    "month": 5,
    "day": 18,
    "hour": 10,
    "minute": 35,
    "temp": 31.072109181141816,
    "ntu": 122.85856079404466
}