{
    "year": 2021,
    "month": 5,
    "day": 4,
    "hour": 21,
    "minute": 0,
    "temp": 30.703638613861482,
    "ntu": 863.6806930693069
}