{
    "year": 2021,
    "month": 6,
    "day": 12,
    "hour": 18,
    "minute": 20,
    "temp": 28.279104477611977,
    "ntu": 391.92537313432837
}