{
    "year": 2021,
    "month": 5,
    "day": 1,
    "hour": 1,
    "minute": 55,
    "temp": 29.264143920595597,
    "ntu": 727.4168734491315
}