{
    "year": 2021,
    "month": 5,
    "day": 6,
    "hour": 18,
    "minute": 35,
    "temp": 30.433126550868565,
    "ntu": 843.4739454094292
}