{
    "year": 2021,
    "month": 5,
    "day": 19,
    "hour": 3,
    "minute": 45,
    "temp": 28.6493796526055,
    "ntu": 120.0545905707196
}