{
    "year": 2021,
    "month": 5,
    "day": 25,
    "hour": 7,
    "minute": 35,
    "temp": 29.044665012407048,
    "ntu": 604.1761786600496
}