{
    "year": 2021,
    "month": 5,
    "day": 16,
    "hour": 10,
    "minute": 0,
    "temp": 31.034094292804042,
    "ntu": 703.1588089330024
}