{
    "year": 2021,
    "month": 5,
    "day": 28,
    "hour": 4,
    "minute": 45,
    "temp": 28.526417910447886,
    "ntu": 2.0621890547263684
}