{
    "year": 2021,
    "month": 6,
    "day": 30,
    "hour": 22,
    "minute": 5,
    "temp": 28.796268656716467,
    "ntu": 355.92039800995025
}