{
    "year": 2021,
    "month": 6,
    "day": 30,
    "hour": 22,
    "minute": 25,
    "temp": 28.637980049875498,
    "ntu": 356.6109725685786
}