{
    "year": 2021,
    "month": 5,
    "day": 26,
    "hour": 14,
    "minute": 10,
    "temp": 28.39553349875949,
    "ntu": 732.87841191067
}