{
    "year": 2021,
    "month": 5,
    "day": 6,
    "hour": 23,
    "minute": 50,
    "temp": 28.735632754342546,
    "ntu": 0.13647642679900746
}