{
    "year": 2021,
    "month": 5,
    "day": 21,
    "hour": 6,
    "minute": 50,
    "temp": 30.527320099255903,
    "ntu": 192.81141439205956
}