{
    "year": 2021,
    "month": 5,
    "day": 30,
    "hour": 21,
    "minute": 15,
    "temp": 28.093672456575558,
    "ntu": 798.9900744416874
}