{
    "year": 2021,
    "month": 5,
    "day": 18,
    "hour": 3,
    "minute": 45,
    "temp": 31.306435643564292,
    "ntu": -9.975247524752476
}