{
    "year": 2021,
    "month": 6,
    "day": 21,
    "hour": 12,
    "minute": 30,
    "temp": 28.513880597014918,
    "ntu": 379.2960199004975
}