{
    "year": 2021,
    "month": 5,
    "day": 28,
    "hour": 10,
    "minute": 15,
    "temp": 28.445111662530895,
    "ntu": 621.2605459057072
}