{
    "year": 2021,
    "month": 5,
    "day": 24,
    "hour": 14,
    "minute": 20,
    "temp": 28.987047146401906,
    "ntu": 705.3995037220843
}