{
    "year": 2021,
    "month": 5,
    "day": 8,
    "hour": 9,
    "minute": 35,
    "temp": 30.153821339950323,
    "ntu": 778.3275434243176
}