{
    "year": 2021,
    "month": 5,
    "day": 20,
    "hour": 17,
    "minute": 30,
    "temp": 30.469702233250725,
    "ntu": 506.4218362282878
}