{
    "year": 2021,
    "month": 6,
    "day": 16,
    "hour": 23,
    "minute": 35,
    "temp": 28.55029850746275,
    "ntu": 487.8532338308458
}