{
    "year": 2021,
    "month": 6,
    "day": 13,
    "hour": 22,
    "minute": 15,
    "temp": 28.419800995024975,
    "ntu": 300.21890547263683
}