{
    "year": 2021,
    "month": 7,
    "day": 2,
    "hour": 9,
    "minute": 50,
    "temp": 28.11671641791054,
    "ntu": 344.9651741293532
}