{
    "year": 2021,
    "month": 6,
    "day": 21,
    "hour": 17,
    "minute": 10,
    "temp": 28.413009950248885,
    "ntu": 372.5621890547264
}