{
    "year": 2021,
    "month": 5,
    "day": 20,
    "hour": 20,
    "minute": 0,
    "temp": 30.126650124069364,
    "ntu": 516.4416873449131
}