{
    "year": 2021,
    "month": 6,
    "day": 28,
    "hour": 22,
    "minute": 50,
    "temp": 28.122437810945424,
    "ntu": 528.7437810945273
}