{
    "year": 2021,
    "month": 6,
    "day": 1,
    "hour": 0,
    "minute": 25,
    "temp": 28.705970149253744,
    "ntu": 519.1318407960199
}