{
    "year": 2021,
    "month": 6,
    "day": 8,
    "hour": 2,
    "minute": 55,
    "temp": 27.830843672456552,
    "ntu": -13.945409429280398
}