{
    "year": 2021,
    "month": 6,
    "day": 7,
    "hour": 9,
    "minute": 15,
    "temp": 28.50322580645172,
    "ntu": 464.3771712158809
}