{
    "year": 2021,
    "month": 6,
    "day": 29,
    "hour": 5,
    "minute": 10,
    "temp": 28.559552238806003,
    "ntu": -82.1542288557214
}