{
    "year": 2021,
    "month": 6,
    "day": 25,
    "hour": 14,
    "minute": 15,
    "temp": 28.81014925373132,
    "ntu": 350.0721393034826
}