{
    "year": 2021,
    "month": 6,
    "day": 10,
    "hour": 4,
    "minute": 55,
    "temp": 28.594019851116496,
    "ntu": -70.54342431761786
}