{
    "year": 2021,
    "month": 5,
    "day": 7,
    "hour": 23,
    "minute": 20,
    "temp": 30.573283582089502,
    "ntu": -1.0472636815920398
}