{
    "year": 2021,
    "month": 5,
    "day": 28,
    "hour": 19,
    "minute": 5,
    "temp": 28.90722084367259,
    "ntu": 709.0794044665013
}