{
    "year": 2021,
    "month": 5,
    "day": 10,
    "hour": 3,
    "minute": 5,
    "temp": 28.202506203474034,
    "ntu": -0.6724565756823822
}