{
    "year": 2021,
    "month": 6,
    "day": 20,
    "hour": 18,
    "minute": 25,
    "temp": 28.13305970149271,
    "ntu": 382.69900497512435
}