{
    "year": 2021,
    "month": 6,
    "day": 16,
    "hour": 21,
    "minute": 25,
    "temp": 29.016309226932695,
    "ntu": 483.4064837905237
}