{
    "year": 2021,
    "month": 6,
    "day": 9,
    "hour": 8,
    "minute": 55,
    "temp": 28.966203473945463,
    "ntu": 230.0124069478908
}