{
    "year": 2021,
    "month": 5,
    "day": 18,
    "hour": 12,
    "minute": 45,
    "temp": 31.183606965174015,
    "ntu": 352.5149253731343
}