{
    "year": 2021,
    "month": 5,
    "day": 19,
    "hour": 0,
    "minute": 5,
    "temp": 30.47972704714646,
    "ntu": 172.1563275434243
}