{
    "year": 2021,
    "month": 5,
    "day": 22,
    "hour": 14,
    "minute": 55,
    "temp": 28.83501240694782,
    "ntu": 331.1290322580645
}