{
    "year": 2021,
    "month": 5,
    "day": 14,
    "hour": 17,
    "minute": 40,
    "temp": 31.63557213930349,
    "ntu": 809.2910447761194
}