{
    "year": 2021,
    "month": 6,
    "day": 7,
    "hour": 19,
    "minute": 10,
    "temp": 28.01861042183623,
    "ntu": 523.9801488833747
}