{
    "year": 2021,
    "month": 6,
    "day": 28,
    "hour": 12,
    "minute": 25,
    "temp": 29.062394014962557,
    "ntu": 507.8927680798005
}