{
    "year": 2021,
    "month": 5,
    "day": 7,
    "hour": 15,
    "minute": 40,
    "temp": 30.668461538461614,
    "ntu": 759.4367245657568
}