{
    "year": 2021,
    "month": 5,
    "day": 9,
    "hour": 18,
    "minute": 35,
    "temp": 29.697965260545864,
    "ntu": 800.8114143920595
}