{
    "year": 2021,
    "month": 5,
    "day": 14,
    "hour": 6,
    "minute": 15,
    "temp": 29.625273631840656,
    "ntu": 249.71144278606965
}