{
    "year": 2021,
    "month": 6,
    "day": 10,
    "hour": 23,
    "minute": 55,
    "temp": 28.985223880597136,
    "ntu": 528.4800995024875
}