{
    "year": 2021,
    "month": 4,
    "day": 29,
    "hour": 2,
    "minute": 25,
    "temp": 28.057320099255687,
    "ntu": 875.1538461538462
}