{
    "year": 2021,
    "month": 5,
    "day": 11,
    "hour": 17,
    "minute": 30,
    "temp": 29.116054590570833,
    "ntu": 810.0322580645161
}