{
    "year": 2021,
    "month": 6,
    "day": 11,
    "hour": 10,
    "minute": 35,
    "temp": 28.589999999999893,
    "ntu": 421.4154228855721
}