{
    "year": 2021,
    "month": 5,
    "day": 2,
    "hour": 5,
    "minute": 5,
    "temp": 27.51099009900997,
    "ntu": 7.695544554455446
}