{
    "year": 2021,
    "month": 5,
    "day": 22,
    "hour": 21,
    "minute": 15,
    "temp": 28.77548387096801,
    "ntu": 307.75682382133994
}