{
    "year": 2021,
    "month": 5,
    "day": 11,
    "hour": 20,
    "minute": 5,
    "temp": 29.882282878411996,
    "ntu": 828.2282878411911
}