{
    "year": 2021,
    "month": 5,
    "day": 12,
    "hour": 13,
    "minute": 25,
    "temp": 29.44407960198988,
    "ntu": 783.8731343283582
}