{
    "year": 2021,
    "month": 6,
    "day": 2,
    "hour": 18,
    "minute": 0,
    "temp": 28.426492537313287,
    "ntu": 376.8532338308458
}