{
    "year": 2021,
    "month": 5,
    "day": 20,
    "hour": 9,
    "minute": 10,
    "temp": 30.969925558312767,
    "ntu": 454.96277915632754
}