{
    "year": 2021,
    "month": 5,
    "day": 22,
    "hour": 17,
    "minute": 30,
    "temp": 28.924888337469095,
    "ntu": 375.48387096774195
}