{
    "year": 2021,
    "month": 5,
    "day": 1,
    "hour": 2,
    "minute": 0,
    "temp": 29.471439205955157,
    "ntu": 727.620347394541
}