{
    "year": 2021,
    "month": 5,
    "day": 9,
    "hour": 7,
    "minute": 20,
    "temp": 30.9921091811415,
    "ntu": 801.4665012406948
}