{
    "year": 2021,
    "month": 5,
    "day": 26,
    "hour": 2,
    "minute": 10,
    "temp": 27.538453865336727,
    "ntu": 4.802992518703242
}