{
    "year": 2021,
    "month": 5,
    "day": 25,
    "hour": 11,
    "minute": 35,
    "temp": 28.68607940446663,
    "ntu": 702.0496277915632
}