{
    "year": 2021,
    "month": 6,
    "day": 28,
    "hour": 3,
    "minute": 5,
    "temp": 28.518403990024925,
    "ntu": -15.256857855361597
}