{
    "year": 2021,
    "month": 5,
    "day": 20,
    "hour": 0,
    "minute": 20,
    "temp": 29.250942928039855,
    "ntu": 0.9379652605459057
}