{
    "year": 2021,
    "month": 5,
    "day": 14,
    "hour": 18,
    "minute": 25,
    "temp": 31.521534653465434,
    "ntu": 790.8712871287129
}