{
    "year": 2021,
    "month": 6,
    "day": 22,
    "hour": 21,
    "minute": 20,
    "temp": 28.554314214463865,
    "ntu": 400.5960099750623
}