{
    "year": 2021,
    "month": 5,
    "day": 16,
    "hour": 21,
    "minute": 5,
    "temp": 31.87707196029797,
    "ntu": 807.4987593052109
}