{
    "year": 2021,
    "month": 6,
    "day": 22,
    "hour": 14,
    "minute": 50,
    "temp": 29.009601990049667,
    "ntu": 359.24626865671644
}