{
    "year": 2021,
    "month": 6,
    "day": 30,
    "hour": 21,
    "minute": 30,
    "temp": 29.05999999999997,
    "ntu": 352.6741293532338
}