{
    "year": 2021,
    "month": 6,
    "day": 1,
    "hour": 16,
    "minute": 20,
    "temp": 28.6783830845772,
    "ntu": 326.17661691542287
}