{
    "year": 2021,
    "month": 6,
    "day": 23,
    "hour": 19,
    "minute": 55,
    "temp": 28.385323383084742,
    "ntu": 330.8830845771144
}