{
    "year": 2021,
    "month": 5,
    "day": 31,
    "hour": 1,
    "minute": 35,
    "temp": 29.49478908188599,
    "ntu": -4.196029776674938
}