{
    "year": 2021,
    "month": 4,
    "day": 30,
    "hour": 17,
    "minute": 40,
    "temp": 29.54049627791572,
    "ntu": 880.8833746898263
}