{
    "year": 2021,
    "month": 5,
    "day": 26,
    "hour": 4,
    "minute": 40,
    "temp": 28.790148883374844,
    "ntu": 7.593052109181142
}