{
    "year": 2021,
    "month": 5,
    "day": 5,
    "hour": 10,
    "minute": 40,
    "temp": 30.857915632754146,
    "ntu": 805.5806451612904
}