{
    "year": 2021,
    "month": 6,
    "day": 25,
    "hour": 22,
    "minute": 30,
    "temp": 28.62698254364107,
    "ntu": 532.6384039900249
}