{
    "year": 2021,
    "month": 6,
    "day": 2,
    "hour": 5,
    "minute": 50,
    "temp": 28.822928039702322,
    "ntu": -119.95037220843672
}