{
    "year": 2021,
    "month": 6,
    "day": 3,
    "hour": 0,
    "minute": 10,
    "temp": 28.530521091811664,
    "ntu": 525.5285359801488
}