{
    "year": 2021,
    "month": 5,
    "day": 6,
    "hour": 18,
    "minute": 20,
    "temp": 30.088833746898576,
    "ntu": 837.8610421836229
}