{
    "year": 2021,
    "month": 5,
    "day": 27,
    "hour": 14,
    "minute": 10,
    "temp": 28.94508684863512,
    "ntu": 679.2158808933002
}