{
    "year": 2021,
    "month": 6,
    "day": 9,
    "hour": 11,
    "minute": 10,
    "temp": 28.72468982630283,
    "ntu": 436.9454094292804
}