{
    "year": 2021,
    "month": 5,
    "day": 23,
    "hour": 13,
    "minute": 30,
    "temp": 28.30414392059584,
    "ntu": 274.03970223325064
}