{
    "year": 2021,
    "month": 5,
    "day": 31,
    "hour": 3,
    "minute": 5,
    "temp": 28.343052109181016,
    "ntu": -2.9925558312655087
}