{
    "year": 2021,
    "month": 5,
    "day": 16,
    "hour": 10,
    "minute": 55,
    "temp": 32.02373134328365,
    "ntu": 499.3830845771144
}