{
    "year": 2021,
    "month": 6,
    "day": 12,
    "hour": 11,
    "minute": 25,
    "temp": 28.086054590570644,
    "ntu": 354.54342431761785
}