{
    "year": 2021,
    "month": 6,
    "day": 5,
    "hour": 4,
    "minute": 45,
    "temp": 28.975671641791166,
    "ntu": -44.37064676616915
}