{
    "year": 2021,
    "month": 5,
    "day": 26,
    "hour": 0,
    "minute": 5,
    "temp": 27.191191066997536,
    "ntu": 6.012406947890819
}