{
    "year": 2021,
    "month": 6,
    "day": 9,
    "hour": 12,
    "minute": 55,
    "temp": 28.655607940446814,
    "ntu": 485.4193548387097
}