{
    "year": 2021,
    "month": 6,
    "day": 10,
    "hour": 21,
    "minute": 10,
    "temp": 28.654129353234,
    "ntu": 515.776119402985
}