{
    "year": 2021,
    "month": 5,
    "day": 28,
    "hour": 12,
    "minute": 25,
    "temp": 28.672158808933126,
    "ntu": 711.9255583126551
}