{
    "year": 2021,
    "month": 6,
    "day": 8,
    "hour": 15,
    "minute": 30,
    "temp": 28.693250620347442,
    "ntu": 433.43672456575683
}