{
    "year": 2021,
    "month": 5,
    "day": 16,
    "hour": 19,
    "minute": 10,
    "temp": 31.976119402985045,
    "ntu": 804.1442786069651
}