{
    "year": 2021,
    "month": 6,
    "day": 5,
    "hour": 0,
    "minute": 25,
    "temp": 28.406302729528694,
    "ntu": 583.6749379652606
}