{
    "year": 2021,
    "month": 6,
    "day": 14,
    "hour": 8,
    "minute": 15,
    "temp": 28.572835820895516,
    "ntu": -265.66169154228857
}