{
    "year": 2021,
    "month": 6,
    "day": 25,
    "hour": 10,
    "minute": 40,
    "temp": 28.68109725685791,
    "ntu": 319.95261845386534
}