{
    "year": 2021,
    "month": 6,
    "day": 14,
    "hour": 7,
    "minute": 10,
    "temp": 28.321791044776113,
    "ntu": -206.32587064676616
}