{
    "year": 2021,
    "month": 5,
    "day": 12,
    "hour": 0,
    "minute": 50,
    "temp": 30.70975186104231,
    "ntu": -0.20099255583126552
}