{
    "year": 2021,
    "month": 6,
    "day": 6,
    "hour": 18,
    "minute": 55,
    "temp": 28.02709677419357,
    "ntu": 561.1240694789082
}