{
    "year": 2021,
    "month": 5,
    "day": 11,
    "hour": 11,
    "minute": 50,
    "temp": 30.439081885856197,
    "ntu": 718.6302729528536
}