{
    "year": 2021,
    "month": 6,
    "day": 11,
    "hour": 20,
    "minute": 5,
    "temp": 28.767468982630437,
    "ntu": 429.0223325062035
}