{
    "year": 2021,
    "month": 6,
    "day": 11,
    "hour": 13,
    "minute": 15,
    "temp": 28.00059553349876,
    "ntu": 422.2803970223325
}