{
    "year": 2021,
    "month": 6,
    "day": 28,
    "hour": 3,
    "minute": 45,
    "temp": 28.248805970149263,
    "ntu": -39.83830845771144
}