{
    "year": 2021,
    "month": 5,
    "day": 23,
    "hour": 11,
    "minute": 5,
    "temp": 28.937419354838784,
    "ntu": 297.3151364764268
}