{
    "year": 2021,
    "month": 5,
    "day": 19,
    "hour": 17,
    "minute": 30,
    "temp": 30.835310173697508,
    "ntu": 477.545905707196
}