{
    "year": 2021,
    "month": 5,
    "day": 20,
    "hour": 18,
    "minute": 35,
    "temp": 30.614119106699572,
    "ntu": 492.51116625310175
}