{
    "year": 2021,
    "month": 6,
    "day": 10,
    "hour": 13,
    "minute": 35,
    "temp": 28.854253731343377,
    "ntu": 439.16169154228857
}