{
    "year": 2021,
    "month": 5,
    "day": 3,
    "hour": 2,
    "minute": 50,
    "temp": 24.689999999999944,
    "ntu": -0.13399503722084366
}