{
    "year": 2021,
    "month": 4,
    "day": 30,
    "hour": 3,
    "minute": 35,
    "temp": 26.487344913151414,
    "ntu": 0.6799007444168734
}