{
    "year": 2021,
    "month": 6,
    "day": 1,
    "hour": 7,
    "minute": 25,
    "temp": 27.76477611940298,
    "ntu": -247.60199004975124
}