{
    "year": 2021,
    "month": 5,
    "day": 7,
    "hour": 20,
    "minute": 15,
    "temp": 29.933449131513772,
    "ntu": 802.2704714640198
}