{
    "year": 2021,
    "month": 6,
    "day": 8,
    "hour": 5,
    "minute": 40,
    "temp": 28.775161290322682,
    "ntu": -92.36724565756823
}