{
    "year": 2021,
    "month": 6,
    "day": 28,
    "hour": 22,
    "minute": 15,
    "temp": 28.309999999999985,
    "ntu": 525.5472636815921
}