{
    "year": 2021,
    "month": 5,
    "day": 17,
    "hour": 14,
    "minute": 40,
    "temp": 31.447866004962883,
    "ntu": 854.0521091811414
}