{
    "year": 2021,
    "month": 6,
    "day": 9,
    "hour": 22,
    "minute": 30,
    "temp": 28.97268656716427,
    "ntu": 556.3084577114428
}