{
    "year": 2021,
    "month": 7,
    "day": 1,
    "hour": 11,
    "minute": 30,
    "temp": 28.00089552238806,
    "ntu": 338.7985074626866
}