{
    "year": 2021,
    "month": 5,
    "day": 6,
    "hour": 3,
    "minute": 50,
    "temp": 28.769652605459193,
    "ntu": 0.21836228287841192
}