{
    "year": 2021,
    "month": 5,
    "day": 11,
    "hour": 15,
    "minute": 5,
    "temp": 29.077717121588066,
    "ntu": 845.4069478908189
}