{
    "year": 2021,
    "month": 5,
    "day": 3,
    "hour": 4,
    "minute": 50,
    "temp": 24.340223325062023,
    "ntu": 1.9280397022332507
}