{
    "year": 2021,
    "month": 6,
    "day": 19,
    "hour": 17,
    "minute": 5,
    "temp": 28.567761194029828,
    "ntu": 371.23383084577114
}