{
    "year": 2021,
    "month": 5,
    "day": 20,
    "hour": 4,
    "minute": 20,
    "temp": 29.039305210918265,
    "ntu": -1.2258064516129032
}