{
    "year": 2021,
    "month": 5,
    "day": 5,
    "hour": 9,
    "minute": 50,
    "temp": 30.252828784118975,
    "ntu": 769.2605459057072
}