{
    "year": 2021,
    "month": 5,
    "day": 22,
    "hour": 12,
    "minute": 15,
    "temp": 28.90905707196045,
    "ntu": 271.605459057072
}