{
    "year": 2021,
    "month": 5,
    "day": 11,
    "hour": 8,
    "minute": 15,
    "temp": 29.689032258064373,
    "ntu": 684.4739454094292
}