{
    "year": 2021,
    "month": 6,
    "day": 21,
    "hour": 22,
    "minute": 5,
    "temp": 28.230746268656812,
    "ntu": 402.3731343283582
}