{
    "year": 2021,
    "month": 6,
    "day": 1,
    "hour": 9,
    "minute": 40,
    "temp": 28.238358208955322,
    "ntu": 397.9950248756219
}