{
    "year": 2021,
    "month": 5,
    "day": 24,
    "hour": 11,
    "minute": 5,
    "temp": 28.652754342431678,
    "ntu": 319.24317617866006
}