{
    "year": 2021,
    "month": 6,
    "day": 6,
    "hour": 7,
    "minute": 35,
    "temp": 28.993151364764298,
    "ntu": -159.75434243176178
}