{
    "year": 2021,
    "month": 6,
    "day": 25,
    "hour": 15,
    "minute": 30,
    "temp": 28.37766169154245,
    "ntu": 319.2512437810945
}