{
    "year": 2021,
    "month": 5,
    "day": 24,
    "hour": 7,
    "minute": 40,
    "temp": 28.05836228287846,
    "ntu": 342.20099255583125
}