{
    "year": 2021,
    "month": 4,
    "day": 28,
    "hour": 23,
    "minute": 15,
    "temp": 28.60243176178675,
    "ntu": 827.560794044665
}