{
    "year": 2021,
    "month": 5,
    "day": 11,
    "hour": 3,
    "minute": 20,
    "temp": 28.981637717121714,
    "ntu": 265.5334987593052
}