{
    "year": 2021,
    "month": 5,
    "day": 15,
    "hour": 1,
    "minute": 15,
    "temp": 29.794962779156442,
    "ntu": -1.8933002481389578
}