{
    "year": 2021,
    "month": 6,
    "day": 1,
    "hour": 13,
    "minute": 30,
    "temp": 28.89473945409438,
    "ntu": 442.5136476426799
}