{
    "year": 2021,
    "month": 6,
    "day": 4,
    "hour": 17,
    "minute": 55,
    "temp": 28.120397022332657,
    "ntu": 462.92803970223326
}