{
    "year": 2021,
    "month": 7,
    "day": 1,
    "hour": 1,
    "minute": 50,
    "temp": 28.38124688279316,
    "ntu": -8.296758104738155
}