{
    "year": 2021,
    "month": 6,
    "day": 20,
    "hour": 2,
    "minute": 40,
    "temp": 28.833283582089493,
    "ntu": -4.574626865671642
}