{
    "year": 2021,
    "month": 6,
    "day": 24,
    "hour": 12,
    "minute": 55,
    "temp": 28.059999999999988,
    "ntu": 305.52985074626866
}