{
    "year": 2021,
    "month": 6,
    "day": 28,
    "hour": 17,
    "minute": 5,
    "temp": 28.75955223880597,
    "ntu": 444.6865671641791
}