{
    "year": 2021,
    "month": 6,
    "day": 27,
    "hour": 0,
    "minute": 5,
    "temp": 29.002985074626864,
    "ntu": 546.4925373134329
}