{
    "year": 2021,
    "month": 6,
    "day": 27,
    "hour": 19,
    "minute": 15,
    "temp": 28.49985074626866,
    "ntu": 494.6641791044776
}