{
    "year": 2021,
    "month": 5,
    "day": 8,
    "hour": 21,
    "minute": 55,
    "temp": 30.463762376237597,
    "ntu": 819.3316831683169
}