{
    "year": 2021,
    "month": 5,
    "day": 15,
    "hour": 17,
    "minute": 10,
    "temp": 31.393449131513773,
    "ntu": 774.1538461538462
}