{
    "year": 2021,
    "month": 6,
    "day": 21,
    "hour": 18,
    "minute": 55,
    "temp": 28.745511221945172,
    "ntu": 371.2219451371571
}