{
    "year": 2021,
    "month": 6,
    "day": 9,
    "hour": 17,
    "minute": 10,
    "temp": 28.29823821339958,
    "ntu": 450.35235732009926
}