{
    "year": 2021,
    "month": 6,
    "day": 10,
    "hour": 15,
    "minute": 35,
    "temp": 28.96373134328362,
    "ntu": 403.64925373134326
}