{
    "year": 2021,
    "month": 6,
    "day": 9,
    "hour": 2,
    "minute": 15,
    "temp": 27.90482587064692,
    "ntu": -14.85323383084577
}