{
    "year": 2021,
    "month": 5,
    "day": 29,
    "hour": 13,
    "minute": 45,
    "temp": 28.62099255583121,
    "ntu": 733.6476426799007
}