{
    "year": 2021,
    "month": 4,
    "day": 29,
    "hour": 8,
    "minute": 25,
    "temp": 24.544069478908234,
    "ntu": 658.7990074441688
}