{
    "year": 2021,
    "month": 6,
    "day": 5,
    "hour": 16,
    "minute": 55,
    "temp": 28.64605459057092,
    "ntu": 471.4863523573201
}