{
    "year": 2021,
    "month": 6,
    "day": 11,
    "hour": 19,
    "minute": 35,
    "temp": 28.09746268656702,
    "ntu": 419.0497512437811
}