{
    "year": 2021,
    "month": 6,
    "day": 11,
    "hour": 14,
    "minute": 5,
    "temp": 28.230049627791633,
    "ntu": 439.80645161290323
}