{
    "year": 2021,
    "month": 5,
    "day": 31,
    "hour": 23,
    "minute": 40,
    "temp": 28.023731343283533,
    "ntu": 490.3756218905473
}