{
    "year": 2021,
    "month": 5,
    "day": 21,
    "hour": 10,
    "minute": 5,
    "temp": 30.006997518610298,
    "ntu": 470.9925558312655
}