{
    "year": 2021,
    "month": 5,
    "day": 10,
    "hour": 6,
    "minute": 30,
    "temp": 30.60805970149274,
    "ntu": 837.4004975124378
}