{
    "year": 2021,
    "month": 6,
    "day": 4,
    "hour": 17,
    "minute": 0,
    "temp": 28.638238213399696,
    "ntu": 451.04466501240694
}