{
    "year": 2021,
    "month": 5,
    "day": 9,
    "hour": 14,
    "minute": 10,
    "temp": 29.506401985111744,
    "ntu": 792.4044665012407
}