{
    "year": 2021,
    "month": 5,
    "day": 19,
    "hour": 22,
    "minute": 10,
    "temp": 30.819801980198132,
    "ntu": 491.20544554455444
}