{
    "year": 2021,
    "month": 5,
    "day": 28,
    "hour": 17,
    "minute": 40,
    "temp": 29.00000000000003,
    "ntu": 721.6104218362283
}