{
    "year": 2021,
    "month": 6,
    "day": 28,
    "hour": 2,
    "minute": 20,
    "temp": 27.940000000000005,
    "ntu": -8.077306733167083
}