{
    "year": 2021,
    "month": 5,
    "day": 14,
    "hour": 16,
    "minute": 35,
    "temp": 31.484565756824004,
    "ntu": 853.6451612903226
}