{
    "year": 2021,
    "month": 5,
    "day": 28,
    "hour": 0,
    "minute": 25,
    "temp": 29.153449131513693,
    "ntu": 1.5285359801488834
}