{
    "year": 2021,
    "month": 5,
    "day": 7,
    "hour": 5,
    "minute": 5,
    "temp": 28.312307692307783,
    "ntu": 9.942928039702233
}