{
    "year": 2021,
    "month": 5,
    "day": 7,
    "hour": 18,
    "minute": 5,
    "temp": 29.7623880597015,
    "ntu": 781.502487562189
}