{
    "year": 2021,
    "month": 6,
    "day": 12,
    "hour": 6,
    "minute": 10,
    "temp": 28.274119106699764,
    "ntu": -154.64019851116626
}