{
    "year": 2021,
    "month": 5,
    "day": 3,
    "hour": 18,
    "minute": 0,
    "temp": 29.86740099009888,
    "ntu": 753.3985148514852
}