{
    "year": 2021,
    "month": 6,
    "day": 27,
    "hour": 18,
    "minute": 40,
    "temp": 28.717462686567224,
    "ntu": 482.33084577114425
}