{
    "year": 2021,
    "month": 5,
    "day": 18,
    "hour": 7,
    "minute": 30,
    "temp": 31.812233250620654,
    "ntu": 113.76178660049628
}