{
    "year": 2021,
    "month": 6,
    "day": 22,
    "hour": 7,
    "minute": 0,
    "temp": 28.101218905472496,
    "ntu": 13.818407960199005
}