{
    "year": 2021,
    "month": 7,
    "day": 2,
    "hour": 5,
    "minute": 35,
    "temp": 29.092263681592026,
    "ntu": -126.28358208955224
}