{
    "year": 2021,
    "month": 6,
    "day": 28,
    "hour": 16,
    "minute": 0,
    "temp": 28.510870646766353,
    "ntu": 399.07960199004975
}