{
    "year": 2021,
    "month": 7,
    "day": 1,
    "hour": 23,
    "minute": 50,
    "temp": 28.577611940298464,
    "ntu": 421.17164179104475
}