{
    "year": 2021,
    "month": 6,
    "day": 27,
    "hour": 8,
    "minute": 35,
    "temp": 28.71039800995019,
    "ntu": -52.8134328358209
}