{
    "year": 2021,
    "month": 4,
    "day": 20,
    "hour": 22,
    "minute": 59,
    "temp": 29.687878787878812,
    "tds": 1053.8854545454544,
    "ph": 4.1903030303030295,
    "ntu": 3000.0
}