{
    "year": 2021,
    "month": 6,
    "day": 6,
    "hour": 15,
    "minute": 20,
    "temp": 28.604913151364617,
    "ntu": 567.1414392059553
}