{
    "year": 2021,
    "month": 5,
    "day": 25,
    "hour": 1,
    "minute": 0,
    "temp": 28.80835820895516,
    "ntu": 4.512437810945274
}