{
    "year": 2021,
    "month": 6,
    "day": 26,
    "hour": 3,
    "minute": 45,
    "temp": 28.372618453865496,
    "ntu": -26.027431421446384
}