{
    "year": 2021,
    "month": 6,
    "day": 23,
    "hour": 0,
    "minute": 10,
    "temp": 28.463582089552272,
    "ntu": 401.3681592039801
}