{
    "year": 2021,
    "month": 6,
    "day": 8,
    "hour": 7,
    "minute": 30,
    "temp": 28.154776119402875,
    "ntu": -176.75870646766168
}