{
    "year": 2021,
    "month": 6,
    "day": 27,
    "hour": 6,
    "minute": 15,
    "temp": 27.93407960199008,
    "ntu": -46.44278606965174
}