{
    "year": 2021,
    "month": 5,
    "day": 27,
    "hour": 16,
    "minute": 25,
    "temp": 28.784838709677484,
    "ntu": 750.1935483870968
}