{
    "year": 2021,
    "month": 4,
    "day": 30,
    "hour": 12,
    "minute": 45,
    "temp": 28.998213399503836,
    "ntu": 759.4044665012407
}