{
    "year": 2021,
    "month": 5,
    "day": 20,
    "hour": 0,
    "minute": 25,
    "temp": 29.01793532338324,
    "ntu": 0.8109452736318408
}