{
    "year": 2021,
    "month": 5,
    "day": 23,
    "hour": 3,
    "minute": 20,
    "temp": 27.9971782178219,
    "ntu": 3.9702970297029703
}