{
    "year": 2021,
    "month": 5,
    "day": 18,
    "hour": 17,
    "minute": 35,
    "temp": 31.156104218362483,
    "ntu": 154.25558312655087
}