{
    "year": 2021,
    "month": 5,
    "day": 24,
    "hour": 15,
    "minute": 5,
    "temp": 28.26920595533503,
    "ntu": 694.7320099255583
}