{
    "year": 2021,
    "month": 5,
    "day": 15,
    "hour": 0,
    "minute": 30,
    "temp": 29.320570719603012,
    "ntu": -2.002481389578164
}