{
    "year": 2021,
    "month": 6,
    "day": 18,
    "hour": 14,
    "minute": 30,
    "temp": 29.00417910447764,
    "ntu": 390.59452736318406
}