{
    "year": 2021,
    "month": 6,
    "day": 4,
    "hour": 4,
    "minute": 35,
    "temp": 28.988387096774193,
    "ntu": -45.05210918114144
}