{
    "year": 2021,
    "month": 5,
    "day": 7,
    "hour": 6,
    "minute": 30,
    "temp": 30.660471464019945,
    "ntu": 872.3225806451613
}