{
    "year": 2021,
    "month": 5,
    "day": 25,
    "hour": 22,
    "minute": 20,
    "temp": 28.590992555831544,
    "ntu": 752.6277915632754
}