{
    "year": 2021,
    "month": 6,
    "day": 20,
    "hour": 17,
    "minute": 5,
    "temp": 29.011641791044777,
    "ntu": 372.47512437810946
}