{
    "year": 2021,
    "month": 6,
    "day": 25,
    "hour": 2,
    "minute": 5,
    "temp": 27.87017456359117,
    "ntu": -4.059850374064838
}