{
    "year": 2021,
    "month": 6,
    "day": 20,
    "hour": 0,
    "minute": 40,
    "temp": 28.455970149253737,
    "ntu": 416.0771144278607
}