{
    "year": 2021,
    "month": 5,
    "day": 2,
    "hour": 21,
    "minute": 50,
    "temp": 29.080521091811715,
    "ntu": 795.6327543424318
}