{
    "year": 2021,
    "month": 6,
    "day": 11,
    "hour": 8,
    "minute": 20,
    "temp": 28.356674937965135,
    "ntu": -226.54590570719603
}