{
    "year": 2021,
    "month": 5,
    "day": 11,
    "hour": 3,
    "minute": 30,
    "temp": 28.61630272952841,
    "ntu": 233.0272952853598
}