{
    "year": 2021,
    "month": 6,
    "day": 24,
    "hour": 1,
    "minute": 35,
    "temp": 28.009426433915205,
    "ntu": 118.11720698254364
}