{
    "year": 2021,
    "month": 6,
    "day": 2,
    "hour": 6,
    "minute": 0,
    "temp": 28.513283582089638,
    "ntu": -145.14676616915423
}