{
    "year": 2021,
    "month": 5,
    "day": 16,
    "hour": 15,
    "minute": 50,
    "temp": 31.043473945409563,
    "ntu": 754.4987593052109
}