{
    "year": 2021,
    "month": 6,
    "day": 10,
    "hour": 8,
    "minute": 0,
    "temp": 28.93535980148891,
    "ntu": -200.44913151364764
}