{
    "year": 2021,
    "month": 6,
    "day": 20,
    "hour": 8,
    "minute": 45,
    "temp": 29.313880597014908,
    "ntu": 88.636815920398
}