{
    "year": 2021,
    "month": 6,
    "day": 21,
    "hour": 22,
    "minute": 10,
    "temp": 28.18878109452738,
    "ntu": 402.92039800995025
}