{
    "year": 2021,
    "month": 5,
    "day": 26,
    "hour": 10,
    "minute": 55,
    "temp": 28.793325062034686,
    "ntu": 731.6228287841191
}