{
    "year": 2021,
    "month": 6,
    "day": 24,
    "hour": 4,
    "minute": 35,
    "temp": 28.47388059701501,
    "ntu": -48.33582089552239
}