{
    "year": 2021,
    "month": 6,
    "day": 1,
    "hour": 21,
    "minute": 55,
    "temp": 28.99173697270459,
    "ntu": 465.9801488833747
}