{
    "year": 2021,
    "month": 6,
    "day": 27,
    "hour": 23,
    "minute": 55,
    "temp": 28.05985037406483,
    "ntu": 544.0349127182045
}