{
    "year": 2021,
    "month": 6,
    "day": 8,
    "hour": 9,
    "minute": 45,
    "temp": 28.045409429280486,
    "ntu": 472.55831265508687
}