{
    "year": 2021,
    "month": 5,
    "day": 11,
    "hour": 21,
    "minute": 20,
    "temp": 29.881637717121517,
    "ntu": 889.379652605459
}