{
    "year": 2021,
    "month": 6,
    "day": 30,
    "hour": 9,
    "minute": 15,
    "temp": 27.942394014962602,
    "ntu": -14.5785536159601
}