{
    "year": 2021,
    "month": 5,
    "day": 18,
    "hour": 21,
    "minute": 30,
    "temp": 30.568337468982655,
    "ntu": 481.6898263027295
}