{
    "year": 2021,
    "month": 5,
    "day": 31,
    "hour": 7,
    "minute": 35,
    "temp": 29.517866004962872,
    "ntu": 194.58808933002481
}