{
    "year": 2021,
    "month": 6,
    "day": 5,
    "hour": 11,
    "minute": 15,
    "temp": 29.025012406947827,
    "ntu": 487.575682382134
}