{
    "year": 2021,
    "month": 6,
    "day": 1,
    "hour": 19,
    "minute": 50,
    "temp": 28.131290322580732,
    "ntu": 403.4491315136476
}