{
    "year": 2021,
    "month": 4,
    "day": 28,
    "hour": 20,
    "minute": 30,
    "temp": 29.721266094420812,
    "ntu": 865.7682403433477
}