{
    "year": 2021,
    "month": 5,
    "day": 14,
    "hour": 20,
    "minute": 35,
    "temp": 31.55283582089545,
    "ntu": 799.2985074626865
}