{
    "year": 2021,
    "month": 6,
    "day": 22,
    "hour": 22,
    "minute": 20,
    "temp": 28.115660847880385,
    "ntu": 404.2269326683292
}