{
    "year": 2021,
    "month": 6,
    "day": 20,
    "hour": 9,
    "minute": 40,
    "temp": 28.55417910447764,
    "ntu": 341.1044776119403
}