{
    "year": 2021,
    "month": 6,
    "day": 20,
    "hour": 11,
    "minute": 25,
    "temp": 28.69082294264342,
    "ntu": 358.7506234413965
}