{
    "year": 2021,
    "month": 6,
    "day": 20,
    "hour": 4,
    "minute": 15,
    "temp": 29.03791044776118,
    "ntu": -26.223880597014926
}