{
    "year": 2021,
    "month": 6,
    "day": 4,
    "hour": 16,
    "minute": 55,
    "temp": 28.695359801488856,
    "ntu": 449.32506203473946
}