{
    "year": 2021,
    "month": 7,
    "day": 1,
    "hour": 13,
    "minute": 45,
    "temp": 28.37017412935339,
    "ntu": 329.56467661691545
}