{
    "year": 2021,
    "month": 4,
    "day": 29,
    "hour": 9,
    "minute": 10,
    "temp": 24.689999999999944,
    "ntu": 681.9032258064516
}