{
    "year": 2021,
    "month": 6,
    "day": 11,
    "hour": 8,
    "minute": 40,
    "temp": 28.36806451612915,
    "ntu": 188.95285359801488
}