{
    "year": 2021,
    "month": 6,
    "day": 9,
    "hour": 20,
    "minute": 30,
    "temp": 27.999850746268653,
    "ntu": 516.7711442786069
}