{
    "year": 2021,
    "month": 6,
    "day": 6,
    "hour": 16,
    "minute": 15,
    "temp": 28.39972636815912,
    "ntu": 556.3880597014926
}