{
    "year": 2021,
    "month": 6,
    "day": 19,
    "hour": 3,
    "minute": 40,
    "temp": 28.022630272952853,
    "ntu": -18.024813895781637
}