{
    "year": 2021,
    "month": 6,
    "day": 4,
    "hour": 6,
    "minute": 45,
    "temp": 28.900570719602857,
    "ntu": -109.78163771712158
}