{
    "year": 2021,
    "month": 6,
    "day": 19,
    "hour": 0,
    "minute": 35,
    "temp": 28.1900748129676,
    "ntu": 427.0648379052369
}