{
    "year": 2021,
    "month": 6,
    "day": 18,
    "hour": 19,
    "minute": 40,
    "temp": 28.029850746268682,
    "ntu": 383.7587064676617
}