{
    "year": 2021,
    "month": 6,
    "day": 30,
    "hour": 20,
    "minute": 10,
    "temp": 28.243416458852902,
    "ntu": 338.8528678304239
}