{
    "year": 2021,
    "month": 5,
    "day": 27,
    "hour": 15,
    "minute": 40,
    "temp": 28.520595533499016,
    "ntu": 675.4119106699752
}