{
    "year": 2021,
    "month": 5,
    "day": 1,
    "hour": 1,
    "minute": 5,
    "temp": 30.034689826302806,
    "ntu": 746.0769230769231
}