{
    "year": 2021,
    "month": 6,
    "day": 10,
    "hour": 6,
    "minute": 50,
    "temp": 28.6876923076924,
    "ntu": -129.4516129032258
}