{
    "year": 2021,
    "month": 6,
    "day": 8,
    "hour": 12,
    "minute": 30,
    "temp": 28.496417910447803,
    "ntu": 470.1542288557214
}