{
    "year": 2021,
    "month": 4,
    "day": 29,
    "hour": 3,
    "minute": 5,
    "temp": 27.054626865671736,
    "ntu": 821.6442786069651
}