{
    "year": 2021,
    "month": 5,
    "day": 5,
    "hour": 18,
    "minute": 10,
    "temp": 30.085074626866014,
    "ntu": 835.592039800995
}