{
    "year": 2021,
    "month": 6,
    "day": 2,
    "hour": 4,
    "minute": 50,
    "temp": 28.8103970223326,
    "ntu": -65.13895781637717
}