{
    "year": 2021,
    "month": 5,
    "day": 17,
    "hour": 0,
    "minute": 15,
    "temp": 29.898411910669974,
    "ntu": -2.4739454094292803
}