{
    "year": 2021,
    "month": 6,
    "day": 19,
    "hour": 11,
    "minute": 45,
    "temp": 28.392462686567345,
    "ntu": 383.5547263681592
}