{
    "year": 2021,
    "month": 5,
    "day": 9,
    "hour": 13,
    "minute": 55,
    "temp": 29.892555831265618,
    "ntu": 791.5483870967741
}