{
    "year": 2021,
    "month": 6,
    "day": 2,
    "hour": 6,
    "minute": 5,
    "temp": 28.36746898263011,
    "ntu": -162.40694789081886
}