{
    "year": 2021,
    "month": 5,
    "day": 4,
    "hour": 5,
    "minute": 20,
    "temp": 27.822357320099293,
    "ntu": 25.11166253101737
}