{
    "year": 2021,
    "month": 5,
    "day": 25,
    "hour": 2,
    "minute": 25,
    "temp": 28.52069478908197,
    "ntu": 5.124069478908188
}