{
    "year": 2021,
    "month": 5,
    "day": 12,
    "hour": 3,
    "minute": 30,
    "temp": 28.570570719603044,
    "ntu": -0.4317617866004963
}