{
    "year": 2021,
    "month": 5,
    "day": 20,
    "hour": 13,
    "minute": 50,
    "temp": 30.927667493796566,
    "ntu": 430.0794044665012
}