{
    "year": 2021,
    "month": 5,
    "day": 24,
    "hour": 1,
    "minute": 25,
    "temp": 27.818660049627873,
    "ntu": 1.6277915632754343
}