{
    "year": 2021,
    "month": 5,
    "day": 14,
    "hour": 15,
    "minute": 25,
    "temp": 31.829057071960634,
    "ntu": 793.4987593052109
}