{
    "year": 2021,
    "month": 6,
    "day": 2,
    "hour": 15,
    "minute": 55,
    "temp": 28.221265508684926,
    "ntu": 369.1091811414392
}