{
    "year": 2021,
    "month": 6,
    "day": 8,
    "hour": 5,
    "minute": 35,
    "temp": 28.69044776119405,
    "ntu": -82.91044776119404
}