{
    "year": 2021,
    "month": 5,
    "day": 6,
    "hour": 21,
    "minute": 35,
    "temp": 30.640148883374927,
    "ntu": 881.0198511166253
}