{
    "year": 2021,
    "month": 6,
    "day": 28,
    "hour": 14,
    "minute": 25,
    "temp": 28.318507462686547,
    "ntu": 492.16169154228857
}