{
    "year": 2021,
    "month": 6,
    "day": 27,
    "hour": 13,
    "minute": 15,
    "temp": 28.189651741293545,
    "ntu": 484.60696517412936
}