{
    "year": 2021,
    "month": 6,
    "day": 9,
    "hour": 17,
    "minute": 45,
    "temp": 28.070248756219158,
    "ntu": 436.4378109452736
}