{
    "year": 2021,
    "month": 5,
    "day": 11,
    "hour": 19,
    "minute": 5,
    "temp": 29.82848635235728,
    "ntu": 857.3672456575682
}