{
    "year": 2021,
    "month": 6,
    "day": 8,
    "hour": 19,
    "minute": 0,
    "temp": 28.426318407960277,
    "ntu": 522.9925373134329
}