{
    "year": 2021,
    "month": 5,
    "day": 27,
    "hour": 13,
    "minute": 20,
    "temp": 28.350620347394372,
    "ntu": 695.1538461538462
}