{
    "year": 2021,
    "month": 6,
    "day": 7,
    "hour": 4,
    "minute": 40,
    "temp": 28.733830845771,
    "ntu": -52.014925373134325
}