{
    "year": 2021,
    "month": 5,
    "day": 6,
    "hour": 4,
    "minute": 25,
    "temp": 29.982406947890816,
    "ntu": 0.9528535980148883
}