{
    "year": 2021,
    "month": 6,
    "day": 28,
    "hour": 8,
    "minute": 5,
    "temp": 28.07820895522385,
    "ntu": 45.75124378109453
}