{
    "year": 2021,
    "month": 6,
    "day": 9,
    "hour": 19,
    "minute": 25,
    "temp": 28.367940446650234,
    "ntu": 511.6650124069479
}