{
    "year": 2021,
    "month": 6,
    "day": 28,
    "hour": 1,
    "minute": 5,
    "temp": 28.81119402985072,
    "ntu": 546.0323383084577
}