{
    "year": 2021,
    "month": 4,
    "day": 30,
    "hour": 17,
    "minute": 45,
    "temp": 29.426501240694915,
    "ntu": 875.1761786600496
}