{
    "year": 2021,
    "month": 6,
    "day": 4,
    "hour": 14,
    "minute": 35,
    "temp": 29.024863523573256,
    "ntu": 467.6873449131514
}