{
    "year": 2021,
    "month": 6,
    "day": 14,
    "hour": 1,
    "minute": 15,
    "temp": 27.658560794044792,
    "ntu": -8.35483870967742
}