{
    "year": 2021,
    "month": 6,
    "day": 20,
    "hour": 13,
    "minute": 35,
    "temp": 28.56552238805968,
    "ntu": 380.19900497512435
}