{
    "year": 2021,
    "month": 5,
    "day": 9,
    "hour": 2,
    "minute": 10,
    "temp": 29.703598014888453,
    "ntu": -0.794044665012407
}