{
    "year": 2021,
    "month": 5,
    "day": 27,
    "hour": 8,
    "minute": 55,
    "temp": 28.483731343283512,
    "ntu": 677.455223880597
}