{
    "year": 2021,
    "month": 6,
    "day": 27,
    "hour": 12,
    "minute": 40,
    "temp": 28.370000000000157,
    "ntu": 486.43890274314214
}