{
    "year": 2021,
    "month": 5,
    "day": 15,
    "hour": 13,
    "minute": 50,
    "temp": 31.842238805970055,
    "ntu": 755.957711442786
}