{
    "year": 2021,
    "month": 5,
    "day": 16,
    "hour": 12,
    "minute": 50,
    "temp": 31.89349875930545,
    "ntu": 824.9205955334987
}