{
    "year": 2021,
    "month": 5,
    "day": 26,
    "hour": 11,
    "minute": 40,
    "temp": 28.521141439205973,
    "ntu": 767.985111662531
}