{
    "year": 2021,
    "month": 6,
    "day": 7,
    "hour": 1,
    "minute": 35,
    "temp": 29.016865671641828,
    "ntu": -6.741293532338308
}