{
    "year": 2021,
    "month": 6,
    "day": 1,
    "hour": 13,
    "minute": 55,
    "temp": 28.36002487562174,
    "ntu": 445.1393034825871
}