{
    "year": 2021,
    "month": 5,
    "day": 25,
    "hour": 11,
    "minute": 5,
    "temp": 28.80464019851152,
    "ntu": 656.4317617866005
}