{
    "year": 2021,
    "month": 6,
    "day": 28,
    "hour": 0,
    "minute": 45,
    "temp": 28.99925373134329,
    "ntu": 545.2064676616916
}