{
    "year": 2021,
    "month": 5,
    "day": 29,
    "hour": 6,
    "minute": 50,
    "temp": 28.806799007444265,
    "ntu": 74.04466501240695
}