{
    "year": 2021,
    "month": 5,
    "day": 27,
    "hour": 7,
    "minute": 15,
    "temp": 27.878582089552165,
    "ntu": 115.09950248756219
}