{
    "year": 2021,
    "month": 5,
    "day": 22,
    "hour": 16,
    "minute": 15,
    "temp": 28.84920595533484,
    "ntu": 365.03722084367246
}