{
    "year": 2021,
    "month": 5,
    "day": 12,
    "hour": 5,
    "minute": 0,
    "temp": 30.01727047146424,
    "ntu": 50.78908188585608
}