{
    "year": 2021,
    "month": 5,
    "day": 28,
    "hour": 1,
    "minute": 55,
    "temp": 28.174143920595615,
    "ntu": 3.054590570719603
}