{
    "year": 2021,
    "month": 6,
    "day": 6,
    "hour": 4,
    "minute": 50,
    "temp": 28.799727047146487,
    "ntu": -48.069478908188586
}