{
    "year": 2021,
    "month": 6,
    "day": 7,
    "hour": 10,
    "minute": 15,
    "temp": 28.470372208436793,
    "ntu": 506.90570719602977
}