{
    "year": 2021,
    "month": 6,
    "day": 9,
    "hour": 23,
    "minute": 0,
    "temp": 28.41578163771724,
    "ntu": 558.6600496277915
}