{
    "year": 2021,
    "month": 5,
    "day": 16,
    "hour": 13,
    "minute": 15,
    "temp": 31.17246268656733,
    "ntu": 823.8457711442786
}