{
    "year": 2021,
    "month": 5,
    "day": 29,
    "hour": 10,
    "minute": 30,
    "temp": 28.906476426799173,
    "ntu": 587.5111662531017
}