{
    "year": 2021,
    "month": 6,
    "day": 9,
    "hour": 2,
    "minute": 55,
    "temp": 28.51432835820906,
    "ntu": -12.539800995024876
}