{
    "year": 2021,
    "month": 5,
    "day": 27,
    "hour": 22,
    "minute": 55,
    "temp": 28.52307692307696,
    "ntu": 787.7146401985111
}