{
    "year": 2021,
    "month": 5,
    "day": 27,
    "hour": 22,
    "minute": 20,
    "temp": 28.82893034825897,
    "ntu": 722.2462686567164
}