{
    "year": 2021,
    "month": 6,
    "day": 13,
    "hour": 3,
    "minute": 10,
    "temp": 28.38462686567182,
    "ntu": -13.982587064676617
}