{
    "year": 2021,
    "month": 6,
    "day": 21,
    "hour": 4,
    "minute": 10,
    "temp": 28.505074626865696,
    "ntu": -30.27363184079602
}