{
    "year": 2021,
    "month": 5,
    "day": 6,
    "hour": 5,
    "minute": 0,
    "temp": 28.29317617866014,
    "ntu": 22.617866004962778
}