{
    "year": 2021,
    "month": 6,
    "day": 7,
    "hour": 2,
    "minute": 35,
    "temp": 28.912754342431644,
    "ntu": -10.129032258064516
}