{
    "year": 2021,
    "month": 6,
    "day": 22,
    "hour": 1,
    "minute": 10,
    "temp": 29.02564676616914,
    "ntu": 396.93283582089555
}