{
    "year": 2021,
    "month": 5,
    "day": 29,
    "hour": 10,
    "minute": 40,
    "temp": 28.726476426799113,
    "ntu": 683.2481389578164
}