{
    "year": 2021,
    "month": 6,
    "day": 11,
    "hour": 22,
    "minute": 0,
    "temp": 29.042686567164164,
    "ntu": 432.0149253731343
}