{
    "year": 2021,
    "month": 5,
    "day": 6,
    "hour": 8,
    "minute": 15,
    "temp": 29.56253101736981,
    "ntu": 864.0620347394541
}