{
    "year": 2021,
    "month": 6,
    "day": 21,
    "hour": 10,
    "minute": 40,
    "temp": 28.311791044776108,
    "ntu": 369.0497512437811
}