{
    "year": 2021,
    "month": 5,
    "day": 27,
    "hour": 11,
    "minute": 30,
    "temp": 28.59741935483856,
    "ntu": 725.908188585608
}