{
    "year": 2021,
    "month": 6,
    "day": 3,
    "hour": 15,
    "minute": 0,
    "temp": 28.892853598015037,
    "ntu": 424.317617866005
}