{
    "year": 2021,
    "month": 5,
    "day": 4,
    "hour": 19,
    "minute": 50,
    "temp": 30.264143920595547,
    "ntu": 794.2307692307693
}