{
    "year": 2021,
    "month": 5,
    "day": 5,
    "hour": 21,
    "minute": 35,
    "temp": 30.312233250620718,
    "ntu": 882.3722084367246
}