{
    "year": 2021,
    "month": 5,
    "day": 1,
    "hour": 15,
    "minute": 5,
    "temp": 29.006997518610497,
    "ntu": 664.3250620347394
}