{
    "year": 2021,
    "month": 6,
    "day": 18,
    "hour": 15,
    "minute": 5,
    "temp": 28.556119402985086,
    "ntu": 385.0721393034826
}