{
    "year": 2021,
    "month": 5,
    "day": 25,
    "hour": 16,
    "minute": 10,
    "temp": 29.102506203473823,
    "ntu": 576.1315136476427
}