{
    "year": 2021,
    "month": 6,
    "day": 9,
    "hour": 18,
    "minute": 45,
    "temp": 28.690744416873475,
    "ntu": 474.2630272952854
}