{
    "year": 2021,
    "month": 5,
    "day": 12,
    "hour": 20,
    "minute": 50,
    "temp": 30.96240694789075,
    "ntu": 806.5930521091811
}