{
    "year": 2021,
    "month": 6,
    "day": 14,
    "hour": 12,
    "minute": 25,
    "temp": 28.837955112219653,
    "ntu": 234.5436408977556
}