{
    "year": 2021,
    "month": 5,
    "day": 8,
    "hour": 20,
    "minute": 5,
    "temp": 30.326401985111634,
    "ntu": 820.7344913151364
}