{
    "year": 2021,
    "month": 5,
    "day": 21,
    "hour": 1,
    "minute": 45,
    "temp": 29.006848635235738,
    "ntu": 2.2233250620347396
}