{
    "year": 2021,
    "month": 6,
    "day": 13,
    "hour": 16,
    "minute": 0,
    "temp": 28.338930348258888,
    "ntu": 253.5820895522388
}