{
    "year": 2021,
    "month": 5,
    "day": 24,
    "hour": 14,
    "minute": 50,
    "temp": 28.578312655086826,
    "ntu": 697.7543424317618
}