{
    "year": 2021,
    "month": 5,
    "day": 9,
    "hour": 3,
    "minute": 5,
    "temp": 28.433598014888446,
    "ntu": -0.6029776674937966
}