{
    "year": 2021,
    "month": 6,
    "day": 30,
    "hour": 7,
    "minute": 10,
    "temp": 28.574477611940274,
    "ntu": -64.83830845771145
}