{
    "year": 2021,
    "month": 6,
    "day": 2,
    "hour": 0,
    "minute": 10,
    "temp": 28.34920595533482,
    "ntu": 490.7741935483871
}