{
    "year": 2021,
    "month": 6,
    "day": 14,
    "hour": 4,
    "minute": 35,
    "temp": 28.597157107232082,
    "ntu": -79.10473815461347
}