{
    "year": 2021,
    "month": 6,
    "day": 12,
    "hour": 16,
    "minute": 45,
    "temp": 28.234962779156433,
    "ntu": 384.66997518610424
}