{
    "year": 2021,
    "month": 4,
    "day": 15,
    "hour": 6,
    "minute": 59,
    "temp": 27.559999999999977,
    "tds": 1279.2340625000004,
    "ph": 4.763125,
    "ntu": 3000.0
}