{
    "year": 2021,
    "month": 5,
    "day": 27,
    "hour": 21,
    "minute": 40,
    "temp": 28.21419354838712,
    "ntu": 778.9379652605459
}