{
    "year": 2021,
    "month": 6,
    "day": 28,
    "hour": 13,
    "minute": 15,
    "temp": 28.749552238805975,
    "ntu": 496.47512437810946
}