{
    "year": 2021,
    "month": 5,
    "day": 18,
    "hour": 14,
    "minute": 10,
    "temp": 31.827419354838877,
    "ntu": 145.83870967741936
}