{
    "year": 2021,
    "month": 5,
    "day": 3,
    "hour": 18,
    "minute": 45,
    "temp": 29.169776674937864,
    "ntu": 717.5012406947891
}