{
    "year": 2021,
    "month": 6,
    "day": 1,
    "hour": 9,
    "minute": 0,
    "temp": 28.829503722084326,
    "ntu": 252.37468982630273
}