{
    "year": 2021,
    "month": 5,
    "day": 8,
    "hour": 5,
    "minute": 20,
    "temp": 30.363042394015075,
    "ntu": 9.780548628428928
}