{
    "year": 2021,
    "month": 5,
    "day": 29,
    "hour": 0,
    "minute": 25,
    "temp": 28.11344913151384,
    "ntu": 809.0843672456575
}