{
    "year": 2021,
    "month": 5,
    "day": 3,
    "hour": 3,
    "minute": 30,
    "temp": 24.560000000000056,
    "ntu": -0.1037037037037037
}