{
    "year": 2021,
    "month": 5,
    "day": 14,
    "hour": 5,
    "minute": 35,
    "temp": 29.616766169154456,
    "ntu": 106.53233830845771
}