{
    "year": 2021,
    "month": 6,
    "day": 5,
    "hour": 5,
    "minute": 20,
    "temp": 28.292238805970225,
    "ntu": -106.52985074626865
}