{
    "year": 2021,
    "month": 5,
    "day": 7,
    "hour": 4,
    "minute": 0,
    "temp": 28.540496277915725,
    "ntu": 0.0794044665012407
}