{
    "year": 2021,
    "month": 5,
    "day": 16,
    "hour": 23,
    "minute": 15,
    "temp": 29.513101736972768,
    "ntu": -3.4590570719602978
}