{
    "year": 2021,
    "month": 6,
    "day": 6,
    "hour": 6,
    "minute": 0,
    "temp": 29.037667493796597,
    "ntu": -129.94044665012407
}