{
    "year": 2021,
    "month": 5,
    "day": 1,
    "hour": 22,
    "minute": 10,
    "temp": 29.8328535980149,
    "ntu": 804.9826302729529
}