{
    "year": 2021,
    "month": 5,
    "day": 22,
    "hour": 3,
    "minute": 45,
    "temp": 27.22264851485153,
    "ntu": 2.3044554455445545
}