{
    "year": 2021,
    "month": 5,
    "day": 23,
    "hour": 10,
    "minute": 35,
    "temp": 28.021940298507417,
    "ntu": 341.59452736318406
}