{
    "year": 2021,
    "month": 5,
    "day": 19,
    "hour": 9,
    "minute": 55,
    "temp": 30.156178660049637,
    "ntu": 477.2853598014888
}