{
    "year": 2021,
    "month": 6,
    "day": 3,
    "hour": 0,
    "minute": 15,
    "temp": 28.758631840796074,
    "ntu": 525.8333333333334
}