{
    "year": 2021,
    "month": 5,
    "day": 19,
    "hour": 0,
    "minute": 10,
    "temp": 30.156203473945226,
    "ntu": 148.6575682382134
}