{
    "year": 2021,
    "month": 6,
    "day": 6,
    "hour": 0,
    "minute": 5,
    "temp": 28.210049751243627,
    "ntu": 570.592039800995
}