{
    "year": 2021,
    "month": 6,
    "day": 13,
    "hour": 21,
    "minute": 20,
    "temp": 28.411766169154085,
    "ntu": 283.23880597014926
}