{
    "year": 2021,
    "month": 5,
    "day": 30,
    "hour": 17,
    "minute": 5,
    "temp": 28.01444168734491,
    "ntu": 697.5409429280397
}