{
    "year": 2021,
    "month": 5,
    "day": 17,
    "hour": 11,
    "minute": 40,
    "temp": 31.914826732673255,
    "ntu": 752.6138613861386
}