{
    "year": 2021,
    "month": 6,
    "day": 10,
    "hour": 8,
    "minute": 35,
    "temp": 28.5972208436723,
    "ntu": 154.47890818858562
}