{
    "year": 2021,
    "month": 6,
    "day": 23,
    "hour": 5,
    "minute": 10,
    "temp": 28.49910447761196,
    "ntu": -35.69651741293532
}