{
    "year": 2021,
    "month": 4,
    "day": 25,
    "hour": 3,
    "minute": 59,
    "temp": 26.36999999999995,
    "ntu": -5.971830985915493
}