{
    "year": 2021,
    "month": 6,
    "day": 29,
    "hour": 8,
    "minute": 40,
    "temp": 28.95980099502474,
    "ntu": 2.3656716417910446
}