{
    "year": 2021,
    "month": 6,
    "day": 21,
    "hour": 11,
    "minute": 30,
    "temp": 28.47194513715706,
    "ntu": 356.1122194513716
}