{
    "year": 2021,
    "month": 4,
    "day": 29,
    "hour": 9,
    "minute": 20,
    "temp": 24.749405940594055,
    "ntu": 675.4282178217821
}