{
    "year": 2021,
    "month": 5,
    "day": 22,
    "hour": 15,
    "minute": 10,
    "temp": 28.519205955335003,
    "ntu": 327.8684863523573
}