{
    "year": 2021,
    "month": 6,
    "day": 27,
    "hour": 3,
    "minute": 20,
    "temp": 28.517462686567153,
    "ntu": -15.708955223880597
}