{
    "year": 2021,
    "month": 5,
    "day": 6,
    "hour": 12,
    "minute": 15,
    "temp": 30.059999999999956,
    "ntu": 812.2555831265508
}