{
    "year": 2021,
    "month": 5,
    "day": 24,
    "hour": 13,
    "minute": 20,
    "temp": 28.02322580645156,
    "ntu": 394.5210918114144
}