{
    "year": 2021,
    "month": 6,
    "day": 27,
    "hour": 13,
    "minute": 30,
    "temp": 28.097611940298435,
    "ntu": 480.3830845771144
}