{
    "year": 2021,
    "month": 6,
    "day": 30,
    "hour": 21,
    "minute": 45,
    "temp": 28.940897755610997,
    "ntu": 355.5885286783042
}