{
    "year": 2021,
    "month": 6,
    "day": 2,
    "hour": 3,
    "minute": 50,
    "temp": 28.791091811414503,
    "ntu": -25.468982630272954
}