{
    "year": 2021,
    "month": 6,
    "day": 30,
    "hour": 23,
    "minute": 50,
    "temp": 28.12069651741309,
    "ntu": 359.92039800995025
}