{
    "year": 2021,
    "month": 5,
    "day": 26,
    "hour": 4,
    "minute": 15,
    "temp": 27.581588089330015,
    "ntu": 3.1166253101736974
}