{
    "year": 2021,
    "month": 5,
    "day": 4,
    "hour": 9,
    "minute": 40,
    "temp": 30.770248138957903,
    "ntu": 660.106699751861
}