{
    "year": 2021,
    "month": 5,
    "day": 15,
    "hour": 4,
    "minute": 30,
    "temp": 29.369138755980693,
    "ntu": 6.899521531100478
}