{
    "year": 2021,
    "month": 6,
    "day": 26,
    "hour": 10,
    "minute": 10,
    "temp": 28.442089552238823,
    "ntu": 487.5721393034826
}