{
    "year": 2021,
    "month": 5,
    "day": 21,
    "hour": 22,
    "minute": 25,
    "temp": 28.831439205955288,
    "ntu": 693.6848635235732
}