{
    "year": 2021,
    "month": 5,
    "day": 9,
    "hour": 2,
    "minute": 50,
    "temp": 29.017717121588234,
    "ntu": -0.8213399503722084
}