{
    "year": 2021,
    "month": 6,
    "day": 24,
    "hour": 6,
    "minute": 35,
    "temp": 28.29711442786085,
    "ntu": -70.65671641791045
}