{
    "year": 2021,
    "month": 5,
    "day": 3,
    "hour": 17,
    "minute": 50,
    "temp": 30.088560794044543,
    "ntu": 754.3548387096774
}