{
    "year": 2021,
    "month": 4,
    "day": 30,
    "hour": 13,
    "minute": 20,
    "temp": 28.267568238213396,
    "ntu": 746.4491315136477
}