{
    "year": 2021,
    "month": 6,
    "day": 13,
    "hour": 19,
    "minute": 10,
    "temp": 28.185547263681627,
    "ntu": 262.4950248756219
}