{
    "year": 2021,
    "month": 6,
    "day": 9,
    "hour": 17,
    "minute": 30,
    "temp": 28.061339950372197,
    "ntu": 458.74441687344915
}