{
    "year": 2021,
    "month": 6,
    "day": 27,
    "hour": 7,
    "minute": 10,
    "temp": 28.597860696517245,
    "ntu": -64.84328358208955
}