{
    "year": 2021,
    "month": 4,
    "day": 29,
    "hour": 3,
    "minute": 20,
    "temp": 26.666873449131618,
    "ntu": 822.0570719602978
}