{
    "year": 2021,
    "month": 6,
    "day": 4,
    "hour": 15,
    "minute": 30,
    "temp": 28.25163771712159,
    "ntu": 451.6327543424318
}