{
    "year": 2021,
    "month": 6,
    "day": 18,
    "hour": 14,
    "minute": 35,
    "temp": 28.97283582089561,
    "ntu": 391.089552238806
}