{
    "year": 2021,
    "month": 5,
    "day": 12,
    "hour": 4,
    "minute": 20,
    "temp": 29.07533498759313,
    "ntu": 3.086848635235732
}