{
    "year": 2021,
    "month": 6,
    "day": 8,
    "hour": 5,
    "minute": 45,
    "temp": 28.903034825870694,
    "ntu": -103.11940298507463
}