{
    "year": 2021,
    "month": 5,
    "day": 8,
    "hour": 11,
    "minute": 35,
    "temp": 29.778585607940485,
    "ntu": 433.7146401985112
}