{
    "year": 2021,
    "month": 5,
    "day": 5,
    "hour": 19,
    "minute": 25,
    "temp": 30.954441687344964,
    "ntu": 839.424317617866
}