{
    "year": 2021,
    "month": 6,
    "day": 2,
    "hour": 21,
    "minute": 15,
    "temp": 28.79523573201024,
    "ntu": 486.9454094292804
}