{
    "year": 2021,
    "month": 5,
    "day": 19,
    "hour": 15,
    "minute": 55,
    "temp": 30.86374689826304,
    "ntu": 462.9751861042184
}