{
    "year": 2021,
    "month": 5,
    "day": 11,
    "hour": 8,
    "minute": 55,
    "temp": 30.999404466501264,
    "ntu": 761.7915632754342
}