{
    "year": 2021,
    "month": 5,
    "day": 14,
    "hour": 3,
    "minute": 25,
    "temp": 29.373349875930373,
    "ntu": -0.7369727047146402
}