{
    "year": 2021,
    "month": 6,
    "day": 29,
    "hour": 5,
    "minute": 35,
    "temp": 28.422543640897885,
    "ntu": -88.56109725685785
}