{
    "year": 2021,
    "month": 5,
    "day": 3,
    "hour": 20,
    "minute": 40,
    "temp": 29.863771712158638,
    "ntu": 818.0744416873449
}