{
    "year": 2021,
    "month": 6,
    "day": 10,
    "hour": 5,
    "minute": 45,
    "temp": 29.275870646766375,
    "ntu": -103.62935323383084
}