{
    "year": 2021,
    "month": 6,
    "day": 5,
    "hour": 22,
    "minute": 10,
    "temp": 28.236153846153954,
    "ntu": 589.3225806451613
}