{
    "year": 2021,
    "month": 6,
    "day": 5,
    "hour": 16,
    "minute": 50,
    "temp": 28.72364764267999,
    "ntu": 476.66997518610424
}