{
    "year": 2021,
    "month": 6,
    "day": 24,
    "hour": 23,
    "minute": 15,
    "temp": 28.7471641791045,
    "ntu": 364.0049751243781
}