{
    "year": 2021,
    "month": 5,
    "day": 8,
    "hour": 14,
    "minute": 45,
    "temp": 29.318188585607952,
    "ntu": 751.9478908188586
}