{
    "year": 2021,
    "month": 5,
    "day": 28,
    "hour": 6,
    "minute": 20,
    "temp": 27.53990074441695,
    "ntu": 66.66253101736973
}