{
    "year": 2021,
    "month": 6,
    "day": 10,
    "hour": 14,
    "minute": 5,
    "temp": 28.66620347394553,
    "ntu": 466.35732009925556
}