{
    "year": 2021,
    "month": 6,
    "day": 11,
    "hour": 7,
    "minute": 30,
    "temp": 28.163532338308457,
    "ntu": -189.0771144278607
}