{
    "year": 2021,
    "month": 5,
    "day": 8,
    "hour": 22,
    "minute": 20,
    "temp": 29.459454094292877,
    "ntu": -1.7096774193548387
}