{
    "year": 2021,
    "month": 5,
    "day": 31,
    "hour": 11,
    "minute": 0,
    "temp": 28.65920595533514,
    "ntu": 774.7245657568238
}