{
    "year": 2021,
    "month": 5,
    "day": 15,
    "hour": 3,
    "minute": 5,
    "temp": 30.259032258064696,
    "ntu": -1.617866004962779
}