{
    "year": 2021,
    "month": 5,
    "day": 18,
    "hour": 8,
    "minute": 20,
    "temp": 31.178407960199156,
    "ntu": 117.71890547263682
}