{
    "year": 2021,
    "month": 6,
    "day": 29,
    "hour": 17,
    "minute": 45,
    "temp": 28.61970149253747,
    "ntu": 455.23383084577114
}