{
    "year": 2021,
    "month": 5,
    "day": 15,
    "hour": 10,
    "minute": 40,
    "temp": 31.020099255582966,
    "ntu": 779.8213399503722
}