{
    "year": 2021,
    "month": 6,
    "day": 5,
    "hour": 18,
    "minute": 25,
    "temp": 28.80449131513652,
    "ntu": 477.53101736972707
}