{
    "year": 2021,
    "month": 6,
    "day": 29,
    "hour": 16,
    "minute": 40,
    "temp": 29.05057356608483,
    "ntu": 468.66583541147133
}