{
    "year": 2021,
    "month": 6,
    "day": 3,
    "hour": 23,
    "minute": 0,
    "temp": 28.169230769230882,
    "ntu": 580.5955334987593
}