{
    "year": 2021,
    "month": 5,
    "day": 9,
    "hour": 12,
    "minute": 25,
    "temp": 30.522928039702247,
    "ntu": 733.2928039702233
}