{
    "year": 2021,
    "month": 5,
    "day": 31,
    "hour": 20,
    "minute": 15,
    "temp": 28.381761786600595,
    "ntu": 486.2655086848635
}