{
    "year": 2021,
    "month": 5,
    "day": 9,
    "hour": 18,
    "minute": 10,
    "temp": 29.052885572139626,
    "ntu": 791.1517412935324
}