{
    "year": 2021,
    "month": 5,
    "day": 19,
    "hour": 21,
    "minute": 5,
    "temp": 30.43317617866018,
    "ntu": 515.0893300248139
}