{
    "year": 2021,
    "month": 6,
    "day": 3,
    "hour": 10,
    "minute": 0,
    "temp": 28.002531017369726,
    "ntu": 342.72952853598014
}