{
    "year": 2021,
    "month": 5,
    "day": 25,
    "hour": 9,
    "minute": 40,
    "temp": 28.864392059553243,
    "ntu": 710.3920595533499
}