{
    "year": 2021,
    "month": 5,
    "day": 29,
    "hour": 6,
    "minute": 55,
    "temp": 28.64233250620343,
    "ntu": 75.91563275434243
}