{
    "year": 2021,
    "month": 5,
    "day": 31,
    "hour": 23,
    "minute": 30,
    "temp": 28.091563275434133,
    "ntu": 520.3200992555832
}