{
    "year": 2021,
    "month": 5,
    "day": 3,
    "hour": 9,
    "minute": 45,
    "temp": 30.43791044776125,
    "ntu": 589.3233830845771
}