{
    "year": 2021,
    "month": 5,
    "day": 12,
    "hour": 14,
    "minute": 40,
    "temp": 30.212673267326842,
    "ntu": 783.0123762376238
}