{
    "year": 2021,
    "month": 6,
    "day": 18,
    "hour": 19,
    "minute": 10,
    "temp": 28.296716417910527,
    "ntu": 395.2786069651741
}