{
    "year": 2021,
    "month": 6,
    "day": 17,
    "hour": 6,
    "minute": 20,
    "temp": 28.635236907730768,
    "ntu": -13.603491271820449
}