{
    "year": 2021,
    "month": 5,
    "day": 14,
    "hour": 4,
    "minute": 35,
    "temp": 29.246293532338314,
    "ntu": 11.848258706467663
}