{
    "year": 2021,
    "month": 6,
    "day": 6,
    "hour": 8,
    "minute": 50,
    "temp": 28.06044776119402,
    "ntu": 208.06965174129354
}