{
    "year": 2021,
    "month": 5,
    "day": 2,
    "hour": 4,
    "minute": 0,
    "temp": 29.971315136476402,
    "ntu": 8.30272952853598
}