{
    "year": 2021,
    "month": 6,
    "day": 19,
    "hour": 10,
    "minute": 20,
    "temp": 28.07373134328356,
    "ntu": 380.77363184079604
}