{
    "year": 2021,
    "month": 6,
    "day": 24,
    "hour": 0,
    "minute": 45,
    "temp": 28.253432835820895,
    "ntu": 351.9029850746269
}