{
    "year": 2021,
    "month": 6,
    "day": 22,
    "hour": 10,
    "minute": 50,
    "temp": 28.410746268656844,
    "ntu": 350.4800995024876
}