{
    "year": 2021,
    "month": 6,
    "day": 22,
    "hour": 14,
    "minute": 0,
    "temp": 28.181970074813012,
    "ntu": 366.1695760598504
}