{
    "year": 2021,
    "month": 4,
    "day": 30,
    "hour": 21,
    "minute": 35,
    "temp": 30.820297766749732,
    "ntu": 704.7692307692307
}