{
    "year": 2021,
    "month": 5,
    "day": 19,
    "hour": 18,
    "minute": 5,
    "temp": 30.23096774193562,
    "ntu": 493.317617866005
}