{
    "year": 2021,
    "month": 5,
    "day": 13,
    "hour": 3,
    "minute": 40,
    "temp": 30.622307692307825,
    "ntu": -1.2233250620347396
}