{
    "year": 2021,
    "month": 6,
    "day": 13,
    "hour": 3,
    "minute": 5,
    "temp": 28.46328358208957,
    "ntu": -12.597014925373134
}