{
    "year": 2021,
    "month": 6,
    "day": 13,
    "hour": 13,
    "minute": 5,
    "temp": 28.740918114144,
    "ntu": 279.22332506203475
}