{
    "year": 2021,
    "month": 5,
    "day": 17,
    "hour": 16,
    "minute": 0,
    "temp": 31.89588089330037,
    "ntu": 183.4714640198511
}