{
    "year": 2021,
    "month": 5,
    "day": 12,
    "hour": 7,
    "minute": 40,
    "temp": 29.810893300248228,
    "ntu": 859.5955334987593
}