{
    "year": 2021,
    "month": 6,
    "day": 23,
    "hour": 21,
    "minute": 30,
    "temp": 28.059999999999988,
    "ntu": 346.27680798004985
}