{
    "year": 2021,
    "month": 7,
    "day": 1,
    "hour": 21,
    "minute": 55,
    "temp": 28.115522388059762,
    "ntu": 412.9154228855721
}