{
    "year": 2021,
    "month": 6,
    "day": 4,
    "hour": 23,
    "minute": 10,
    "temp": 28.02933002481393,
    "ntu": 583.9503722084368
}