{
    "year": 2021,
    "month": 6,
    "day": 12,
    "hour": 12,
    "minute": 55,
    "temp": 28.421066997518707,
    "ntu": 364.2803970223325
}