{
    "year": 2021,
    "month": 5,
    "day": 3,
    "hour": 23,
    "minute": 10,
    "temp": 30.445866336633472,
    "ntu": -0.46534653465346537
}