{
    "year": 2021,
    "month": 6,
    "day": 9,
    "hour": 5,
    "minute": 45,
    "temp": 28.935930521091944,
    "ntu": -97.6302729528536
}