{
    "year": 2021,
    "month": 5,
    "day": 18,
    "hour": 4,
    "minute": 0,
    "temp": 30.781811414392223,
    "ntu": -11.77667493796526
}