{
    "year": 2021,
    "month": 4,
    "day": 29,
    "hour": 12,
    "minute": 5,
    "temp": 29.06193548387105,
    "ntu": 663.7320099255583
}