{
    "year": 2021,
    "month": 5,
    "day": 26,
    "hour": 16,
    "minute": 30,
    "temp": 28.979131513647587,
    "ntu": 744.059553349876
}