{
    "year": 2021,
    "month": 6,
    "day": 28,
    "hour": 0,
    "minute": 35,
    "temp": 29.05999999999997,
    "ntu": 544.356608478803
}