{
    "year": 2021,
    "month": 5,
    "day": 23,
    "hour": 0,
    "minute": 25,
    "temp": 27.824427860696574,
    "ntu": 4.6840796019900495
}