{
    "year": 2021,
    "month": 5,
    "day": 6,
    "hour": 1,
    "minute": 10,
    "temp": 29.667543424317714,
    "ntu": 0.2655086848635236
}