{
    "year": 2021,
    "month": 6,
    "day": 2,
    "hour": 14,
    "minute": 55,
    "temp": 28.6437220843672,
    "ntu": 367.18114143920593
}