{
    "year": 2021,
    "month": 6,
    "day": 2,
    "hour": 4,
    "minute": 55,
    "temp": 28.635310173697196,
    "ntu": -74.86600496277916
}