{
    "year": 2021,
    "month": 5,
    "day": 11,
    "hour": 23,
    "minute": 15,
    "temp": 28.356542288557073,
    "ntu": 0.03233830845771144
}