{
    "year": 2021,
    "month": 6,
    "day": 20,
    "hour": 8,
    "minute": 25,
    "temp": 28.64174563591018,
    "ntu": 75.45635910224439
}