{
    "year": 2021,
    "month": 5,
    "day": 24,
    "hour": 21,
    "minute": 35,
    "temp": 28.407518610421988,
    "ntu": 784.712158808933
}