{
    "year": 2021,
    "month": 5,
    "day": 15,
    "hour": 8,
    "minute": 15,
    "temp": 31.36518610421817,
    "ntu": 857.4590570719603
}