{
    "year": 2021,
    "month": 6,
    "day": 27,
    "hour": 14,
    "minute": 25,
    "temp": 29.05999999999997,
    "ntu": 479.13432835820896
}