{
    "year": 2021,
    "month": 5,
    "day": 8,
    "hour": 17,
    "minute": 20,
    "temp": 30.080694789081814,
    "ntu": 792.3076923076923
}