{
    "year": 2021,
    "month": 6,
    "day": 29,
    "hour": 12,
    "minute": 45,
    "temp": 29.04907730673321,
    "ntu": 489.85536159600997
}