{
    "year": 2021,
    "month": 5,
    "day": 23,
    "hour": 7,
    "minute": 45,
    "temp": 28.013250620347318,
    "ntu": 381.22084367245657
}