{
    "year": 2021,
    "month": 6,
    "day": 21,
    "hour": 19,
    "minute": 20,
    "temp": 28.49611940298511,
    "ntu": 379.6442786069652
}