{
    "year": 2021,
    "month": 6,
    "day": 5,
    "hour": 8,
    "minute": 55,
    "temp": 28.01402985074626,
    "ntu": 238.48009950248758
}