{
    "year": 2021,
    "month": 5,
    "day": 29,
    "hour": 14,
    "minute": 45,
    "temp": 28.85868486352369,
    "ntu": 697.560794044665
}