{
    "year": 2021,
    "month": 5,
    "day": 21,
    "hour": 23,
    "minute": 5,
    "temp": 27.559851485148624,
    "ntu": 11.207920792079207
}