{
    "year": 2021,
    "month": 6,
    "day": 9,
    "hour": 2,
    "minute": 40,
    "temp": 28.941488833746945,
    "ntu": -10.982630272952854
}