{
    "year": 2021,
    "month": 5,
    "day": 29,
    "hour": 19,
    "minute": 10,
    "temp": 28.97811414392071,
    "ntu": 727.6947890818858
}