{
    "year": 2021,
    "month": 6,
    "day": 3,
    "hour": 7,
    "minute": 30,
    "temp": 28.28297766749402,
    "ntu": -219.08684863523573
}