{
    "year": 2021,
    "month": 5,
    "day": 24,
    "hour": 8,
    "minute": 25,
    "temp": 28.818039702233243,
    "ntu": 222.3821339950372
}