{
    "year": 2021,
    "month": 6,
    "day": 29,
    "hour": 3,
    "minute": 45,
    "temp": 28.50014925373134,
    "ntu": -43.61194029850746
}