{
    "year": 2021,
    "month": 6,
    "day": 21,
    "hour": 14,
    "minute": 35,
    "temp": 28.558955223880584,
    "ntu": 372.8681592039801
}