{
    "year": 2021,
    "month": 5,
    "day": 16,
    "hour": 18,
    "minute": 40,
    "temp": 31.748362282878325,
    "ntu": 771.3225806451613
}