{
    "year": 2021,
    "month": 6,
    "day": 24,
    "hour": 0,
    "minute": 30,
    "temp": 28.31447761194028,
    "ntu": 351.2786069651741
}