{
    "year": 2021,
    "month": 5,
    "day": 1,
    "hour": 15,
    "minute": 20,
    "temp": 29.234069478908104,
    "ntu": 672.9727047146401
}