{
    "year": 2021,
    "month": 6,
    "day": 27,
    "hour": 11,
    "minute": 25,
    "temp": 28.868827930174703,
    "ntu": 474.46633416458855
}