{
    "year": 2021,
    "month": 4,
    "day": 29,
    "hour": 6,
    "minute": 50,
    "temp": 24.61434243176179,
    "ntu": 341.2133995037221
}