{
    "year": 2021,
    "month": 5,
    "day": 2,
    "hour": 1,
    "minute": 35,
    "temp": 28.53915632754353,
    "ntu": 77.35980148883375
}