{
    "year": 2021,
    "month": 6,
    "day": 24,
    "hour": 4,
    "minute": 5,
    "temp": 28.59641791044761,
    "ntu": -37.524875621890544
}