{
    "year": 2021,
    "month": 5,
    "day": 1,
    "hour": 17,
    "minute": 55,
    "temp": 30.836501240695135,
    "ntu": 692.4218362282878
}