{
    "year": 2021,
    "month": 6,
    "day": 14,
    "hour": 6,
    "minute": 10,
    "temp": 28.342754342431675,
    "ntu": -181.6228287841191
}