{
    "year": 2021,
    "month": 5,
    "day": 12,
    "hour": 18,
    "minute": 5,
    "temp": 29.932133995037084,
    "ntu": 676.9032258064516
}