{
    "year": 2021,
    "month": 5,
    "day": 22,
    "hour": 8,
    "minute": 25,
    "temp": 28.600992555831105,
    "ntu": 298.136476426799
}