{
    "year": 2021,
    "month": 7,
    "day": 1,
    "hour": 2,
    "minute": 15,
    "temp": 28.058213399503728,
    "ntu": -9.851116625310175
}