{
    "year": 2021,
    "month": 4,
    "day": 23,
    "hour": 21,
    "minute": 59,
    "temp": 30.25857142857143,
    "ntu": -23.014285714285716
}