{
    "year": 2021,
    "month": 6,
    "day": 8,
    "hour": 1,
    "minute": 30,
    "temp": 29.553955223880724,
    "ntu": -10.009950248756219
}