{
    "year": 2021,
    "month": 5,
    "day": 2,
    "hour": 16,
    "minute": 10,
    "temp": 30.75803970223329,
    "ntu": 699.9280397022333
}