{
    "year": 2021,
    "month": 5,
    "day": 13,
    "hour": 20,
    "minute": 10,
    "temp": 31.947089552238946,
    "ntu": 852.542288557214
}