{
    "year": 2021,
    "month": 4,
    "day": 30,
    "hour": 23,
    "minute": 15,
    "temp": 29.30449131513682,
    "ntu": 719.9826302729529
}