{
    "year": 2021,
    "month": 5,
    "day": 26,
    "hour": 17,
    "minute": 5,
    "temp": 28.46188585607943,
    "ntu": 779.7617866004963
}