{
    "year": 2021,
    "month": 6,
    "day": 28,
    "hour": 15,
    "minute": 40,
    "temp": 28.000298507462684,
    "ntu": 408.3482587064677
}