{
    "year": 2021,
    "month": 6,
    "day": 29,
    "hour": 18,
    "minute": 20,
    "temp": 28.440000000000015,
    "ntu": 464.9800995024876
}