{
    "year": 2021,
    "month": 6,
    "day": 4,
    "hour": 17,
    "minute": 45,
    "temp": 28.208610421836244,
    "ntu": 459.8287841191067
}