{
    "year": 2021,
    "month": 5,
    "day": 1,
    "hour": 7,
    "minute": 10,
    "temp": 24.69029776674932,
    "ntu": 220.7741935483871
}