{
    "year": 2021,
    "month": 5,
    "day": 28,
    "hour": 6,
    "minute": 15,
    "temp": 27.661044776119535,
    "ntu": 65.84825870646766
}