{
    "year": 2021,
    "month": 6,
    "day": 22,
    "hour": 23,
    "minute": 25,
    "temp": 28.84805970149239,
    "ntu": 403.37810945273634
}