{
    "year": 2021,
    "month": 5,
    "day": 10,
    "hour": 10,
    "minute": 50,
    "temp": 30.672878411910833,
    "ntu": 837.908188585608
}