{
    "year": 2021,
    "month": 5,
    "day": 23,
    "hour": 10,
    "minute": 30,
    "temp": 28.03066997518615,
    "ntu": 289.96029776674936
}