{
    "year": 2021,
    "month": 5,
    "day": 11,
    "hour": 4,
    "minute": 20,
    "temp": 28.7117617866006,
    "ntu": 323.33002481389576
}