{
    "year": 2021,
    "month": 6,
    "day": 11,
    "hour": 6,
    "minute": 45,
    "temp": 28.989875930521247,
    "ntu": -116.25062034739454
}