{
    "year": 2021,
    "month": 6,
    "day": 20,
    "hour": 16,
    "minute": 15,
    "temp": 28.19537313432837,
    "ntu": 370.4726368159204
}