{
    "year": 2021,
    "month": 5,
    "day": 27,
    "hour": 8,
    "minute": 40,
    "temp": 28.17980148883359,
    "ntu": 657.059553349876
}