{
    "year": 2021,
    "month": 5,
    "day": 7,
    "hour": 19,
    "minute": 15,
    "temp": 30.80985074626865,
    "ntu": 770.5174129353234
}