{
    "year": 2021,
    "month": 5,
    "day": 25,
    "hour": 4,
    "minute": 10,
    "temp": 29.033349875930636,
    "ntu": 11.049627791563275
}