{
    "year": 2021,
    "month": 5,
    "day": 24,
    "hour": 2,
    "minute": 35,
    "temp": 27.537910447761252,
    "ntu": 1.5323383084577114
}