{
    "year": 2021,
    "month": 5,
    "day": 6,
    "hour": 17,
    "minute": 55,
    "temp": 29.33714640198536,
    "ntu": 835.0496277915632
}