{
    "year": 2021,
    "month": 6,
    "day": 30,
    "hour": 20,
    "minute": 0,
    "temp": 28.28149253731348,
    "ntu": 337.6268656716418
}