{
    "year": 2021,
    "month": 6,
    "day": 6,
    "hour": 16,
    "minute": 50,
    "temp": 28.674491315136574,
    "ntu": 591.4466501240695
}