{
    "year": 2021,
    "month": 5,
    "day": 13,
    "hour": 8,
    "minute": 0,
    "temp": 29.55017369727057,
    "ntu": 760.3995037220843
}