{
    "year": 2021,
    "month": 6,
    "day": 1,
    "hour": 8,
    "minute": 30,
    "temp": 28.31642679900771,
    "ntu": -193.44913151364764
}