{
    "year": 2021,
    "month": 6,
    "day": 24,
    "hour": 9,
    "minute": 0,
    "temp": 28.252985074626885,
    "ntu": -57.37064676616915
}