{
    "year": 2021,
    "month": 4,
    "day": 29,
    "hour": 8,
    "minute": 0,
    "temp": 24.496129032258057,
    "ntu": 499.106699751861
}