{
    "year": 2021,
    "month": 6,
    "day": 29,
    "hour": 4,
    "minute": 50,
    "temp": 28.970198511166302,
    "ntu": -77.37468982630273
}