{
    "year": 2021,
    "month": 6,
    "day": 19,
    "hour": 3,
    "minute": 5,
    "temp": 28.55566084788038,
    "ntu": -7.321695760598503
}