{
    "year": 2021,
    "month": 6,
    "day": 9,
    "hour": 22,
    "minute": 50,
    "temp": 28.588830845771053,
    "ntu": 557.860696517413
}