{
    "year": 2021,
    "month": 6,
    "day": 19,
    "hour": 0,
    "minute": 50,
    "temp": 28.004477611940295,
    "ntu": 423.8134328358209
}