{
    "year": 2021,
    "month": 5,
    "day": 24,
    "hour": 10,
    "minute": 55,
    "temp": 28.16558312655073,
    "ntu": 239.16377171215882
}