{
    "year": 2021,
    "month": 6,
    "day": 23,
    "hour": 21,
    "minute": 15,
    "temp": 28.116567164179205,
    "ntu": 343.5074626865672
}