{
    "year": 2021,
    "month": 5,
    "day": 27,
    "hour": 1,
    "minute": 20,
    "temp": 27.821563275434247,
    "ntu": 3.364764267990074
}