{
    "year": 2021,
    "month": 5,
    "day": 8,
    "hour": 1,
    "minute": 20,
    "temp": 30.468138957816397,
    "ntu": -0.8535980148883374
}