{
    "year": 2021,
    "month": 6,
    "day": 11,
    "hour": 16,
    "minute": 55,
    "temp": 28.417766749379762,
    "ntu": 390.9925558312655
}