{
    "year": 2021,
    "month": 5,
    "day": 20,
    "hour": 14,
    "minute": 35,
    "temp": 30.175037220843823,
    "ntu": 469.6277915632754
}