{
    "year": 2021,
    "month": 5,
    "day": 12,
    "hour": 1,
    "minute": 10,
    "temp": 29.27071960297786,
    "ntu": -0.0967741935483871
}