{
    "year": 2021,
    "month": 5,
    "day": 25,
    "hour": 18,
    "minute": 10,
    "temp": 26.22313432835811,
    "ntu": 684.136815920398
}