{
    "year": 2021,
    "month": 6,
    "day": 26,
    "hour": 0,
    "minute": 20,
    "temp": 28.024029850746278,
    "ntu": 544.2537313432836
}