{
    "year": 2021,
    "month": 6,
    "day": 8,
    "hour": 15,
    "minute": 0,
    "temp": 28.681542288557026,
    "ntu": 431.06467661691545
}