{
    "year": 2021,
    "month": 6,
    "day": 11,
    "hour": 5,
    "minute": 25,
    "temp": 27.439999999999998,
    "ntu": -109.90049751243781
}