{
    "year": 2021,
    "month": 6,
    "day": 25,
    "hour": 14,
    "minute": 30,
    "temp": 28.730496277915723,
    "ntu": 338.99007444168734
}