{
    "year": 2021,
    "month": 6,
    "day": 29,
    "hour": 1,
    "minute": 0,
    "temp": 28.56014925373132,
    "ntu": 529.7935323383084
}