{
    "year": 2021,
    "month": 5,
    "day": 12,
    "hour": 6,
    "minute": 25,
    "temp": 28.54820895522396,
    "ntu": 187.8781094527363
}