{
    "year": 2021,
    "month": 5,
    "day": 29,
    "hour": 0,
    "minute": 5,
    "temp": 28.46059553349878,
    "ntu": 808.5235732009926
}