{
    "year": 2021,
    "month": 5,
    "day": 12,
    "hour": 15,
    "minute": 30,
    "temp": 29.019801488833608,
    "ntu": 745.2357320099255
}