{
    "year": 2021,
    "month": 6,
    "day": 28,
    "hour": 19,
    "minute": 5,
    "temp": 28.12593516209492,
    "ntu": 483.0299251870324
}