{
    "year": 2021,
    "month": 6,
    "day": 12,
    "hour": 8,
    "minute": 50,
    "temp": 28.440223325062057,
    "ntu": 167.03722084367246
}