{
    "year": 2021,
    "month": 6,
    "day": 25,
    "hour": 16,
    "minute": 0,
    "temp": 28.250298507462684,
    "ntu": 307.2562189054726
}