{
    "year": 2021,
    "month": 5,
    "day": 5,
    "hour": 4,
    "minute": 55,
    "temp": 28.39426799007432,
    "ntu": 5.942928039702233
}