{
    "year": 2021,
    "month": 5,
    "day": 5,
    "hour": 5,
    "minute": 5,
    "temp": 28.001761786600607,
    "ntu": 12.069478908188586
}