{
    "year": 2021,
    "month": 5,
    "day": 27,
    "hour": 2,
    "minute": 0,
    "temp": 28.081141439205936,
    "ntu": 3.620347394540943
}