{
    "year": 2021,
    "month": 6,
    "day": 6,
    "hour": 15,
    "minute": 25,
    "temp": 28.541985111662626,
    "ntu": 568.7245657568238
}