{
    "year": 2021,
    "month": 5,
    "day": 30,
    "hour": 2,
    "minute": 5,
    "temp": 28.494640198511274,
    "ntu": 10.761786600496277
}