{
    "year": 2021,
    "month": 5,
    "day": 29,
    "hour": 0,
    "minute": 20,
    "temp": 28.192084367245698,
    "ntu": 807.8089330024814
}