{
    "year": 2021,
    "month": 6,
    "day": 12,
    "hour": 16,
    "minute": 25,
    "temp": 28.51533498759304,
    "ntu": 376.9950372208437
}