{
    "year": 2021,
    "month": 5,
    "day": 13,
    "hour": 12,
    "minute": 30,
    "temp": 30.285434243176248,
    "ntu": 832.2853598014889
}