{
    "year": 2021,
    "month": 4,
    "day": 10,
    "hour": 21,
    "minute": 59,
    "temp": 29.11818181818182,
    "tds": 1222.7221212121208,
    "ph": 5.933030303030302,
    "ntu": 3000.0
}