{
    "year": 2021,
    "month": 5,
    "day": 2,
    "hour": 18,
    "minute": 45,
    "temp": 30.129875930521177,
    "ntu": 736.863523573201
}