{
    "year": 2021,
    "month": 6,
    "day": 12,
    "hour": 5,
    "minute": 45,
    "temp": 28.91303482587067,
    "ntu": -125.11442786069652
}