{
    "year": 2021,
    "month": 5,
    "day": 24,
    "hour": 4,
    "minute": 15,
    "temp": 28.151265508684812,
    "ntu": 3.667493796526055
}