{
    "year": 2021,
    "month": 5,
    "day": 3,
    "hour": 15,
    "minute": 55,
    "temp": 30.43769230769219,
    "ntu": 756.4416873449131
}