{
    "year": 2021,
    "month": 5,
    "day": 3,
    "hour": 4,
    "minute": 5,
    "temp": 24.475732009925544,
    "ntu": -0.03225806451612903
}