{
    "year": 2021,
    "month": 5,
    "day": 3,
    "hour": 2,
    "minute": 5,
    "temp": 24.91325062034744,
    "ntu": -0.19602977667493796
}