{
    "year": 2021,
    "month": 6,
    "day": 8,
    "hour": 6,
    "minute": 20,
    "temp": 28.1919106699752,
    "ntu": -161.41687344913151
}