{
    "year": 2021,
    "month": 5,
    "day": 6,
    "hour": 14,
    "minute": 0,
    "temp": 30.79749379652613,
    "ntu": 822.9652605459057
}