{
    "year": 2021,
    "month": 5,
    "day": 14,
    "hour": 17,
    "minute": 25,
    "temp": 31.610967741935504,
    "ntu": 812.5359801488834
}