{
    "year": 2021,
    "month": 5,
    "day": 30,
    "hour": 10,
    "minute": 30,
    "temp": 28.84528535980133,
    "ntu": 562.4590570719603
}