{
    "year": 2021,
    "month": 6,
    "day": 30,
    "hour": 8,
    "minute": 30,
    "temp": 28.002238805970148,
    "ntu": -26.883084577114428
}