{
    "year": 2021,
    "month": 5,
    "day": 9,
    "hour": 1,
    "minute": 45,
    "temp": 29.13605459057055,
    "ntu": -0.8883374689826302
}