{
    "year": 2021,
    "month": 5,
    "day": 20,
    "hour": 23,
    "minute": 55,
    "temp": 30.665012406947877,
    "ntu": 1.933002481389578
}