{
    "year": 2021,
    "month": 6,
    "day": 29,
    "hour": 20,
    "minute": 5,
    "temp": 28.00313432835818,
    "ntu": 494.589552238806
}