{
    "year": 2021,
    "month": 6,
    "day": 8,
    "hour": 5,
    "minute": 20,
    "temp": 28.003870967741975,
    "ntu": -128.40198511166253
}