{
    "year": 2021,
    "month": 5,
    "day": 4,
    "hour": 14,
    "minute": 10,
    "temp": 30.00004962779159,
    "ntu": 780.2803970223325
}