{
    "year": 2021,
    "month": 5,
    "day": 4,
    "hour": 7,
    "minute": 40,
    "temp": 29.82801488833744,
    "ntu": 758.2431761786601
}