{
    "year": 2021,
    "month": 5,
    "day": 28,
    "hour": 0,
    "minute": 35,
    "temp": 28.846972704714563,
    "ntu": 1.9578163771712158
}