{
    "year": 2021,
    "month": 5,
    "day": 29,
    "hour": 8,
    "minute": 15,
    "temp": 28.167394540943047,
    "ntu": 264.59801488833745
}