{
    "year": 2021,
    "month": 6,
    "day": 5,
    "hour": 7,
    "minute": 30,
    "temp": 28.281588089330185,
    "ntu": -221.83870967741936
}