{
    "year": 2021,
    "month": 5,
    "day": 15,
    "hour": 9,
    "minute": 35,
    "temp": 31.833582089552564,
    "ntu": 775.4278606965174
}