{
    "year": 2021,
    "month": 5,
    "day": 4,
    "hour": 0,
    "minute": 0,
    "temp": 30.395816831683167,
    "ntu": -0.019801980198019802
}