{
    "year": 2021,
    "month": 6,
    "day": 1,
    "hour": 2,
    "minute": 25,
    "temp": 27.517462686567157,
    "ntu": -10.052238805970148
}