{
    "year": 2021,
    "month": 5,
    "day": 8,
    "hour": 10,
    "minute": 5,
    "temp": 30.683027295285413,
    "ntu": 780.0967741935484
}