{
    "year": 2021,
    "month": 5,
    "day": 14,
    "hour": 3,
    "minute": 10,
    "temp": 29.923291770573602,
    "ntu": -0.770573566084788
}