{
    "year": 2021,
    "month": 6,
    "day": 20,
    "hour": 7,
    "minute": 25,
    "temp": 28.315671641791038,
    "ntu": 71.30845771144278
}