{
    "year": 2021,
    "month": 6,
    "day": 21,
    "hour": 1,
    "minute": 5,
    "temp": 28.960746268656596,
    "ntu": 390.17661691542287
}