{
    "year": 2021,
    "month": 5,
    "day": 31,
    "hour": 23,
    "minute": 5,
    "temp": 28.540645161290424,
    "ntu": 519.6253101736972
}