{
    "year": 2021,
    "month": 6,
    "day": 26,
    "hour": 3,
    "minute": 50,
    "temp": 28.281940298507507,
    "ntu": -28.062189054726367
}