{
    "year": 2021,
    "month": 5,
    "day": 5,
    "hour": 12,
    "minute": 20,
    "temp": 30.056724565757158,
    "ntu": 800.3598014888338
}