{
    "year": 2021,
    "month": 5,
    "day": 25,
    "hour": 0,
    "minute": 10,
    "temp": 28.696401985111738,
    "ntu": 4.836228287841191
}