{
    "year": 2021,
    "month": 7,
    "day": 2,
    "hour": 0,
    "minute": 15,
    "temp": 28.43512437810949,
    "ntu": 422.96019900497515
}