{
    "year": 2021,
    "month": 6,
    "day": 20,
    "hour": 21,
    "minute": 10,
    "temp": 29.04611940298506,
    "ntu": 394.3756218905473
}