{
    "year": 2021,
    "month": 5,
    "day": 14,
    "hour": 6,
    "minute": 5,
    "temp": 30.089230769230813,
    "ntu": 184.80397022332505
}