{
    "year": 2021,
    "month": 5,
    "day": 26,
    "hour": 17,
    "minute": 20,
    "temp": 28.17622828784127,
    "ntu": 777.1315136476427
}