{
    "year": 2021,
    "month": 5,
    "day": 10,
    "hour": 14,
    "minute": 55,
    "temp": 29.35679900744399,
    "ntu": 861.7593052109181
}