{
    "year": 2021,
    "month": 5,
    "day": 30,
    "hour": 10,
    "minute": 5,
    "temp": 28.459527363183916,
    "ntu": 669.6218905472637
}