{
    "year": 2021,
    "month": 5,
    "day": 31,
    "hour": 18,
    "minute": 25,
    "temp": 28.433034825870692,
    "ntu": 468.2363184079602
}