{
    "year": 2021,
    "month": 6,
    "day": 24,
    "hour": 18,
    "minute": 20,
    "temp": 29.05581047381547,
    "ntu": 334.1072319201995
}