{
    "year": 2021,
    "month": 6,
    "day": 9,
    "hour": 21,
    "minute": 50,
    "temp": 28.258933002481413,
    "ntu": 539.4590570719603
}