{
    "year": 2021,
    "month": 5,
    "day": 18,
    "hour": 7,
    "minute": 15,
    "temp": 31.68111940298518,
    "ntu": 115.17661691542288
}