{
    "year": 2021,
    "month": 5,
    "day": 6,
    "hour": 21,
    "minute": 40,
    "temp": 30.65473945409434,
    "ntu": 881.1861042183623
}