{
    "year": 2021,
    "month": 5,
    "day": 21,
    "hour": 22,
    "minute": 35,
    "temp": 28.61337468982613,
    "ntu": 692.7468982630273
}