{
    "year": 2021,
    "month": 6,
    "day": 18,
    "hour": 7,
    "minute": 40,
    "temp": 28.068955223880582,
    "ntu": 79.55472636815921
}