{
    "year": 2021,
    "month": 6,
    "day": 4,
    "hour": 16,
    "minute": 30,
    "temp": 28.94699751861045,
    "ntu": 443.1042183622829
}