{
    "year": 2021,
    "month": 6,
    "day": 11,
    "hour": 22,
    "minute": 20,
    "temp": 28.785373134328434,
    "ntu": 437.73880597014926
}