{
    "year": 2021,
    "month": 5,
    "day": 10,
    "hour": 19,
    "minute": 30,
    "temp": 30.482630272953,
    "ntu": 887.5657568238213
}