{
    "year": 2021,
    "month": 6,
    "day": 7,
    "hour": 22,
    "minute": 35,
    "temp": 28.04179104477621,
    "ntu": 580.7064676616916
}