{
    "year": 2021,
    "month": 6,
    "day": 7,
    "hour": 0,
    "minute": 55,
    "temp": 27.85097014925357,
    "ntu": -12.74129353233831
}