{
    "year": 2021,
    "month": 5,
    "day": 7,
    "hour": 7,
    "minute": 20,
    "temp": 30.750148883374823,
    "ntu": 877.9702233250621
}