{
    "year": 2021,
    "month": 5,
    "day": 7,
    "hour": 9,
    "minute": 10,
    "temp": 30.307617866005277,
    "ntu": 841.4987593052109
}