{
    "year": 2021,
    "month": 5,
    "day": 28,
    "hour": 7,
    "minute": 50,
    "temp": 28.820719602977704,
    "ntu": 547.1339950372209
}