{
    "year": 2021,
    "month": 5,
    "day": 11,
    "hour": 7,
    "minute": 15,
    "temp": 30.04868486352367,
    "ntu": 888.2258064516129
}