{
    "year": 2021,
    "month": 5,
    "day": 4,
    "hour": 4,
    "minute": 55,
    "temp": 28.581985111662547,
    "ntu": 3.652605459057072
}