{
    "year": 2021,
    "month": 5,
    "day": 31,
    "hour": 16,
    "minute": 25,
    "temp": 28.92672456575692,
    "ntu": 724.6799007444168
}