{
    "year": 2021,
    "month": 5,
    "day": 17,
    "hour": 23,
    "minute": 55,
    "temp": 30.93518610421832,
    "ntu": -6.947890818858561
}