{
    "year": 2021,
    "month": 6,
    "day": 17,
    "hour": 1,
    "minute": 55,
    "temp": 27.999552238805975,
    "ntu": -4.0945273631840795
}