{
    "year": 2021,
    "month": 5,
    "day": 5,
    "hour": 17,
    "minute": 50,
    "temp": 29.613449131513782,
    "ntu": 840.5260545905708
}