{
    "year": 2021,
    "month": 6,
    "day": 26,
    "hour": 11,
    "minute": 45,
    "temp": 28.059850746268648,
    "ntu": 497.26119402985074
}