{
    "year": 2021,
    "month": 5,
    "day": 12,
    "hour": 13,
    "minute": 0,
    "temp": 29.228263027295398,
    "ntu": 779.3225806451613
}