{
    "year": 2021,
    "month": 6,
    "day": 26,
    "hour": 10,
    "minute": 15,
    "temp": 28.439825870646782,
    "ntu": 491.4154228855721
}