{
    "year": 2021,
    "month": 5,
    "day": 19,
    "hour": 22,
    "minute": 55,
    "temp": 29.471612903225946,
    "ntu": 19.774193548387096
}