{
    "year": 2021,
    "month": 5,
    "day": 19,
    "hour": 12,
    "minute": 0,
    "temp": 30.730322580645062,
    "ntu": 440.46153846153845
}