{
    "year": 2021,
    "month": 6,
    "day": 11,
    "hour": 1,
    "minute": 20,
    "temp": 27.522630272952856,
    "ntu": -10.903225806451612
}