{
    "year": 2021,
    "month": 5,
    "day": 27,
    "hour": 3,
    "minute": 40,
    "temp": 28.69178660049631,
    "ntu": 3.193548387096774
}