{
    "year": 2021,
    "month": 6,
    "day": 28,
    "hour": 5,
    "minute": 20,
    "temp": 28.47388059701501,
    "ntu": -72.32338308457712
}