{
    "year": 2021,
    "month": 5,
    "day": 14,
    "hour": 0,
    "minute": 15,
    "temp": 29.638585607940353,
    "ntu": -1.119106699751861
}