{
    "year": 2021,
    "month": 6,
    "day": 29,
    "hour": 23,
    "minute": 50,
    "temp": 28.184438902742926,
    "ntu": 517.1346633416459
}