{
    "year": 2021,
    "month": 5,
    "day": 16,
    "hour": 15,
    "minute": 35,
    "temp": 31.268610421836353,
    "ntu": 814.7841191066998
}