{
    "year": 2021,
    "month": 6,
    "day": 26,
    "hour": 4,
    "minute": 20,
    "temp": 27.939825436408984,
    "ntu": -38.28678304239401
}