{
    "year": 2021,
    "month": 6,
    "day": 25,
    "hour": 10,
    "minute": 45,
    "temp": 28.624353233831012,
    "ntu": 316.21144278606965
}