{
    "year": 2021,
    "month": 5,
    "day": 29,
    "hour": 17,
    "minute": 35,
    "temp": 28.715945273631647,
    "ntu": 668.8258706467661
}