{
    "year": 2021,
    "month": 4,
    "day": 12,
    "hour": 12,
    "minute": 59,
    "temp": 23.519375,
    "tds": 907.9431250000001,
    "ph": 10.198749999999997,
    "ntu": 3000.0
}