{
    "year": 2021,
    "month": 6,
    "day": 29,
    "hour": 13,
    "minute": 45,
    "temp": 28.626284289276974,
    "ntu": 485.98254364089775
}