{
    "year": 2021,
    "month": 5,
    "day": 25,
    "hour": 9,
    "minute": 45,
    "temp": 28.77575682382135,
    "ntu": 700.7667493796527
}