{
    "year": 2021,
    "month": 6,
    "day": 23,
    "hour": 8,
    "minute": 50,
    "temp": 28.120000000000154,
    "ntu": 90.25124378109453
}