{
    "year": 2021,
    "month": 5,
    "day": 21,
    "hour": 23,
    "minute": 10,
    "temp": 27.424875621890646,
    "ntu": 10.186567164179104
}