{
    "year": 2021,
    "month": 6,
    "day": 8,
    "hour": 17,
    "minute": 55,
    "temp": 28.01191066997518,
    "ntu": 495.53598014888337
}