{
    "year": 2021,
    "month": 6,
    "day": 27,
    "hour": 20,
    "minute": 55,
    "temp": 28.013582089552123,
    "ntu": 508.6393034825871
}