{
    "year": 2021,
    "month": 6,
    "day": 5,
    "hour": 4,
    "minute": 10,
    "temp": 28.328610421836224,
    "ntu": -44.13151364764268
}