{
    "year": 2021,
    "month": 4,
    "day": 20,
    "hour": 19,
    "minute": 59,
    "temp": 28.181515151515168,
    "tds": 1104.384242424243,
    "ph": 4.5606060606060606,
    "ntu": 3000.0
}