{
    "year": 2021,
    "month": 5,
    "day": 1,
    "hour": 11,
    "minute": 5,
    "temp": 30.96439205955343,
    "ntu": 545.985111662531
}