{
    "year": 2021,
    "month": 6,
    "day": 12,
    "hour": 8,
    "minute": 45,
    "temp": 28.492704714640254,
    "ntu": 202.44913151364764
}