{
    "year": 2021,
    "month": 6,
    "day": 17,
    "hour": 15,
    "minute": 45,
    "temp": 28.9895522388059,
    "ntu": 389.7512437810945
}