{
    "year": 2021,
    "month": 6,
    "day": 10,
    "hour": 20,
    "minute": 30,
    "temp": 28.308263027295567,
    "ntu": 487.2307692307692
}