{
    "year": 2021,
    "month": 6,
    "day": 20,
    "hour": 10,
    "minute": 55,
    "temp": 28.867356608478843,
    "ntu": 329.0199501246883
}