{
    "year": 2021,
    "month": 6,
    "day": 26,
    "hour": 16,
    "minute": 25,
    "temp": 28.787189054726667,
    "ntu": 444.62935323383084
}