{
    "year": 2021,
    "month": 6,
    "day": 5,
    "hour": 9,
    "minute": 45,
    "temp": 28.79392059553358,
    "ntu": 468.0818858560794
}