{
    "year": 2021,
    "month": 5,
    "day": 9,
    "hour": 9,
    "minute": 45,
    "temp": 30.94495024875609,
    "ntu": 621.773631840796
}