{
    "year": 2021,
    "month": 6,
    "day": 8,
    "hour": 1,
    "minute": 5,
    "temp": 27.998805970149263,
    "ntu": -12.91542288557214
}