{
    "year": 2021,
    "month": 5,
    "day": 12,
    "hour": 20,
    "minute": 30,
    "temp": 30.377171215881006,
    "ntu": 802.8387096774194
}