{
    "year": 2021,
    "month": 5,
    "day": 30,
    "hour": 5,
    "minute": 10,
    "temp": 28.2080397022333,
    "ntu": 12.342431761786601
}