{
    "year": 2021,
    "month": 6,
    "day": 30,
    "hour": 13,
    "minute": 55,
    "temp": 28.800897755611278,
    "ntu": 428.6159600997506
}