{
    "year": 2021,
    "month": 5,
    "day": 20,
    "hour": 19,
    "minute": 35,
    "temp": 30.873052109180996,
    "ntu": 507.44168734491313
}