{
    "year": 2021,
    "month": 5,
    "day": 14,
    "hour": 2,
    "minute": 40,
    "temp": 31.090074441687186,
    "ntu": -0.9776674937965261
}