{
    "year": 2021,
    "month": 5,
    "day": 17,
    "hour": 2,
    "minute": 10,
    "temp": 30.13106965174112,
    "ntu": -1.808457711442786
}