{
    "year": 2021,
    "month": 6,
    "day": 10,
    "hour": 9,
    "minute": 45,
    "temp": 28.052009925558615,
    "ntu": 434.42928039702235
}