{
    "year": 2021,
    "month": 6,
    "day": 25,
    "hour": 4,
    "minute": 10,
    "temp": 28.353631840795853,
    "ntu": -48.201492537313435
}