{
    "year": 2021,
    "month": 5,
    "day": 13,
    "hour": 14,
    "minute": 0,
    "temp": 30.4215422885571,
    "ntu": 807.5273631840796
}