{
    "year": 2021,
    "month": 5,
    "day": 29,
    "hour": 8,
    "minute": 55,
    "temp": 28.904044665012584,
    "ntu": 596.6401985111662
}