{
    "year": 2021,
    "month": 5,
    "day": 25,
    "hour": 22,
    "minute": 5,
    "temp": 28.218238213399356,
    "ntu": 751.0173697270471
}