{
    "year": 2021,
    "month": 6,
    "day": 27,
    "hour": 5,
    "minute": 35,
    "temp": 28.393184079602012,
    "ntu": -63.61194029850746
}