{
    "year": 2021,
    "month": 6,
    "day": 10,
    "hour": 2,
    "minute": 45,
    "temp": 28.874292803970103,
    "ntu": -9.600496277915633
}