{
    "year": 2021,
    "month": 6,
    "day": 24,
    "hour": 17,
    "minute": 5,
    "temp": 28.115522388059784,
    "ntu": 311.4651741293532
}