{
    "year": 2021,
    "month": 6,
    "day": 6,
    "hour": 22,
    "minute": 50,
    "temp": 28.594838709677276,
    "ntu": 601.3970223325063
}