{
    "year": 2021,
    "month": 5,
    "day": 12,
    "hour": 19,
    "minute": 25,
    "temp": 29.591637717121476,
    "ntu": 848.1960297766749
}