{
    "year": 2021,
    "month": 5,
    "day": 26,
    "hour": 12,
    "minute": 30,
    "temp": 28.423905472636672,
    "ntu": 720.457711442786
}