{
    "year": 2021,
    "month": 6,
    "day": 17,
    "hour": 11,
    "minute": 35,
    "temp": 28.206865671641804,
    "ntu": 399.8880597014925
}