{
    "year": 2021,
    "month": 5,
    "day": 14,
    "hour": 2,
    "minute": 45,
    "temp": 31.064466501240986,
    "ntu": -0.967741935483871
}