{
    "year": 2021,
    "month": 6,
    "day": 30,
    "hour": 17,
    "minute": 5,
    "temp": 28.065223880596996,
    "ntu": 322.90547263681594
}