{
    "year": 2021,
    "month": 6,
    "day": 10,
    "hour": 6,
    "minute": 45,
    "temp": 28.83733830845759,
    "ntu": -120.24626865671642
}