{
    "year": 2021,
    "month": 5,
    "day": 24,
    "hour": 20,
    "minute": 40,
    "temp": 28.83692307692328,
    "ntu": 742.5880893300248
}