{
    "year": 2021,
    "month": 5,
    "day": 15,
    "hour": 13,
    "minute": 30,
    "temp": 31.575995024875883,
    "ntu": 733.0174129353234
}