{
    "year": 2021,
    "month": 5,
    "day": 23,
    "hour": 3,
    "minute": 25,
    "temp": 27.84124378109451,
    "ntu": 2.517412935323383
}