{
    "year": 2021,
    "month": 6,
    "day": 27,
    "hour": 16,
    "minute": 40,
    "temp": 28.19119700748131,
    "ntu": 476.785536159601
}