{
    "year": 2021,
    "month": 5,
    "day": 26,
    "hour": 23,
    "minute": 40,
    "temp": 28.098213399503592,
    "ntu": 0.9776674937965261
}