{
    "year": 2021,
    "month": 6,
    "day": 25,
    "hour": 19,
    "minute": 15,
    "temp": 28.459701492537352,
    "ntu": 348.6119402985075
}