{
    "year": 2021,
    "month": 5,
    "day": 27,
    "hour": 2,
    "minute": 30,
    "temp": 29.375434243176027,
    "ntu": 3.8759305210918114
}