{
    "year": 2021,
    "month": 5,
    "day": 31,
    "hour": 19,
    "minute": 40,
    "temp": 28.9883870967743,
    "ntu": 489.6898263027295
}