{
    "year": 2021,
    "month": 5,
    "day": 5,
    "hour": 12,
    "minute": 25,
    "temp": 30.235359801488745,
    "ntu": 764.2307692307693
}