{
    "year": 2021,
    "month": 5,
    "day": 7,
    "hour": 22,
    "minute": 10,
    "temp": 30.1428039702232,
    "ntu": 405.81141439205953
}