{
    "year": 2021,
    "month": 5,
    "day": 30,
    "hour": 10,
    "minute": 15,
    "temp": 28.91701492537302,
    "ntu": 677.4477611940298
}