{
    "year": 2021,
    "month": 6,
    "day": 20,
    "hour": 5,
    "minute": 55,
    "temp": 27.94223880597016,
    "ntu": -31.171641791044777
}