{
    "year": 2021,
    "month": 6,
    "day": 2,
    "hour": 13,
    "minute": 30,
    "temp": 28.74529850746263,
    "ntu": 400.63432835820896
}