{
    "year": 2021,
    "month": 6,
    "day": 19,
    "hour": 1,
    "minute": 0,
    "temp": 28.304663341646126,
    "ntu": 402.77556109725685
}