{
    "year": 2021,
    "month": 5,
    "day": 10,
    "hour": 23,
    "minute": 15,
    "temp": 27.496287128712925,
    "ntu": 492.04455445544556
}