{
    "year": 2021,
    "month": 6,
    "day": 22,
    "hour": 12,
    "minute": 0,
    "temp": 28.294613466334418,
    "ntu": 351.47630922693264
}