{
    "year": 2021,
    "month": 5,
    "day": 4,
    "hour": 20,
    "minute": 50,
    "temp": 30.94598014888348,
    "ntu": 861.3399503722085
}