{
    "year": 2021,
    "month": 5,
    "day": 31,
    "hour": 10,
    "minute": 5,
    "temp": 28.140545905707352,
    "ntu": 745.712158808933
}