{
    "year": 2021,
    "month": 5,
    "day": 5,
    "hour": 23,
    "minute": 10,
    "temp": 30.128461538461504,
    "ntu": 0.019851116625310174
}