{
    "year": 2021,
    "month": 5,
    "day": 5,
    "hour": 16,
    "minute": 55,
    "temp": 29.80464019851126,
    "ntu": 878.4764267990074
}