{
    "year": 2021,
    "month": 4,
    "day": 21,
    "hour": 5,
    "minute": 59,
    "temp": 28.62,
    "tds": 1281.1999999999998,
    "ph": 4.870000000000001,
    "ntu": 3000.0
}