{
    "year": 2021,
    "month": 5,
    "day": 22,
    "hour": 11,
    "minute": 55,
    "temp": 28.47476426798993,
    "ntu": 207.43424317617865
}