{
    "year": 2021,
    "month": 6,
    "day": 12,
    "hour": 22,
    "minute": 15,
    "temp": 29.03028846153854,
    "ntu": 406.4014423076923
}