{
    "year": 2021,
    "month": 6,
    "day": 21,
    "hour": 19,
    "minute": 15,
    "temp": 28.539850746268744,
    "ntu": 376.0621890547264
}