{
    "year": 2021,
    "month": 5,
    "day": 20,
    "hour": 2,
    "minute": 5,
    "temp": 30.14487623762377,
    "ntu": -0.10643564356435643
}