{
    "year": 2021,
    "month": 6,
    "day": 3,
    "hour": 2,
    "minute": 5,
    "temp": 28.01529702970298,
    "ntu": -6.116336633663367
}