{
    "year": 2021,
    "month": 5,
    "day": 10,
    "hour": 11,
    "minute": 40,
    "temp": 29.24955334987604,
    "ntu": 839.2456575682382
}