{
    "year": 2021,
    "month": 5,
    "day": 5,
    "hour": 15,
    "minute": 40,
    "temp": 30.639057071960377,
    "ntu": 826.4962779156327
}