{
    "year": 2021,
    "month": 6,
    "day": 2,
    "hour": 9,
    "minute": 50,
    "temp": 28.171761786600584,
    "ntu": 376.35980148883374
}