{
    "year": 2021,
    "month": 6,
    "day": 13,
    "hour": 8,
    "minute": 5,
    "temp": 28.674838709677537,
    "ntu": -135.16873449131515
}