{
    "year": 2021,
    "month": 5,
    "day": 24,
    "hour": 9,
    "minute": 50,
    "temp": 28.98794044665024,
    "ntu": 288.61786600496276
}