{
    "year": 2021,
    "month": 5,
    "day": 22,
    "hour": 23,
    "minute": 0,
    "temp": 28.147766749379574,
    "ntu": -20.41439205955335
}