{
    "year": 2021,
    "month": 6,
    "day": 21,
    "hour": 5,
    "minute": 35,
    "temp": 29.36151741293535,
    "ntu": -39.33830845771144
}