{
    "year": 2021,
    "month": 5,
    "day": 2,
    "hour": 7,
    "minute": 0,
    "temp": 30.92330024813911,
    "ntu": 735.4143920595534
}