{
    "year": 2021,
    "month": 6,
    "day": 12,
    "hour": 21,
    "minute": 40,
    "temp": 28.084626865671588,
    "ntu": 405.7835820895522
}