{
    "year": 2021,
    "month": 6,
    "day": 22,
    "hour": 5,
    "minute": 25,
    "temp": 28.28680798004996,
    "ntu": -32.69326683291771
}