{
    "year": 2021,
    "month": 4,
    "day": 21,
    "hour": 13,
    "minute": 59,
    "temp": 27.425151515151526,
    "tds": 1142.6927272727276,
    "ph": 6.573939393939398,
    "ntu": 3000.0
}