{
    "year": 2021,
    "month": 5,
    "day": 21,
    "hour": 5,
    "minute": 20,
    "temp": 29.46793532338323,
    "ntu": 9.054726368159203
}