{
    "year": 2021,
    "month": 5,
    "day": 11,
    "hour": 2,
    "minute": 20,
    "temp": 29.004491315136615,
    "ntu": 237.16377171215882
}