{
    "year": 2021,
    "month": 5,
    "day": 2,
    "hour": 22,
    "minute": 0,
    "temp": 29.39660049627788,
    "ntu": 795.4416873449131
}