{
    "year": 2021,
    "month": 5,
    "day": 21,
    "hour": 13,
    "minute": 40,
    "temp": 30.00372208436734,
    "ntu": 501.2307692307692
}