{
    "year": 2021,
    "month": 5,
    "day": 31,
    "hour": 10,
    "minute": 20,
    "temp": 28.15360696517404,
    "ntu": 704.907960199005
}