{
    "year": 2021,
    "month": 4,
    "day": 29,
    "hour": 23,
    "minute": 45,
    "temp": 28.439578163771568,
    "ntu": 0.7270471464019851
}