{
    "year": 2021,
    "month": 6,
    "day": 19,
    "hour": 16,
    "minute": 45,
    "temp": 28.82208955223878,
    "ntu": 371.51741293532336
}