{
    "year": 2021,
    "month": 6,
    "day": 21,
    "hour": 0,
    "minute": 45,
    "temp": 28.002835820895495,
    "ntu": 396.9278606965174
}