{
    "year": 2021,
    "month": 5,
    "day": 29,
    "hour": 23,
    "minute": 55,
    "temp": 28.264441687344913,
    "ntu": 839.1612903225806
}