{
    "year": 2021,
    "month": 6,
    "day": 1,
    "hour": 14,
    "minute": 0,
    "temp": 28.27471464019852,
    "ntu": 442.41439205955334
}