{
    "year": 2021,
    "month": 5,
    "day": 1,
    "hour": 0,
    "minute": 20,
    "temp": 30.87258064516129,
    "ntu": 723.8114143920595
}