{
    "year": 2021,
    "month": 5,
    "day": 7,
    "hour": 9,
    "minute": 20,
    "temp": 30.394900497512534,
    "ntu": 834.2039800995025
}