{
    "year": 2021,
    "month": 4,
    "day": 30,
    "hour": 21,
    "minute": 10,
    "temp": 30.11291044776133,
    "ntu": 695.6716417910447
}