{
    "year": 2021,
    "month": 7,
    "day": 1,
    "hour": 18,
    "minute": 25,
    "temp": 28.093731343283544,
    "ntu": 336.14925373134326
}