{
    "year": 2021,
    "month": 6,
    "day": 13,
    "hour": 9,
    "minute": 5,
    "temp": 28.355696517413044,
    "ntu": 314.1517412935323
}