{
    "year": 2021,
    "month": 6,
    "day": 23,
    "hour": 0,
    "minute": 40,
    "temp": 28.24597014925376,
    "ntu": 405.1542288557214
}