{
    "year": 2021,
    "month": 6,
    "day": 20,
    "hour": 15,
    "minute": 25,
    "temp": 28.733731343283676,
    "ntu": 371.39303482587064
}