{
    "year": 2021,
    "month": 6,
    "day": 30,
    "hour": 23,
    "minute": 40,
    "temp": 28.190000000000012,
    "ntu": 358.59102244389027
}