{
    "year": 2021,
    "month": 5,
    "day": 3,
    "hour": 7,
    "minute": 35,
    "temp": 30.811782178217886,
    "ntu": 768.0816831683169
}