{
    "year": 2021,
    "month": 5,
    "day": 28,
    "hour": 23,
    "minute": 50,
    "temp": 28.746268656716524,
    "ntu": 808.726368159204
}