{
    "year": 2021,
    "month": 5,
    "day": 8,
    "hour": 5,
    "minute": 25,
    "temp": 30.073672456575906,
    "ntu": 13.647642679900745
}