{
    "year": 2021,
    "month": 5,
    "day": 7,
    "hour": 1,
    "minute": 40,
    "temp": 29.31317617866015,
    "ntu": -0.06947890818858561
}