{
    "year": 2021,
    "month": 5,
    "day": 30,
    "hour": 9,
    "minute": 45,
    "temp": 28.10696517412922,
    "ntu": 708.0870646766169
}