{
    "year": 2021,
    "month": 6,
    "day": 29,
    "hour": 2,
    "minute": 15,
    "temp": 27.91224438902754,
    "ntu": -8.264339152119701
}