{
    "year": 2021,
    "month": 5,
    "day": 31,
    "hour": 11,
    "minute": 10,
    "temp": 28.46918114143926,
    "ntu": 757.8014888337469
}