{
    "year": 2021,
    "month": 5,
    "day": 21,
    "hour": 22,
    "minute": 40,
    "temp": 28.517568238213418,
    "ntu": 686.8461538461538
}