{
    "year": 2021,
    "month": 6,
    "day": 17,
    "hour": 19,
    "minute": 25,
    "temp": 28.881865671641933,
    "ntu": 417.5273631840796
}