{
    "year": 2021,
    "month": 5,
    "day": 8,
    "hour": 15,
    "minute": 45,
    "temp": 30.300620347394503,
    "ntu": 739.5732009925558
}