{
    "year": 2021,
    "month": 5,
    "day": 11,
    "hour": 8,
    "minute": 50,
    "temp": 30.93278606965162,
    "ntu": 712.3557213930349
}