{
    "year": 2021,
    "month": 5,
    "day": 21,
    "hour": 13,
    "minute": 0,
    "temp": 30.644292803970277,
    "ntu": 486.04218362282876
}