{
    "year": 2021,
    "month": 5,
    "day": 21,
    "hour": 16,
    "minute": 45,
    "temp": 29.637096774193576,
    "ntu": 789.0297766749379
}