{
    "year": 2021,
    "month": 6,
    "day": 19,
    "hour": 13,
    "minute": 5,
    "temp": 28.7835820895523,
    "ntu": 386.3955223880597
}