{
    "year": 2021,
    "month": 5,
    "day": 3,
    "hour": 8,
    "minute": 40,
    "temp": 29.289900744416972,
    "ntu": 655.8089330024814
}