{
    "year": 2021,
    "month": 5,
    "day": 10,
    "hour": 3,
    "minute": 0,
    "temp": 28.395260545905582,
    "ntu": -0.707196029776675
}