{
    "year": 2021,
    "month": 5,
    "day": 29,
    "hour": 2,
    "minute": 30,
    "temp": 28.651044776119484,
    "ntu": 2.201492537313433
}