{
    "year": 2021,
    "month": 6,
    "day": 2,
    "hour": 11,
    "minute": 0,
    "temp": 28.574888337468952,
    "ntu": 362.6526054590571
}