{
    "year": 2021,
    "month": 6,
    "day": 4,
    "hour": 8,
    "minute": 0,
    "temp": 28.35129032258051,
    "ntu": -222.62779156327542
}