{
    "year": 2021,
    "month": 5,
    "day": 10,
    "hour": 19,
    "minute": 5,
    "temp": 30.780372208436685,
    "ntu": 832.9156327543425
}