{
    "year": 2021,
    "month": 6,
    "day": 8,
    "hour": 16,
    "minute": 45,
    "temp": 29.040347394540927,
    "ntu": 440.7146401985112
}