{
    "year": 2021,
    "month": 6,
    "day": 20,
    "hour": 22,
    "minute": 5,
    "temp": 28.430049875311777,
    "ntu": 403.0349127182045
}