{
    "year": 2021,
    "month": 5,
    "day": 13,
    "hour": 1,
    "minute": 0,
    "temp": 29.906658415841445,
    "ntu": -1.4405940594059405
}