{
    "year": 2021,
    "month": 6,
    "day": 6,
    "hour": 10,
    "minute": 55,
    "temp": 28.016526054590475,
    "ntu": 483.2059553349876
}