{
    "year": 2021,
    "month": 5,
    "day": 14,
    "hour": 21,
    "minute": 45,
    "temp": 31.75818858560784,
    "ntu": 800.5012406947891
}