{
    "year": 2021,
    "month": 6,
    "day": 20,
    "hour": 1,
    "minute": 35,
    "temp": 28.34306733167072,
    "ntu": 148.0074812967581
}