{
    "year": 2021,
    "month": 6,
    "day": 10,
    "hour": 2,
    "minute": 55,
    "temp": 28.52382133995044,
    "ntu": -11.734491315136477
}