{
    "year": 2021,
    "month": 6,
    "day": 6,
    "hour": 10,
    "minute": 30,
    "temp": 28.248064516129052,
    "ntu": 496.95781637717124
}