{
    "year": 2021,
    "month": 6,
    "day": 2,
    "hour": 17,
    "minute": 25,
    "temp": 28.307766749379667,
    "ntu": 382.3424317617866
}