{
    "year": 2021,
    "month": 6,
    "day": 20,
    "hour": 21,
    "minute": 30,
    "temp": 28.827506234413928,
    "ntu": 399.3441396508728
}