{
    "year": 2021,
    "month": 6,
    "day": 5,
    "hour": 16,
    "minute": 30,
    "temp": 29.004168734491333,
    "ntu": 448.93548387096774
}