{
    "year": 2021,
    "month": 5,
    "day": 23,
    "hour": 0,
    "minute": 45,
    "temp": 27.979007444169007,
    "ntu": 4.727047146401985
}