{
    "year": 2021,
    "month": 5,
    "day": 13,
    "hour": 10,
    "minute": 20,
    "temp": 29.713647642679952,
    "ntu": 604.5334987593052
}