{
    "year": 2021,
    "month": 5,
    "day": 5,
    "hour": 21,
    "minute": 5,
    "temp": 29.55091811414414,
    "ntu": 876.5483870967741
}