{
    "year": 2021,
    "month": 5,
    "day": 23,
    "hour": 11,
    "minute": 55,
    "temp": 28.029478908188626,
    "ntu": 302.1389578163772
}