{
    "year": 2021,
    "month": 6,
    "day": 23,
    "hour": 12,
    "minute": 35,
    "temp": 28.01358208955225,
    "ntu": 373.10199004975124
}