{
    "year": 2021,
    "month": 6,
    "day": 5,
    "hour": 18,
    "minute": 50,
    "temp": 28.414402985074748,
    "ntu": 494.00248756218906
}