{
    "year": 2021,
    "month": 6,
    "day": 23,
    "hour": 8,
    "minute": 45,
    "temp": 28.120174129353387,
    "ntu": 86.46766169154229
}