{
    "year": 2021,
    "month": 6,
    "day": 19,
    "hour": 9,
    "minute": 30,
    "temp": 28.59701492537298,
    "ntu": 21.58955223880597
}