{
    "year": 2021,
    "month": 6,
    "day": 11,
    "hour": 1,
    "minute": 50,
    "temp": 28.614751243780958,
    "ntu": -7.034825870646766
}