{
    "year": 2021,
    "month": 5,
    "day": 21,
    "hour": 22,
    "minute": 0,
    "temp": 28.35064676616929,
    "ntu": 656.0696517412936
}