{
    "year": 2021,
    "month": 5,
    "day": 14,
    "hour": 17,
    "minute": 55,
    "temp": 31.3593052109181,
    "ntu": 781.3300248138958
}