{
    "year": 2021,
    "month": 5,
    "day": 5,
    "hour": 7,
    "minute": 30,
    "temp": 30.918114143920626,
    "ntu": 816.3920595533499
}