{
    "year": 2021,
    "month": 5,
    "day": 5,
    "hour": 20,
    "minute": 50,
    "temp": 29.08600496277941,
    "ntu": 851.6526054590571
}