{
    "year": 2021,
    "month": 5,
    "day": 25,
    "hour": 19,
    "minute": 20,
    "temp": 29.059999999999903,
    "ntu": 767.3200992555832
}