{
    "year": 2021,
    "month": 6,
    "day": 4,
    "hour": 13,
    "minute": 10,
    "temp": 28.783283582089805,
    "ntu": 486.1741293532338
}