{
    "year": 2021,
    "month": 5,
    "day": 14,
    "hour": 20,
    "minute": 5,
    "temp": 31.512952853598193,
    "ntu": 799.1116625310174
}