{
    "year": 2021,
    "month": 6,
    "day": 27,
    "hour": 12,
    "minute": 45,
    "temp": 28.33388059701487,
    "ntu": 487.7686567164179
}