{
    "year": 2021,
    "month": 6,
    "day": 18,
    "hour": 13,
    "minute": 25,
    "temp": 28.452537313432845,
    "ntu": 396.1517412935323
}