{
    "year": 2021,
    "month": 5,
    "day": 22,
    "hour": 8,
    "minute": 15,
    "temp": 28.83277915632749,
    "ntu": 293.6104218362283
}