{
    "year": 2021,
    "month": 6,
    "day": 24,
    "hour": 17,
    "minute": 30,
    "temp": 28.026184538653418,
    "ntu": 313.68079800498754
}