{
    "year": 2021,
    "month": 7,
    "day": 1,
    "hour": 4,
    "minute": 25,
    "temp": 27.909179104477737,
    "ntu": -59.80099502487562
}