{
    "year": 2021,
    "month": 5,
    "day": 1,
    "hour": 9,
    "minute": 15,
    "temp": 24.449801980197968,
    "ntu": 340.4257425742574
}