{
    "year": 2021,
    "month": 6,
    "day": 7,
    "hour": 4,
    "minute": 55,
    "temp": 28.648337468982817,
    "ntu": -71.5062034739454
}