{
    "year": 2021,
    "month": 5,
    "day": 30,
    "hour": 7,
    "minute": 35,
    "temp": 28.816575682382364,
    "ntu": 194.90074441687344
}