{
    "year": 2021,
    "month": 5,
    "day": 6,
    "hour": 17,
    "minute": 25,
    "temp": 29.374367245657442,
    "ntu": 857.1612903225806
}