{
    "year": 2021,
    "month": 6,
    "day": 4,
    "hour": 7,
    "minute": 50,
    "temp": 28.65784119106689,
    "ntu": -185.5409429280397
}