{
    "year": 2021,
    "month": 5,
    "day": 22,
    "hour": 17,
    "minute": 55,
    "temp": 28.405756823821502,
    "ntu": 359.8957816377171
}