{
    "year": 2021,
    "month": 5,
    "day": 8,
    "hour": 4,
    "minute": 40,
    "temp": 29.173391089108847,
    "ntu": 0.8638613861386139
}