{
    "year": 2021,
    "month": 6,
    "day": 26,
    "hour": 1,
    "minute": 45,
    "temp": 28.50748129675812,
    "ntu": -5.104738154613466
}