{
    "year": 2021,
    "month": 6,
    "day": 9,
    "hour": 6,
    "minute": 35,
    "temp": 29.539602977667577,
    "ntu": -112.25806451612904
}