{
    "year": 2021,
    "month": 5,
    "day": 10,
    "hour": 0,
    "minute": 5,
    "temp": 28.43818407960195,
    "ntu": -0.8233830845771144
}