{
    "year": 2021,
    "month": 6,
    "day": 19,
    "hour": 12,
    "minute": 15,
    "temp": 28.060298507462676,
    "ntu": 382.41293532338307
}