{
    "year": 2021,
    "month": 5,
    "day": 3,
    "hour": 1,
    "minute": 10,
    "temp": 25.303613861386218,
    "ntu": -0.054455445544554455
}