{
    "year": 2021,
    "month": 5,
    "day": 7,
    "hour": 19,
    "minute": 20,
    "temp": 30.801811414392237,
    "ntu": 773.4367245657568
}