{
    "year": 2021,
    "month": 5,
    "day": 15,
    "hour": 6,
    "minute": 10,
    "temp": 30.083970223325053,
    "ntu": 195.28287841191067
}