{
    "year": 2021,
    "month": 5,
    "day": 20,
    "hour": 19,
    "minute": 10,
    "temp": 30.39793532338307,
    "ntu": 482.8059701492537
}