{
    "year": 2021,
    "month": 5,
    "day": 11,
    "hour": 19,
    "minute": 50,
    "temp": 29.368159203980223,
    "ntu": 803.4875621890548
}