{
    "year": 2021,
    "month": 6,
    "day": 2,
    "hour": 2,
    "minute": 5,
    "temp": 28.27441687344919,
    "ntu": -4.13151364764268
}