{
    "year": 2021,
    "month": 5,
    "day": 10,
    "hour": 18,
    "minute": 25,
    "temp": 29.540942928039964,
    "ntu": 828.0794044665013
}