{
    "year": 2021,
    "month": 6,
    "day": 23,
    "hour": 8,
    "minute": 10,
    "temp": 28.314776119402968,
    "ntu": 78.66666666666667
}