{
    "year": 2021,
    "month": 6,
    "day": 30,
    "hour": 4,
    "minute": 55,
    "temp": 28.743731343283685,
    "ntu": -76.81592039800995
}