{
    "year": 2021,
    "month": 5,
    "day": 19,
    "hour": 18,
    "minute": 30,
    "temp": 30.342903225806282,
    "ntu": 475.75682382133994
}