{
    "year": 2021,
    "month": 7,
    "day": 1,
    "hour": 10,
    "minute": 55,
    "temp": 28.18808457711445,
    "ntu": 284.6940298507463
}