{
    "year": 2021,
    "month": 5,
    "day": 29,
    "hour": 12,
    "minute": 35,
    "temp": 28.283880597014992,
    "ntu": 734.136815920398
}