{
    "year": 2021,
    "month": 5,
    "day": 27,
    "hour": 1,
    "minute": 50,
    "temp": 28.339081885856015,
    "ntu": 3.411910669975186
}