{
    "year": 2021,
    "month": 5,
    "day": 11,
    "hour": 13,
    "minute": 35,
    "temp": 30.65277915632755,
    "ntu": 814.8535980148883
}