{
    "year": 2021,
    "month": 4,
    "day": 29,
    "hour": 4,
    "minute": 20,
    "temp": 25.615409429280387,
    "ntu": 820.3945409429281
}