{
    "year": 2021,
    "month": 5,
    "day": 4,
    "hour": 7,
    "minute": 5,
    "temp": 30.744937965260682,
    "ntu": 783.9379652605459
}