{
    "year": 2021,
    "month": 6,
    "day": 18,
    "hour": 3,
    "minute": 40,
    "temp": 28.716293532338153,
    "ntu": -18.29353233830846
}