{
    "year": 2021,
    "month": 6,
    "day": 18,
    "hour": 8,
    "minute": 5,
    "temp": 28.018208955223763,
    "ntu": 70.80099502487562
}