{
    "year": 2021,
    "month": 5,
    "day": 8,
    "hour": 3,
    "minute": 0,
    "temp": 28.290496277915747,
    "ntu": -0.5856079404466501
}