{
    "year": 2021,
    "month": 5,
    "day": 10,
    "hour": 13,
    "minute": 0,
    "temp": 30.48406947890809,
    "ntu": 814.0868486352357
}