{
    "year": 2021,
    "month": 5,
    "day": 6,
    "hour": 3,
    "minute": 30,
    "temp": 29.730990099010032,
    "ntu": 0.04207920792079208
}