{
    "year": 2021,
    "month": 5,
    "day": 6,
    "hour": 22,
    "minute": 40,
    "temp": 28.9747277227724,
    "ntu": -0.2524752475247525
}