{
    "year": 2021,
    "month": 5,
    "day": 12,
    "hour": 2,
    "minute": 20,
    "temp": 28.614104477611843,
    "ntu": -0.18159203980099503
}