{
    "year": 2021,
    "month": 5,
    "day": 3,
    "hour": 8,
    "minute": 10,
    "temp": 29.923514851485283,
    "ntu": 643.2648514851485
}