{
    "year": 2021,
    "month": 6,
    "day": 22,
    "hour": 13,
    "minute": 20,
    "temp": 28.462537313432865,
    "ntu": 376.0422885572139
}