{
    "year": 2021,
    "month": 6,
    "day": 28,
    "hour": 8,
    "minute": 25,
    "temp": 27.981940298507475,
    "ntu": 49.833333333333336
}