{
    "year": 2021,
    "month": 5,
    "day": 26,
    "hour": 6,
    "minute": 30,
    "temp": 28.945373134328445,
    "ntu": 96.74378109452736
}