{
    "year": 2021,
    "month": 5,
    "day": 21,
    "hour": 21,
    "minute": 10,
    "temp": 28.761612903225853,
    "ntu": 648.3870967741935
}