{
    "year": 2021,
    "month": 5,
    "day": 21,
    "hour": 12,
    "minute": 45,
    "temp": 30.284392059553284,
    "ntu": 473.11910669975185
}