{
    "year": 2021,
    "month": 5,
    "day": 11,
    "hour": 23,
    "minute": 0,
    "temp": 28.78960297766759,
    "ntu": 0.1662531017369727
}