{
    "year": 2021,
    "month": 6,
    "day": 28,
    "hour": 12,
    "minute": 15,
    "temp": 28.737032418952577,
    "ntu": 481.14463840399003
}