{
    "year": 2021,
    "month": 6,
    "day": 7,
    "hour": 5,
    "minute": 25,
    "temp": 28.202952853598035,
    "ntu": -126.57071960297766
}