{
    "year": 2021,
    "month": 6,
    "day": 22,
    "hour": 4,
    "minute": 30,
    "temp": 28.35626865671637,
    "ntu": -25.241293532338307
}