{
    "year": 2021,
    "month": 4,
    "day": 30,
    "hour": 4,
    "minute": 55,
    "temp": 25.11315136476422,
    "ntu": 7.176178660049628
}