{
    "year": 2021,
    "month": 5,
    "day": 25,
    "hour": 3,
    "minute": 45,
    "temp": 27.574292803970256,
    "ntu": 4.3076923076923075
}