{
    "year": 2021,
    "month": 5,
    "day": 18,
    "hour": 6,
    "minute": 50,
    "temp": 31.3819851116627,
    "ntu": 112.70471464019852
}