{
    "year": 2021,
    "month": 5,
    "day": 6,
    "hour": 4,
    "minute": 5,
    "temp": 28.1980893300249,
    "ntu": 0.3970223325062035
}