{
    "year": 2021,
    "month": 6,
    "day": 28,
    "hour": 14,
    "minute": 10,
    "temp": 28.428507462686632,
    "ntu": 500.69900497512435
}