{
    "year": 2021,
    "month": 5,
    "day": 21,
    "hour": 13,
    "minute": 55,
    "temp": 30.221414392059515,
    "ntu": 483.35980148883374
}