{
    "year": 2021,
    "month": 5,
    "day": 13,
    "hour": 20,
    "minute": 35,
    "temp": 30.991513647642837,
    "ntu": 811.8188585607941
}