{
    "year": 2021,
    "month": 6,
    "day": 12,
    "hour": 14,
    "minute": 40,
    "temp": 28.514143920595526,
    "ntu": 354.28287841191064
}