{
    "year": 2021,
    "month": 5,
    "day": 18,
    "hour": 4,
    "minute": 40,
    "temp": 31.18372208436709,
    "ntu": -21.60049627791563
}