{
    "year": 2021,
    "month": 5,
    "day": 31,
    "hour": 3,
    "minute": 30,
    "temp": 29.24533498759309,
    "ntu": -4.607940446650124
}