{
    "year": 2021,
    "month": 6,
    "day": 14,
    "hour": 8,
    "minute": 35,
    "temp": 28.49880597014929,
    "ntu": 9.957711442786069
}