{
    "year": 2021,
    "month": 5,
    "day": 10,
    "hour": 19,
    "minute": 35,
    "temp": 30.306129032258163,
    "ntu": 884.1712158808933
}