{
    "year": 2021,
    "month": 6,
    "day": 7,
    "hour": 13,
    "minute": 5,
    "temp": 28.45532338308441,
    "ntu": 483.8358208955224
}