{
    "year": 2021,
    "month": 6,
    "day": 8,
    "hour": 23,
    "minute": 0,
    "temp": 29.028734491315177,
    "ntu": 568.1761786600496
}