{
    "year": 2021,
    "month": 6,
    "day": 25,
    "hour": 6,
    "minute": 55,
    "temp": 28.27746268656719,
    "ntu": -44.72139303482587
}