{
    "year": 2021,
    "month": 5,
    "day": 9,
    "hour": 14,
    "minute": 30,
    "temp": 29.01920595533498,
    "ntu": 792.7642679900745
}