{
    "year": 2021,
    "month": 5,
    "day": 11,
    "hour": 8,
    "minute": 35,
    "temp": 30.400547263681574,
    "ntu": 709.9353233830846
}