{
    "year": 2021,
    "month": 5,
    "day": 11,
    "hour": 13,
    "minute": 50,
    "temp": 30.956749379652717,
    "ntu": 845.4813895781638
}