{
    "year": 2021,
    "month": 5,
    "day": 20,
    "hour": 3,
    "minute": 55,
    "temp": 30.41766749379648,
    "ntu": -1.1389578163771712
}