{
    "year": 2021,
    "month": 5,
    "day": 4,
    "hour": 1,
    "minute": 35,
    "temp": 26.965856079404478,
    "ntu": -0.2704714640198511
}