{
    "year": 2021,
    "month": 5,
    "day": 10,
    "hour": 20,
    "minute": 55,
    "temp": 30.228905472636693,
    "ntu": 864.226368159204
}