{
    "year": 2021,
    "month": 5,
    "day": 27,
    "hour": 4,
    "minute": 50,
    "temp": 28.605298507462628,
    "ntu": 18.544776119402986
}