{
    "year": 2021,
    "month": 5,
    "day": 22,
    "hour": 3,
    "minute": 5,
    "temp": 28.582382133995193,
    "ntu": 3.56575682382134
}