{
    "year": 2021,
    "month": 5,
    "day": 19,
    "hour": 19,
    "minute": 20,
    "temp": 30.958759305211064,
    "ntu": 499.64764267990074
}