{
    "year": 2021,
    "month": 6,
    "day": 17,
    "hour": 5,
    "minute": 50,
    "temp": 27.991044776119473,
    "ntu": -19.766169154228855
}