{
    "year": 2021,
    "month": 5,
    "day": 19,
    "hour": 8,
    "minute": 15,
    "temp": 30.350967741935726,
    "ntu": 488.5781637717122
}