{
    "year": 2021,
    "month": 5,
    "day": 4,
    "hour": 16,
    "minute": 55,
    "temp": 29.627915632754426,
    "ntu": 120.16129032258064
}