{
    "year": 2021,
    "month": 5,
    "day": 24,
    "hour": 3,
    "minute": 10,
    "temp": 28.31096774193559,
    "ntu": 2.6799007444168734
}