{
    "year": 2021,
    "month": 5,
    "day": 12,
    "hour": 18,
    "minute": 10,
    "temp": 30.11225806451629,
    "ntu": 712.7667493796527
}