{
    "year": 2021,
    "month": 5,
    "day": 17,
    "hour": 21,
    "minute": 10,
    "temp": 31.236865671641727,
    "ntu": 123.8681592039801
}