{
    "year": 2021,
    "month": 5,
    "day": 28,
    "hour": 10,
    "minute": 35,
    "temp": 28.83597014925364,
    "ntu": 597.363184079602
}