{
    "year": 2021,
    "month": 5,
    "day": 9,
    "hour": 5,
    "minute": 10,
    "temp": 29.14714640198519,
    "ntu": 42.83622828784119
}