{
    "year": 2021,
    "month": 5,
    "day": 16,
    "hour": 11,
    "minute": 15,
    "temp": 31.490099255583274,
    "ntu": 703.9057071960298
}