{
    "year": 2021,
    "month": 6,
    "day": 2,
    "hour": 7,
    "minute": 25,
    "temp": 27.82552238805972,
    "ntu": -287.0497512437811
}