{
    "year": 2021,
    "month": 6,
    "day": 19,
    "hour": 5,
    "minute": 35,
    "temp": 28.168383084577208,
    "ntu": -27.370646766169155
}