{
    "year": 2021,
    "month": 6,
    "day": 26,
    "hour": 1,
    "minute": 10,
    "temp": 28.967164179104536,
    "ntu": 543.1965174129353
}