{
    "year": 2021,
    "month": 6,
    "day": 12,
    "hour": 1,
    "minute": 5,
    "temp": 27.716865671641813,
    "ntu": -89.30597014925372
}