{
    "year": 2021,
    "month": 5,
    "day": 25,
    "hour": 10,
    "minute": 55,
    "temp": 28.486716417910458,
    "ntu": 558.6044776119403
}