{
    "year": 2021,
    "month": 5,
    "day": 17,
    "hour": 12,
    "minute": 20,
    "temp": 31.002985074626796,
    "ntu": 766.1616915422885
}