{
    "year": 2021,
    "month": 5,
    "day": 29,
    "hour": 6,
    "minute": 25,
    "temp": 27.835756823821285,
    "ntu": 53.96277915632754
}