{
    "year": 2021,
    "month": 5,
    "day": 2,
    "hour": 14,
    "minute": 10,
    "temp": 29.552258064516238,
    "ntu": 729.5632754342432
}