{
    "year": 2021,
    "month": 6,
    "day": 23,
    "hour": 14,
    "minute": 45,
    "temp": 28.076458852867813,
    "ntu": 302.8852867830424
}