{
    "year": 2021,
    "month": 6,
    "day": 25,
    "hour": 10,
    "minute": 30,
    "temp": 28.741194029850806,
    "ntu": 326.4875621890547
}