{
    "year": 2021,
    "month": 5,
    "day": 30,
    "hour": 13,
    "minute": 15,
    "temp": 29.02516129032265,
    "ntu": 726.1786600496278
}