{
    "year": 2021,
    "month": 6,
    "day": 7,
    "hour": 10,
    "minute": 40,
    "temp": 28.173498759305293,
    "ntu": 507.9652605459057
}