{
    "year": 2021,
    "month": 5,
    "day": 20,
    "hour": 21,
    "minute": 20,
    "temp": 30.170796019900447,
    "ntu": 498.2313432835821
}