{
    "year": 2021,
    "month": 6,
    "day": 23,
    "hour": 22,
    "minute": 40,
    "temp": 28.945522388059725,
    "ntu": 350.910447761194
}