{
    "year": 2021,
    "month": 5,
    "day": 25,
    "hour": 0,
    "minute": 40,
    "temp": 27.94724565756828,
    "ntu": 4.784119106699752
}