{
    "year": 2021,
    "month": 5,
    "day": 10,
    "hour": 15,
    "minute": 20,
    "temp": 29.026799007444154,
    "ntu": 814.7493796526055
}