{
    "year": 2021,
    "month": 5,
    "day": 26,
    "hour": 23,
    "minute": 50,
    "temp": 27.87213399503714,
    "ntu": 1.8188585607940446
}