{
    "year": 2021,
    "month": 6,
    "day": 25,
    "hour": 0,
    "minute": 55,
    "temp": 28.179029850746325,
    "ntu": 365.35074626865674
}