{
    "year": 2021,
    "month": 5,
    "day": 4,
    "hour": 0,
    "minute": 10,
    "temp": 30.062531017369814,
    "ntu": -0.03225806451612903
}