{
    "year": 2021,
    "month": 6,
    "day": 18,
    "hour": 20,
    "minute": 10,
    "temp": 28.96149253731346,
    "ntu": 411.76616915422886
}