{
    "year": 2021,
    "month": 5,
    "day": 27,
    "hour": 10,
    "minute": 25,
    "temp": 28.0144776119402,
    "ntu": 691.5149253731344
}