{
    "year": 2021,
    "month": 6,
    "day": 8,
    "hour": 9,
    "minute": 35,
    "temp": 28.18702233250624,
    "ntu": 471.5409429280397
}