{
    "year": 2021,
    "month": 5,
    "day": 2,
    "hour": 15,
    "minute": 50,
    "temp": 30.567444168734703,
    "ntu": 696.0992555831266
}