{
    "year": 2021,
    "month": 6,
    "day": 7,
    "hour": 15,
    "minute": 30,
    "temp": 28.18496277915636,
    "ntu": 470.258064516129
}