{
    "year": 2021,
    "month": 6,
    "day": 12,
    "hour": 4,
    "minute": 0,
    "temp": 29.00328358208965,
    "ntu": -42.569651741293534
}