{
    "year": 2021,
    "month": 5,
    "day": 18,
    "hour": 2,
    "minute": 50,
    "temp": 31.336716417910424,
    "ntu": -12.308457711442786
}