{
    "year": 2021,
    "month": 5,
    "day": 15,
    "hour": 22,
    "minute": 45,
    "temp": 30.059701492537446,
    "ntu": -5.398009950248756
}