{
    "year": 2021,
    "month": 6,
    "day": 22,
    "hour": 8,
    "minute": 40,
    "temp": 28.360298507462645,
    "ntu": 88.01990049751244
}