{
    "year": 2021,
    "month": 5,
    "day": 1,
    "hour": 15,
    "minute": 35,
    "temp": 29.5245657568237,
    "ntu": 668.014888337469
}