{
    "year": 2021,
    "month": 5,
    "day": 4,
    "hour": 14,
    "minute": 5,
    "temp": 29.773796526054795,
    "ntu": 787.1712158808933
}