{
    "year": 2021,
    "month": 6,
    "day": 7,
    "hour": 15,
    "minute": 35,
    "temp": 28.131637717121748,
    "ntu": 482.424317617866
}