{
    "year": 2021,
    "month": 4,
    "day": 29,
    "hour": 11,
    "minute": 5,
    "temp": 30.9491563275435,
    "ntu": 472.3647642679901
}