{
    "year": 2021,
    "month": 5,
    "day": 13,
    "hour": 17,
    "minute": 15,
    "temp": 31.000447761194025,
    "ntu": 780.7587064676617
}