{
    "year": 2021,
    "month": 4,
    "day": 30,
    "hour": 2,
    "minute": 50,
    "temp": 28.130248138957743,
    "ntu": 0.8387096774193549
}