{
    "year": 2021,
    "month": 6,
    "day": 22,
    "hour": 5,
    "minute": 30,
    "temp": 28.50912935323404,
    "ntu": -32.9452736318408
}