{
    "year": 2021,
    "month": 5,
    "day": 5,
    "hour": 20,
    "minute": 25,
    "temp": 29.48404466501252,
    "ntu": 867.258064516129
}