{
    "year": 2021,
    "month": 5,
    "day": 13,
    "hour": 2,
    "minute": 50,
    "temp": 30.439454094292895,
    "ntu": -1.1687344913151365
}