{
    "year": 2021,
    "month": 5,
    "day": 13,
    "hour": 11,
    "minute": 5,
    "temp": 29.05940594059407,
    "ntu": 582.9554455445544
}