{
    "year": 2021,
    "month": 5,
    "day": 16,
    "hour": 19,
    "minute": 0,
    "temp": 31.975880893300307,
    "ntu": 774.8982630272952
}