{
    "year": 2021,
    "month": 5,
    "day": 16,
    "hour": 23,
    "minute": 25,
    "temp": 29.263432835820936,
    "ntu": -3.1865671641791047
}