{
    "year": 2021,
    "month": 5,
    "day": 18,
    "hour": 12,
    "minute": 10,
    "temp": 31.80032258064526,
    "ntu": 126.14143920595534
}