{
    "year": 2021,
    "month": 6,
    "day": 16,
    "hour": 21,
    "minute": 0,
    "temp": 28.036408977556164,
    "ntu": 447.9775561097257
}