{
    "year": 2021,
    "month": 5,
    "day": 3,
    "hour": 16,
    "minute": 55,
    "temp": 30.916724565756844,
    "ntu": 727.1588089330024
}