{
    "year": 2021,
    "month": 6,
    "day": 29,
    "hour": 4,
    "minute": 0,
    "temp": 28.21567164179107,
    "ntu": -50.211442786069654
}