{
    "year": 2021,
    "month": 5,
    "day": 17,
    "hour": 19,
    "minute": 40,
    "temp": 31.81744416873446,
    "ntu": 123.40198511166253
}