{
    "year": 2021,
    "month": 6,
    "day": 27,
    "hour": 17,
    "minute": 20,
    "temp": 28.001044776119407,
    "ntu": 521.9850746268656
}