{
    "year": 2021,
    "month": 6,
    "day": 26,
    "hour": 10,
    "minute": 25,
    "temp": 28.37017412935339,
    "ntu": 493.2761194029851
}