{
    "year": 2021,
    "month": 6,
    "day": 6,
    "hour": 20,
    "minute": 55,
    "temp": 29.031116625310247,
    "ntu": 569.2456575682382
}