{
    "year": 2021,
    "month": 6,
    "day": 4,
    "hour": 5,
    "minute": 35,
    "temp": 28.974491315136426,
    "ntu": -80.49131513647643
}