{
    "year": 2021,
    "month": 4,
    "day": 30,
    "hour": 21,
    "minute": 40,
    "temp": 30.84081885856073,
    "ntu": 705.3523573200993
}