{
    "year": 2021,
    "month": 6,
    "day": 4,
    "hour": 15,
    "minute": 5,
    "temp": 28.554491315136502,
    "ntu": 452.46898263027293
}