{
    "year": 2021,
    "month": 6,
    "day": 7,
    "hour": 21,
    "minute": 0,
    "temp": 28.00357320099256,
    "ntu": 567.590570719603
}