{
    "year": 2021,
    "month": 5,
    "day": 29,
    "hour": 3,
    "minute": 55,
    "temp": 28.62295285359786,
    "ntu": -5.332506203473946
}