{
    "year": 2021,
    "month": 5,
    "day": 17,
    "hour": 14,
    "minute": 50,
    "temp": 31.190669975186218,
    "ntu": 858.7617866004963
}