{
    "year": 2021,
    "month": 6,
    "day": 2,
    "hour": 0,
    "minute": 40,
    "temp": 27.75179104477616,
    "ntu": -8.912935323383085
}