{
    "year": 2021,
    "month": 5,
    "day": 6,
    "hour": 6,
    "minute": 30,
    "temp": 30.406997518610385,
    "ntu": 871.2183622828784
}