{
    "year": 2021,
    "month": 5,
    "day": 10,
    "hour": 0,
    "minute": 45,
    "temp": 28.952679900744517,
    "ntu": -0.8635235732009926
}