{
    "year": 2021,
    "month": 5,
    "day": 22,
    "hour": 17,
    "minute": 45,
    "temp": 28.601861042183454,
    "ntu": 360.2382133995037
}