{
    "year": 2021,
    "month": 5,
    "day": 31,
    "hour": 2,
    "minute": 15,
    "temp": 28.231662531017452,
    "ntu": -2.8957816377171217
}