{
    "year": 2021,
    "month": 5,
    "day": 14,
    "hour": 15,
    "minute": 40,
    "temp": 31.90485074626874,
    "ntu": 801.2935323383084
}