{
    "year": 2021,
    "month": 6,
    "day": 17,
    "hour": 11,
    "minute": 25,
    "temp": 28.318656716417895,
    "ntu": 417.83084577114425
}