{
    "year": 2021,
    "month": 5,
    "day": 17,
    "hour": 23,
    "minute": 10,
    "temp": 30.053880597015024,
    "ntu": -8.23134328358209
}