{
    "year": 2021,
    "month": 5,
    "day": 28,
    "hour": 10,
    "minute": 10,
    "temp": 28.235845771144252,
    "ntu": 647.9950248756219
}