{
    "year": 2021,
    "month": 6,
    "day": 20,
    "hour": 5,
    "minute": 50,
    "temp": 27.98668329177057,
    "ntu": -31.85286783042394
}