{
    "year": 2021,
    "month": 5,
    "day": 3,
    "hour": 6,
    "minute": 45,
    "temp": 30.487611940298553,
    "ntu": 760.0646766169154
}