{
    "year": 2021,
    "month": 5,
    "day": 26,
    "hour": 20,
    "minute": 35,
    "temp": 28.49300248138969,
    "ntu": 777.8138957816377
}