{
    "year": 2021,
    "month": 6,
    "day": 1,
    "hour": 0,
    "minute": 5,
    "temp": 29.035285359801463,
    "ntu": 515.6401985111662
}