{
    "year": 2021,
    "month": 6,
    "day": 7,
    "hour": 10,
    "minute": 25,
    "temp": 28.33784119106691,
    "ntu": 504.27295285359804
}