{
    "year": 2021,
    "month": 6,
    "day": 18,
    "hour": 23,
    "minute": 55,
    "temp": 28.727313432835928,
    "ntu": 425.681592039801
}