{
    "year": 2021,
    "month": 6,
    "day": 25,
    "hour": 12,
    "minute": 45,
    "temp": 28.059999999999988,
    "ntu": 334.06467661691545
}