{
    "year": 2021,
    "month": 6,
    "day": 29,
    "hour": 19,
    "minute": 20,
    "temp": 28.169925187032504,
    "ntu": 479.354114713217
}