{
    "year": 2021,
    "month": 6,
    "day": 12,
    "hour": 21,
    "minute": 45,
    "temp": 28.0174193548387,
    "ntu": 406.50372208436727
}