{
    "year": 2021,
    "month": 5,
    "day": 4,
    "hour": 20,
    "minute": 55,
    "temp": 30.822506203473935,
    "ntu": 862.8014888337469
}