{
    "year": 2021,
    "month": 6,
    "day": 22,
    "hour": 19,
    "minute": 30,
    "temp": 28.180597014925425,
    "ntu": 381.87064676616916
}