{
    "year": 2021,
    "month": 6,
    "day": 2,
    "hour": 23,
    "minute": 50,
    "temp": 28.072952853598004,
    "ntu": 546.0545905707196
}