{
    "year": 2021,
    "month": 5,
    "day": 11,
    "hour": 20,
    "minute": 10,
    "temp": 30.046716417910577,
    "ntu": 830.7686567164179
}