{
    "year": 2021,
    "month": 5,
    "day": 11,
    "hour": 12,
    "minute": 30,
    "temp": 29.44585607940454,
    "ntu": 789.6997518610422
}