{
    "year": 2021,
    "month": 6,
    "day": 3,
    "hour": 20,
    "minute": 55,
    "temp": 29.042878411910717,
    "ntu": 550.9727047146401
}