{
    "year": 2021,
    "month": 6,
    "day": 5,
    "hour": 18,
    "minute": 15,
    "temp": 28.97394540942938,
    "ntu": 465.4193548387097
}