{
    "year": 2021,
    "month": 5,
    "day": 4,
    "hour": 18,
    "minute": 50,
    "temp": 29.2715880893302,
    "ntu": 796.2828784119107
}