{
    "year": 2021,
    "month": 6,
    "day": 12,
    "hour": 5,
    "minute": 15,
    "temp": 27.77173697270472,
    "ntu": -104.21339950372209
}