{
    "year": 2021,
    "month": 6,
    "day": 20,
    "hour": 2,
    "minute": 5,
    "temp": 29.085373134328417,
    "ntu": -4.161691542288557
}