{
    "year": 2021,
    "month": 5,
    "day": 7,
    "hour": 5,
    "minute": 55,
    "temp": 28.681017369727133,
    "ntu": 67.46153846153847
}