{
    "year": 2021,
    "month": 6,
    "day": 5,
    "hour": 9,
    "minute": 35,
    "temp": 28.931637717121653,
    "ntu": 469.38213399503724
}