{
    "year": 2021,
    "month": 5,
    "day": 26,
    "hour": 13,
    "minute": 55,
    "temp": 27.970967741935443,
    "ntu": 721.3995037220843
}