{
    "year": 2021,
    "month": 5,
    "day": 28,
    "hour": 12,
    "minute": 15,
    "temp": 28.933052109181244,
    "ntu": 712.908188585608
}