{
    "year": 2021,
    "month": 6,
    "day": 22,
    "hour": 5,
    "minute": 40,
    "temp": 29.204552238806002,
    "ntu": -31.31592039800995
}