{
    "year": 2021,
    "month": 6,
    "day": 5,
    "hour": 3,
    "minute": 35,
    "temp": 28.810223880597267,
    "ntu": -16.69402985074627
}