{
    "year": 2021,
    "month": 6,
    "day": 18,
    "hour": 7,
    "minute": 15,
    "temp": 28.381567164179167,
    "ntu": -35.80099502487562
}