{
    "year": 2021,
    "month": 5,
    "day": 6,
    "hour": 1,
    "minute": 30,
    "temp": 29.758312655087042,
    "ntu": 0.11662531017369727
}