{
    "year": 2021,
    "month": 6,
    "day": 11,
    "hour": 5,
    "minute": 40,
    "temp": 28.83194029850742,
    "ntu": -100.81840796019901
}