{
    "year": 2021,
    "month": 6,
    "day": 13,
    "hour": 0,
    "minute": 35,
    "temp": 28.151521197007565,
    "ntu": -5.967581047381546
}