{
    "year": 2021,
    "month": 5,
    "day": 22,
    "hour": 6,
    "minute": 40,
    "temp": 27.218933002481428,
    "ntu": 70.24813895781638
}