{
    "year": 2021,
    "month": 5,
    "day": 21,
    "hour": 5,
    "minute": 5,
    "temp": 30.41835820895512,
    "ntu": 8.835820895522389
}