{
    "year": 2021,
    "month": 5,
    "day": 16,
    "hour": 10,
    "minute": 30,
    "temp": 31.590744416873736,
    "ntu": 568.5930521091811
}