{
    "year": 2021,
    "month": 5,
    "day": 3,
    "hour": 6,
    "minute": 15,
    "temp": 29.5885323383086,
    "ntu": 770.7363184079602
}