{
    "year": 2021,
    "month": 6,
    "day": 22,
    "hour": 0,
    "minute": 30,
    "temp": 28.124353233831002,
    "ntu": 404.54477611940297
}