{
    "year": 2021,
    "month": 7,
    "day": 2,
    "hour": 8,
    "minute": 0,
    "temp": 28.78820895522397,
    "ntu": -159.3507462686567
}