{
    "year": 2021,
    "month": 6,
    "day": 1,
    "hour": 22,
    "minute": 25,
    "temp": 28.57622828784116,
    "ntu": 485.0843672456576
}