{
    "year": 2021,
    "month": 6,
    "day": 11,
    "hour": 2,
    "minute": 25,
    "temp": 27.809850746268733,
    "ntu": -12.686567164179104
}