{
    "year": 2021,
    "month": 6,
    "day": 8,
    "hour": 23,
    "minute": 40,
    "temp": 28.261315136476444,
    "ntu": 567.0669975186104
}