{
    "year": 2021,
    "month": 4,
    "day": 30,
    "hour": 20,
    "minute": 25,
    "temp": 29.318762376237643,
    "ntu": 701.490099009901
}