{
    "year": 2021,
    "month": 6,
    "day": 11,
    "hour": 7,
    "minute": 40,
    "temp": 28.874193548387144,
    "ntu": -153.47890818858562
}