{
    "year": 2021,
    "month": 6,
    "day": 20,
    "hour": 9,
    "minute": 15,
    "temp": 28.84713216957589,
    "ntu": 61.084788029925186
}