{
    "year": 2021,
    "month": 6,
    "day": 14,
    "hour": 10,
    "minute": 10,
    "temp": 28.584477611940233,
    "ntu": 242.36069651741295
}