{
    "year": 2021,
    "month": 5,
    "day": 26,
    "hour": 1,
    "minute": 45,
    "temp": 28.228858560794148,
    "ntu": 5.32258064516129
}