{
    "year": 2021,
    "month": 5,
    "day": 3,
    "hour": 3,
    "minute": 15,
    "temp": 24.618957816377215,
    "ntu": -0.19851116625310175
}