{
    "year": 2021,
    "month": 6,
    "day": 4,
    "hour": 19,
    "minute": 35,
    "temp": 28.29064516129041,
    "ntu": 479.9429280397022
}