{
    "year": 2021,
    "month": 6,
    "day": 17,
    "hour": 12,
    "minute": 0,
    "temp": 28.15842892768073,
    "ntu": 400.46882793017454
}