{
    "year": 2021,
    "month": 5,
    "day": 26,
    "hour": 19,
    "minute": 35,
    "temp": 28.276293532338524,
    "ntu": 736.3830845771145
}