{
    "year": 2021,
    "month": 6,
    "day": 26,
    "hour": 17,
    "minute": 45,
    "temp": 28.66649253731355,
    "ntu": 479.82089552238807
}