{
    "year": 2021,
    "month": 5,
    "day": 26,
    "hour": 12,
    "minute": 10,
    "temp": 27.95481389578164,
    "ntu": 726.136476426799
}