{
    "year": 2021,
    "month": 6,
    "day": 17,
    "hour": 3,
    "minute": 30,
    "temp": 28.254488778054792,
    "ntu": -17.19201995012469
}