{
    "year": 2021,
    "month": 6,
    "day": 29,
    "hour": 10,
    "minute": 30,
    "temp": 28.384104477612112,
    "ntu": 485.6393034825871
}