{
    "year": 2021,
    "month": 5,
    "day": 8,
    "hour": 11,
    "minute": 55,
    "temp": 29.41593052109196,
    "ntu": 765.4987593052109
}