{
    "year": 2021,
    "month": 4,
    "day": 23,
    "hour": 16,
    "minute": 59,
    "temp": 29.048857142857113,
    "ntu": -28.957142857142856
}