{
    "year": 2021,
    "month": 5,
    "day": 14,
    "hour": 18,
    "minute": 5,
    "temp": 31.409776674938023,
    "ntu": 788.0347394540943
}