{
    "year": 2021,
    "month": 5,
    "day": 27,
    "hour": 23,
    "minute": 0,
    "temp": 28.406426799007605,
    "ntu": 787.8535980148883
}