{
    "year": 2021,
    "month": 6,
    "day": 12,
    "hour": 4,
    "minute": 40,
    "temp": 28.42604477611949,
    "ntu": -63.51990049751244
}