{
    "year": 2021,
    "month": 5,
    "day": 2,
    "hour": 9,
    "minute": 50,
    "temp": 30.63222772277239,
    "ntu": 416.2970297029703
}