{
    "year": 2021,
    "month": 5,
    "day": 14,
    "hour": 19,
    "minute": 50,
    "temp": 31.472388059701636,
    "ntu": 797.9378109452737
}