{
    "year": 2021,
    "month": 4,
    "day": 29,
    "hour": 10,
    "minute": 10,
    "temp": 25.046898263027558,
    "ntu": 302.5483870967742
}