{
    "year": 2021,
    "month": 5,
    "day": 17,
    "hour": 6,
    "minute": 35,
    "temp": 29.68199004975126,
    "ntu": 237.25124378109453
}