{
    "year": 2021,
    "month": 6,
    "day": 27,
    "hour": 13,
    "minute": 45,
    "temp": 28.028955223880633,
    "ntu": 485.8805970149254
}