{
    "year": 2021,
    "month": 5,
    "day": 19,
    "hour": 3,
    "minute": 35,
    "temp": 28.96215880893312,
    "ntu": 116.32009925558313
}