{
    "year": 2021,
    "month": 5,
    "day": 30,
    "hour": 22,
    "minute": 25,
    "temp": 28.348560794044502,
    "ntu": 818.7096774193549
}