{
    "year": 2021,
    "month": 6,
    "day": 3,
    "hour": 19,
    "minute": 15,
    "temp": 28.492189054726346,
    "ntu": 462.6243781094527
}