{
    "year": 2021,
    "month": 6,
    "day": 25,
    "hour": 5,
    "minute": 30,
    "temp": 27.937032418952622,
    "ntu": -61.3142144638404
}