{
    "year": 2021,
    "month": 7,
    "day": 1,
    "hour": 15,
    "minute": 45,
    "temp": 29.024179104477632,
    "ntu": 349.7562189054726
}