{
    "year": 2021,
    "month": 5,
    "day": 25,
    "hour": 2,
    "minute": 35,
    "temp": 28.23883374689837,
    "ntu": 5.116625310173697
}