{
    "year": 2021,
    "month": 6,
    "day": 6,
    "hour": 1,
    "minute": 5,
    "temp": 28.073995037220858,
    "ntu": -7.88833746898263
}