{
    "year": 2021,
    "month": 5,
    "day": 7,
    "hour": 8,
    "minute": 5,
    "temp": 29.378337468982576,
    "ntu": 861.5980148883375
}