{
    "year": 2021,
    "month": 5,
    "day": 4,
    "hour": 2,
    "minute": 5,
    "temp": 26.453722084367307,
    "ntu": -0.06699751861042183
}