{
    "year": 2021,
    "month": 4,
    "day": 29,
    "hour": 5,
    "minute": 10,
    "temp": 25.10707920792072,
    "ntu": 821.6237623762377
}