{
    "year": 2021,
    "month": 4,
    "day": 30,
    "hour": 15,
    "minute": 15,
    "temp": 30.03841191067015,
    "ntu": 818.5955334987593
}