{
    "year": 2021,
    "month": 5,
    "day": 18,
    "hour": 9,
    "minute": 25,
    "temp": 31.892580645161505,
    "ntu": 109.52853598014889
}