{
    "year": 2021,
    "month": 6,
    "day": 13,
    "hour": 20,
    "minute": 0,
    "temp": 28.984367245657683,
    "ntu": 284.1786600496278
}