{
    "year": 2021,
    "month": 5,
    "day": 28,
    "hour": 23,
    "minute": 10,
    "temp": 28.045111662531262,
    "ntu": 753.4193548387096
}