{
    "year": 2021,
    "month": 7,
    "day": 2,
    "hour": 10,
    "minute": 0,
    "temp": 28.059999999999988,
    "ntu": 332.0223880597015
}