{
    "year": 2021,
    "month": 5,
    "day": 19,
    "hour": 15,
    "minute": 30,
    "temp": 30.44593052109181,
    "ntu": 465.0223325062035
}