{
    "year": 2021,
    "month": 5,
    "day": 4,
    "hour": 12,
    "minute": 45,
    "temp": 30.29689826302739,
    "ntu": 749.9900744416874
}