{
    "year": 2021,
    "month": 5,
    "day": 26,
    "hour": 18,
    "minute": 5,
    "temp": 28.656218905472677,
    "ntu": 740.3383084577115
}