{
    "year": 2021,
    "month": 5,
    "day": 13,
    "hour": 21,
    "minute": 10,
    "temp": 31.51846153846138,
    "ntu": 809.8362282878412
}