{
    "year": 2021,
    "month": 5,
    "day": 6,
    "hour": 20,
    "minute": 10,
    "temp": 29.501935483871076,
    "ntu": 885.4813895781638
}