{
    "year": 2021,
    "month": 6,
    "day": 13,
    "hour": 17,
    "minute": 25,
    "temp": 28.191215880893317,
    "ntu": 248.3424317617866
}