{
    "year": 2021,
    "month": 6,
    "day": 27,
    "hour": 20,
    "minute": 5,
    "temp": 28.212537313432872,
    "ntu": 519.318407960199
}