{
    "year": 2021,
    "month": 6,
    "day": 21,
    "hour": 12,
    "minute": 50,
    "temp": 28.311194029850732,
    "ntu": 380.7512437810945
}