{
    "year": 2021,
    "month": 6,
    "day": 10,
    "hour": 12,
    "minute": 5,
    "temp": 29.00163771712161,
    "ntu": 469.5732009925558
}