{
    "year": 2021,
    "month": 6,
    "day": 7,
    "hour": 9,
    "minute": 50,
    "temp": 28.7878163771713,
    "ntu": 478.16625310173697
}