{
    "year": 2021,
    "month": 6,
    "day": 4,
    "hour": 19,
    "minute": 55,
    "temp": 28.034540942928107,
    "ntu": 516.1712158808933
}