{
    "year": 2021,
    "month": 6,
    "day": 12,
    "hour": 19,
    "minute": 15,
    "temp": 28.933573200992637,
    "ntu": 409.16873449131515
}