{
    "year": 2021,
    "month": 6,
    "day": 13,
    "hour": 18,
    "minute": 25,
    "temp": 28.845880893300087,
    "ntu": 247.82630272952855
}