{
    "year": 2021,
    "month": 6,
    "day": 8,
    "hour": 2,
    "minute": 20,
    "temp": 28.28156327543429,
    "ntu": -11.471464019851117
}