{
    "year": 2021,
    "month": 6,
    "day": 23,
    "hour": 3,
    "minute": 20,
    "temp": 28.486234413965196,
    "ntu": 3.5935162094763093
}