{
    "year": 2021,
    "month": 5,
    "day": 5,
    "hour": 10,
    "minute": 25,
    "temp": 30.962332506203527,
    "ntu": 648.4466501240695
}