{
    "year": 2021,
    "month": 6,
    "day": 21,
    "hour": 5,
    "minute": 45,
    "temp": 29.183582089552317,
    "ntu": -40.549751243781095
}