{
    "year": 2021,
    "month": 5,
    "day": 7,
    "hour": 10,
    "minute": 5,
    "temp": 30.87977667493812,
    "ntu": 835.014888337469
}