{
    "year": 2021,
    "month": 6,
    "day": 21,
    "hour": 10,
    "minute": 10,
    "temp": 28.61343283582092,
    "ntu": 355.17661691542287
}