{
    "year": 2021,
    "month": 5,
    "day": 9,
    "hour": 4,
    "minute": 20,
    "temp": 30.516268656716306,
    "ntu": 0.5373134328358209
}