{
    "year": 2021,
    "month": 4,
    "day": 30,
    "hour": 2,
    "minute": 25,
    "temp": 29.440645161290416,
    "ntu": 0.8312655086848635
}