{
    "year": 2021,
    "month": 6,
    "day": 6,
    "hour": 7,
    "minute": 45,
    "temp": 28.8911910669976,
    "ntu": -170.32009925558313
}