{
    "year": 2021,
    "month": 6,
    "day": 12,
    "hour": 21,
    "minute": 15,
    "temp": 28.48362282878424,
    "ntu": 406.11910669975185
}