{
    "year": 2021,
    "month": 6,
    "day": 11,
    "hour": 5,
    "minute": 50,
    "temp": 28.539602977667574,
    "ntu": -110.44168734491315
}