{
    "year": 2021,
    "month": 6,
    "day": 3,
    "hour": 0,
    "minute": 40,
    "temp": 28.527543424317695,
    "ntu": -5.320099255583126
}