{
    "year": 2021,
    "month": 6,
    "day": 7,
    "hour": 11,
    "minute": 0,
    "temp": 28.034243176178784,
    "ntu": 482.0794044665012
}