{
    "year": 2021,
    "month": 5,
    "day": 12,
    "hour": 6,
    "minute": 35,
    "temp": 29.027890818858705,
    "ntu": 196.86104218362283
}