{
    "year": 2021,
    "month": 6,
    "day": 30,
    "hour": 21,
    "minute": 15,
    "temp": 28.525174129353513,
    "ntu": 328.83084577114425
}