{
    "year": 2021,
    "month": 5,
    "day": 7,
    "hour": 1,
    "minute": 10,
    "temp": 29.44967741935495,
    "ntu": 0.10173697270471464
}