{
    "year": 2021,
    "month": 6,
    "day": 27,
    "hour": 22,
    "minute": 20,
    "temp": 28.646815920398183,
    "ntu": 542.0845771144278
}