{
    "year": 2021,
    "month": 6,
    "day": 8,
    "hour": 11,
    "minute": 30,
    "temp": 28.007761194029786,
    "ntu": 471.98258706467664
}