{
    "year": 2021,
    "month": 5,
    "day": 29,
    "hour": 0,
    "minute": 10,
    "temp": 28.354962779156164,
    "ntu": 808.1290322580645
}