{
    "year": 2021,
    "month": 5,
    "day": 23,
    "hour": 18,
    "minute": 55,
    "temp": 28.160471464019725,
    "ntu": 449.1786600496278
}