{
    "year": 2021,
    "month": 6,
    "day": 4,
    "hour": 21,
    "minute": 5,
    "temp": 28.389826302729716,
    "ntu": 569.6079404466501
}