{
    "year": 2021,
    "month": 5,
    "day": 17,
    "hour": 18,
    "minute": 25,
    "temp": 31.197593052109237,
    "ntu": 124.45657568238214
}