{
    "year": 2021,
    "month": 5,
    "day": 28,
    "hour": 23,
    "minute": 45,
    "temp": 28.844565756823688,
    "ntu": 809.0570719602978
}