{
    "year": 2021,
    "month": 6,
    "day": 23,
    "hour": 5,
    "minute": 5,
    "temp": 28.556865671641805,
    "ntu": -35.02238805970149
}