{
    "year": 2021,
    "month": 5,
    "day": 19,
    "hour": 9,
    "minute": 10,
    "temp": 30.98492537313433,
    "ntu": 491.43283582089555
}