{
    "year": 2021,
    "month": 6,
    "day": 6,
    "hour": 1,
    "minute": 40,
    "temp": 28.964565756823855,
    "ntu": -5.523573200992556
}