{
    "year": 2021,
    "month": 6,
    "day": 2,
    "hour": 2,
    "minute": 10,
    "temp": 28.135880893300204,
    "ntu": -4.258064516129032
}