{
    "year": 2021,
    "month": 5,
    "day": 11,
    "hour": 0,
    "minute": 30,
    "temp": 28.306575682382235,
    "ntu": 343.43672456575683
}