{
    "year": 2021,
    "month": 5,
    "day": 6,
    "hour": 13,
    "minute": 20,
    "temp": 30.793027295285324,
    "ntu": 787.8833746898263
}