{
    "year": 2021,
    "month": 6,
    "day": 19,
    "hour": 3,
    "minute": 35,
    "temp": 28.099999999999856,
    "ntu": -16.440298507462686
}