{
    "year": 2021,
    "month": 5,
    "day": 14,
    "hour": 8,
    "minute": 20,
    "temp": 31.794218362283004,
    "ntu": 773.6898263027296
}