{
    "year": 2021,
    "month": 5,
    "day": 13,
    "hour": 12,
    "minute": 55,
    "temp": 29.652754342431905,
    "ntu": 827.6377171215881
}