{
    "year": 2021,
    "month": 6,
    "day": 22,
    "hour": 4,
    "minute": 40,
    "temp": 28.28201995012474,
    "ntu": -28.052369077306732
}