{
    "year": 2021,
    "month": 6,
    "day": 30,
    "hour": 13,
    "minute": 50,
    "temp": 28.533192019950405,
    "ntu": 430.08478802992516
}