{
    "year": 2021,
    "month": 6,
    "day": 28,
    "hour": 18,
    "minute": 5,
    "temp": 28.439303482587082,
    "ntu": 458.03980099502485
}