{
    "year": 2021,
    "month": 5,
    "day": 26,
    "hour": 6,
    "minute": 5,
    "temp": 27.82831265508687,
    "ntu": 36.148883374689824
}