{
    "year": 2021,
    "month": 5,
    "day": 16,
    "hour": 16,
    "minute": 15,
    "temp": 31.58432835820928,
    "ntu": 754.542288557214
}