{
    "year": 2021,
    "month": 5,
    "day": 11,
    "hour": 9,
    "minute": 10,
    "temp": 30.60245657568222,
    "ntu": 776.3126550868486
}