{
    "year": 2021,
    "month": 5,
    "day": 2,
    "hour": 19,
    "minute": 50,
    "temp": 30.843564356435927,
    "ntu": 761.6138613861386
}