{
    "year": 2021,
    "month": 5,
    "day": 8,
    "hour": 23,
    "minute": 30,
    "temp": 29.849156327543493,
    "ntu": -1.1240694789081886
}