{
    "year": 2021,
    "month": 5,
    "day": 12,
    "hour": 0,
    "minute": 5,
    "temp": 29.679999999999943,
    "ntu": -0.1662531017369727
}