{
    "year": 2021,
    "month": 5,
    "day": 12,
    "hour": 21,
    "minute": 40,
    "temp": 29.44111662531028,
    "ntu": 820.8908188585608
}