{
    "year": 2021,
    "month": 5,
    "day": 26,
    "hour": 2,
    "minute": 25,
    "temp": 28.675273631840767,
    "ntu": 4.878109452736318
}