{
    "year": 2021,
    "month": 5,
    "day": 13,
    "hour": 7,
    "minute": 45,
    "temp": 29.9330024813897,
    "ntu": 795.8957816377172
}