{
    "year": 2021,
    "month": 5,
    "day": 20,
    "hour": 5,
    "minute": 55,
    "temp": 30.403283582089607,
    "ntu": 19.27860696517413
}