{
    "year": 2021,
    "month": 6,
    "day": 8,
    "hour": 4,
    "minute": 35,
    "temp": 28.76667493796526,
    "ntu": -49.9181141439206
}