{
    "year": 2021,
    "month": 5,
    "day": 9,
    "hour": 6,
    "minute": 25,
    "temp": 30.49492537313437,
    "ntu": 808.4303482587064
}