{
    "year": 2021,
    "month": 6,
    "day": 10,
    "hour": 9,
    "minute": 30,
    "temp": 28.07607940446648,
    "ntu": 445.6898263027295
}