{
    "year": 2021,
    "month": 6,
    "day": 29,
    "hour": 12,
    "minute": 35,
    "temp": 28.966159600997376,
    "ntu": 471.2493765586035
}