{
    "year": 2021,
    "month": 6,
    "day": 20,
    "hour": 5,
    "minute": 25,
    "temp": 28.22268656716425,
    "ntu": -27.435323383084576
}