{
    "year": 2021,
    "month": 6,
    "day": 24,
    "hour": 4,
    "minute": 55,
    "temp": 28.20643391521197,
    "ntu": -55.00997506234414
}