{
    "year": 2021,
    "month": 6,
    "day": 5,
    "hour": 16,
    "minute": 10,
    "temp": 28.184516129032062,
    "ntu": 415.7890818858561
}