{
    "year": 2021,
    "month": 5,
    "day": 27,
    "hour": 21,
    "minute": 5,
    "temp": 28.98049627791576,
    "ntu": 772.1191066997519
}