{
    "year": 2021,
    "month": 5,
    "day": 6,
    "hour": 12,
    "minute": 45,
    "temp": 30.585607940446963,
    "ntu": 788.8808933002481
}