{
    "year": 2021,
    "month": 5,
    "day": 27,
    "hour": 18,
    "minute": 45,
    "temp": 28.117593052109243,
    "ntu": 762.0868486352357
}