{
    "year": 2021,
    "month": 5,
    "day": 17,
    "hour": 10,
    "minute": 45,
    "temp": 31.26164179104471,
    "ntu": 758.5049751243781
}