{
    "year": 2021,
    "month": 5,
    "day": 7,
    "hour": 0,
    "minute": 5,
    "temp": 28.48875930521093,
    "ntu": -0.022332506203473945
}