{
    "year": 2021,
    "month": 6,
    "day": 26,
    "hour": 2,
    "minute": 10,
    "temp": 28.143333333333516,
    "ntu": -4.440298507462686
}