{
    "year": 2021,
    "month": 6,
    "day": 10,
    "hour": 18,
    "minute": 5,
    "temp": 28.44171215880895,
    "ntu": 423.3349875930521
}