{
    "year": 2021,
    "month": 6,
    "day": 28,
    "hour": 4,
    "minute": 5,
    "temp": 27.94298507462687,
    "ntu": -46.54726368159204
}