{
    "year": 2021,
    "month": 6,
    "day": 5,
    "hour": 6,
    "minute": 10,
    "temp": 28.588560794044586,
    "ntu": -157.31017369727047
}