{
    "year": 2021,
    "month": 6,
    "day": 22,
    "hour": 11,
    "minute": 40,
    "temp": 28.059999999999988,
    "ntu": 371.35074626865674
}