{
    "year": 2021,
    "month": 5,
    "day": 13,
    "hour": 15,
    "minute": 35,
    "temp": 30.985632754342284,
    "ntu": 769.940446650124
}