{
    "year": 2021,
    "month": 5,
    "day": 15,
    "hour": 22,
    "minute": 55,
    "temp": 29.671439205955423,
    "ntu": -4.186104218362283
}