{
    "year": 2021,
    "month": 5,
    "day": 18,
    "hour": 18,
    "minute": 0,
    "temp": 31.177642679900856,
    "ntu": 267.1166253101737
}