{
    "year": 2021,
    "month": 5,
    "day": 21,
    "hour": 9,
    "minute": 15,
    "temp": 30.621116625310318,
    "ntu": 476.5334987593052
}