{
    "year": 2021,
    "month": 5,
    "day": 16,
    "hour": 12,
    "minute": 0,
    "temp": 31.516377171215765,
    "ntu": 737.1439205955335
}