{
    "year": 2021,
    "month": 6,
    "day": 30,
    "hour": 11,
    "minute": 55,
    "temp": 28.370000000000157,
    "ntu": 459.77363184079604
}