{
    "year": 2021,
    "month": 5,
    "day": 21,
    "hour": 1,
    "minute": 20,
    "temp": 29.431417910447713,
    "ntu": 2.0348258706467663
}