{
    "year": 2021,
    "month": 5,
    "day": 22,
    "hour": 2,
    "minute": 50,
    "temp": 29.0496774193547,
    "ntu": 2.9528535980148884
}