{
    "year": 2021,
    "month": 5,
    "day": 1,
    "hour": 0,
    "minute": 25,
    "temp": 30.845497512438094,
    "ntu": 723.4900497512438
}