{
    "year": 2021,
    "month": 5,
    "day": 28,
    "hour": 13,
    "minute": 20,
    "temp": 28.538287841191146,
    "ntu": 688.8213399503722
}