{
    "year": 2021,
    "month": 4,
    "day": 23,
    "hour": 2,
    "minute": 59,
    "temp": 28.302881355932175,
    "ntu": 1240.547966101694
}