{
    "year": 2021,
    "month": 5,
    "day": 27,
    "hour": 23,
    "minute": 20,
    "temp": 27.986153846153954,
    "ntu": 764.9478908188586
}