{
    "year": 2021,
    "month": 6,
    "day": 1,
    "hour": 19,
    "minute": 10,
    "temp": 28.82875930521088,
    "ntu": 370.7890818858561
}