{
    "year": 2021,
    "month": 4,
    "day": 26,
    "hour": 6,
    "minute": 59,
    "temp": 26.690000000000037,
    "ntu": -30.507042253521128
}