{
    "year": 2021,
    "month": 6,
    "day": 23,
    "hour": 20,
    "minute": 50,
    "temp": 28.190000000000012,
    "ntu": 339.98258706467664
}