{
    "year": 2021,
    "month": 6,
    "day": 24,
    "hour": 8,
    "minute": 45,
    "temp": 28.499701492537316,
    "ntu": -59.276119402985074
}