{
    "year": 2021,
    "month": 5,
    "day": 23,
    "hour": 0,
    "minute": 55,
    "temp": 28.89508684863527,
    "ntu": 5.650124069478908
}