{
    "year": 2021,
    "month": 5,
    "day": 30,
    "hour": 18,
    "minute": 0,
    "temp": 28.532456575682442,
    "ntu": 710.1836228287841
}