{
    "year": 2021,
    "month": 5,
    "day": 24,
    "hour": 15,
    "minute": 50,
    "temp": 28.362064676617052,
    "ntu": 649.0522388059702
}