{
    "year": 2021,
    "month": 6,
    "day": 2,
    "hour": 12,
    "minute": 0,
    "temp": 28.789057071960613,
    "ntu": 371.12158808933003
}