{
    "year": 2021,
    "month": 5,
    "day": 9,
    "hour": 3,
    "minute": 45,
    "temp": 29.23183622828798,
    "ntu": -0.7915632754342432
}