{
    "year": 2021,
    "month": 5,
    "day": 4,
    "hour": 2,
    "minute": 45,
    "temp": 28.769057071960432,
    "ntu": -0.39950372208436724
}