{
    "year": 2021,
    "month": 5,
    "day": 13,
    "hour": 4,
    "minute": 50,
    "temp": 30.770148883374894,
    "ntu": 28.300248138957816
}