{
    "year": 2021,
    "month": 6,
    "day": 28,
    "hour": 14,
    "minute": 50,
    "temp": 28.21552238805975,
    "ntu": 479.7014925373134
}