{
    "year": 2021,
    "month": 5,
    "day": 9,
    "hour": 5,
    "minute": 5,
    "temp": 28.254488778054984,
    "ntu": 34.074812967581046
}