{
    "year": 2021,
    "month": 6,
    "day": 20,
    "hour": 1,
    "minute": 20,
    "temp": 28.00328358208952,
    "ntu": 407.0223880597015
}