{
    "year": 2021,
    "month": 5,
    "day": 28,
    "hour": 8,
    "minute": 50,
    "temp": 28.572178217821904,
    "ntu": 510.1311881188119
}