{
    "year": 2021,
    "month": 4,
    "day": 30,
    "hour": 8,
    "minute": 55,
    "temp": 24.37052109181147,
    "ntu": 511.03722084367246
}