{
    "year": 2021,
    "month": 4,
    "day": 15,
    "hour": 15,
    "minute": 59,
    "temp": 28.059999999999977,
    "tds": 1261.18,
    "ph": 7.460303030303032,
    "ntu": 3000.0
}