{
    "year": 2021,
    "month": 7,
    "day": 2,
    "hour": 8,
    "minute": 35,
    "temp": 28.570945273631864,
    "ntu": -167.26865671641792
}