{
    "year": 2021,
    "month": 6,
    "day": 6,
    "hour": 6,
    "minute": 35,
    "temp": 28.541240694789188,
    "ntu": -100.60049627791564
}