{
    "year": 2021,
    "month": 5,
    "day": 2,
    "hour": 17,
    "minute": 35,
    "temp": 29.703672456575774,
    "ntu": 750.531017369727
}