{
    "year": 2021,
    "month": 6,
    "day": 18,
    "hour": 13,
    "minute": 30,
    "temp": 28.38398009950266,
    "ntu": 396.65671641791045
}