{
    "year": 2021,
    "month": 5,
    "day": 15,
    "hour": 14,
    "minute": 30,
    "temp": 31.527245657568322,
    "ntu": 817.4218362282878
}