{
    "year": 2021,
    "month": 5,
    "day": 28,
    "hour": 16,
    "minute": 15,
    "temp": 28.73221393034812,
    "ntu": 671.2985074626865
}