{
    "year": 2021,
    "month": 6,
    "day": 21,
    "hour": 1,
    "minute": 15,
    "temp": 28.994477611940354,
    "ntu": 407.7437810945274
}