{
    "year": 2021,
    "month": 7,
    "day": 1,
    "hour": 1,
    "minute": 5,
    "temp": 28.927636815920476,
    "ntu": 363.40547263681594
}