{
    "year": 2021,
    "month": 6,
    "day": 28,
    "hour": 1,
    "minute": 35,
    "temp": 28.509276807980115,
    "ntu": 182.67581047381546
}