{
    "year": 2021,
    "month": 5,
    "day": 15,
    "hour": 16,
    "minute": 5,
    "temp": 31.84927184466049,
    "ntu": 783.3495145631068
}