{
    "year": 2021,
    "month": 5,
    "day": 31,
    "hour": 2,
    "minute": 40,
    "temp": 28.938908188585465,
    "ntu": -3.099255583126551
}