{
    "year": 2021,
    "month": 5,
    "day": 7,
    "hour": 22,
    "minute": 45,
    "temp": 28.509081885856205,
    "ntu": -1.2332506203473945
}