{
    "year": 2021,
    "month": 5,
    "day": 7,
    "hour": 4,
    "minute": 45,
    "temp": 29.090545905707224,
    "ntu": 3.086848635235732
}