{
    "year": 2021,
    "month": 7,
    "day": 1,
    "hour": 6,
    "minute": 5,
    "temp": 28.00507462686567,
    "ntu": -137.09950248756218
}