{
    "year": 2021,
    "month": 6,
    "day": 4,
    "hour": 23,
    "minute": 5,
    "temp": 28.082481389578117,
    "ntu": 583.9602977667494
}