{
    "year": 2021,
    "month": 4,
    "day": 30,
    "hour": 6,
    "minute": 50,
    "temp": 24.310000000000063,
    "ntu": 283.8787128712871
}