{
    "year": 2021,
    "month": 6,
    "day": 3,
    "hour": 18,
    "minute": 20,
    "temp": 28.784987593052186,
    "ntu": 464.5260545905707
}