{
    "year": 2021,
    "month": 6,
    "day": 3,
    "hour": 8,
    "minute": 30,
    "temp": 28.294925373134586,
    "ntu": -217.69900497512438
}