{
    "year": 2021,
    "month": 5,
    "day": 12,
    "hour": 11,
    "minute": 25,
    "temp": 30.020000000000007,
    "ntu": 552.1417910447761
}