{
    "year": 2021,
    "month": 5,
    "day": 6,
    "hour": 3,
    "minute": 45,
    "temp": 28.972555831265637,
    "ntu": 0.141439205955335
}