{
    "year": 2021,
    "month": 5,
    "day": 26,
    "hour": 10,
    "minute": 35,
    "temp": 28.367711442786177,
    "ntu": 738.6268656716418
}