{
    "year": 2021,
    "month": 5,
    "day": 8,
    "hour": 23,
    "minute": 15,
    "temp": 30.44578163771699,
    "ntu": -1.2258064516129032
}