{
    "year": 2021,
    "month": 5,
    "day": 20,
    "hour": 5,
    "minute": 35,
    "temp": 28.36654228855711,
    "ntu": 12.318407960199005
}