{
    "year": 2021,
    "month": 5,
    "day": 10,
    "hour": 3,
    "minute": 10,
    "temp": 29.42198511166264,
    "ntu": -0.739454094292804
}