{
    "year": 2021,
    "month": 5,
    "day": 15,
    "hour": 7,
    "minute": 0,
    "temp": 31.613697270471654,
    "ntu": 786.8461538461538
}