{
    "year": 2021,
    "month": 6,
    "day": 4,
    "hour": 20,
    "minute": 25,
    "temp": 28.996277915632792,
    "ntu": 563.1637717121588
}