{
    "year": 2021,
    "month": 5,
    "day": 12,
    "hour": 5,
    "minute": 45,
    "temp": 30.3076865671645,
    "ntu": 127.55223880597015
}