{
    "year": 2021,
    "month": 5,
    "day": 28,
    "hour": 10,
    "minute": 0,
    "temp": 28.01295285359801,
    "ntu": 639.1761786600496
}