{
    "year": 2021,
    "month": 5,
    "day": 16,
    "hour": 7,
    "minute": 55,
    "temp": 31.53007444168741,
    "ntu": 760.0545905707196
}