{
    "year": 2021,
    "month": 6,
    "day": 3,
    "hour": 11,
    "minute": 10,
    "temp": 28.36590570719589,
    "ntu": 397.136476426799
}