{
    "year": 2021,
    "month": 6,
    "day": 23,
    "hour": 10,
    "minute": 5,
    "temp": 28.902039800995205,
    "ntu": 355.863184079602
}