{
    "year": 2021,
    "month": 5,
    "day": 13,
    "hour": 20,
    "minute": 20,
    "temp": 31.571538461538502,
    "ntu": 872.258064516129
}