{
    "year": 2021,
    "month": 5,
    "day": 30,
    "hour": 14,
    "minute": 15,
    "temp": 27.999999999999996,
    "ntu": 699.7747524752475
}