{
    "year": 2021,
    "month": 5,
    "day": 5,
    "hour": 1,
    "minute": 25,
    "temp": 30.11194029850758,
    "ntu": -0.15920398009950248
}