{
    "year": 2021,
    "month": 6,
    "day": 19,
    "hour": 0,
    "minute": 30,
    "temp": 28.249402985074653,
    "ntu": 426.64179104477614
}