{
    "year": 2021,
    "month": 6,
    "day": 28,
    "hour": 13,
    "minute": 10,
    "temp": 28.77244389027433,
    "ntu": 497.40149625935163
}