{
    "year": 2021,
    "month": 4,
    "day": 28,
    "hour": 22,
    "minute": 25,
    "temp": 28.744463840399128,
    "ntu": 883.219451371571
}