{
    "year": 2021,
    "month": 6,
    "day": 28,
    "hour": 20,
    "minute": 40,
    "temp": 28.92201995012479,
    "ntu": 511.573566084788
}