{
    "year": 2021,
    "month": 5,
    "day": 28,
    "hour": 11,
    "minute": 25,
    "temp": 28.03037220843677,
    "ntu": 709.4292803970224
}