{
    "year": 2021,
    "month": 6,
    "day": 17,
    "hour": 12,
    "minute": 35,
    "temp": 28.802089552238854,
    "ntu": 421.73383084577114
}