{
    "year": 2021,
    "month": 5,
    "day": 17,
    "hour": 16,
    "minute": 10,
    "temp": 31.921910669975336,
    "ntu": 169.80397022332505
}