{
    "year": 2021,
    "month": 6,
    "day": 5,
    "hour": 14,
    "minute": 30,
    "temp": 28.256277915632886,
    "ntu": 432.8362282878412
}