{
    "year": 2021,
    "month": 5,
    "day": 11,
    "hour": 9,
    "minute": 50,
    "temp": 29.606625310173524,
    "ntu": 589.2952853598015
}