{
    "year": 2021,
    "month": 6,
    "day": 3,
    "hour": 20,
    "minute": 35,
    "temp": 28.197890818858376,
    "ntu": 517.1091811414392
}