{
    "year": 2021,
    "month": 6,
    "day": 28,
    "hour": 20,
    "minute": 55,
    "temp": 28.809402985074605,
    "ntu": 516.1890547263681
}