{
    "year": 2021,
    "month": 5,
    "day": 21,
    "hour": 5,
    "minute": 50,
    "temp": 30.66863523573211,
    "ntu": 31.843672456575682
}