{
    "year": 2021,
    "month": 5,
    "day": 3,
    "hour": 4,
    "minute": 15,
    "temp": 24.44014888337463,
    "ntu": 0.009925558312655087
}