{
    "year": 2021,
    "month": 5,
    "day": 29,
    "hour": 5,
    "minute": 35,
    "temp": 28.886691542288574,
    "ntu": 33.646766169154226
}