{
    "year": 2021,
    "month": 6,
    "day": 3,
    "hour": 1,
    "minute": 10,
    "temp": 27.77248138957816,
    "ntu": -8.99255583126551
}