{
    "year": 2021,
    "month": 4,
    "day": 23,
    "hour": 8,
    "minute": 59,
    "temp": 27.98372881355934,
    "ntu": 1307.5047457627115
}