{
    "year": 2021,
    "month": 6,
    "day": 27,
    "hour": 3,
    "minute": 30,
    "temp": 28.410273631840937,
    "ntu": -18.524875621890548
}