{
    "year": 2021,
    "month": 5,
    "day": 9,
    "hour": 11,
    "minute": 45,
    "temp": 29.62691542288566,
    "ntu": 605.2437810945273
}