{
    "year": 2021,
    "month": 5,
    "day": 20,
    "hour": 7,
    "minute": 20,
    "temp": 30.84861386138596,
    "ntu": 458.1806930693069
}