{
    "year": 2021,
    "month": 5,
    "day": 12,
    "hour": 9,
    "minute": 45,
    "temp": 29.972133995037325,
    "ntu": 645.697270471464
}