{
    "year": 2021,
    "month": 5,
    "day": 31,
    "hour": 4,
    "minute": 50,
    "temp": 28.78900744416881,
    "ntu": -1.0744416873449132
}