{
    "year": 2021,
    "month": 6,
    "day": 27,
    "hour": 16,
    "minute": 15,
    "temp": 28.310299251870312,
    "ntu": 481.3915211970075
}