{
    "year": 2021,
    "month": 6,
    "day": 21,
    "hour": 8,
    "minute": 20,
    "temp": 28.4718703241896,
    "ntu": 70.84538653366583
}