{
    "year": 2021,
    "month": 4,
    "day": 10,
    "hour": 19,
    "minute": 59,
    "temp": 28.616249999999997,
    "tds": 1088.0665624999995,
    "ph": 5.612812500000001,
    "ntu": 3000.0
}