{
    "year": 2021,
    "month": 6,
    "day": 11,
    "hour": 23,
    "minute": 0,
    "temp": 28.212779156327557,
    "ntu": 440.151364764268
}