{
    "year": 2021,
    "month": 6,
    "day": 24,
    "hour": 19,
    "minute": 10,
    "temp": 28.74760598503742,
    "ntu": 327.8927680798005
}