{
    "year": 2021,
    "month": 6,
    "day": 26,
    "hour": 1,
    "minute": 20,
    "temp": 28.872786069651916,
    "ntu": 543.4104477611941
}