{
    "year": 2021,
    "month": 5,
    "day": 8,
    "hour": 0,
    "minute": 20,
    "temp": 30.448759305211038,
    "ntu": -0.8138957816377171
}