{
    "year": 2021,
    "month": 6,
    "day": 28,
    "hour": 5,
    "minute": 0,
    "temp": 28.831044776119363,
    "ntu": -68.5273631840796
}