{
    "year": 2021,
    "month": 6,
    "day": 12,
    "hour": 19,
    "minute": 20,
    "temp": 28.83560794044657,
    "ntu": 403.9032258064516
}