{
    "year": 2021,
    "month": 6,
    "day": 24,
    "hour": 13,
    "minute": 0,
    "temp": 28.05985037406483,
    "ntu": 301.9925187032419
}