{
    "year": 2021,
    "month": 5,
    "day": 9,
    "hour": 15,
    "minute": 5,
    "temp": 29.815136476427128,
    "ntu": 766.2258064516129
}