{
    "year": 2021,
    "month": 6,
    "day": 10,
    "hour": 18,
    "minute": 35,
    "temp": 28.05806451612904,
    "ntu": 431.08684863523575
}