{
    "year": 2021,
    "month": 6,
    "day": 24,
    "hour": 22,
    "minute": 25,
    "temp": 29.071194029850677,
    "ntu": 361.7761194029851
}