{
    "year": 2021,
    "month": 6,
    "day": 14,
    "hour": 1,
    "minute": 20,
    "temp": 27.620000000000143,
    "ntu": -10.672456575682382
}