{
    "year": 2021,
    "month": 5,
    "day": 12,
    "hour": 18,
    "minute": 0,
    "temp": 29.747014925372998,
    "ntu": 720.318407960199
}