{
    "year": 2021,
    "month": 6,
    "day": 17,
    "hour": 20,
    "minute": 0,
    "temp": 28.390798004987715,
    "ntu": 433.41645885286783
}