{
    "year": 2021,
    "month": 5,
    "day": 21,
    "hour": 12,
    "minute": 20,
    "temp": 30.229677419355,
    "ntu": 531.0397022332506
}