{
    "year": 2021,
    "month": 5,
    "day": 8,
    "hour": 2,
    "minute": 55,
    "temp": 28.489007444168852,
    "ntu": -0.6699751861042184
}