{
    "year": 2021,
    "month": 6,
    "day": 29,
    "hour": 13,
    "minute": 35,
    "temp": 28.69313432835823,
    "ntu": 481.0422885572139
}