{
    "year": 2021,
    "month": 6,
    "day": 17,
    "hour": 13,
    "minute": 50,
    "temp": 28.457786069651615,
    "ntu": 400.6094527363184
}