{
    "year": 2021,
    "month": 5,
    "day": 23,
    "hour": 8,
    "minute": 25,
    "temp": 28.755508684863575,
    "ntu": 316.69975186104216
}