{
    "year": 2021,
    "month": 5,
    "day": 27,
    "hour": 19,
    "minute": 5,
    "temp": 28.298014888337768,
    "ntu": 675.5012406947891
}