{
    "year": 2021,
    "month": 6,
    "day": 25,
    "hour": 19,
    "minute": 25,
    "temp": 28.417655860349235,
    "ntu": 349.3167082294264
}