{
    "year": 2021,
    "month": 5,
    "day": 26,
    "hour": 0,
    "minute": 0,
    "temp": 27.26220843672456,
    "ntu": 6.0818858560794045
}