{
    "year": 2021,
    "month": 6,
    "day": 9,
    "hour": 9,
    "minute": 30,
    "temp": 28.552109181141486,
    "ntu": 466.2903225806452
}