{
    "year": 2021,
    "month": 6,
    "day": 4,
    "hour": 23,
    "minute": 50,
    "temp": 28.904739454094464,
    "ntu": 585.2059553349876
}