{
    "year": 2021,
    "month": 5,
    "day": 23,
    "hour": 23,
    "minute": 20,
    "temp": 27.205470297029702,
    "ntu": 3.8564356435643563
}