{
    "year": 2021,
    "month": 6,
    "day": 30,
    "hour": 12,
    "minute": 10,
    "temp": 28.309999999999985,
    "ntu": 477.77363184079604
}