{
    "year": 2021,
    "month": 5,
    "day": 14,
    "hour": 7,
    "minute": 45,
    "temp": 31.69027295285373,
    "ntu": 681.0744416873449
}