{
    "year": 2021,
    "month": 6,
    "day": 30,
    "hour": 2,
    "minute": 10,
    "temp": 27.99985074626866,
    "ntu": -8.211442786069652
}