{
    "year": 2021,
    "month": 5,
    "day": 13,
    "hour": 10,
    "minute": 55,
    "temp": 29.209950372208475,
    "ntu": 510.1786600496278
}