{
    "year": 2021,
    "month": 6,
    "day": 2,
    "hour": 12,
    "minute": 50,
    "temp": 28.321315136476414,
    "ntu": 422.317617866005
}