{
    "year": 2021,
    "month": 6,
    "day": 21,
    "hour": 19,
    "minute": 0,
    "temp": 28.691094527363205,
    "ntu": 372.32089552238807
}