{
    "year": 2021,
    "month": 6,
    "day": 2,
    "hour": 9,
    "minute": 25,
    "temp": 28.51816377171215,
    "ntu": 376.8287841191067
}