{
    "year": 2021,
    "month": 5,
    "day": 2,
    "hour": 21,
    "minute": 15,
    "temp": 29.709081885856172,
    "ntu": 828.3821339950372
}