{
    "year": 2021,
    "month": 5,
    "day": 15,
    "hour": 11,
    "minute": 50,
    "temp": 31.908089330024882,
    "ntu": 726.3846153846154
}