{
    "year": 2021,
    "month": 5,
    "day": 4,
    "hour": 6,
    "minute": 45,
    "temp": 30.836501240695142,
    "ntu": 751.258064516129
}