{
    "year": 2021,
    "month": 6,
    "day": 18,
    "hour": 1,
    "minute": 30,
    "temp": 28.158827930174603,
    "ntu": 414.81047381546136
}