{
    "year": 2021,
    "month": 6,
    "day": 13,
    "hour": 19,
    "minute": 30,
    "temp": 28.045136476427068,
    "ntu": 253.6997518610422
}