{
    "year": 2021,
    "month": 5,
    "day": 12,
    "hour": 12,
    "minute": 35,
    "temp": 29.871141439205815,
    "ntu": 761.8808933002481
}