{
    "year": 2021,
    "month": 4,
    "day": 16,
    "hour": 2,
    "minute": 59,
    "temp": 27.809999999999977,
    "tds": 1240.5299999999995,
    "ph": 7.220303030303028,
    "ntu": 3000.0
}