{
    "year": 2021,
    "month": 4,
    "day": 29,
    "hour": 0,
    "minute": 15,
    "temp": 30.709503722084417,
    "ntu": 829.6650124069479
}