{
    "year": 2021,
    "month": 5,
    "day": 7,
    "hour": 17,
    "minute": 10,
    "temp": 29.72498759305222,
    "ntu": 793.5682382133995
}