{
    "year": 2021,
    "month": 5,
    "day": 30,
    "hour": 4,
    "minute": 35,
    "temp": 28.74328358208943,
    "ntu": 5.810945273631841
}