{
    "year": 2021,
    "month": 6,
    "day": 20,
    "hour": 0,
    "minute": 45,
    "temp": 28.38636815920416,
    "ntu": 417.83084577114425
}