{
    "year": 2021,
    "month": 6,
    "day": 1,
    "hour": 21,
    "minute": 45,
    "temp": 28.546674937965577,
    "ntu": 456.5781637717122
}