{
    "year": 2021,
    "month": 6,
    "day": 9,
    "hour": 14,
    "minute": 50,
    "temp": 28.491215880893368,
    "ntu": 460.3424317617866
}