{
    "year": 2021,
    "month": 5,
    "day": 11,
    "hour": 13,
    "minute": 45,
    "temp": 30.985260545905714,
    "ntu": 832.955334987593
}