{
    "year": 2021,
    "month": 6,
    "day": 28,
    "hour": 9,
    "minute": 10,
    "temp": 28.733990024937775,
    "ntu": 50.413965087281795
}