{
    "year": 2021,
    "month": 5,
    "day": 1,
    "hour": 21,
    "minute": 25,
    "temp": 30.940746268656767,
    "ntu": 780.7313432835821
}