{
    "year": 2021,
    "month": 5,
    "day": 23,
    "hour": 5,
    "minute": 15,
    "temp": 28.12049627791551,
    "ntu": 28.19106699751861
}