{
    "year": 2021,
    "month": 5,
    "day": 10,
    "hour": 16,
    "minute": 5,
    "temp": 30.551141439206287,
    "ntu": 808.2233250620347
}