{
    "year": 2021,
    "month": 6,
    "day": 8,
    "hour": 9,
    "minute": 30,
    "temp": 28.250446650124093,
    "ntu": 465.98263027295286
}