{
    "year": 2021,
    "month": 6,
    "day": 23,
    "hour": 7,
    "minute": 10,
    "temp": 28.89559701492557,
    "ntu": 21.35323383084577
}