{
    "year": 2021,
    "month": 5,
    "day": 12,
    "hour": 13,
    "minute": 40,
    "temp": 30.006104218362196,
    "ntu": 766.3821339950372
}