{
    "year": 2021,
    "month": 6,
    "day": 13,
    "hour": 0,
    "minute": 0,
    "temp": 28.830694789081836,
    "ntu": 400.11910669975185
}