{
    "year": 2021,
    "month": 6,
    "day": 14,
    "hour": 11,
    "minute": 55,
    "temp": 28.198407960199045,
    "ntu": 247.5174129353234
}