{
    "year": 2021,
    "month": 6,
    "day": 22,
    "hour": 13,
    "minute": 5,
    "temp": 28.57671641791041,
    "ntu": 379.09203980099505
}