{
    "year": 2021,
    "month": 5,
    "day": 6,
    "hour": 22,
    "minute": 10,
    "temp": 30.503200992555993,
    "ntu": 434.9751861042184
}