{
    "year": 2021,
    "month": 6,
    "day": 21,
    "hour": 11,
    "minute": 55,
    "temp": 28.895835411471513,
    "ntu": 372.4139650872818
}