{
    "year": 2021,
    "month": 6,
    "day": 7,
    "hour": 10,
    "minute": 0,
    "temp": 28.656129032258228,
    "ntu": 451.83870967741933
}