{
    "year": 2021,
    "month": 5,
    "day": 1,
    "hour": 16,
    "minute": 0,
    "temp": 29.979007444168726,
    "ntu": 707.213399503722
}