{
    "year": 2021,
    "month": 6,
    "day": 25,
    "hour": 4,
    "minute": 45,
    "temp": 28.195970149253743,
    "ntu": -66.45024875621891
}