{
    "year": 2021,
    "month": 6,
    "day": 27,
    "hour": 1,
    "minute": 15,
    "temp": 28.497611940298523,
    "ntu": 547.4154228855722
}