{
    "year": 2021,
    "month": 5,
    "day": 23,
    "hour": 13,
    "minute": 0,
    "temp": 28.336799007444093,
    "ntu": 308.43672456575683
}