{
    "year": 2021,
    "month": 6,
    "day": 4,
    "hour": 20,
    "minute": 40,
    "temp": 28.762655086848632,
    "ntu": 568.531017369727
}