{
    "year": 2021,
    "month": 6,
    "day": 21,
    "hour": 18,
    "minute": 35,
    "temp": 28.959402985074654,
    "ntu": 373.7412935323383
}