{
    "year": 2021,
    "month": 5,
    "day": 19,
    "hour": 11,
    "minute": 20,
    "temp": 30.238387096774336,
    "ntu": 460.06451612903226
}