{
    "year": 2021,
    "month": 5,
    "day": 29,
    "hour": 8,
    "minute": 45,
    "temp": 29.05374689826305,
    "ntu": 547.5384615384615
}