{
    "year": 2021,
    "month": 5,
    "day": 2,
    "hour": 11,
    "minute": 25,
    "temp": 29.587990074441578,
    "ntu": 678.9230769230769
}