{
    "year": 2021,
    "month": 5,
    "day": 28,
    "hour": 21,
    "minute": 55,
    "temp": 28.13746268656713,
    "ntu": 751.6592039800995
}