{
    "year": 2021,
    "month": 5,
    "day": 9,
    "hour": 2,
    "minute": 55,
    "temp": 28.80652605459068,
    "ntu": -0.7866004962779156
}