{
    "year": 2021,
    "month": 6,
    "day": 14,
    "hour": 2,
    "minute": 0,
    "temp": 28.573017456359135,
    "ntu": -6.72568578553616
}