{
    "year": 2021,
    "month": 5,
    "day": 19,
    "hour": 14,
    "minute": 40,
    "temp": 30.826865671641766,
    "ntu": 474.79353233830847
}