{
    "year": 2021,
    "month": 6,
    "day": 6,
    "hour": 14,
    "minute": 50,
    "temp": 28.997462686567154,
    "ntu": 515.5348258706467
}