{
    "year": 2021,
    "month": 5,
    "day": 2,
    "hour": 15,
    "minute": 0,
    "temp": 29.80434243176203,
    "ntu": 693.4119106699752
}