{
    "year": 2021,
    "month": 5,
    "day": 11,
    "hour": 15,
    "minute": 35,
    "temp": 29.97343283582074,
    "ntu": 749.4825870646766
}