{
    "year": 2021,
    "month": 5,
    "day": 30,
    "hour": 13,
    "minute": 40,
    "temp": 28.5812903225806,
    "ntu": 727.6178660049628
}