{
    "year": 2021,
    "month": 5,
    "day": 19,
    "hour": 15,
    "minute": 20,
    "temp": 30.31915632754377,
    "ntu": 466.7196029776675
}