{
    "year": 2021,
    "month": 6,
    "day": 12,
    "hour": 16,
    "minute": 0,
    "temp": 28.876600496278012,
    "ntu": 377.08684863523575
}