{
    "year": 2021,
    "month": 5,
    "day": 13,
    "hour": 18,
    "minute": 30,
    "temp": 31.831265508684773,
    "ntu": 798.8585607940447
}