{
    "year": 2021,
    "month": 5,
    "day": 1,
    "hour": 11,
    "minute": 10,
    "temp": 30.980198511166233,
    "ntu": 514.4590570719603
}