{
    "year": 2021,
    "month": 5,
    "day": 5,
    "hour": 22,
    "minute": 10,
    "temp": 30.330373134328514,
    "ntu": 455.7562189054726
}