{
    "year": 2021,
    "month": 6,
    "day": 27,
    "hour": 22,
    "minute": 55,
    "temp": 28.414577114427978,
    "ntu": 544.7935323383084
}