{
    "year": 2021,
    "month": 6,
    "day": 23,
    "hour": 1,
    "minute": 0,
    "temp": 28.08895522388051,
    "ntu": 406.94776119402985
}