{
    "year": 2021,
    "month": 5,
    "day": 15,
    "hour": 13,
    "minute": 20,
    "temp": 31.541044776119293,
    "ntu": 739.9900497512438
}