{
    "year": 2021,
    "month": 5,
    "day": 5,
    "hour": 11,
    "minute": 0,
    "temp": 30.24450495049519,
    "ntu": 811.5346534653465
}