{
    "year": 2021,
    "month": 5,
    "day": 5,
    "hour": 0,
    "minute": 40,
    "temp": 29.101588089330008,
    "ntu": -0.15632754342431762
}