{
    "year": 2021,
    "month": 6,
    "day": 17,
    "hour": 16,
    "minute": 55,
    "temp": 28.142810945273812,
    "ntu": 411.07960199004975
}