{
    "year": 2021,
    "month": 5,
    "day": 11,
    "hour": 12,
    "minute": 20,
    "temp": 29.68439205955346,
    "ntu": 744.468982630273
}