{
    "year": 2021,
    "month": 5,
    "day": 20,
    "hour": 8,
    "minute": 5,
    "temp": 30.427990074441833,
    "ntu": 488.06451612903226
}