{
    "year": 2021,
    "month": 5,
    "day": 22,
    "hour": 13,
    "minute": 35,
    "temp": 28.912431761786753,
    "ntu": 291.863523573201
}