{
    "year": 2021,
    "month": 6,
    "day": 28,
    "hour": 18,
    "minute": 55,
    "temp": 28.190000000000012,
    "ntu": 485.8532338308458
}