{
    "year": 2021,
    "month": 5,
    "day": 14,
    "hour": 19,
    "minute": 15,
    "temp": 31.35380597014948,
    "ntu": 796.1069651741293
}