{
    "year": 2021,
    "month": 5,
    "day": 23,
    "hour": 1,
    "minute": 30,
    "temp": 27.538316831683222,
    "ntu": 4.3316831683168315
}