{
    "year": 2021,
    "month": 6,
    "day": 27,
    "hour": 6,
    "minute": 55,
    "temp": 28.89922885572153,
    "ntu": -60.308457711442784
}