{
    "year": 2021,
    "month": 6,
    "day": 20,
    "hour": 10,
    "minute": 50,
    "temp": 28.611069651741374,
    "ntu": 335.3333333333333
}