{
    "year": 2021,
    "month": 5,
    "day": 28,
    "hour": 5,
    "minute": 50,
    "temp": 28.3811414392058,
    "ntu": 67.70719602977667
}