{
    "year": 2021,
    "month": 6,
    "day": 10,
    "hour": 17,
    "minute": 40,
    "temp": 28.751940298507478,
    "ntu": 416.8532338308458
}