{
    "year": 2021,
    "month": 5,
    "day": 30,
    "hour": 3,
    "minute": 50,
    "temp": 28.78841191067008,
    "ntu": 3.598014888337469
}