{
    "year": 2021,
    "month": 5,
    "day": 25,
    "hour": 5,
    "minute": 15,
    "temp": 28.4157071960298,
    "ntu": 76.92803970223325
}