{
    "year": 2021,
    "month": 5,
    "day": 21,
    "hour": 12,
    "minute": 35,
    "temp": 30.096203473945664,
    "ntu": 478.0620347394541
}