{
    "year": 2021,
    "month": 5,
    "day": 4,
    "hour": 16,
    "minute": 20,
    "temp": 29.377014925373192,
    "ntu": 135.29601990049753
}