{
    "year": 2021,
    "month": 6,
    "day": 27,
    "hour": 3,
    "minute": 35,
    "temp": 28.603059701492402,
    "ntu": -20.82089552238806
}