{
    "year": 2021,
    "month": 5,
    "day": 14,
    "hour": 20,
    "minute": 15,
    "temp": 31.54779156327551,
    "ntu": 799.3895781637717
}