{
    "year": 2021,
    "month": 5,
    "day": 14,
    "hour": 14,
    "minute": 25,
    "temp": 31.862853598015096,
    "ntu": 787.5136476426799
}