{
    "year": 2021,
    "month": 6,
    "day": 8,
    "hour": 11,
    "minute": 25,
    "temp": 28.030669975186147,
    "ntu": 488.6277915632754
}