{
    "year": 2021,
    "month": 5,
    "day": 5,
    "hour": 7,
    "minute": 0,
    "temp": 30.680893300248076,
    "ntu": 820.0868486352357
}