{
    "year": 2021,
    "month": 6,
    "day": 25,
    "hour": 12,
    "minute": 5,
    "temp": 28.24940298507463,
    "ntu": 313.6542288557214
}