{
    "year": 2021,
    "month": 5,
    "day": 19,
    "hour": 7,
    "minute": 15,
    "temp": 30.904353233830907,
    "ntu": 479.9577114427861
}