{
    "year": 2021,
    "month": 6,
    "day": 12,
    "hour": 1,
    "minute": 0,
    "temp": 27.77516129032259,
    "ntu": -81.76426799007444
}