{
    "year": 2021,
    "month": 5,
    "day": 31,
    "hour": 5,
    "minute": 30,
    "temp": 28.779007444168844,
    "ntu": 2.4739454094292803
}