{
    "year": 2021,
    "month": 6,
    "day": 19,
    "hour": 1,
    "minute": 35,
    "temp": 28.728753117207095,
    "ntu": 133.45386533665837
}