{
    "year": 2021,
    "month": 6,
    "day": 8,
    "hour": 4,
    "minute": 20,
    "temp": 27.870696517412867,
    "ntu": -59.17910447761194
}