{
    "year": 2021,
    "month": 6,
    "day": 2,
    "hour": 23,
    "minute": 20,
    "temp": 28.572655086848624,
    "ntu": 545.0397022332506
}