{
    "year": 2021,
    "month": 6,
    "day": 8,
    "hour": 6,
    "minute": 50,
    "temp": 29.08838709677423,
    "ntu": -140.6724565756824
}