{
    "year": 2021,
    "month": 5,
    "day": 20,
    "hour": 17,
    "minute": 20,
    "temp": 30.715260545905796,
    "ntu": 500.75186104218363
}