{
    "year": 2021,
    "month": 6,
    "day": 1,
    "hour": 13,
    "minute": 25,
    "temp": 29.000893300248205,
    "ntu": 441.46401985111663
}