{
    "year": 2021,
    "month": 6,
    "day": 6,
    "hour": 4,
    "minute": 0,
    "temp": 28.59181141439194,
    "ntu": -32.478908188585606
}