{
    "year": 2021,
    "month": 5,
    "day": 25,
    "hour": 18,
    "minute": 35,
    "temp": 27.562711442786238,
    "ntu": 672.136815920398
}