{
    "year": 2021,
    "month": 5,
    "day": 25,
    "hour": 17,
    "minute": 10,
    "temp": 28.0826302729528,
    "ntu": 616.1042183622828
}