{
    "year": 2021,
    "month": 5,
    "day": 19,
    "hour": 17,
    "minute": 35,
    "temp": 30.940148883374558,
    "ntu": 479.85111662531017
}