{
    "year": 2021,
    "month": 5,
    "day": 3,
    "hour": 6,
    "minute": 5,
    "temp": 24.538930348258692,
    "ntu": 380.7960199004975
}