{
    "year": 2021,
    "month": 4,
    "day": 30,
    "hour": 14,
    "minute": 55,
    "temp": 29.438287841190984,
    "ntu": 820.9354838709677
}