{
    "year": 2021,
    "month": 5,
    "day": 5,
    "hour": 16,
    "minute": 25,
    "temp": 30.675334987593196,
    "ntu": 868.0024813895782
}