{
    "year": 2021,
    "month": 5,
    "day": 22,
    "hour": 9,
    "minute": 40,
    "temp": 28.66419354838723,
    "ntu": 265.9032258064516
}