{
    "year": 2021,
    "month": 4,
    "day": 23,
    "hour": 13,
    "minute": 59,
    "temp": 29.64372881355928,
    "ntu": 2123.4589830508476
}