{
    "year": 2021,
    "month": 6,
    "day": 5,
    "hour": 13,
    "minute": 30,
    "temp": 28.68699004975129,
    "ntu": 475.3333333333333
}