{
    "year": 2021,
    "month": 5,
    "day": 4,
    "hour": 21,
    "minute": 40,
    "temp": 29.836501240694687,
    "ntu": 867.8908188585608
}