{
    "year": 2021,
    "month": 7,
    "day": 1,
    "hour": 21,
    "minute": 25,
    "temp": 28.253432835820895,
    "ntu": 410.21144278606965
}