{
    "year": 2021,
    "month": 5,
    "day": 5,
    "hour": 17,
    "minute": 10,
    "temp": 29.44764267990082,
    "ntu": 877.712158808933
}