{
    "year": 2021,
    "month": 5,
    "day": 1,
    "hour": 7,
    "minute": 15,
    "temp": 24.689999999999944,
    "ntu": 224.575682382134
}