{
    "year": 2021,
    "month": 5,
    "day": 23,
    "hour": 14,
    "minute": 50,
    "temp": 28.09251243781111,
    "ntu": 365.37810945273634
}