{
    "year": 2021,
    "month": 6,
    "day": 18,
    "hour": 3,
    "minute": 25,
    "temp": 27.99985074626866,
    "ntu": -12.95273631840796
}