{
    "year": 2021,
    "month": 6,
    "day": 17,
    "hour": 16,
    "minute": 10,
    "temp": 28.72910447761205,
    "ntu": 396.10696517412936
}