{
    "year": 2021,
    "month": 5,
    "day": 14,
    "hour": 2,
    "minute": 0,
    "temp": 30.385086848635076,
    "ntu": -0.9057071960297767
}