{
    "year": 2021,
    "month": 5,
    "day": 27,
    "hour": 11,
    "minute": 40,
    "temp": 28.401641791044955,
    "ntu": 733.6616915422885
}