{
    "year": 2021,
    "month": 6,
    "day": 29,
    "hour": 3,
    "minute": 25,
    "temp": 28.464389027431448,
    "ntu": -31.251870324189525
}