{
    "year": 2021,
    "month": 6,
    "day": 7,
    "hour": 22,
    "minute": 0,
    "temp": 28.53602977667502,
    "ntu": 576.8982630272952
}