{
    "year": 2021,
    "month": 6,
    "day": 2,
    "hour": 20,
    "minute": 35,
    "temp": 28.292238805970243,
    "ntu": 498.8681592039801
}