{
    "year": 2021,
    "month": 5,
    "day": 13,
    "hour": 1,
    "minute": 45,
    "temp": 30.968808933002425,
    "ntu": -1.5459057071960298
}