{
    "year": 2021,
    "month": 6,
    "day": 24,
    "hour": 15,
    "minute": 0,
    "temp": 28.62087064676633,
    "ntu": 313.6641791044776
}