{
    "year": 2021,
    "month": 5,
    "day": 22,
    "hour": 19,
    "minute": 15,
    "temp": 28.402233250620505,
    "ntu": 356.90074441687347
}