{
    "year": 2021,
    "month": 5,
    "day": 31,
    "hour": 16,
    "minute": 50,
    "temp": 28.475136476426893,
    "ntu": 728.2531017369727
}