{
    "year": 2021,
    "month": 6,
    "day": 4,
    "hour": 15,
    "minute": 0,
    "temp": 28.6211166253102,
    "ntu": 454.9478908188586
}