{
    "year": 2021,
    "month": 5,
    "day": 19,
    "hour": 9,
    "minute": 5,
    "temp": 30.91064516129049,
    "ntu": 485.317617866005
}