{
    "year": 2021,
    "month": 6,
    "day": 14,
    "hour": 1,
    "minute": 40,
    "temp": 29.219750623441463,
    "ntu": -5.71571072319202
}