{
    "year": 2021,
    "month": 6,
    "day": 18,
    "hour": 4,
    "minute": 35,
    "temp": 29.09723880597019,
    "ntu": -33.843283582089555
}