{
    "year": 2021,
    "month": 6,
    "day": 3,
    "hour": 10,
    "minute": 45,
    "temp": 28.78573200992564,
    "ntu": 433.9950372208437
}