{
    "year": 2021,
    "month": 5,
    "day": 25,
    "hour": 14,
    "minute": 45,
    "temp": 28.61652605459041,
    "ntu": 653.848635235732
}