{
    "year": 2021,
    "month": 6,
    "day": 3,
    "hour": 2,
    "minute": 25,
    "temp": 27.594950248756096,
    "ntu": -9.696517412935323
}