{
    "year": 2021,
    "month": 5,
    "day": 8,
    "hour": 9,
    "minute": 50,
    "temp": 30.440272952853455,
    "ntu": 744.6600496277915
}