{
    "year": 2021,
    "month": 6,
    "day": 27,
    "hour": 16,
    "minute": 55,
    "temp": 28.12000000000015,
    "ntu": 517.3615960099751
}