{
    "year": 2021,
    "month": 6,
    "day": 1,
    "hour": 7,
    "minute": 15,
    "temp": 27.996873449131613,
    "ntu": -236.42183622828784
}