{
    "year": 2021,
    "month": 5,
    "day": 7,
    "hour": 13,
    "minute": 10,
    "temp": 30.984813895781627,
    "ntu": 773.9181141439205
}