{
    "year": 2021,
    "month": 5,
    "day": 10,
    "hour": 10,
    "minute": 20,
    "temp": 30.882885572139404,
    "ntu": 792.2587064676617
}