{
    "year": 2021,
    "month": 5,
    "day": 7,
    "hour": 2,
    "minute": 15,
    "temp": 30.329578163771963,
    "ntu": -0.034739454094292806
}