{
    "year": 2021,
    "month": 5,
    "day": 26,
    "hour": 18,
    "minute": 30,
    "temp": 29.028734491315188,
    "ntu": 782.2307692307693
}