{
    "year": 2021,
    "month": 5,
    "day": 20,
    "hour": 19,
    "minute": 45,
    "temp": 30.562084367245728,
    "ntu": 509.9925558312655
}