{
    "year": 2021,
    "month": 6,
    "day": 30,
    "hour": 18,
    "minute": 5,
    "temp": 29.0055223880597,
    "ntu": 334.4502487562189
}