{
    "year": 2021,
    "month": 5,
    "day": 28,
    "hour": 1,
    "minute": 0,
    "temp": 27.901513647642734,
    "ntu": 2.5459057071960296
}