{
    "year": 2021,
    "month": 7,
    "day": 2,
    "hour": 1,
    "minute": 30,
    "temp": 28.000000000000004,
    "ntu": 408.99004975124376
}