{
    "year": 2021,
    "month": 6,
    "day": 2,
    "hour": 23,
    "minute": 5,
    "temp": 28.839478908188475,
    "ntu": 544.3846153846154
}