{
    "year": 2021,
    "month": 6,
    "day": 9,
    "hour": 17,
    "minute": 55,
    "temp": 28.634863523573156,
    "ntu": 445.0843672456576
}