{
    "year": 2021,
    "month": 7,
    "day": 2,
    "hour": 6,
    "minute": 20,
    "temp": 28.57164179104475,
    "ntu": -161.89054726368158
}