{
    "year": 2021,
    "month": 5,
    "day": 25,
    "hour": 11,
    "minute": 30,
    "temp": 28.80196029776677,
    "ntu": 680.2605459057072
}