{
    "year": 2021,
    "month": 7,
    "day": 1,
    "hour": 3,
    "minute": 20,
    "temp": 28.425820895522467,
    "ntu": -22.960199004975124
}