{
    "year": 2021,
    "month": 6,
    "day": 22,
    "hour": 7,
    "minute": 20,
    "temp": 28.022593516209383,
    "ntu": 29.219451371571072
}