{
    "year": 2021,
    "month": 7,
    "day": 1,
    "hour": 2,
    "minute": 5,
    "temp": 28.18619402985078,
    "ntu": -9.216417910447761
}