{
    "year": 2021,
    "month": 5,
    "day": 27,
    "hour": 14,
    "minute": 55,
    "temp": 28.42637717121596,
    "ntu": 755.5831265508685
}