{
    "year": 2021,
    "month": 5,
    "day": 27,
    "hour": 23,
    "minute": 35,
    "temp": 27.527611940298534,
    "ntu": -0.8333333333333334
}