{
    "year": 2021,
    "month": 6,
    "day": 30,
    "hour": 22,
    "minute": 40,
    "temp": 28.55462686567167,
    "ntu": 357.0273631840796
}