{
    "year": 2021,
    "month": 6,
    "day": 1,
    "hour": 3,
    "minute": 10,
    "temp": 28.074292803970252,
    "ntu": -8.498759305210918
}