{
    "year": 2021,
    "month": 6,
    "day": 1,
    "hour": 17,
    "minute": 0,
    "temp": 28.02337468982631,
    "ntu": 337.11414392059555
}