{
    "year": 2021,
    "month": 6,
    "day": 6,
    "hour": 23,
    "minute": 15,
    "temp": 28.20794044665013,
    "ntu": 601.7617866004963
}