{
    "year": 2021,
    "month": 6,
    "day": 27,
    "hour": 3,
    "minute": 25,
    "temp": 28.433241895261904,
    "ntu": -17.28927680798005
}