{
    "year": 2021,
    "month": 6,
    "day": 5,
    "hour": 17,
    "minute": 20,
    "temp": 28.283498759305274,
    "ntu": 458.3200992555831
}