{
    "year": 2021,
    "month": 6,
    "day": 11,
    "hour": 8,
    "minute": 45,
    "temp": 28.31357320099254,
    "ntu": 181.94292803970222
}