{
    "year": 2021,
    "month": 6,
    "day": 9,
    "hour": 8,
    "minute": 5,
    "temp": 27.788507462686635,
    "ntu": -203.5820895522388
}