{
    "year": 2021,
    "month": 5,
    "day": 25,
    "hour": 23,
    "minute": 10,
    "temp": 28.447270471464083,
    "ntu": 797.5136476426799
}