{
    "year": 2021,
    "month": 6,
    "day": 22,
    "hour": 4,
    "minute": 0,
    "temp": 28.785522388059775,
    "ntu": -15.942786069651742
}