{
    "year": 2021,
    "month": 6,
    "day": 24,
    "hour": 17,
    "minute": 0,
    "temp": 28.12000000000015,
    "ntu": 312.1122194513716
}