{
    "year": 2021,
    "month": 5,
    "day": 25,
    "hour": 8,
    "minute": 25,
    "temp": 28.246417910447803,
    "ntu": 450.31592039800995
}