{
    "year": 2021,
    "month": 6,
    "day": 8,
    "hour": 8,
    "minute": 10,
    "temp": 27.599454094292653,
    "ntu": -223.26799007444168
}