{
    "year": 2021,
    "month": 6,
    "day": 21,
    "hour": 14,
    "minute": 20,
    "temp": 28.72149253731351,
    "ntu": 377.9228855721393
}