{
    "year": 2021,
    "month": 6,
    "day": 12,
    "hour": 1,
    "minute": 40,
    "temp": 28.823101736972685,
    "ntu": -6.004962779156328
}