{
    "year": 2021,
    "month": 6,
    "day": 27,
    "hour": 11,
    "minute": 5,
    "temp": 29.035223880597087,
    "ntu": 474.30099502487565
}