{
    "year": 2021,
    "month": 6,
    "day": 1,
    "hour": 17,
    "minute": 50,
    "temp": 28.665373134328483,
    "ntu": 352.271144278607
}