{
    "year": 2021,
    "month": 5,
    "day": 25,
    "hour": 8,
    "minute": 40,
    "temp": 28.055086848635266,
    "ntu": 532.5533498759305
}