{
    "year": 2021,
    "month": 6,
    "day": 6,
    "hour": 21,
    "minute": 0,
    "temp": 28.976774193548493,
    "ntu": 574.3076923076923
}