{
    "year": 2021,
    "month": 5,
    "day": 1,
    "hour": 15,
    "minute": 25,
    "temp": 29.342158808933252,
    "ntu": 679.2679900744417
}