{
    "year": 2021,
    "month": 6,
    "day": 11,
    "hour": 11,
    "minute": 5,
    "temp": 28.237642679900837,
    "ntu": 425.3970223325062
}