{
    "year": 2021,
    "month": 6,
    "day": 12,
    "hour": 16,
    "minute": 10,
    "temp": 28.73000000000012,
    "ntu": 377.16915422885575
}