{
    "year": 2021,
    "month": 5,
    "day": 31,
    "hour": 14,
    "minute": 45,
    "temp": 28.983084577114447,
    "ntu": 704.2860696517413
}