{
    "year": 2021,
    "month": 7,
    "day": 1,
    "hour": 17,
    "minute": 40,
    "temp": 28.309850374064823,
    "ntu": 316.3740648379052
}