{
    "year": 2021,
    "month": 5,
    "day": 4,
    "hour": 16,
    "minute": 30,
    "temp": 29.117071960297597,
    "ntu": 120.68734491315136
}