{
    "year": 2021,
    "month": 5,
    "day": 24,
    "hour": 16,
    "minute": 25,
    "temp": 28.626650124069354,
    "ntu": 668.2059553349876
}