{
    "year": 2021,
    "month": 5,
    "day": 7,
    "hour": 8,
    "minute": 55,
    "temp": 30.003861386138627,
    "ntu": 852.2945544554456
}