{
    "year": 2021,
    "month": 6,
    "day": 3,
    "hour": 18,
    "minute": 55,
    "temp": 28.08665012406941,
    "ntu": 486.4789081885856
}