{
    "year": 2021,
    "month": 5,
    "day": 15,
    "hour": 5,
    "minute": 0,
    "temp": 30.49133995037239,
    "ntu": 39.03473945409429
}