{
    "year": 2021,
    "month": 4,
    "day": 12,
    "hour": 4,
    "minute": 59,
    "temp": 26.19187500000002,
    "tds": 1361.1656249999994,
    "ph": 7.115625000000005,
    "ntu": 3000.0
}