{
    "year": 2021,
    "month": 5,
    "day": 2,
    "hour": 2,
    "minute": 30,
    "temp": 29.350472636815898,
    "ntu": 82.22388059701493
}