{
    "year": 2021,
    "month": 6,
    "day": 24,
    "hour": 14,
    "minute": 30,
    "temp": 28.809850374064816,
    "ntu": 313.2942643391521
}