{
    "year": 2021,
    "month": 6,
    "day": 19,
    "hour": 12,
    "minute": 0,
    "temp": 28.22725685785545,
    "ntu": 377.498753117207
}