{
    "year": 2021,
    "month": 5,
    "day": 15,
    "hour": 7,
    "minute": 5,
    "temp": 31.64820895522412,
    "ntu": 788.3407960199005
}