{
    "year": 2021,
    "month": 7,
    "day": 1,
    "hour": 7,
    "minute": 45,
    "temp": 28.21154613466335,
    "ntu": -148.0498753117207
}