{
    "year": 2021,
    "month": 5,
    "day": 31,
    "hour": 4,
    "minute": 20,
    "temp": 28.17223325062047,
    "ntu": -12.208436724565757
}