{
    "year": 2021,
    "month": 6,
    "day": 7,
    "hour": 9,
    "minute": 55,
    "temp": 28.72364764267999,
    "ntu": 467.81885856079407
}