{
    "year": 2021,
    "month": 6,
    "day": 14,
    "hour": 9,
    "minute": 10,
    "temp": 28.078656716417882,
    "ntu": 152.4179104477612
}