{
    "year": 2021,
    "month": 5,
    "day": 6,
    "hour": 16,
    "minute": 50,
    "temp": 30.360893300247955,
    "ntu": 837.7320099255583
}