{
    "year": 2021,
    "month": 5,
    "day": 15,
    "hour": 1,
    "minute": 50,
    "temp": 31.306044776119485,
    "ntu": -1.7238805970149254
}