{
    "year": 2021,
    "month": 5,
    "day": 12,
    "hour": 22,
    "minute": 40,
    "temp": 29.407437810945098,
    "ntu": 107.50995024875621
}