{
    "year": 2021,
    "month": 5,
    "day": 9,
    "hour": 19,
    "minute": 0,
    "temp": 30.16194029850748,
    "ntu": 803.1890547263681
}