{
    "year": 2021,
    "month": 6,
    "day": 27,
    "hour": 2,
    "minute": 20,
    "temp": 27.93320895522388,
    "ntu": -6.353233830845771
}