{
    "year": 2021,
    "month": 6,
    "day": 7,
    "hour": 6,
    "minute": 25,
    "temp": 28.411885856079547,
    "ntu": -197.3573200992556
}