{
    "year": 2021,
    "month": 6,
    "day": 19,
    "hour": 22,
    "minute": 15,
    "temp": 28.939054726368205,
    "ntu": 415.99004975124376
}