{
    "year": 2021,
    "month": 6,
    "day": 26,
    "hour": 9,
    "minute": 40,
    "temp": 28.618653366583672,
    "ntu": 477.23940149625935
}