{
    "year": 2021,
    "month": 4,
    "day": 29,
    "hour": 19,
    "minute": 15,
    "temp": 28.750746268656826,
    "ntu": 861.9129353233831
}