{
    "year": 2021,
    "month": 6,
    "day": 22,
    "hour": 17,
    "minute": 15,
    "temp": 28.069925187032695,
    "ntu": 361.17955112219454
}