{
    "year": 2021,
    "month": 5,
    "day": 21,
    "hour": 6,
    "minute": 25,
    "temp": 29.070620347394637,
    "ntu": 42.364764267990076
}