{
    "year": 2021,
    "month": 4,
    "day": 21,
    "hour": 14,
    "minute": 59,
    "temp": 28.216250000000006,
    "tds": 1277.2281250000003,
    "ph": 6.566562499999998,
    "ntu": 3000.0
}