{
    "year": 2021,
    "month": 5,
    "day": 8,
    "hour": 16,
    "minute": 10,
    "temp": 30.56447761194051,
    "ntu": 732.679104477612
}