{
    "year": 2021,
    "month": 6,
    "day": 22,
    "hour": 20,
    "minute": 15,
    "temp": 28.764164588528807,
    "ntu": 372.34912718204487
}