{
    "year": 2021,
    "month": 6,
    "day": 19,
    "hour": 10,
    "minute": 5,
    "temp": 28.2404477611941,
    "ntu": 371.5771144278607
}