{
    "year": 2021,
    "month": 5,
    "day": 27,
    "hour": 14,
    "minute": 5,
    "temp": 28.867910447761364,
    "ntu": 656.820895522388
}