{
    "year": 2021,
    "month": 5,
    "day": 19,
    "hour": 22,
    "minute": 35,
    "temp": 30.60481389578146,
    "ntu": 514.5657568238213
}