{
    "year": 2021,
    "month": 6,
    "day": 11,
    "hour": 8,
    "minute": 0,
    "temp": 28.687965260545965,
    "ntu": -186.15136476426798
}