{
    "year": 2021,
    "month": 5,
    "day": 15,
    "hour": 6,
    "minute": 20,
    "temp": 29.722158808933102,
    "ntu": 182.44913151364764
}