{
    "year": 2021,
    "month": 5,
    "day": 17,
    "hour": 12,
    "minute": 35,
    "temp": 31.31535980148886,
    "ntu": 764.4491315136477
}