{
    "year": 2021,
    "month": 4,
    "day": 29,
    "hour": 14,
    "minute": 10,
    "temp": 30.568933002481334,
    "ntu": 802.4987593052109
}