{
    "year": 2021,
    "month": 6,
    "day": 2,
    "hour": 20,
    "minute": 15,
    "temp": 28.623300248138943,
    "ntu": 495.7369727047146
}