{
    "year": 2021,
    "month": 5,
    "day": 17,
    "hour": 6,
    "minute": 25,
    "temp": 29.500895522388188,
    "ntu": 249.39800995024876
}