{
    "year": 2021,
    "month": 6,
    "day": 25,
    "hour": 21,
    "minute": 30,
    "temp": 29.05999999999997,
    "ntu": 381.68905472636817
}