{
    "year": 2021,
    "month": 5,
    "day": 5,
    "hour": 13,
    "minute": 45,
    "temp": 30.296004962779243,
    "ntu": 823.7295285359802
}