{
    "year": 2021,
    "month": 6,
    "day": 18,
    "hour": 12,
    "minute": 50,
    "temp": 28.91840796019912,
    "ntu": 402.4303482587065
}