{
    "year": 2021,
    "month": 5,
    "day": 29,
    "hour": 20,
    "minute": 15,
    "temp": 28.418009950248614,
    "ntu": 762.4402985074627
}