{
    "year": 2021,
    "month": 5,
    "day": 11,
    "hour": 22,
    "minute": 50,
    "temp": 29.15084367245645,
    "ntu": -0.06451612903225806
}