{
    "year": 2021,
    "month": 5,
    "day": 1,
    "hour": 1,
    "minute": 45,
    "temp": 29.004168734491316,
    "ntu": 738.0024813895782
}