{
    "year": 2021,
    "month": 5,
    "day": 6,
    "hour": 22,
    "minute": 20,
    "temp": 29.88945409429264,
    "ntu": -0.27791563275434245
}