{
    "year": 2021,
    "month": 5,
    "day": 12,
    "hour": 9,
    "minute": 20,
    "temp": 30.590620347394403,
    "ntu": 734.8114143920595
}