{
    "year": 2021,
    "month": 6,
    "day": 11,
    "hour": 0,
    "minute": 40,
    "temp": 28.068784119106734,
    "ntu": -7.240694789081886
}