{
    "year": 2021,
    "month": 5,
    "day": 1,
    "hour": 13,
    "minute": 50,
    "temp": 30.8659801488835,
    "ntu": 614.3821339950372
}