{
    "year": 2021,
    "month": 6,
    "day": 13,
    "hour": 5,
    "minute": 15,
    "temp": 27.507890818858552,
    "ntu": -68.1985111662531
}