{
    "year": 2021,
    "month": 6,
    "day": 8,
    "hour": 15,
    "minute": 25,
    "temp": 28.778734491315166,
    "ntu": 437.46898263027293
}