{
    "year": 2021,
    "month": 5,
    "day": 19,
    "hour": 4,
    "minute": 10,
    "temp": 30.006898263027477,
    "ntu": 122.04218362282879
}