{
    "year": 2021,
    "month": 4,
    "day": 29,
    "hour": 2,
    "minute": 0,
    "temp": 28.632431761786588,
    "ntu": 931.3126550868486
}