{
    "year": 2021,
    "month": 5,
    "day": 20,
    "hour": 6,
    "minute": 30,
    "temp": 28.78707196029788,
    "ntu": 42.4044665012407
}