{
    "year": 2021,
    "month": 6,
    "day": 5,
    "hour": 18,
    "minute": 35,
    "temp": 28.64935483870987,
    "ntu": 486.439205955335
}