{
    "year": 2021,
    "month": 5,
    "day": 1,
    "hour": 0,
    "minute": 35,
    "temp": 30.973465346534805,
    "ntu": 743.6014851485148
}