{
    "year": 2021,
    "month": 5,
    "day": 26,
    "hour": 15,
    "minute": 55,
    "temp": 28.329851116625463,
    "ntu": 736.2704714640198
}