{
    "year": 2021,
    "month": 5,
    "day": 14,
    "hour": 1,
    "minute": 55,
    "temp": 30.696898263027187,
    "ntu": -1.1141439205955335
}