{
    "year": 2021,
    "month": 6,
    "day": 21,
    "hour": 3,
    "minute": 15,
    "temp": 29.060299251870298,
    "ntu": -9.401496259351621
}