{
    "year": 2021,
    "month": 6,
    "day": 1,
    "hour": 11,
    "minute": 50,
    "temp": 28.585895522388277,
    "ntu": 398.30845771144277
}