{
    "year": 2021,
    "month": 5,
    "day": 29,
    "hour": 15,
    "minute": 20,
    "temp": 28.515930521091807,
    "ntu": 696.6079404466501
}