{
    "year": 2021,
    "month": 5,
    "day": 26,
    "hour": 16,
    "minute": 20,
    "temp": 28.85818858560802,
    "ntu": 734.3325062034739
}