{
    "year": 2021,
    "month": 6,
    "day": 13,
    "hour": 2,
    "minute": 45,
    "temp": 28.918233830845825,
    "ntu": -10.91044776119403
}