{
    "year": 2021,
    "month": 5,
    "day": 31,
    "hour": 18,
    "minute": 30,
    "temp": 28.36870967741948,
    "ntu": 472.8014888337469
}