{
    "year": 2021,
    "month": 6,
    "day": 18,
    "hour": 1,
    "minute": 20,
    "temp": 28.01671641791044,
    "ntu": 447.2139303482587
}