{
    "year": 2021,
    "month": 6,
    "day": 11,
    "hour": 23,
    "minute": 50,
    "temp": 28.95826302729531,
    "ntu": 435.1042183622829
}