{
    "year": 2021,
    "month": 6,
    "day": 2,
    "hour": 18,
    "minute": 5,
    "temp": 28.66508684863509,
    "ntu": 377.1588089330025
}