{
    "year": 2021,
    "month": 7,
    "day": 1,
    "hour": 7,
    "minute": 50,
    "temp": 28.15472636815927,
    "ntu": -156.7636815920398
}