{
    "year": 2021,
    "month": 5,
    "day": 25,
    "hour": 7,
    "minute": 20,
    "temp": 29.352828784118937,
    "ntu": 642.7841191066998
}