{
    "year": 2021,
    "month": 5,
    "day": 2,
    "hour": 6,
    "minute": 15,
    "temp": 30.27014888337483,
    "ntu": 728.7642679900745
}