{
    "year": 2021,
    "month": 5,
    "day": 3,
    "hour": 0,
    "minute": 20,
    "temp": 25.822506203473974,
    "ntu": -0.05707196029776675
}