{
    "year": 2021,
    "month": 5,
    "day": 7,
    "hour": 4,
    "minute": 55,
    "temp": 28.679404466501314,
    "ntu": 7.615384615384615
}