{
    "year": 2021,
    "month": 5,
    "day": 8,
    "hour": 0,
    "minute": 55,
    "temp": 28.53841191067009,
    "ntu": -0.9602977667493796
}