{
    "year": 2021,
    "month": 5,
    "day": 17,
    "hour": 1,
    "minute": 35,
    "temp": 30.162133995037415,
    "ntu": -1.9975186104218363
}