{
    "year": 2021,
    "month": 4,
    "day": 30,
    "hour": 4,
    "minute": 25,
    "temp": 25.489131513647717,
    "ntu": 1.0198511166253101
}