{
    "year": 2021,
    "month": 5,
    "day": 17,
    "hour": 0,
    "minute": 25,
    "temp": 29.574044665012412,
    "ntu": -2.369727047146402
}