{
    "year": 2021,
    "month": 5,
    "day": 15,
    "hour": 8,
    "minute": 50,
    "temp": 31.323697270471826,
    "ntu": 781.3250620347394
}