{
    "year": 2021,
    "month": 6,
    "day": 1,
    "hour": 4,
    "minute": 55,
    "temp": 28.555533498759402,
    "ntu": -42.563275434243174
}