{
    "year": 2021,
    "month": 6,
    "day": 4,
    "hour": 15,
    "minute": 50,
    "temp": 28.04153846153855,
    "ntu": 439.2456575682382
}