{
    "year": 2021,
    "month": 4,
    "day": 20,
    "hour": 5,
    "minute": 59,
    "temp": 28.309999999999977,
    "tds": 1111.5763636363638,
    "ph": 2.7836363636363655,
    "ntu": 3000.0
}