{
    "year": 2021,
    "month": 5,
    "day": 26,
    "hour": 5,
    "minute": 45,
    "temp": 28.5053101736974,
    "ntu": 34.32258064516129
}