{
    "year": 2021,
    "month": 6,
    "day": 13,
    "hour": 8,
    "minute": 25,
    "temp": 28.20985111662533,
    "ntu": -162.65260545905707
}