{
    "year": 2021,
    "month": 6,
    "day": 9,
    "hour": 9,
    "minute": 25,
    "temp": 28.605880893300146,
    "ntu": 467.9032258064516
}