{
    "year": 2021,
    "month": 5,
    "day": 11,
    "hour": 18,
    "minute": 20,
    "temp": 30.893002481389647,
    "ntu": 816.317617866005
}