{
    "year": 2021,
    "month": 6,
    "day": 19,
    "hour": 21,
    "minute": 5,
    "temp": 28.414228855721515,
    "ntu": 411.636815920398
}