{
    "year": 2021,
    "month": 4,
    "day": 29,
    "hour": 14,
    "minute": 45,
    "temp": 30.928957816377324,
    "ntu": 837.8957816377172
}