{
    "year": 2021,
    "month": 6,
    "day": 29,
    "hour": 5,
    "minute": 25,
    "temp": 28.325671641791022,
    "ntu": -87.71144278606965
}