{
    "year": 2021,
    "month": 5,
    "day": 27,
    "hour": 1,
    "minute": 55,
    "temp": 28.209900497512486,
    "ntu": 3.4950248756218905
}