{
    "year": 2021,
    "month": 4,
    "day": 29,
    "hour": 5,
    "minute": 5,
    "temp": 25.131811414392146,
    "ntu": 821.8263027295285
}