{
    "year": 2021,
    "month": 6,
    "day": 10,
    "hour": 3,
    "minute": 30,
    "temp": 28.29878109452731,
    "ntu": -25.99004975124378
}