{
    "year": 2021,
    "month": 5,
    "day": 4,
    "hour": 12,
    "minute": 15,
    "temp": 31.0102729528536,
    "ntu": 669.1588089330024
}