{
    "year": 2021,
    "month": 6,
    "day": 19,
    "hour": 21,
    "minute": 50,
    "temp": 28.227805486284176,
    "ntu": 392.84039900249377
}