{
    "year": 2021,
    "month": 5,
    "day": 1,
    "hour": 16,
    "minute": 10,
    "temp": 30.15404466501246,
    "ntu": 710.4789081885856
}