{
    "year": 2021,
    "month": 5,
    "day": 16,
    "hour": 18,
    "minute": 10,
    "temp": 31.367419354838947,
    "ntu": 766.9255583126551
}