{
    "year": 2021,
    "month": 5,
    "day": 21,
    "hour": 15,
    "minute": 55,
    "temp": 30.927270471464162,
    "ntu": 534.7146401985111
}