{
    "year": 2021,
    "month": 6,
    "day": 5,
    "hour": 4,
    "minute": 50,
    "temp": 28.848138957816253,
    "ntu": -51.48138957816377
}