{
    "year": 2021,
    "month": 6,
    "day": 13,
    "hour": 15,
    "minute": 20,
    "temp": 28.338734491315048,
    "ntu": 275.1637717121588
}