{
    "year": 2021,
    "month": 5,
    "day": 5,
    "hour": 6,
    "minute": 35,
    "temp": 30.49985111662519,
    "ntu": 834.0322580645161
}