{
    "year": 2021,
    "month": 5,
    "day": 7,
    "hour": 22,
    "minute": 25,
    "temp": 29.322903225806552,
    "ntu": -1.4069478908188586
}