{
    "year": 2021,
    "month": 7,
    "day": 1,
    "hour": 12,
    "minute": 25,
    "temp": 28.884626865671834,
    "ntu": 337.3557213930348
}