{
    "year": 2021,
    "month": 6,
    "day": 2,
    "hour": 19,
    "minute": 15,
    "temp": 28.097761194029694,
    "ntu": 430.37064676616916
}