{
    "year": 2021,
    "month": 5,
    "day": 18,
    "hour": 19,
    "minute": 25,
    "temp": 30.326327543424622,
    "ntu": 500.09925558312653
}