{
    "year": 2021,
    "month": 6,
    "day": 26,
    "hour": 5,
    "minute": 45,
    "temp": 28.275671641791067,
    "ntu": -55.37313432835821
}