{
    "year": 2021,
    "month": 5,
    "day": 8,
    "hour": 17,
    "minute": 25,
    "temp": 29.954665012407045,
    "ntu": 777.4416873449131
}