{
    "year": 2021,
    "month": 5,
    "day": 8,
    "hour": 2,
    "minute": 35,
    "temp": 29.44287841191062,
    "ntu": -0.9007444168734491
}