{
    "year": 2021,
    "month": 4,
    "day": 13,
    "hour": 4,
    "minute": 59,
    "temp": 29.95687500000001,
    "tds": 443.7643749999999,
    "ph": 0.0,
    "ntu": 3000.0
}