{
    "year": 2021,
    "month": 6,
    "day": 12,
    "hour": 6,
    "minute": 45,
    "temp": 28.93500000000012,
    "ntu": -132.49253731343285
}