{
    "year": 2021,
    "month": 5,
    "day": 24,
    "hour": 5,
    "minute": 45,
    "temp": 27.358362282878307,
    "ntu": 41.37965260545906
}