{
    "year": 2021,
    "month": 6,
    "day": 26,
    "hour": 20,
    "minute": 40,
    "temp": 29.06014925373131,
    "ntu": 532.3258706467661
}