{
    "year": 2021,
    "month": 6,
    "day": 3,
    "hour": 22,
    "minute": 5,
    "temp": 28.503672456575686,
    "ntu": 552.0223325062035
}