{
    "year": 2021,
    "month": 6,
    "day": 11,
    "hour": 2,
    "minute": 30,
    "temp": 28.484565756823763,
    "ntu": -10.121588089330025
}