{
    "year": 2021,
    "month": 5,
    "day": 5,
    "hour": 7,
    "minute": 15,
    "temp": 30.806724565757033,
    "ntu": 808.863523573201
}