{
    "year": 2021,
    "month": 5,
    "day": 3,
    "hour": 5,
    "minute": 20,
    "temp": 24.25997518610424,
    "ntu": 20.583126550868485
}