{
    "year": 2021,
    "month": 4,
    "day": 29,
    "hour": 12,
    "minute": 15,
    "temp": 28.816699751861094,
    "ntu": 759.7096774193549
}