{
    "year": 2021,
    "month": 5,
    "day": 2,
    "hour": 18,
    "minute": 0,
    "temp": 29.01801488833747,
    "ntu": 747.6401985111662
}