{
    "year": 2021,
    "month": 6,
    "day": 8,
    "hour": 14,
    "minute": 0,
    "temp": 28.60985111662521,
    "ntu": 489.6625310173697
}