{
    "year": 2021,
    "month": 6,
    "day": 6,
    "hour": 21,
    "minute": 25,
    "temp": 28.54272952853608,
    "ntu": 581.1414392059553
}