{
    "year": 2021,
    "month": 6,
    "day": 2,
    "hour": 4,
    "minute": 25,
    "temp": 27.839900497512353,
    "ntu": -58.430348258706466
}