{
    "year": 2021,
    "month": 5,
    "day": 27,
    "hour": 3,
    "minute": 10,
    "temp": 27.932605459057157,
    "ntu": 3.967741935483871
}