{
    "year": 2021,
    "month": 5,
    "day": 26,
    "hour": 17,
    "minute": 45,
    "temp": 28.26784653465372,
    "ntu": 739.4975247524752
}