{
    "year": 2021,
    "month": 5,
    "day": 27,
    "hour": 12,
    "minute": 55,
    "temp": 28.86679900744409,
    "ntu": 721.3300248138958
}