{
    "year": 2021,
    "month": 5,
    "day": 16,
    "hour": 0,
    "minute": 5,
    "temp": 30.176426799007494,
    "ntu": -2.6153846153846154
}