{
    "year": 2021,
    "month": 6,
    "day": 26,
    "hour": 19,
    "minute": 10,
    "temp": 28.24715710723193,
    "ntu": 496.59102244389027
}