{
    "year": 2021,
    "month": 6,
    "day": 11,
    "hour": 17,
    "minute": 0,
    "temp": 28.368957816377307,
    "ntu": 392.682382133995
}