{
    "year": 2021,
    "month": 6,
    "day": 1,
    "hour": 2,
    "minute": 40,
    "temp": 29.028208955223963,
    "ntu": -8.450248756218905
}