{
    "year": 2021,
    "month": 5,
    "day": 16,
    "hour": 9,
    "minute": 5,
    "temp": 31.837096774193885,
    "ntu": 711.5012406947891
}