{
    "year": 2021,
    "month": 7,
    "day": 1,
    "hour": 5,
    "minute": 40,
    "temp": 28.360024875621843,
    "ntu": -111.04975124378109
}