{
    "year": 2021,
    "month": 5,
    "day": 26,
    "hour": 3,
    "minute": 45,
    "temp": 28.5012406947892,
    "ntu": 4.478908188585608
}