{
    "year": 2021,
    "month": 6,
    "day": 2,
    "hour": 21,
    "minute": 5,
    "temp": 28.33334987593074,
    "ntu": 471.8138957816377
}