{
    "year": 2021,
    "month": 5,
    "day": 7,
    "hour": 2,
    "minute": 20,
    "temp": 30.448238213399552,
    "ntu": -0.02481389578163772
}