{
    "year": 2021,
    "month": 6,
    "day": 28,
    "hour": 19,
    "minute": 10,
    "temp": 28.120000000000154,
    "ntu": 481.35820895522386
}