{
    "year": 2021,
    "month": 6,
    "day": 30,
    "hour": 6,
    "minute": 40,
    "temp": 29.136583541147324,
    "ntu": -91.42394014962593
}