{
    "year": 2021,
    "month": 6,
    "day": 7,
    "hour": 12,
    "minute": 20,
    "temp": 28.30925558312654,
    "ntu": 501.9106699751861
}