{
    "year": 2021,
    "month": 6,
    "day": 27,
    "hour": 3,
    "minute": 50,
    "temp": 28.3722885572138,
    "ntu": -28.907960199004975
}