{
    "year": 2021,
    "month": 6,
    "day": 4,
    "hour": 6,
    "minute": 0,
    "temp": 28.30181141439216,
    "ntu": -126.44168734491315
}