{
    "year": 2021,
    "month": 6,
    "day": 30,
    "hour": 16,
    "minute": 20,
    "temp": 28.27573566084791,
    "ntu": 289.6633416458853
}