{
    "year": 2021,
    "month": 6,
    "day": 4,
    "hour": 16,
    "minute": 10,
    "temp": 28.655771144278486,
    "ntu": 416.0970149253731
}