{
    "year": 2021,
    "month": 6,
    "day": 19,
    "hour": 20,
    "minute": 0,
    "temp": 28.241795511221888,
    "ntu": 381.08229426433917
}