{
    "year": 2021,
    "month": 6,
    "day": 25,
    "hour": 20,
    "minute": 5,
    "temp": 28.217543424317665,
    "ntu": 365.6004962779156
}