{
    "year": 2021,
    "month": 5,
    "day": 12,
    "hour": 1,
    "minute": 45,
    "temp": 30.358684863523788,
    "ntu": -0.2729528535980149
}