{
    "year": 2021,
    "month": 6,
    "day": 5,
    "hour": 21,
    "minute": 55,
    "temp": 28.477667493796638,
    "ntu": 584.3498759305211
}