{
    "year": 2021,
    "month": 5,
    "day": 8,
    "hour": 14,
    "minute": 55,
    "temp": 29.102233250620174,
    "ntu": 777.620347394541
}