{
    "year": 2021,
    "month": 5,
    "day": 29,
    "hour": 14,
    "minute": 55,
    "temp": 28.977761194029966,
    "ntu": 712.4253731343283
}