{
    "year": 2021,
    "month": 6,
    "day": 28,
    "hour": 3,
    "minute": 15,
    "temp": 28.34435323383071,
    "ntu": -20.16915422885572
}