{
    "year": 2021,
    "month": 6,
    "day": 9,
    "hour": 1,
    "minute": 20,
    "temp": 27.697487562189067,
    "ntu": -14.542288557213931
}