{
    "year": 2021,
    "month": 6,
    "day": 11,
    "hour": 19,
    "minute": 25,
    "temp": 28.207717121588097,
    "ntu": 415.64267990074444
}