{
    "year": 2021,
    "month": 5,
    "day": 19,
    "hour": 17,
    "minute": 40,
    "temp": 30.980746268656866,
    "ntu": 490.99004975124376
}