{
    "year": 2021,
    "month": 6,
    "day": 24,
    "hour": 2,
    "minute": 50,
    "temp": 29.626009975062193,
    "ntu": -2.117206982543641
}