{
    "year": 2021,
    "month": 6,
    "day": 19,
    "hour": 19,
    "minute": 15,
    "temp": 28.401945137157277,
    "ntu": 390.7206982543641
}