{
    "year": 2021,
    "month": 5,
    "day": 27,
    "hour": 6,
    "minute": 40,
    "temp": 29.084689826302853,
    "ntu": 100.863523573201
}