{
    "year": 2021,
    "month": 5,
    "day": 13,
    "hour": 23,
    "minute": 25,
    "temp": 29.025459057072034,
    "ntu": -1.5905707196029777
}