{
    "year": 2021,
    "month": 5,
    "day": 9,
    "hour": 16,
    "minute": 45,
    "temp": 30.962860696517495,
    "ntu": 797.8308457711443
}