{
    "year": 2021,
    "month": 5,
    "day": 19,
    "hour": 22,
    "minute": 30,
    "temp": 30.748064516129165,
    "ntu": 514.5285359801488
}