{
    "year": 2021,
    "month": 5,
    "day": 8,
    "hour": 2,
    "minute": 5,
    "temp": 28.16334987593055,
    "ntu": -0.6997518610421837
}