{
    "year": 2021,
    "month": 6,
    "day": 18,
    "hour": 22,
    "minute": 30,
    "temp": 28.469326683291822,
    "ntu": 425.1321695760598
}