{
    "year": 2021,
    "month": 6,
    "day": 23,
    "hour": 7,
    "minute": 25,
    "temp": 28.705522388059716,
    "ntu": 66.31592039800995
}