{
    "year": 2021,
    "month": 4,
    "day": 14,
    "hour": 0,
    "minute": 59,
    "temp": 28.809999999999974,
    "tds": 1263.3600000000004,
    "ph": 4.096363636363636,
    "ntu": 3000.0
}