{
    "year": 2021,
    "month": 5,
    "day": 30,
    "hour": 1,
    "minute": 15,
    "temp": 27.52626865671644,
    "ntu": 8.283582089552239
}