{
    "year": 2021,
    "month": 6,
    "day": 28,
    "hour": 21,
    "minute": 15,
    "temp": 28.684413965087323,
    "ntu": 519.3017456359103
}