{
    "year": 2021,
    "month": 5,
    "day": 2,
    "hour": 6,
    "minute": 45,
    "temp": 30.945671641791122,
    "ntu": 719.273631840796
}