{
    "year": 2021,
    "month": 5,
    "day": 1,
    "hour": 17,
    "minute": 0,
    "temp": 30.509975186104086,
    "ntu": 707.0967741935484
}