{
    "year": 2021,
    "month": 5,
    "day": 10,
    "hour": 23,
    "minute": 45,
    "temp": 30.166352357320047,
    "ntu": 444.55831265508687
}