{
    "year": 2021,
    "month": 5,
    "day": 2,
    "hour": 7,
    "minute": 30,
    "temp": 30.039751861042266,
    "ntu": 709.5806451612904
}