{
    "year": 2021,
    "month": 6,
    "day": 21,
    "hour": 16,
    "minute": 55,
    "temp": 28.556708229426437,
    "ntu": 369.8678304239402
}