{
    "year": 2021,
    "month": 6,
    "day": 6,
    "hour": 4,
    "minute": 20,
    "temp": 28.147468982630404,
    "ntu": -60.044665012406945
}