{
    "year": 2021,
    "month": 4,
    "day": 11,
    "hour": 5,
    "minute": 59,
    "temp": 25.809999999999977,
    "tds": 1368.8700000000001,
    "ph": 4.1275,
    "ntu": 3000.0
}