{
    "year": 2021,
    "month": 5,
    "day": 1,
    "hour": 19,
    "minute": 20,
    "temp": 29.114813895781463,
    "ntu": 769.6724565756824
}