{
    "year": 2021,
    "month": 4,
    "day": 29,
    "hour": 4,
    "minute": 30,
    "temp": 25.498660049627812,
    "ntu": 820.1315136476427
}