{
    "year": 2021,
    "month": 6,
    "day": 24,
    "hour": 1,
    "minute": 10,
    "temp": 28.171716417910535,
    "ntu": 350.82835820895525
}