{
    "year": 2021,
    "month": 6,
    "day": 18,
    "hour": 19,
    "minute": 55,
    "temp": 28.751169154228904,
    "ntu": 387.0273631840796
}