{
    "year": 2021,
    "month": 6,
    "day": 26,
    "hour": 17,
    "minute": 0,
    "temp": 28.940149625935184,
    "ntu": 475.4638403990025
}