{
    "year": 2021,
    "month": 6,
    "day": 27,
    "hour": 13,
    "minute": 25,
    "temp": 28.120000000000154,
    "ntu": 478.9004975124378
}