{
    "year": 2021,
    "month": 6,
    "day": 21,
    "hour": 6,
    "minute": 20,
    "temp": 28.567014925373126,
    "ntu": -35.91293532338308
}