{
    "year": 2021,
    "month": 6,
    "day": 26,
    "hour": 22,
    "minute": 10,
    "temp": 28.44791044776121,
    "ntu": 542.636815920398
}