{
    "year": 2021,
    "month": 5,
    "day": 8,
    "hour": 8,
    "minute": 25,
    "temp": 29.650744416873625,
    "ntu": 750.985111662531
}