{
    "year": 2021,
    "month": 6,
    "day": 22,
    "hour": 22,
    "minute": 40,
    "temp": 28.007506234413928,
    "ntu": 397.05486284289276
}