{
    "year": 2021,
    "month": 5,
    "day": 24,
    "hour": 23,
    "minute": 15,
    "temp": 27.8509429280396,
    "ntu": 4.513647642679901
}