{
    "year": 2021,
    "month": 5,
    "day": 18,
    "hour": 6,
    "minute": 55,
    "temp": 31.515522388059555,
    "ntu": 114.16666666666667
}