{
    "year": 2021,
    "month": 5,
    "day": 21,
    "hour": 16,
    "minute": 20,
    "temp": 30.226069651741415,
    "ntu": 497.65671641791045
}