{
    "year": 2021,
    "month": 5,
    "day": 2,
    "hour": 15,
    "minute": 15,
    "temp": 30.084714640198865,
    "ntu": 692.3722084367246
}