{
    "year": 2021,
    "month": 6,
    "day": 20,
    "hour": 5,
    "minute": 20,
    "temp": 28.2965671641792,
    "ntu": -32.156716417910445
}