{
    "year": 2021,
    "month": 4,
    "day": 30,
    "hour": 7,
    "minute": 10,
    "temp": 24.302722772277285,
    "ntu": 798.299504950495
}