{
    "year": 2021,
    "month": 7,
    "day": 1,
    "hour": 10,
    "minute": 20,
    "temp": 28.355635910224375,
    "ntu": 324.25436408977555
}