{
    "year": 2021,
    "month": 4,
    "day": 29,
    "hour": 4,
    "minute": 0,
    "temp": 25.894455445544686,
    "ntu": 39.804455445544555
}