{
    "year": 2021,
    "month": 5,
    "day": 14,
    "hour": 15,
    "minute": 50,
    "temp": 31.86460199005002,
    "ntu": 764.2363184079602
}