{
    "year": 2021,
    "month": 6,
    "day": 10,
    "hour": 13,
    "minute": 0,
    "temp": 28.201736972704722,
    "ntu": 457.5831265508685
}