{
    "year": 2021,
    "month": 6,
    "day": 8,
    "hour": 7,
    "minute": 5,
    "temp": 28.614863523573046,
    "ntu": -228.60545905707195
}