{
    "year": 2021,
    "month": 6,
    "day": 8,
    "hour": 20,
    "minute": 0,
    "temp": 29.019701492537305,
    "ntu": 518.679104477612
}