{
    "year": 2021,
    "month": 5,
    "day": 13,
    "hour": 4,
    "minute": 35,
    "temp": 28.919404466501327,
    "ntu": 11.260545905707197
}