{
    "year": 2021,
    "month": 5,
    "day": 3,
    "hour": 9,
    "minute": 50,
    "temp": 30.517866004962755,
    "ntu": 573.5558312655087
}