{
    "year": 2021,
    "month": 6,
    "day": 22,
    "hour": 20,
    "minute": 10,
    "temp": 28.476218905472553,
    "ntu": 371.2960199004975
}