{
    "year": 2021,
    "month": 5,
    "day": 12,
    "hour": 13,
    "minute": 55,
    "temp": 30.520694789081816,
    "ntu": 799.9702233250621
}