{
    "year": 2021,
    "month": 5,
    "day": 21,
    "hour": 21,
    "minute": 45,
    "temp": 28.075930521091788,
    "ntu": 641.5434243176179
}