{
    "year": 2021,
    "month": 5,
    "day": 15,
    "hour": 17,
    "minute": 50,
    "temp": 31.854688995215458,
    "ntu": 777.9425837320574
}