{
    "year": 2021,
    "month": 6,
    "day": 10,
    "hour": 2,
    "minute": 25,
    "temp": 27.712183622828793,
    "ntu": -13.277915632754343
}