{
    "year": 2021,
    "month": 6,
    "day": 20,
    "hour": 21,
    "minute": 40,
    "temp": 28.71343283582093,
    "ntu": 401.80845771144277
}