{
    "year": 2021,
    "month": 5,
    "day": 2,
    "hour": 2,
    "minute": 45,
    "temp": 28.823573200992602,
    "ntu": 76.4789081885856
}