{
    "year": 2021,
    "month": 6,
    "day": 9,
    "hour": 4,
    "minute": 10,
    "temp": 28.24955334987604,
    "ntu": -65.75930521091811
}