{
    "year": 2021,
    "month": 4,
    "day": 30,
    "hour": 20,
    "minute": 40,
    "temp": 29.016336633663354,
    "ntu": 703.7623762376238
}