{
    "year": 2021,
    "month": 4,
    "day": 29,
    "hour": 19,
    "minute": 30,
    "temp": 28.37851116625298,
    "ntu": 831.6377171215881
}