{
    "year": 2021,
    "month": 6,
    "day": 24,
    "hour": 13,
    "minute": 20,
    "temp": 27.99985074626866,
    "ntu": 309.0970149253731
}