{
    "year": 2021,
    "month": 5,
    "day": 14,
    "hour": 13,
    "minute": 45,
    "temp": 31.86079404466524,
    "ntu": 790.0272952853599
}