{
    "year": 2021,
    "month": 6,
    "day": 13,
    "hour": 0,
    "minute": 15,
    "temp": 28.56746268656716,
    "ntu": 398.42537313432837
}