{
    "year": 2021,
    "month": 6,
    "day": 2,
    "hour": 19,
    "minute": 40,
    "temp": 28.664416873448996,
    "ntu": 436.0545905707196
}