{
    "year": 2021,
    "month": 5,
    "day": 18,
    "hour": 22,
    "minute": 35,
    "temp": 30.915643564356596,
    "ntu": 466.65841584158414
}