{
    "year": 2021,
    "month": 6,
    "day": 10,
    "hour": 12,
    "minute": 25,
    "temp": 28.70980148883377,
    "ntu": 472.6600496277916
}