{
    "year": 2021,
    "month": 5,
    "day": 19,
    "hour": 5,
    "minute": 20,
    "temp": 29.59238213399504,
    "ntu": 150.90818858560795
}