{
    "year": 2021,
    "month": 6,
    "day": 24,
    "hour": 17,
    "minute": 25,
    "temp": 28.058358208955223,
    "ntu": 320.6194029850746
}