{
    "year": 2021,
    "month": 6,
    "day": 27,
    "hour": 14,
    "minute": 0,
    "temp": 28.134129353233796,
    "ntu": 455.0771144278607
}