{
    "year": 2021,
    "month": 7,
    "day": 2,
    "hour": 10,
    "minute": 55,
    "temp": 29.02379052369079,
    "ntu": 302.5635910224439
}