{
    "year": 2021,
    "month": 7,
    "day": 2,
    "hour": 7,
    "minute": 30,
    "temp": 27.936159600997527,
    "ntu": -149.58852867830424
}