{
    "year": 2021,
    "month": 5,
    "day": 7,
    "hour": 14,
    "minute": 50,
    "temp": 29.513995037220816,
    "ntu": 784.4962779156327
}