{
    "year": 2021,
    "month": 6,
    "day": 28,
    "hour": 1,
    "minute": 0,
    "temp": 28.860895522388052,
    "ntu": 545.5895522388059
}