{
    "year": 2021,
    "month": 6,
    "day": 28,
    "hour": 15,
    "minute": 50,
    "temp": 28.02379052369075,
    "ntu": 403.713216957606
}