{
    "year": 2021,
    "month": 6,
    "day": 21,
    "hour": 13,
    "minute": 10,
    "temp": 28.127661691542446,
    "ntu": 379.82089552238807
}