{
    "year": 2021,
    "month": 6,
    "day": 20,
    "hour": 8,
    "minute": 55,
    "temp": 29.168507462686687,
    "ntu": 86.35572139303483
}