{
    "year": 2021,
    "month": 5,
    "day": 29,
    "hour": 4,
    "minute": 40,
    "temp": 28.897960199004938,
    "ntu": 7.689054726368159
}