{
    "year": 2021,
    "month": 5,
    "day": 14,
    "hour": 12,
    "minute": 40,
    "temp": 31.732704714640366,
    "ntu": 783.6178660049628
}