{
    "year": 2021,
    "month": 5,
    "day": 25,
    "hour": 5,
    "minute": 35,
    "temp": 27.82736972704717,
    "ntu": 91.2258064516129
}