{
    "year": 2021,
    "month": 5,
    "day": 9,
    "hour": 6,
    "minute": 5,
    "temp": 28.192009925558406,
    "ntu": 148.4516129032258
}