{
    "year": 2021,
    "month": 5,
    "day": 22,
    "hour": 9,
    "minute": 20,
    "temp": 28.977617866004916,
    "ntu": 272.0248138957816
}