{
    "year": 2021,
    "month": 6,
    "day": 14,
    "hour": 7,
    "minute": 40,
    "temp": 29.43354838709688,
    "ntu": -231.2605459057072
}