{
    "year": 2021,
    "month": 6,
    "day": 27,
    "hour": 11,
    "minute": 20,
    "temp": 28.91544776119416,
    "ntu": 467.7910447761194
}