{
    "year": 2021,
    "month": 5,
    "day": 31,
    "hour": 7,
    "minute": 20,
    "temp": 28.03268656716423,
    "ntu": 133.9278606965174
}