{
    "year": 2021,
    "month": 5,
    "day": 14,
    "hour": 21,
    "minute": 40,
    "temp": 31.712084367245765,
    "ntu": 800.3374689826303
}