{
    "year": 2021,
    "month": 5,
    "day": 3,
    "hour": 21,
    "minute": 30,
    "temp": 29.20719602977647,
    "ntu": 773.2903225806451
}