{
    "year": 2021,
    "month": 6,
    "day": 12,
    "hour": 2,
    "minute": 10,
    "temp": 28.101221945137002,
    "ntu": -7.807980049875312
}