{
    "year": 2021,
    "month": 6,
    "day": 4,
    "hour": 22,
    "minute": 5,
    "temp": 28.92682382134004,
    "ntu": 559.6774193548387
}