{
    "year": 2021,
    "month": 5,
    "day": 28,
    "hour": 1,
    "minute": 40,
    "temp": 28.744466501240822,
    "ntu": 2.555831265508685
}