{
    "year": 2021,
    "month": 6,
    "day": 11,
    "hour": 0,
    "minute": 35,
    "temp": 28.194502487562257,
    "ntu": -8.537313432835822
}