{
    "year": 2021,
    "month": 5,
    "day": 12,
    "hour": 4,
    "minute": 45,
    "temp": 30.954019851116556,
    "ntu": 21.679900744416873
}