{
    "year": 2021,
    "month": 7,
    "day": 1,
    "hour": 3,
    "minute": 25,
    "temp": 28.34626865671627,
    "ntu": -25.63681592039801
}