{
    "year": 2021,
    "month": 5,
    "day": 18,
    "hour": 13,
    "minute": 0,
    "temp": 31.39863523573208,
    "ntu": 220.17617866004963
}