{
    "year": 2021,
    "month": 5,
    "day": 9,
    "hour": 13,
    "minute": 50,
    "temp": 30.01871287128718,
    "ntu": 788.9480198019802
}