{
    "year": 2021,
    "month": 5,
    "day": 21,
    "hour": 4,
    "minute": 50,
    "temp": 30.45375621890574,
    "ntu": 8.883084577114428
}