{
    "year": 2021,
    "month": 5,
    "day": 12,
    "hour": 23,
    "minute": 10,
    "temp": 28.20918114143927,
    "ntu": -48.44913151364764
}