{
    "year": 2021,
    "month": 6,
    "day": 19,
    "hour": 0,
    "minute": 55,
    "temp": 28.071870324189767,
    "ntu": 402.5211970074813
}