{
    "year": 2021,
    "month": 6,
    "day": 4,
    "hour": 12,
    "minute": 45,
    "temp": 28.076377171215864,
    "ntu": 489.43672456575683
}