{
    "year": 2021,
    "month": 6,
    "day": 12,
    "hour": 0,
    "minute": 30,
    "temp": 28.372928039702103,
    "ntu": 326.9751861042184
}