{
    "year": 2021,
    "month": 6,
    "day": 11,
    "hour": 6,
    "minute": 10,
    "temp": 28.030521091811462,
    "ntu": -130.59801488833747
}