{
    "year": 2021,
    "month": 5,
    "day": 21,
    "hour": 17,
    "minute": 45,
    "temp": 28.863076923077028,
    "ntu": 606.9106699751861
}