{
    "year": 2021,
    "month": 5,
    "day": 19,
    "hour": 4,
    "minute": 0,
    "temp": 30.85529850746255,
    "ntu": 123.44029850746269
}