{
    "year": 2021,
    "month": 6,
    "day": 16,
    "hour": 22,
    "minute": 45,
    "temp": 28.245646766169106,
    "ntu": 458.20646766169153
}