{
    "year": 2021,
    "month": 5,
    "day": 8,
    "hour": 17,
    "minute": 15,
    "temp": 30.200620347394636,
    "ntu": 799.4218362282878
}