{
    "year": 2021,
    "month": 5,
    "day": 13,
    "hour": 20,
    "minute": 55,
    "temp": 31.28573200992564,
    "ntu": 810.3498759305211
}