{
    "year": 2021,
    "month": 5,
    "day": 5,
    "hour": 15,
    "minute": 35,
    "temp": 30.525905707195953,
    "ntu": 826.213399503722
}