{
    "year": 2021,
    "month": 5,
    "day": 5,
    "hour": 11,
    "minute": 55,
    "temp": 29.14000000000002,
    "ntu": 803.302729528536
}