{
    "year": 2021,
    "month": 5,
    "day": 15,
    "hour": 2,
    "minute": 15,
    "temp": 29.83616915422885,
    "ntu": -1.6766169154228856
}