{
    "year": 2021,
    "month": 5,
    "day": 8,
    "hour": 2,
    "minute": 0,
    "temp": 28.34789081885853,
    "ntu": -0.858560794044665
}