{
    "year": 2021,
    "month": 6,
    "day": 28,
    "hour": 12,
    "minute": 0,
    "temp": 28.02049875311711,
    "ntu": 468.426433915212
}