{
    "year": 2021,
    "month": 6,
    "day": 3,
    "hour": 17,
    "minute": 45,
    "temp": 28.167462686567024,
    "ntu": 444.0348258706468
}