{
    "year": 2021,
    "month": 6,
    "day": 21,
    "hour": 3,
    "minute": 5,
    "temp": 28.949701492537255,
    "ntu": -6.393034825870647
}