{
    "year": 2021,
    "month": 5,
    "day": 2,
    "hour": 11,
    "minute": 0,
    "temp": 30.059851116625268,
    "ntu": 276.7940446650124
}