{
    "year": 2021,
    "month": 5,
    "day": 3,
    "hour": 19,
    "minute": 20,
    "temp": 30.541687344913413,
    "ntu": 724.9925558312655
}