{
    "year": 2021,
    "month": 6,
    "day": 19,
    "hour": 10,
    "minute": 40,
    "temp": 28.417412935323263,
    "ntu": 360.17164179104475
}