{
    "year": 2021,
    "month": 6,
    "day": 12,
    "hour": 8,
    "minute": 20,
    "temp": 28.59652605459042,
    "ntu": -243.92803970223326
}