{
    "year": 2021,
    "month": 6,
    "day": 2,
    "hour": 9,
    "minute": 15,
    "temp": 28.660645161290468,
    "ntu": 380.3101736972705
}