{
    "year": 2021,
    "month": 6,
    "day": 24,
    "hour": 16,
    "minute": 15,
    "temp": 28.304477611940307,
    "ntu": 309.6467661691542
}