{
    "year": 2021,
    "month": 5,
    "day": 15,
    "hour": 9,
    "minute": 20,
    "temp": 31.69032258064504,
    "ntu": 761.4267990074442
}