{
    "year": 2021,
    "month": 6,
    "day": 19,
    "hour": 9,
    "minute": 35,
    "temp": 28.587412935323268,
    "ntu": 95.69651741293532
}