{
    "year": 2021,
    "month": 5,
    "day": 27,
    "hour": 7,
    "minute": 5,
    "temp": 28.123970223324925,
    "ntu": 164.43920595533498
}