{
    "year": 2021,
    "month": 6,
    "day": 7,
    "hour": 14,
    "minute": 10,
    "temp": 28.637369727047332,
    "ntu": 541.4466501240695
}