{
    "year": 2021,
    "month": 6,
    "day": 2,
    "hour": 17,
    "minute": 40,
    "temp": 28.093200992555712,
    "ntu": 386.6526054590571
}