{
    "year": 2021,
    "month": 6,
    "day": 25,
    "hour": 20,
    "minute": 25,
    "temp": 28.120174129353387,
    "ntu": 370.4278606965174
}