{
    "year": 2021,
    "month": 6,
    "day": 9,
    "hour": 13,
    "minute": 30,
    "temp": 28.10317617865989,
    "ntu": 473.58560794044666
}