{
    "year": 2021,
    "month": 5,
    "day": 12,
    "hour": 14,
    "minute": 55,
    "temp": 29.801364764268097,
    "ntu": 778.317617866005
}