{
    "year": 2021,
    "month": 6,
    "day": 29,
    "hour": 15,
    "minute": 30,
    "temp": 28.120000000000154,
    "ntu": 448.80348258706465
}