{
    "year": 2021,
    "month": 6,
    "day": 28,
    "hour": 11,
    "minute": 30,
    "temp": 28.078805970149215,
    "ntu": 505.69900497512435
}