{
    "year": 2021,
    "month": 5,
    "day": 25,
    "hour": 21,
    "minute": 30,
    "temp": 28.73121588089341,
    "ntu": 785.1464019851117
}