{
    "year": 2021,
    "month": 6,
    "day": 11,
    "hour": 4,
    "minute": 0,
    "temp": 28.810148883374794,
    "ntu": -40.188585607940446
}