{
    "year": 2021,
    "month": 5,
    "day": 1,
    "hour": 2,
    "minute": 20,
    "temp": 29.90327543424314,
    "ntu": -1.2779156327543424
}