{
    "year": 2021,
    "month": 5,
    "day": 6,
    "hour": 2,
    "minute": 50,
    "temp": 28.70774193548398,
    "ntu": 0.04218362282878412
}