{
    "year": 2021,
    "month": 6,
    "day": 8,
    "hour": 2,
    "minute": 50,
    "temp": 27.929029850746367,
    "ntu": -10.562189054726367
}