{
    "year": 2021,
    "month": 6,
    "day": 12,
    "hour": 22,
    "minute": 25,
    "temp": 28.86163771712146,
    "ntu": 404.5732009925558
}