{
    "year": 2021,
    "month": 6,
    "day": 9,
    "hour": 19,
    "minute": 30,
    "temp": 28.31401985111661,
    "ntu": 516.106699751861
}