{
    "year": 2021,
    "month": 5,
    "day": 27,
    "hour": 9,
    "minute": 20,
    "temp": 29.149255583126635,
    "ntu": 722.9478908188586
}