{
    "year": 2021,
    "month": 5,
    "day": 2,
    "hour": 4,
    "minute": 25,
    "temp": 28.75282878411923,
    "ntu": -0.3573200992555831
}