{
    "year": 2021,
    "month": 6,
    "day": 2,
    "hour": 13,
    "minute": 15,
    "temp": 28.070843672456846,
    "ntu": 406.9181141439206
}