{
    "year": 2021,
    "month": 5,
    "day": 18,
    "hour": 21,
    "minute": 0,
    "temp": 30.611542288557395,
    "ntu": 458.5323383084577
}