{
    "year": 2021,
    "month": 7,
    "day": 1,
    "hour": 19,
    "minute": 20,
    "temp": 29.05999999999997,
    "ntu": 351.53731343283584
}