{
    "year": 2021,
    "month": 7,
    "day": 1,
    "hour": 7,
    "minute": 55,
    "temp": 28.046084788030022,
    "ntu": -163.90523690773068
}