{
    "year": 2021,
    "month": 6,
    "day": 29,
    "hour": 23,
    "minute": 35,
    "temp": 28.00611940298507,
    "ntu": 548.2338308457712
}