{
    "year": 2021,
    "month": 5,
    "day": 17,
    "hour": 0,
    "minute": 30,
    "temp": 29.443126550868573,
    "ntu": -2.357320099255583
}