{
    "year": 2021,
    "month": 6,
    "day": 22,
    "hour": 6,
    "minute": 10,
    "temp": 28.71656716417915,
    "ntu": -29.487562189054728
}