{
    "year": 2021,
    "month": 6,
    "day": 19,
    "hour": 5,
    "minute": 50,
    "temp": 27.99059701492545,
    "ntu": -28.965174129353233
}