{
    "year": 2021,
    "month": 6,
    "day": 2,
    "hour": 3,
    "minute": 20,
    "temp": 27.932704714640284,
    "ntu": -16.563275434243177
}