{
    "year": 2021,
    "month": 5,
    "day": 18,
    "hour": 20,
    "minute": 25,
    "temp": 30.185621890547374,
    "ntu": 451.1268656716418
}