{
    "year": 2021,
    "month": 5,
    "day": 7,
    "hour": 12,
    "minute": 25,
    "temp": 30.447444168734386,
    "ntu": 764.9503722084368
}