{
    "year": 2021,
    "month": 5,
    "day": 6,
    "hour": 7,
    "minute": 55,
    "temp": 30.21704714640212,
    "ntu": 851.620347394541
}