{
    "year": 2021,
    "month": 5,
    "day": 20,
    "hour": 21,
    "minute": 35,
    "temp": 30.63610421836235,
    "ntu": 506.9106699751861
}