{
    "year": 2021,
    "month": 5,
    "day": 26,
    "hour": 16,
    "minute": 45,
    "temp": 28.90861042183636,
    "ntu": 780.1265508684863
}