{
    "year": 2021,
    "month": 5,
    "day": 1,
    "hour": 14,
    "minute": 30,
    "temp": 30.029776674938077,
    "ntu": 717.9900744416874
}