{
    "year": 2021,
    "month": 6,
    "day": 4,
    "hour": 1,
    "minute": 15,
    "temp": 27.03388059701498,
    "ntu": -10.208955223880597
}