{
    "year": 2021,
    "month": 5,
    "day": 20,
    "hour": 23,
    "minute": 50,
    "temp": 30.56506203473963,
    "ntu": 2.1464019851116625
}