{
    "year": 2021,
    "month": 6,
    "day": 27,
    "hour": 19,
    "minute": 30,
    "temp": 28.400124378109606,
    "ntu": 506.7139303482587
}