{
    "year": 2021,
    "month": 6,
    "day": 26,
    "hour": 2,
    "minute": 50,
    "temp": 28.93684079601999,
    "ntu": -6.310945273631841
}