{
    "year": 2021,
    "month": 5,
    "day": 25,
    "hour": 8,
    "minute": 0,
    "temp": 28.592605459056944,
    "ntu": 527.8535980148883
}