{
    "year": 2021,
    "month": 4,
    "day": 29,
    "hour": 11,
    "minute": 15,
    "temp": 30.804029850746268,
    "ntu": 390.05970149253733
}