{
    "year": 2021,
    "month": 4,
    "day": 30,
    "hour": 20,
    "minute": 20,
    "temp": 29.43617866004972,
    "ntu": 698.6129032258065
}