{
    "year": 2021,
    "month": 6,
    "day": 13,
    "hour": 18,
    "minute": 15,
    "temp": 29.01459057071959,
    "ntu": 245.66501240694788
}