{
    "year": 2021,
    "month": 5,
    "day": 22,
    "hour": 23,
    "minute": 50,
    "temp": 29.172109181141554,
    "ntu": 6.5310173697270475
}