{
    "year": 2021,
    "month": 5,
    "day": 4,
    "hour": 4,
    "minute": 30,
    "temp": 29.618833746898193,
    "ntu": 0.20099255583126552
}