{
    "year": 2021,
    "month": 6,
    "day": 13,
    "hour": 7,
    "minute": 45,
    "temp": 29.304937965260617,
    "ntu": -130.67493796526054
}