{
    "year": 2021,
    "month": 5,
    "day": 3,
    "hour": 5,
    "minute": 55,
    "temp": 24.242406947890817,
    "ntu": 94.89578163771712
}