{
    "year": 2021,
    "month": 5,
    "day": 12,
    "hour": 6,
    "minute": 30,
    "temp": 28.399057071960407,
    "ntu": 193.73449131513647
}