{
    "year": 2021,
    "month": 6,
    "day": 27,
    "hour": 2,
    "minute": 30,
    "temp": 28.34465174129363,
    "ntu": -6.875621890547263
}