{
    "year": 2021,
    "month": 5,
    "day": 18,
    "hour": 17,
    "minute": 25,
    "temp": 31.39464019851132,
    "ntu": 158.25558312655087
}