{
    "year": 2021,
    "month": 6,
    "day": 22,
    "hour": 7,
    "minute": 40,
    "temp": 28.961396508728207,
    "ntu": 76.7281795511222
}