{
    "year": 2021,
    "month": 6,
    "day": 2,
    "hour": 14,
    "minute": 0,
    "temp": 28.64729528535997,
    "ntu": 419.30521091811414
}