{
    "year": 2021,
    "month": 6,
    "day": 13,
    "hour": 17,
    "minute": 0,
    "temp": 28.490597014925445,
    "ntu": 238.27611940298507
}