{
    "year": 2021,
    "month": 4,
    "day": 21,
    "hour": 8,
    "minute": 59,
    "temp": 27.742500000000007,
    "tds": 1141.4240625000002,
    "ph": 5.010625,
    "ntu": 3000.0
}