{
    "year": 2021,
    "month": 6,
    "day": 4,
    "hour": 10,
    "minute": 45,
    "temp": 28.735856079404588,
    "ntu": 472.8138957816377
}