{
    "year": 2021,
    "month": 5,
    "day": 10,
    "hour": 8,
    "minute": 15,
    "temp": 29.313870967742,
    "ntu": 844.2928039702233
}