{
    "year": 2021,
    "month": 6,
    "day": 21,
    "hour": 5,
    "minute": 40,
    "temp": 29.27783042394018,
    "ntu": -39.70573566084788
}