{
    "year": 2021,
    "month": 6,
    "day": 19,
    "hour": 9,
    "minute": 40,
    "temp": 28.525223880597032,
    "ntu": 351.6044776119403
}