{
    "year": 2021,
    "month": 5,
    "day": 27,
    "hour": 4,
    "minute": 20,
    "temp": 27.692977667493825,
    "ntu": -0.21588089330024815
}