{
    "year": 2021,
    "month": 4,
    "day": 30,
    "hour": 7,
    "minute": 25,
    "temp": 24.26816377171217,
    "ntu": 796.4863523573201
}