{
    "year": 2021,
    "month": 5,
    "day": 27,
    "hour": 11,
    "minute": 0,
    "temp": 28.97057213930338,
    "ntu": 702.7164179104477
}