{
    "year": 2021,
    "month": 5,
    "day": 8,
    "hour": 7,
    "minute": 45,
    "temp": 30.679181141439354,
    "ntu": 807.1910669975186
}