{
    "year": 2021,
    "month": 5,
    "day": 6,
    "hour": 15,
    "minute": 35,
    "temp": 30.03811414392079,
    "ntu": 791.3573200992556
}