{
    "year": 2021,
    "month": 6,
    "day": 26,
    "hour": 19,
    "minute": 40,
    "temp": 28.10791044776118,
    "ntu": 504.08706467661693
}