{
    "year": 2021,
    "month": 5,
    "day": 29,
    "hour": 22,
    "minute": 35,
    "temp": 28.177320099255663,
    "ntu": 837.9826302729529
}