{
    "year": 2021,
    "month": 6,
    "day": 17,
    "hour": 18,
    "minute": 50,
    "temp": 28.05104477611946,
    "ntu": 411.3482587064677
}