{
    "year": 2021,
    "month": 6,
    "day": 2,
    "hour": 11,
    "minute": 40,
    "temp": 28.00014888337469,
    "ntu": 395.6079404466501
}