{
    "year": 2021,
    "month": 5,
    "day": 23,
    "hour": 5,
    "minute": 20,
    "temp": 27.968684863523666,
    "ntu": 32.173697270471465
}