{
    "year": 2021,
    "month": 6,
    "day": 27,
    "hour": 6,
    "minute": 25,
    "temp": 27.870348258706613,
    "ntu": -49.07213930348259
}