{
    "year": 2021,
    "month": 6,
    "day": 20,
    "hour": 5,
    "minute": 30,
    "temp": 28.14248756218924,
    "ntu": -22.475124378109452
}