{
    "year": 2021,
    "month": 5,
    "day": 15,
    "hour": 23,
    "minute": 50,
    "temp": 31.085445544554638,
    "ntu": -2.900990099009901
}