{
    "year": 2021,
    "month": 5,
    "day": 4,
    "hour": 20,
    "minute": 5,
    "temp": 30.489578163771718,
    "ntu": 805.0570719602978
}