{
    "year": 2021,
    "month": 5,
    "day": 9,
    "hour": 14,
    "minute": 50,
    "temp": 29.51101736972695,
    "ntu": 759.424317617866
}