{
    "year": 2021,
    "month": 5,
    "day": 4,
    "hour": 14,
    "minute": 30,
    "temp": 30.636724565756875,
    "ntu": 711.9826302729529
}