{
    "year": 2021,
    "month": 6,
    "day": 12,
    "hour": 12,
    "minute": 40,
    "temp": 28.588955223880497,
    "ntu": 369.4228855721393
}