{
    "year": 2021,
    "month": 5,
    "day": 2,
    "hour": 12,
    "minute": 50,
    "temp": 30.474813895781512,
    "ntu": 626.9032258064516
}