{
    "year": 2021,
    "month": 5,
    "day": 14,
    "hour": 7,
    "minute": 10,
    "temp": 31.289950124688144,
    "ntu": 792.5461346633416
}