{
    "year": 2021,
    "month": 6,
    "day": 2,
    "hour": 11,
    "minute": 45,
    "temp": 28.088955223880788,
    "ntu": 370.8731343283582
}