{
    "year": 2021,
    "month": 6,
    "day": 26,
    "hour": 23,
    "minute": 10,
    "temp": 28.118653366583676,
    "ntu": 545.8154613466335
}