{
    "year": 2021,
    "month": 6,
    "day": 25,
    "hour": 10,
    "minute": 20,
    "temp": 28.803731343283605,
    "ntu": 321.0970149253731
}