{
    "year": 2021,
    "month": 6,
    "day": 8,
    "hour": 16,
    "minute": 5,
    "temp": 28.165161290322697,
    "ntu": 444.83374689826303
}