{
    "year": 2021,
    "month": 6,
    "day": 23,
    "hour": 20,
    "minute": 15,
    "temp": 28.309999999999985,
    "ntu": 336.19154228855723
}