{
    "year": 2021,
    "month": 6,
    "day": 18,
    "hour": 11,
    "minute": 20,
    "temp": 28.615074626865685,
    "ntu": 399.67661691542287
}