{
    "year": 2021,
    "month": 5,
    "day": 25,
    "hour": 1,
    "minute": 5,
    "temp": 28.686079404466604,
    "ntu": 4.476426799007444
}