{
    "year": 2021,
    "month": 6,
    "day": 28,
    "hour": 12,
    "minute": 55,
    "temp": 28.87000000000017,
    "ntu": 502.0995024875622
}