{
    "year": 2021,
    "month": 6,
    "day": 17,
    "hour": 3,
    "minute": 0,
    "temp": 28.805074626865764,
    "ntu": -8.345771144278608
}