{
    "year": 2021,
    "month": 5,
    "day": 14,
    "hour": 6,
    "minute": 25,
    "temp": 29.23796526054602,
    "ntu": 247.68734491315138
}