{
    "year": 2021,
    "month": 5,
    "day": 28,
    "hour": 2,
    "minute": 30,
    "temp": 28.967047146402052,
    "ntu": 2.803970223325062
}