{
    "year": 2021,
    "month": 5,
    "day": 6,
    "hour": 14,
    "minute": 55,
    "temp": 29.23138957816389,
    "ntu": 797.5111662531017
}