{
    "year": 2021,
    "month": 5,
    "day": 9,
    "hour": 20,
    "minute": 55,
    "temp": 29.26890818858567,
    "ntu": 868.7022332506203
}