{
    "year": 2021,
    "month": 6,
    "day": 27,
    "hour": 12,
    "minute": 50,
    "temp": 28.309999999999985,
    "ntu": 488.1442786069652
}