{
    "year": 2021,
    "month": 5,
    "day": 19,
    "hour": 23,
    "minute": 10,
    "temp": 28.804491315136573,
    "ntu": 6.766749379652605
}