{
    "year": 2021,
    "month": 6,
    "day": 23,
    "hour": 12,
    "minute": 30,
    "temp": 28.05820895522388,
    "ntu": 371.8905472636816
}