{
    "year": 2021,
    "month": 6,
    "day": 17,
    "hour": 15,
    "minute": 0,
    "temp": 28.244925373134375,
    "ntu": 400.19651741293535
}