{
    "year": 2021,
    "month": 5,
    "day": 24,
    "hour": 6,
    "minute": 5,
    "temp": 28.585459057072107,
    "ntu": 58.096774193548384
}