{
    "year": 2021,
    "month": 6,
    "day": 20,
    "hour": 1,
    "minute": 30,
    "temp": 28.35716417910464,
    "ntu": 383.32338308457713
}