{
    "year": 2021,
    "month": 6,
    "day": 19,
    "hour": 17,
    "minute": 25,
    "temp": 28.329104477611903,
    "ntu": 377.452736318408
}