{
    "year": 2021,
    "month": 6,
    "day": 3,
    "hour": 1,
    "minute": 50,
    "temp": 28.4218114143921,
    "ntu": -4.828784119106699
}