{
    "year": 2021,
    "month": 6,
    "day": 27,
    "hour": 0,
    "minute": 15,
    "temp": 28.93965174129356,
    "ntu": 546.3582089552239
}