{
    "year": 2021,
    "month": 5,
    "day": 2,
    "hour": 9,
    "minute": 55,
    "temp": 30.530223325062085,
    "ntu": 363.4789081885856
}