{
    "year": 2021,
    "month": 5,
    "day": 27,
    "hour": 19,
    "minute": 40,
    "temp": 28.770843672456603,
    "ntu": 756.9702233250621
}