{
    "year": 2021,
    "month": 4,
    "day": 30,
    "hour": 10,
    "minute": 15,
    "temp": 24.986302729528543,
    "ntu": 385.51612903225805
}