{
    "year": 2021,
    "month": 5,
    "day": 21,
    "hour": 15,
    "minute": 45,
    "temp": 30.933134328358094,
    "ntu": 469.8557213930348
}