{
    "year": 2021,
    "month": 6,
    "day": 10,
    "hour": 7,
    "minute": 0,
    "temp": 28.471861042183694,
    "ntu": -164.1290322580645
}