{
    "year": 2021,
    "month": 5,
    "day": 5,
    "hour": 18,
    "minute": 40,
    "temp": 30.603771712159016,
    "ntu": 841.2630272952854
}