{
    "year": 2021,
    "month": 6,
    "day": 12,
    "hour": 0,
    "minute": 55,
    "temp": 27.857636815920245,
    "ntu": -81.62189054726367
}