{
    "year": 2021,
    "month": 6,
    "day": 13,
    "hour": 21,
    "minute": 5,
    "temp": 28.02940298507466,
    "ntu": 293.10696517412936
}