{
    "year": 2021,
    "month": 6,
    "day": 24,
    "hour": 13,
    "minute": 10,
    "temp": 28.00238805970149,
    "ntu": 305.64925373134326
}