{
    "year": 2021,
    "month": 6,
    "day": 1,
    "hour": 23,
    "minute": 25,
    "temp": 28.910149253731237,
    "ntu": 469.49751243781094
}