{
    "year": 2021,
    "month": 6,
    "day": 18,
    "hour": 1,
    "minute": 50,
    "temp": 28.404029850746227,
    "ntu": -4.41542288557214
}