{
    "year": 2021,
    "month": 6,
    "day": 20,
    "hour": 9,
    "minute": 55,
    "temp": 28.374477611940446,
    "ntu": 359.6467661691542
}