{
    "year": 2021,
    "month": 5,
    "day": 1,
    "hour": 21,
    "minute": 0,
    "temp": 30.76771712158821,
    "ntu": 775.848635235732
}