{
    "year": 2021,
    "month": 5,
    "day": 8,
    "hour": 18,
    "minute": 5,
    "temp": 29.03623762376246,
    "ntu": 768.1311881188119
}