{
    "year": 2021,
    "month": 6,
    "day": 19,
    "hour": 12,
    "minute": 25,
    "temp": 28.023184079601993,
    "ntu": 365.7860696517413
}