{
    "year": 2021,
    "month": 5,
    "day": 13,
    "hour": 18,
    "minute": 55,
    "temp": 31.88755610972574,
    "ntu": 790.9775561097257
}