{
    "year": 2021,
    "month": 5,
    "day": 5,
    "hour": 6,
    "minute": 5,
    "temp": 27.97171215880902,
    "ntu": 116.23325062034739
}