{
    "year": 2021,
    "month": 6,
    "day": 3,
    "hour": 3,
    "minute": 40,
    "temp": 28.965666666666678,
    "ntu": -12.757142857142858
}