{
    "year": 2021,
    "month": 5,
    "day": 24,
    "hour": 14,
    "minute": 5,
    "temp": 28.70813895781627,
    "ntu": 704.5210918114144
}