{
    "year": 2021,
    "month": 5,
    "day": 12,
    "hour": 7,
    "minute": 0,
    "temp": 30.96483870967737,
    "ntu": 837.3300248138958
}