{
    "year": 2021,
    "month": 5,
    "day": 30,
    "hour": 4,
    "minute": 0,
    "temp": 28.46295285359809,
    "ntu": 2.5483870967741935
}