{
    "year": 2021,
    "month": 6,
    "day": 20,
    "hour": 23,
    "minute": 15,
    "temp": 29.00029850746269,
    "ntu": 406.6442786069652
}