{
    "year": 2021,
    "month": 6,
    "day": 25,
    "hour": 1,
    "minute": 0,
    "temp": 28.123482587064835,
    "ntu": 366.09452736318406
}