{
    "year": 2021,
    "month": 6,
    "day": 24,
    "hour": 8,
    "minute": 50,
    "temp": 28.441940298507575,
    "ntu": -45.20646766169154
}