{
    "year": 2021,
    "month": 5,
    "day": 20,
    "hour": 23,
    "minute": 45,
    "temp": 29.229503722084253,
    "ntu": 2.2531017369727047
}