{
    "year": 2021,
    "month": 5,
    "day": 27,
    "hour": 3,
    "minute": 5,
    "temp": 28.044516129032342,
    "ntu": 4.062034739454094
}