{
    "year": 2021,
    "month": 6,
    "day": 24,
    "hour": 6,
    "minute": 10,
    "temp": 28.442388059701525,
    "ntu": -67.71641791044776
}