{
    "year": 2021,
    "month": 6,
    "day": 24,
    "hour": 14,
    "minute": 35,
    "temp": 28.76835820895522,
    "ntu": 314.28855721393035
}