{
    "year": 2021,
    "month": 6,
    "day": 19,
    "hour": 11,
    "minute": 20,
    "temp": 28.70119402985076,
    "ntu": 382.0696517412935
}