{
    "year": 2021,
    "month": 5,
    "day": 24,
    "hour": 22,
    "minute": 35,
    "temp": 28.901439205955374,
    "ntu": 770.4491315136477
}