{
    "year": 2021,
    "month": 5,
    "day": 20,
    "hour": 0,
    "minute": 5,
    "temp": 30.154565756823683,
    "ntu": 1.3027295285359801
}