{
    "year": 2021,
    "month": 5,
    "day": 28,
    "hour": 10,
    "minute": 25,
    "temp": 28.604029850746436,
    "ntu": 598.2611940298508
}