{
    "year": 2021,
    "month": 6,
    "day": 1,
    "hour": 18,
    "minute": 5,
    "temp": 28.400223325062218,
    "ntu": 359.2307692307692
}