{
    "year": 2021,
    "month": 6,
    "day": 12,
    "hour": 3,
    "minute": 5,
    "temp": 28.559106699751897,
    "ntu": -15.163771712158809
}