{
    "year": 2021,
    "month": 5,
    "day": 23,
    "hour": 22,
    "minute": 20,
    "temp": 28.75357320099262,
    "ntu": 488.2059553349876
}