{
    "year": 2021,
    "month": 5,
    "day": 29,
    "hour": 11,
    "minute": 35,
    "temp": 28.378461538461544,
    "ntu": 688.5682382133995
}