{
    "year": 2021,
    "month": 6,
    "day": 4,
    "hour": 15,
    "minute": 45,
    "temp": 28.093134328358094,
    "ntu": 438.818407960199
}