{
    "year": 2021,
    "month": 5,
    "day": 4,
    "hour": 2,
    "minute": 35,
    "temp": 29.183532338308478,
    "ntu": -0.17661691542288557
}