{
    "year": 2021,
    "month": 5,
    "day": 2,
    "hour": 21,
    "minute": 30,
    "temp": 29.307022332506293,
    "ntu": 830.2282878411911
}