{
    "year": 2021,
    "month": 5,
    "day": 31,
    "hour": 17,
    "minute": 15,
    "temp": 28.319181141439476,
    "ntu": 640.1736972704715
}