{
    "year": 2021,
    "month": 7,
    "day": 1,
    "hour": 16,
    "minute": 40,
    "temp": 28.624713216957776,
    "ntu": 361.56109725685786
}