{
    "year": 2021,
    "month": 6,
    "day": 26,
    "hour": 21,
    "minute": 20,
    "temp": 28.79716417910453,
    "ntu": 535.2487562189054
}