{
    "year": 2021,
    "month": 5,
    "day": 3,
    "hour": 23,
    "minute": 5,
    "temp": 28.72578163771716,
    "ntu": -0.5210918114143921
}