{
    "year": 2021,
    "month": 6,
    "day": 21,
    "hour": 23,
    "minute": 20,
    "temp": 28.815970149253705,
    "ntu": 404.8557213930348
}