{
    "year": 2021,
    "month": 6,
    "day": 28,
    "hour": 10,
    "minute": 50,
    "temp": 28.25044776119403,
    "ntu": 500.8134328358209
}