{
    "year": 2021,
    "month": 5,
    "day": 16,
    "hour": 15,
    "minute": 5,
    "temp": 31.923101736972715,
    "ntu": 756.5682382133995
}