{
    "year": 2021,
    "month": 6,
    "day": 6,
    "hour": 11,
    "minute": 5,
    "temp": 28.47337468982617,
    "ntu": 471.46898263027293
}