{
    "year": 2021,
    "month": 5,
    "day": 8,
    "hour": 4,
    "minute": 30,
    "temp": 29.72228287841197,
    "ntu": -0.09181141439205956
}