{
    "year": 2021,
    "month": 5,
    "day": 3,
    "hour": 11,
    "minute": 25,
    "temp": 29.51306930693077,
    "ntu": 578.2178217821782
}