{
    "year": 2021,
    "month": 6,
    "day": 1,
    "hour": 12,
    "minute": 50,
    "temp": 28.044218362282987,
    "ntu": 444.4044665012407
}