{
    "year": 2021,
    "month": 6,
    "day": 7,
    "hour": 19,
    "minute": 45,
    "temp": 28.96754342431767,
    "ntu": 539.439205955335
}