{
    "year": 2021,
    "month": 6,
    "day": 20,
    "hour": 7,
    "minute": 30,
    "temp": 28.24507462686573,
    "ntu": 70.90049751243781
}