{
    "year": 2021,
    "month": 6,
    "day": 29,
    "hour": 11,
    "minute": 35,
    "temp": 28.120000000000154,
    "ntu": 479.94776119402985
}