{
    "year": 2021,
    "month": 6,
    "day": 30,
    "hour": 11,
    "minute": 35,
    "temp": 28.456458852867854,
    "ntu": 481.07481296758107
}