{
    "year": 2021,
    "month": 6,
    "day": 14,
    "hour": 1,
    "minute": 25,
    "temp": 27.62000000000014,
    "ntu": -9.76865671641791
}