{
    "year": 2021,
    "month": 6,
    "day": 2,
    "hour": 23,
    "minute": 30,
    "temp": 28.400421836228467,
    "ntu": 544.9652605459057
}