{
    "year": 2021,
    "month": 6,
    "day": 8,
    "hour": 3,
    "minute": 20,
    "temp": 27.498059701492554,
    "ntu": -22.450248756218905
}