{
    "year": 2021,
    "month": 6,
    "day": 21,
    "hour": 8,
    "minute": 40,
    "temp": 28.279104477611977,
    "ntu": 82.59452736318408
}