{
    "year": 2021,
    "month": 5,
    "day": 5,
    "hour": 18,
    "minute": 25,
    "temp": 30.47260545905716,
    "ntu": 834.5980148883375
}