{
    "year": 2021,
    "month": 5,
    "day": 25,
    "hour": 12,
    "minute": 55,
    "temp": 28.952779156327587,
    "ntu": 703.1191066997519
}