{
    "year": 2021,
    "month": 5,
    "day": 8,
    "hour": 1,
    "minute": 45,
    "temp": 28.963374689826423,
    "ntu": -0.6451612903225806
}