{
    "year": 2021,
    "month": 6,
    "day": 23,
    "hour": 6,
    "minute": 0,
    "temp": 28.00014925373134,
    "ntu": -27.507462686567163
}