{
    "year": 2021,
    "month": 6,
    "day": 8,
    "hour": 22,
    "minute": 40,
    "temp": 28.308233830846014,
    "ntu": 543.9154228855722
}