{
    "year": 2021,
    "month": 5,
    "day": 6,
    "hour": 20,
    "minute": 25,
    "temp": 29.13410891089111,
    "ntu": 888.0247524752475
}