{
    "year": 2021,
    "month": 6,
    "day": 7,
    "hour": 11,
    "minute": 50,
    "temp": 28.65942928039717,
    "ntu": 477.57071960297765
}