{
    "year": 2021,
    "month": 6,
    "day": 21,
    "hour": 5,
    "minute": 50,
    "temp": 29.10686567164169,
    "ntu": -42.99751243781095
}