{
    "year": 2021,
    "month": 6,
    "day": 9,
    "hour": 23,
    "minute": 40,
    "temp": 28.54124378109479,
    "ntu": 534.0472636815921
}