{
    "year": 2021,
    "month": 5,
    "day": 20,
    "hour": 15,
    "minute": 55,
    "temp": 30.581935483870886,
    "ntu": 468.1116625310174
}