{
    "year": 2021,
    "month": 6,
    "day": 24,
    "hour": 1,
    "minute": 5,
    "temp": 28.190000000000012,
    "ntu": 350.952736318408
}