{
    "year": 2021,
    "month": 5,
    "day": 10,
    "hour": 6,
    "minute": 20,
    "temp": 30.550173697270708,
    "ntu": 837.560794044665
}