{
    "year": 2021,
    "month": 4,
    "day": 30,
    "hour": 13,
    "minute": 25,
    "temp": 28.191910669975208,
    "ntu": 751.3622828784119
}