{
    "year": 2021,
    "month": 5,
    "day": 25,
    "hour": 5,
    "minute": 55,
    "temp": 28.45139303482607,
    "ntu": 108.3905472636816
}