{
    "year": 2021,
    "month": 5,
    "day": 5,
    "hour": 12,
    "minute": 30,
    "temp": 30.359429280397208,
    "ntu": 784.531017369727
}