{
    "year": 2021,
    "month": 5,
    "day": 6,
    "hour": 20,
    "minute": 0,
    "temp": 29.764590570719697,
    "ntu": 887.0521091811414
}