{
    "year": 2021,
    "month": 6,
    "day": 13,
    "hour": 10,
    "minute": 10,
    "temp": 28.305373134328384,
    "ntu": 318.55223880597015
}