{
    "year": 2021,
    "month": 5,
    "day": 5,
    "hour": 1,
    "minute": 0,
    "temp": 28.272481389578285,
    "ntu": -0.18858560794044665
}