{
    "year": 2021,
    "month": 5,
    "day": 30,
    "hour": 16,
    "minute": 45,
    "temp": 28.3382089552238,
    "ntu": 700.3159203980099
}