{
    "year": 2021,
    "month": 6,
    "day": 29,
    "hour": 3,
    "minute": 10,
    "temp": 28.70615960099752,
    "ntu": -19.428927680798004
}