{
    "year": 2021,
    "month": 5,
    "day": 13,
    "hour": 23,
    "minute": 5,
    "temp": 29.658734491315062,
    "ntu": -56.96029776674938
}