{
    "year": 2021,
    "month": 6,
    "day": 4,
    "hour": 0,
    "minute": 0,
    "temp": 28.57295285359802,
    "ntu": 582.8163771712159
}