{
    "year": 2021,
    "month": 6,
    "day": 25,
    "hour": 20,
    "minute": 15,
    "temp": 28.188955223880612,
    "ntu": 369.4676616915423
}