{
    "year": 2021,
    "month": 5,
    "day": 31,
    "hour": 14,
    "minute": 25,
    "temp": 28.079651741293777,
    "ntu": 704.7388059701492
}