{
    "year": 2021,
    "month": 5,
    "day": 16,
    "hour": 16,
    "minute": 40,
    "temp": 31.76399503722071,
    "ntu": 754.3548387096774
}