{
    "year": 2021,
    "month": 5,
    "day": 20,
    "hour": 17,
    "minute": 15,
    "temp": 30.829726368159136,
    "ntu": 503.06467661691545
}