{
    "year": 2021,
    "month": 5,
    "day": 8,
    "hour": 12,
    "minute": 20,
    "temp": 29.00684863523566,
    "ntu": 708.044665012407
}