{
    "year": 2021,
    "month": 6,
    "day": 27,
    "hour": 4,
    "minute": 15,
    "temp": 27.999701492537312,
    "ntu": -32.243781094527364
}