{
    "year": 2021,
    "month": 6,
    "day": 7,
    "hour": 16,
    "minute": 10,
    "temp": 28.03417910447765,
    "ntu": 469.271144278607
}