{
    "year": 2021,
    "month": 5,
    "day": 16,
    "hour": 23,
    "minute": 55,
    "temp": 30.782611940298732,
    "ntu": -2.9527363184079602
}