{
    "year": 2021,
    "month": 4,
    "day": 10,
    "hour": 23,
    "minute": 59,
    "temp": 27.440000000000023,
    "tds": 1137.75,
    "ph": 4.920303030303029,
    "ntu": 3000.0
}