{
    "year": 2021,
    "month": 5,
    "day": 28,
    "hour": 8,
    "minute": 40,
    "temp": 28.308213399504012,
    "ntu": 526.0521091811414
}