{
    "year": 2021,
    "month": 4,
    "day": 30,
    "hour": 4,
    "minute": 20,
    "temp": 25.561039603960474,
    "ntu": 0.7648514851485149
}