{
    "year": 2021,
    "month": 6,
    "day": 17,
    "hour": 15,
    "minute": 20,
    "temp": 28.010447761194023,
    "ntu": 402.2213930348259
}