{
    "year": 2021,
    "month": 6,
    "day": 3,
    "hour": 21,
    "minute": 55,
    "temp": 28.071116625310452,
    "ntu": 549.5930521091811
}