{
    "year": 2021,
    "month": 6,
    "day": 28,
    "hour": 9,
    "minute": 50,
    "temp": 28.55985037406482,
    "ntu": 499.58354114713217
}