{
    "year": 2021,
    "month": 6,
    "day": 2,
    "hour": 5,
    "minute": 10,
    "temp": 28.20992555831271,
    "ntu": -104.70471464019852
}