{
    "year": 2021,
    "month": 6,
    "day": 7,
    "hour": 15,
    "minute": 55,
    "temp": 28.06357320099254,
    "ntu": 513.483870967742
}