{
    "year": 2021,
    "month": 6,
    "day": 29,
    "hour": 13,
    "minute": 30,
    "temp": 28.745810473815492,
    "ntu": 475.06234413965086
}