{
    "year": 2021,
    "month": 6,
    "day": 17,
    "hour": 16,
    "minute": 20,
    "temp": 28.58388059701486,
    "ntu": 409.8805970149254
}