{
    "year": 2021,
    "month": 6,
    "day": 21,
    "hour": 18,
    "minute": 0,
    "temp": 27.999850374064838,
    "ntu": 370.9625935162095
}