{
    "year": 2021,
    "month": 6,
    "day": 24,
    "hour": 18,
    "minute": 45,
    "temp": 28.871047381546305,
    "ntu": 330.45386533665834
}