{
    "year": 2021,
    "month": 5,
    "day": 27,
    "hour": 16,
    "minute": 0,
    "temp": 29.04555831265516,
    "ntu": 767.7245657568238
}