{
    "year": 2021,
    "month": 5,
    "day": 18,
    "hour": 8,
    "minute": 30,
    "temp": 30.988089330024753,
    "ntu": 115.07196029776675
}