{
    "year": 2021,
    "month": 6,
    "day": 28,
    "hour": 15,
    "minute": 20,
    "temp": 28.06553615960098,
    "ntu": 477.3715710723192
}