{
    "year": 2021,
    "month": 6,
    "day": 6,
    "hour": 14,
    "minute": 55,
    "temp": 28.985707196029892,
    "ntu": 533.3598014888338
}