{
    "year": 2021,
    "month": 5,
    "day": 13,
    "hour": 14,
    "minute": 55,
    "temp": 30.112853598014734,
    "ntu": 850.6724565756824
}