{
    "year": 2021,
    "month": 6,
    "day": 3,
    "hour": 2,
    "minute": 20,
    "temp": 27.701191066997538,
    "ntu": -7.930521091811414
}