{
    "year": 2021,
    "month": 4,
    "day": 30,
    "hour": 6,
    "minute": 0,
    "temp": 24.513250620347396,
    "ntu": 174.81141439205956
}