{
    "year": 2021,
    "month": 6,
    "day": 7,
    "hour": 18,
    "minute": 55,
    "temp": 28.194466501240704,
    "ntu": 521.9478908188586
}