{
    "year": 2021,
    "month": 5,
    "day": 9,
    "hour": 13,
    "minute": 35,
    "temp": 30.444888337469106,
    "ntu": 787.0198511166253
}