{
    "year": 2021,
    "month": 6,
    "day": 8,
    "hour": 13,
    "minute": 55,
    "temp": 28.702332506203494,
    "ntu": 491.575682382134
}