{
    "year": 2021,
    "month": 6,
    "day": 26,
    "hour": 21,
    "minute": 55,
    "temp": 28.557014925373135,
    "ntu": 540.5696517412936
}