{
    "year": 2021,
    "month": 6,
    "day": 30,
    "hour": 12,
    "minute": 40,
    "temp": 28.190000000000012,
    "ntu": 479.30423940149626
}