{
    "year": 2021,
    "month": 5,
    "day": 23,
    "hour": 3,
    "minute": 15,
    "temp": 28.153424317617787,
    "ntu": 4.287841191066997
}