{
    "year": 2021,
    "month": 6,
    "day": 12,
    "hour": 10,
    "minute": 0,
    "temp": 28.990671641790918,
    "ntu": 323.90796019900495
}