{
    "year": 2021,
    "month": 6,
    "day": 23,
    "hour": 20,
    "minute": 5,
    "temp": 28.36341645885294,
    "ntu": 338.1720698254364
}