{
    "year": 2021,
    "month": 6,
    "day": 11,
    "hour": 8,
    "minute": 30,
    "temp": 28.372935323383135,
    "ntu": -182.66169154228857
}