{
    "year": 2021,
    "month": 6,
    "day": 7,
    "hour": 10,
    "minute": 55,
    "temp": 28.00283582089552,
    "ntu": 505.1044776119403
}