{
    "year": 2021,
    "month": 6,
    "day": 26,
    "hour": 17,
    "minute": 55,
    "temp": 28.599104477611846,
    "ntu": 472.6119402985075
}