{
    "year": 2021,
    "month": 6,
    "day": 9,
    "hour": 0,
    "minute": 40,
    "temp": 28.56029776674947,
    "ntu": -7.310173697270471
}