{
    "year": 2021,
    "month": 5,
    "day": 22,
    "hour": 19,
    "minute": 55,
    "temp": 28.723052109181026,
    "ntu": 355.4317617866005
}