{
    "year": 2021,
    "month": 5,
    "day": 17,
    "hour": 1,
    "minute": 5,
    "temp": 30.25367245657585,
    "ntu": -2.2431761786600495
}