{
    "year": 2021,
    "month": 4,
    "day": 29,
    "hour": 15,
    "minute": 40,
    "temp": 29.216550868486426,
    "ntu": 816.4962779156327
}