{
    "year": 2021,
    "month": 5,
    "day": 3,
    "hour": 5,
    "minute": 5,
    "temp": 24.310000000000063,
    "ntu": 7.277915632754342
}