{
    "year": 2021,
    "month": 5,
    "day": 19,
    "hour": 21,
    "minute": 45,
    "temp": 30.48076923076918,
    "ntu": 487.05955334987596
}