{
    "year": 2021,
    "month": 5,
    "day": 16,
    "hour": 11,
    "minute": 35,
    "temp": 30.998064516128963,
    "ntu": 668.9925558312655
}