{
    "year": 2021,
    "month": 5,
    "day": 20,
    "hour": 13,
    "minute": 20,
    "temp": 30.371910669975378,
    "ntu": 436.1786600496278
}