{
    "year": 2021,
    "month": 6,
    "day": 17,
    "hour": 7,
    "minute": 35,
    "temp": 28.186932668329238,
    "ntu": 33.8354114713217
}