{
    "year": 2021,
    "month": 5,
    "day": 28,
    "hour": 7,
    "minute": 20,
    "temp": 27.70054590570719,
    "ntu": 197.5682382133995
}