{
    "year": 2021,
    "month": 4,
    "day": 12,
    "hour": 14,
    "minute": 59,
    "temp": 24.30999999999998,
    "tds": 1404.2693939393941,
    "ph": 2.887272727272729,
    "ntu": 3000.0
}