{
    "year": 2021,
    "month": 6,
    "day": 26,
    "hour": 2,
    "minute": 20,
    "temp": 28.016417910447753,
    "ntu": -4.557213930348259
}