{
    "year": 2021,
    "month": 5,
    "day": 3,
    "hour": 10,
    "minute": 25,
    "temp": 30.976534653465496,
    "ntu": 532.0767326732673
}