{
    "year": 2021,
    "month": 5,
    "day": 23,
    "hour": 22,
    "minute": 15,
    "temp": 28.846600496277773,
    "ntu": 489.863523573201
}