{
    "year": 2021,
    "month": 5,
    "day": 15,
    "hour": 14,
    "minute": 40,
    "temp": 31.24553349875944,
    "ntu": 816.0421836228288
}