{
    "year": 2021,
    "month": 6,
    "day": 27,
    "hour": 7,
    "minute": 45,
    "temp": 28.42009975062354,
    "ntu": -62.67581047381546
}