{
    "year": 2021,
    "month": 6,
    "day": 16,
    "hour": 20,
    "minute": 5,
    "temp": 28.815087281795552,
    "ntu": 464.20947630922694
}