{
    "year": 2021,
    "month": 5,
    "day": 29,
    "hour": 13,
    "minute": 30,
    "temp": 28.902878411910844,
    "ntu": 733.1637717121588
}