{
    "year": 2021,
    "month": 6,
    "day": 2,
    "hour": 15,
    "minute": 15,
    "temp": 28.87843672456578,
    "ntu": 374.59057071960297
}