{
    "year": 2021,
    "month": 6,
    "day": 18,
    "hour": 0,
    "minute": 55,
    "temp": 28.32223880597013,
    "ntu": 448.63432835820896
}