{
    "year": 2021,
    "month": 6,
    "day": 16,
    "hour": 23,
    "minute": 5,
    "temp": 29.02214463840403,
    "ntu": 487.24688279301745
}