{
    "year": 2021,
    "month": 5,
    "day": 25,
    "hour": 10,
    "minute": 45,
    "temp": 28.07870646766188,
    "ntu": 616.9900497512438
}