{
    "year": 2021,
    "month": 7,
    "day": 1,
    "hour": 11,
    "minute": 55,
    "temp": 28.8368407960201,
    "ntu": 305.9676616915423
}