{
    "year": 2021,
    "month": 6,
    "day": 26,
    "hour": 6,
    "minute": 50,
    "temp": 29.091965174129378,
    "ntu": -16.597014925373134
}