{
    "year": 2021,
    "month": 6,
    "day": 18,
    "hour": 11,
    "minute": 15,
    "temp": 28.691766169154256,
    "ntu": 397.4378109452736
}