{
    "year": 2021,
    "month": 6,
    "day": 20,
    "hour": 15,
    "minute": 15,
    "temp": 28.844179104477476,
    "ntu": 370.1194029850746
}