{
    "year": 2021,
    "month": 4,
    "day": 11,
    "hour": 14,
    "minute": 59,
    "temp": 30.059999999999974,
    "tds": 1033.6100000000004,
    "ph": 6.213030303030303,
    "ntu": 3000.0
}