{
    "year": 2021,
    "month": 5,
    "day": 7,
    "hour": 16,
    "minute": 20,
    "temp": 30.985409429280384,
    "ntu": 754.8560794044665
}