{
    "year": 2021,
    "month": 5,
    "day": 8,
    "hour": 20,
    "minute": 25,
    "temp": 29.812084367245728,
    "ntu": 830.2605459057072
}