{
    "year": 2021,
    "month": 6,
    "day": 22,
    "hour": 4,
    "minute": 5,
    "temp": 28.71358208955227,
    "ntu": -17.86318407960199
}