{
    "year": 2021,
    "month": 5,
    "day": 17,
    "hour": 20,
    "minute": 35,
    "temp": 31.4537313432837,
    "ntu": 131.80597014925374
}