{
    "year": 2021,
    "month": 4,
    "day": 29,
    "hour": 9,
    "minute": 45,
    "temp": 24.85898263027303,
    "ntu": 626.9280397022333
}