{
    "year": 2021,
    "month": 6,
    "day": 6,
    "hour": 4,
    "minute": 45,
    "temp": 28.93992537313445,
    "ntu": -42.46517412935324
}