{
    "year": 2021,
    "month": 5,
    "day": 16,
    "hour": 7,
    "minute": 35,
    "temp": 31.991215880893307,
    "ntu": 815.7568238213399
}