{
    "year": 2021,
    "month": 6,
    "day": 8,
    "hour": 4,
    "minute": 50,
    "temp": 28.810024813895872,
    "ntu": -71.11414392059554
}