{
    "year": 2021,
    "month": 5,
    "day": 16,
    "hour": 4,
    "minute": 40,
    "temp": 31.27374689826322,
    "ntu": 13.347394540942927
}