{
    "year": 2021,
    "month": 4,
    "day": 24,
    "hour": 13,
    "minute": 59,
    "temp": 29.98478873239438,
    "ntu": -99.32394366197182
}