{
    "year": 2021,
    "month": 6,
    "day": 7,
    "hour": 5,
    "minute": 35,
    "temp": 29.716823821340025,
    "ntu": -82.25558312655087
}