{
    "year": 2021,
    "month": 6,
    "day": 13,
    "hour": 4,
    "minute": 40,
    "temp": 28.076079404466498,
    "ntu": -32.37717121588089
}