{
    "year": 2021,
    "month": 6,
    "day": 1,
    "hour": 1,
    "minute": 55,
    "temp": 28.245980148883483,
    "ntu": -6.813895781637717
}