{
    "year": 2021,
    "month": 5,
    "day": 12,
    "hour": 22,
    "minute": 20,
    "temp": 29.70477611940284,
    "ntu": 822.9029850746268
}