{
    "year": 2021,
    "month": 6,
    "day": 3,
    "hour": 17,
    "minute": 10,
    "temp": 28.25625310173697,
    "ntu": 474.3771712158809
}