{
    "year": 2021,
    "month": 5,
    "day": 19,
    "hour": 7,
    "minute": 55,
    "temp": 29.99402985074623,
    "ntu": 489.7910447761194
}