{
    "year": 2021,
    "month": 6,
    "day": 24,
    "hour": 1,
    "minute": 0,
    "temp": 28.19074626865673,
    "ntu": 351.5547263681592
}