{
    "year": 2021,
    "month": 6,
    "day": 28,
    "hour": 0,
    "minute": 25,
    "temp": 28.74892768079805,
    "ntu": 512.9725685785536
}