{
    "year": 2021,
    "month": 6,
    "day": 19,
    "hour": 18,
    "minute": 50,
    "temp": 28.708805970149275,
    "ntu": 385.1169154228856
}