{
    "year": 2021,
    "month": 5,
    "day": 9,
    "hour": 12,
    "minute": 55,
    "temp": 30.740769230769217,
    "ntu": 744.439205955335
}