{
    "year": 2021,
    "month": 6,
    "day": 10,
    "hour": 16,
    "minute": 35,
    "temp": 28.19937965260547,
    "ntu": 402.5409429280397
}