{
    "year": 2021,
    "month": 6,
    "day": 23,
    "hour": 20,
    "minute": 25,
    "temp": 28.28925373134334,
    "ntu": 338.00995024875624
}