{
    "year": 2021,
    "month": 6,
    "day": 6,
    "hour": 22,
    "minute": 40,
    "temp": 28.77507462686568,
    "ntu": 601.6019900497513
}