{
    "year": 2021,
    "month": 4,
    "day": 30,
    "hour": 1,
    "minute": 5,
    "temp": 30.662208436724605,
    "ntu": 0.8014888337468983
}