{
    "year": 2021,
    "month": 5,
    "day": 9,
    "hour": 6,
    "minute": 45,
    "temp": 30.656467661691583,
    "ntu": 802.9303482587064
}