{
    "year": 2021,
    "month": 5,
    "day": 9,
    "hour": 1,
    "minute": 40,
    "temp": 29.371761786600405,
    "ntu": -0.9205955334987593
}