{
    "year": 2021,
    "month": 6,
    "day": 9,
    "hour": 4,
    "minute": 15,
    "temp": 28.11699751861026,
    "ntu": -73.22332506203475
}