{
    "year": 2021,
    "month": 6,
    "day": 17,
    "hour": 0,
    "minute": 5,
    "temp": 28.129004975124523,
    "ntu": 485.0995024875622
}