{
    "year": 2021,
    "month": 4,
    "day": 30,
    "hour": 9,
    "minute": 45,
    "temp": 24.620338164251287,
    "ntu": 601.0217391304348
}