{
    "year": 2021,
    "month": 6,
    "day": 13,
    "hour": 8,
    "minute": 45,
    "temp": 28.115062034739385,
    "ntu": 324.40694789081886
}