{
    "year": 2021,
    "month": 5,
    "day": 26,
    "hour": 9,
    "minute": 55,
    "temp": 28.337263681591946,
    "ntu": 766.8731343283582
}