{
    "year": 2021,
    "month": 5,
    "day": 29,
    "hour": 21,
    "minute": 15,
    "temp": 28.143325062034876,
    "ntu": 818.516129032258
}