{
    "year": 2021,
    "month": 6,
    "day": 12,
    "hour": 14,
    "minute": 50,
    "temp": 28.379305210918275,
    "ntu": 357.06451612903226
}