{
    "year": 2021,
    "month": 5,
    "day": 5,
    "hour": 13,
    "minute": 20,
    "temp": 31.005806451612933,
    "ntu": 825.2332506203473
}