{
    "year": 2021,
    "month": 6,
    "day": 1,
    "hour": 18,
    "minute": 25,
    "temp": 28.066401985111657,
    "ntu": 363.424317617866
}