{
    "year": 2021,
    "month": 6,
    "day": 27,
    "hour": 17,
    "minute": 25,
    "temp": 27.999701492537316,
    "ntu": 523.1293532338309
}