{
    "year": 2021,
    "month": 6,
    "day": 3,
    "hour": 0,
    "minute": 5,
    "temp": 28.29320895522419,
    "ntu": 524.7437810945273
}