{
    "year": 2021,
    "month": 5,
    "day": 31,
    "hour": 13,
    "minute": 55,
    "temp": 28.428784119106787,
    "ntu": 796.9205955334987
}