{
    "year": 2021,
    "month": 7,
    "day": 1,
    "hour": 22,
    "minute": 10,
    "temp": 28.05074626865675,
    "ntu": 413.02985074626866
}