{
    "year": 2021,
    "month": 5,
    "day": 13,
    "hour": 1,
    "minute": 10,
    "temp": 29.43009950248761,
    "ntu": -1.3159203980099503
}