{
    "year": 2021,
    "month": 5,
    "day": 21,
    "hour": 4,
    "minute": 0,
    "temp": 30.79007444168748,
    "ntu": 2.635235732009926
}