{
    "year": 2021,
    "month": 4,
    "day": 30,
    "hour": 3,
    "minute": 45,
    "temp": 26.232878411910725,
    "ntu": 0.6104218362282878
}