{
    "year": 2021,
    "month": 5,
    "day": 19,
    "hour": 1,
    "minute": 45,
    "temp": 29.197543424317672,
    "ntu": 149.1985111662531
}