{
    "year": 2021,
    "month": 5,
    "day": 9,
    "hour": 19,
    "minute": 25,
    "temp": 30.73079404466502,
    "ntu": 816.2258064516129
}