{
    "year": 2021,
    "month": 5,
    "day": 31,
    "hour": 15,
    "minute": 55,
    "temp": 28.091985111662705,
    "ntu": 709.3498759305211
}