{
    "year": 2021,
    "month": 5,
    "day": 16,
    "hour": 13,
    "minute": 50,
    "temp": 31.483176178660074,
    "ntu": 764.9454094292804
}