{
    "year": 2021,
    "month": 5,
    "day": 1,
    "hour": 12,
    "minute": 45,
    "temp": 29.457915632754176,
    "ntu": 658.2406947890819
}