{
    "year": 2021,
    "month": 6,
    "day": 25,
    "hour": 2,
    "minute": 40,
    "temp": 29.72462686567176,
    "ntu": -7.6318407960199
}