{
    "year": 2021,
    "month": 5,
    "day": 10,
    "hour": 6,
    "minute": 40,
    "temp": 30.770992555831267,
    "ntu": 835.5831265508685
}