{
    "year": 2021,
    "month": 6,
    "day": 8,
    "hour": 19,
    "minute": 25,
    "temp": 28.039402985074716,
    "ntu": 525.9402985074627
}