{
    "year": 2021,
    "month": 5,
    "day": 29,
    "hour": 21,
    "minute": 55,
    "temp": 28.936029776675017,
    "ntu": 828.5334987593052
}