{
    "year": 2021,
    "month": 5,
    "day": 20,
    "hour": 9,
    "minute": 15,
    "temp": 30.968656716417836,
    "ntu": 444.6393034825871
}