{
    "year": 2021,
    "month": 5,
    "day": 8,
    "hour": 2,
    "minute": 25,
    "temp": 30.177189054726323,
    "ntu": -0.6791044776119403
}