{
    "year": 2021,
    "month": 6,
    "day": 19,
    "hour": 2,
    "minute": 15,
    "temp": 28.02663341645887,
    "ntu": -4.029925187032419
}