{
    "year": 2021,
    "month": 5,
    "day": 26,
    "hour": 12,
    "minute": 5,
    "temp": 27.9989578163772,
    "ntu": 743.9007444168734
}