{
    "year": 2021,
    "month": 5,
    "day": 10,
    "hour": 18,
    "minute": 20,
    "temp": 29.34855721393053,
    "ntu": 822.4776119402985
}