{
    "year": 2021,
    "month": 5,
    "day": 17,
    "hour": 9,
    "minute": 40,
    "temp": 31.910794044665014,
    "ntu": 756.7593052109181
}