{
    "year": 2021,
    "month": 5,
    "day": 8,
    "hour": 22,
    "minute": 10,
    "temp": 30.071513647642842,
    "ntu": 410.1290322580645
}