{
    "year": 2021,
    "month": 5,
    "day": 31,
    "hour": 13,
    "minute": 0,
    "temp": 28.030149253731395,
    "ntu": 743.9253731343283
}