{
    "year": 2021,
    "month": 5,
    "day": 24,
    "hour": 3,
    "minute": 5,
    "temp": 28.591736972704858,
    "ntu": 2.704714640198511
}