{
    "year": 2021,
    "month": 5,
    "day": 25,
    "hour": 7,
    "minute": 25,
    "temp": 29.256997518610483,
    "ntu": 623.5086848635236
}