{
    "year": 2021,
    "month": 6,
    "day": 26,
    "hour": 0,
    "minute": 10,
    "temp": 28.060298507462676,
    "ntu": 544.8034825870647
}