{
    "year": 2021,
    "month": 5,
    "day": 21,
    "hour": 21,
    "minute": 50,
    "temp": 28.002828784119107,
    "ntu": 636.8709677419355
}