{
    "year": 2021,
    "month": 5,
    "day": 17,
    "hour": 10,
    "minute": 30,
    "temp": 31.066699751861055,
    "ntu": 782.9106699751861
}