{
    "year": 2021,
    "month": 5,
    "day": 8,
    "hour": 14,
    "minute": 25,
    "temp": 29.770397022332542,
    "ntu": 759.848635235732
}