{
    "year": 2021,
    "month": 5,
    "day": 12,
    "hour": 23,
    "minute": 40,
    "temp": 30.39588089330034,
    "ntu": -1.9702233250620347
}