{
    "year": 2021,
    "month": 6,
    "day": 18,
    "hour": 18,
    "minute": 35,
    "temp": 28.742537313432905,
    "ntu": 391.80845771144277
}