{
    "year": 2021,
    "month": 5,
    "day": 12,
    "hour": 14,
    "minute": 20,
    "temp": 30.798833746898364,
    "ntu": 770.5111662531017
}