{
    "year": 2021,
    "month": 6,
    "day": 3,
    "hour": 10,
    "minute": 40,
    "temp": 28.86538461538451,
    "ntu": 423.3151364764268
}