{
    "year": 2021,
    "month": 5,
    "day": 9,
    "hour": 4,
    "minute": 5,
    "temp": 28.399454094292725,
    "ntu": -0.3002481389578164
}