{
    "year": 2021,
    "month": 4,
    "day": 28,
    "hour": 20,
    "minute": 6,
    "temp": 30.652088888888848,
    "ntu": 861.6177777777777
}