{
    "year": 2021,
    "month": 6,
    "day": 14,
    "hour": 8,
    "minute": 45,
    "temp": 28.36094292803966,
    "ntu": 70.00248138957816
}