{
    "year": 2021,
    "month": 5,
    "day": 20,
    "hour": 12,
    "minute": 30,
    "temp": 30.898511166253197,
    "ntu": 428.3200992555831
}