{
    "year": 2021,
    "month": 5,
    "day": 27,
    "hour": 18,
    "minute": 40,
    "temp": 28.189379652605485,
    "ntu": 765.0794044665013
}