{
    "year": 2021,
    "month": 5,
    "day": 3,
    "hour": 13,
    "minute": 5,
    "temp": 30.80151364764296,
    "ntu": 679.6799007444168
}