{
    "year": 2021,
    "month": 6,
    "day": 29,
    "hour": 3,
    "minute": 30,
    "temp": 28.424950248756343,
    "ntu": -36.788557213930346
}