{
    "year": 2021,
    "month": 5,
    "day": 26,
    "hour": 23,
    "minute": 15,
    "temp": 28.804342431762073,
    "ntu": 745.1017369727048
}