{
    "year": 2021,
    "month": 6,
    "day": 23,
    "hour": 7,
    "minute": 20,
    "temp": 28.763432835820886,
    "ntu": 28.776119402985074
}