{
    "year": 2021,
    "month": 6,
    "day": 26,
    "hour": 22,
    "minute": 20,
    "temp": 28.380447761194198,
    "ntu": 543.5373134328358
}