{
    "year": 2021,
    "month": 6,
    "day": 21,
    "hour": 0,
    "minute": 40,
    "temp": 28.029027431421476,
    "ntu": 406.79800498753116
}