{
    "year": 2021,
    "month": 5,
    "day": 13,
    "hour": 21,
    "minute": 5,
    "temp": 31.401144278607028,
    "ntu": 804.276119402985
}