{
    "year": 2021,
    "month": 6,
    "day": 10,
    "hour": 1,
    "minute": 40,
    "temp": 28.79511166253113,
    "ntu": -7.143920595533499
}