{
    "year": 2021,
    "month": 6,
    "day": 24,
    "hour": 14,
    "minute": 10,
    "temp": 28.93912935323386,
    "ntu": 307.89800995024876
}