{
    "year": 2021,
    "month": 5,
    "day": 1,
    "hour": 13,
    "minute": 5,
    "temp": 30.234888337468973,
    "ntu": 642.3002481389578
}