{
    "year": 2021,
    "month": 5,
    "day": 6,
    "hour": 9,
    "minute": 15,
    "temp": 30.20215880893291,
    "ntu": 781.6029776674937
}