{
    "year": 2021,
    "month": 5,
    "day": 5,
    "hour": 19,
    "minute": 35,
    "temp": 31.02450495049514,
    "ntu": 856.6336633663366
}