{
    "year": 2021,
    "month": 5,
    "day": 2,
    "hour": 12,
    "minute": 30,
    "temp": 29.911861042183546,
    "ntu": 640.4292803970224
}