{
    "year": 2021,
    "month": 6,
    "day": 28,
    "hour": 23,
    "minute": 0,
    "temp": 28.07298507462684,
    "ntu": 528.6940298507462
}