{
    "year": 2021,
    "month": 6,
    "day": 22,
    "hour": 13,
    "minute": 45,
    "temp": 28.267955112219457,
    "ntu": 372.72319201995015
}