{
    "year": 2021,
    "month": 5,
    "day": 29,
    "hour": 0,
    "minute": 35,
    "temp": 27.85529850746255,
    "ntu": -1.300995024875622
}