{
    "year": 2021,
    "month": 6,
    "day": 8,
    "hour": 14,
    "minute": 15,
    "temp": 28.382313432835918,
    "ntu": 480.0845771144279
}