{
    "year": 2021,
    "month": 6,
    "day": 29,
    "hour": 1,
    "minute": 20,
    "temp": 28.439825870646782,
    "ntu": 529.9278606965174
}