{
    "year": 2021,
    "month": 6,
    "day": 18,
    "hour": 3,
    "minute": 5,
    "temp": 28.294477611940398,
    "ntu": -7.731343283582089
}