{
    "year": 2021,
    "month": 6,
    "day": 13,
    "hour": 2,
    "minute": 30,
    "temp": 28.503855721393208,
    "ntu": -9.651741293532337
}