{
    "year": 2021,
    "month": 5,
    "day": 20,
    "hour": 18,
    "minute": 55,
    "temp": 30.037574257425817,
    "ntu": 506.9480198019802
}