{
    "year": 2021,
    "month": 5,
    "day": 2,
    "hour": 22,
    "minute": 55,
    "temp": 27.408014888337586,
    "ntu": -0.26054590570719605
}