{
    "year": 2021,
    "month": 5,
    "day": 31,
    "hour": 18,
    "minute": 55,
    "temp": 28.123821339950528,
    "ntu": 483.1985111662531
}