{
    "year": 2021,
    "month": 5,
    "day": 5,
    "hour": 21,
    "minute": 20,
    "temp": 30.046302729528747,
    "ntu": 877.4937965260546
}