{
    "year": 2021,
    "month": 6,
    "day": 7,
    "hour": 14,
    "minute": 30,
    "temp": 28.53498759305216,
    "ntu": 463.9950372208437
}