{
    "year": 2021,
    "month": 5,
    "day": 29,
    "hour": 16,
    "minute": 45,
    "temp": 28.537965260546,
    "ntu": 715.1736972704715
}