{
    "year": 2021,
    "month": 5,
    "day": 10,
    "hour": 13,
    "minute": 40,
    "temp": 31.001343283582084,
    "ntu": 841.8134328358209
}