{
    "year": 2021,
    "month": 5,
    "day": 31,
    "hour": 5,
    "minute": 25,
    "temp": 27.994342431761865,
    "ntu": 4.600496277915632
}