{
    "year": 2021,
    "month": 6,
    "day": 10,
    "hour": 4,
    "minute": 5,
    "temp": 28.343945409429182,
    "ntu": -53.30024813895782
}