{
    "year": 2021,
    "month": 6,
    "day": 3,
    "hour": 14,
    "minute": 15,
    "temp": 28.13816377171225,
    "ntu": 458.9478908188586
}