{
    "year": 2021,
    "month": 6,
    "day": 13,
    "hour": 21,
    "minute": 0,
    "temp": 28.08962779156318,
    "ntu": 291.24317617866006
}