{
    "year": 2021,
    "month": 5,
    "day": 18,
    "hour": 2,
    "minute": 30,
    "temp": 29.666674937965404,
    "ntu": -7.960297766749379
}