{
    "year": 2021,
    "month": 6,
    "day": 1,
    "hour": 3,
    "minute": 35,
    "temp": 28.827419354838977,
    "ntu": -15.275434243176178
}