{
    "year": 2021,
    "month": 6,
    "day": 24,
    "hour": 23,
    "minute": 50,
    "temp": 28.502985074626867,
    "ntu": 362.39800995024876
}