{
    "year": 2021,
    "month": 6,
    "day": 29,
    "hour": 15,
    "minute": 5,
    "temp": 28.23835820895527,
    "ntu": 456.05223880597015
}