{
    "year": 2021,
    "month": 4,
    "day": 11,
    "hour": 19,
    "minute": 59,
    "temp": 27.86272727272727,
    "tds": 1112.9266666666665,
    "ph": 6.637272727272722,
    "ntu": 3000.0
}