{
    "year": 2021,
    "month": 6,
    "day": 22,
    "hour": 14,
    "minute": 15,
    "temp": 28.060595533498745,
    "ntu": 366.258064516129
}