{
    "year": 2021,
    "month": 6,
    "day": 12,
    "hour": 5,
    "minute": 25,
    "temp": 27.689776674937974,
    "ntu": -122.03225806451613
}