{
    "year": 2021,
    "month": 5,
    "day": 19,
    "hour": 13,
    "minute": 55,
    "temp": 30.745970149253793,
    "ntu": 447.60696517412936
}