{
    "year": 2021,
    "month": 6,
    "day": 19,
    "hour": 9,
    "minute": 55,
    "temp": 28.33522388059695,
    "ntu": 364.2985074626866
}