{
    "year": 2021,
    "month": 5,
    "day": 19,
    "hour": 10,
    "minute": 15,
    "temp": 30.56692307692343,
    "ntu": 479.2258064516129
}