{
    "year": 2021,
    "month": 6,
    "day": 26,
    "hour": 8,
    "minute": 5,
    "temp": 28.19643391521198,
    "ntu": 68.71571072319202
}