{
    "year": 2021,
    "month": 6,
    "day": 13,
    "hour": 19,
    "minute": 50,
    "temp": 28.996327543424194,
    "ntu": 271.0967741935484
}