{
    "year": 2021,
    "month": 6,
    "day": 24,
    "hour": 15,
    "minute": 35,
    "temp": 28.45241895261847,
    "ntu": 312.8229426433915
}