{
    "year": 2021,
    "month": 6,
    "day": 17,
    "hour": 21,
    "minute": 45,
    "temp": 28.27298507462687,
    "ntu": 446.5273631840796
}