{
    "year": 2021,
    "month": 5,
    "day": 29,
    "hour": 4,
    "minute": 45,
    "temp": 29.01066997518629,
    "ntu": 9.73697270471464
}