{
    "year": 2021,
    "month": 5,
    "day": 2,
    "hour": 12,
    "minute": 45,
    "temp": 30.436707920792138,
    "ntu": 626.0891089108911
}