{
    "year": 2021,
    "month": 6,
    "day": 20,
    "hour": 21,
    "minute": 55,
    "temp": 28.53626865671649,
    "ntu": 402.05721393034827
}