{
    "year": 2021,
    "month": 5,
    "day": 13,
    "hour": 4,
    "minute": 40,
    "temp": 30.792133995037233,
    "ntu": 14.746898263027296
}