{
    "year": 2021,
    "month": 6,
    "day": 21,
    "hour": 2,
    "minute": 25,
    "temp": 28.000298507462684,
    "ntu": -3.3930348258706466
}