{
    "year": 2021,
    "month": 5,
    "day": 30,
    "hour": 4,
    "minute": 55,
    "temp": 28.634640198511057,
    "ntu": 11.05955334987593
}