{
    "year": 2021,
    "month": 5,
    "day": 26,
    "hour": 13,
    "minute": 20,
    "temp": 28.56387096774202,
    "ntu": 738.2605459057072
}