{
    "year": 2021,
    "month": 6,
    "day": 25,
    "hour": 12,
    "minute": 40,
    "temp": 28.080648379052324,
    "ntu": 317.286783042394
}