{
    "year": 2021,
    "month": 6,
    "day": 24,
    "hour": 21,
    "minute": 20,
    "temp": 28.120000000000154,
    "ntu": 357.30348258706465
}