{
    "year": 2021,
    "month": 6,
    "day": 30,
    "hour": 21,
    "minute": 5,
    "temp": 28.033067331670914,
    "ntu": 326.3092269326683
}