{
    "year": 2021,
    "month": 6,
    "day": 17,
    "hour": 22,
    "minute": 55,
    "temp": 28.598656716417757,
    "ntu": 450.9875621890547
}