{
    "year": 2021,
    "month": 5,
    "day": 9,
    "hour": 7,
    "minute": 25,
    "temp": 30.87446650124057,
    "ntu": 811.5682382133995
}