{
    "year": 2021,
    "month": 5,
    "day": 6,
    "hour": 8,
    "minute": 20,
    "temp": 29.410495049505062,
    "ntu": 867.2648514851485
}