{
    "year": 2021,
    "month": 5,
    "day": 15,
    "hour": 8,
    "minute": 40,
    "temp": 31.260868486352237,
    "ntu": 781.5359801488834
}