{
    "year": 2021,
    "month": 6,
    "day": 14,
    "hour": 1,
    "minute": 30,
    "temp": 29.40533498759317,
    "ntu": -6.424317617866005
}