{
    "year": 2021,
    "month": 5,
    "day": 11,
    "hour": 16,
    "minute": 40,
    "temp": 30.123672456575587,
    "ntu": 836.7369727047146
}