{
    "year": 2021,
    "month": 6,
    "day": 5,
    "hour": 19,
    "minute": 20,
    "temp": 27.999850746268653,
    "ntu": 513.7960199004975
}