{
    "year": 2021,
    "month": 5,
    "day": 29,
    "hour": 18,
    "minute": 55,
    "temp": 28.624726368159262,
    "ntu": 678.0149253731344
}