{
    "year": 2021,
    "month": 5,
    "day": 9,
    "hour": 8,
    "minute": 45,
    "temp": 29.3312935323386,
    "ntu": 707.6716417910447
}