{
    "year": 2021,
    "month": 5,
    "day": 12,
    "hour": 7,
    "minute": 55,
    "temp": 29.36205955334971,
    "ntu": 801.2903225806451
}