{
    "year": 2021,
    "month": 5,
    "day": 8,
    "hour": 16,
    "minute": 25,
    "temp": 30.856079404466705,
    "ntu": 773.379652605459
}