{
    "year": 2021,
    "month": 5,
    "day": 16,
    "hour": 19,
    "minute": 20,
    "temp": 31.826947890818804,
    "ntu": 836.6401985111662
}