{
    "year": 2021,
    "month": 5,
    "day": 10,
    "hour": 13,
    "minute": 45,
    "temp": 31.036327543424406,
    "ntu": 857.0893300248139
}