{
    "year": 2021,
    "month": 5,
    "day": 9,
    "hour": 18,
    "minute": 40,
    "temp": 29.83462686567172,
    "ntu": 805.7537313432836
}