{
    "year": 2021,
    "month": 6,
    "day": 27,
    "hour": 6,
    "minute": 35,
    "temp": 28.799701492537334,
    "ntu": -58.649253731343286
}