{
    "year": 2021,
    "month": 5,
    "day": 26,
    "hour": 19,
    "minute": 30,
    "temp": 28.0704962779158,
    "ntu": 735.6327543424318
}