{
    "year": 2021,
    "month": 5,
    "day": 1,
    "hour": 22,
    "minute": 25,
    "temp": 29.29019851116636,
    "ntu": 805.4044665012407
}