{
    "year": 2021,
    "month": 5,
    "day": 3,
    "hour": 22,
    "minute": 50,
    "temp": 28.54645161290331,
    "ntu": -0.4491315136476427
}