{
    "year": 2021,
    "month": 4,
    "day": 19,
    "hour": 21,
    "minute": 59,
    "temp": 28.059999999999977,
    "tds": 1117.23,
    "ph": 3.008181818181818,
    "ntu": 3000.0
}