{
    "year": 2021,
    "month": 6,
    "day": 7,
    "hour": 2,
    "minute": 30,
    "temp": 28.608734491314983,
    "ntu": -11.459057071960297
}