{
    "year": 2021,
    "month": 5,
    "day": 29,
    "hour": 7,
    "minute": 5,
    "temp": 28.362605459056926,
    "ntu": 83.37965260545906
}