{
    "year": 2021,
    "month": 6,
    "day": 9,
    "hour": 23,
    "minute": 35,
    "temp": 28.34516129032272,
    "ntu": 538.7642679900745
}