{
    "year": 2021,
    "month": 5,
    "day": 19,
    "hour": 16,
    "minute": 10,
    "temp": 30.981985111662688,
    "ntu": 486.1290322580645
}