{
    "year": 2021,
    "month": 6,
    "day": 17,
    "hour": 18,
    "minute": 40,
    "temp": 28.160398009950384,
    "ntu": 411.0547263681592
}