{
    "year": 2021,
    "month": 5,
    "day": 22,
    "hour": 11,
    "minute": 40,
    "temp": 28.026203473945422,
    "ntu": 211.63771712158808
}