{
    "year": 2021,
    "month": 5,
    "day": 3,
    "hour": 2,
    "minute": 15,
    "temp": 24.865086848635247,
    "ntu": -0.15632754342431762
}