{
    "year": 2021,
    "month": 6,
    "day": 20,
    "hour": 15,
    "minute": 0,
    "temp": 29.041641791044867,
    "ntu": 374.65671641791045
}