{
    "year": 2021,
    "month": 6,
    "day": 29,
    "hour": 6,
    "minute": 20,
    "temp": 27.93825436408979,
    "ntu": -83.72319201995012
}