{
    "year": 2021,
    "month": 4,
    "day": 29,
    "hour": 18,
    "minute": 0,
    "temp": 30.962034739454,
    "ntu": 366.9106699751861
}