{
    "year": 2021,
    "month": 5,
    "day": 4,
    "hour": 8,
    "minute": 25,
    "temp": 29.03089108910891,
    "ntu": 530.3168316831683
}