{
    "year": 2021,
    "month": 4,
    "day": 10,
    "hour": 8,
    "minute": 59,
    "temp": 28.811818181818158,
    "tds": 1084.93,
    "ph": 3.9587878787878785,
    "ntu": 3000.0
}