{
    "year": 2021,
    "month": 6,
    "day": 2,
    "hour": 16,
    "minute": 50,
    "temp": 28.844838709677266,
    "ntu": 372.11910669975185
}