{
    "year": 2021,
    "month": 5,
    "day": 24,
    "hour": 12,
    "minute": 20,
    "temp": 28.28126550868507,
    "ntu": 394.2109181141439
}