{
    "year": 2021,
    "month": 6,
    "day": 9,
    "hour": 15,
    "minute": 25,
    "temp": 28.21799007444173,
    "ntu": 444.8163771712159
}