{
    "year": 2021,
    "month": 6,
    "day": 12,
    "hour": 17,
    "minute": 15,
    "temp": 28.422555831265356,
    "ntu": 331.93548387096774
}