{
    "year": 2021,
    "month": 5,
    "day": 22,
    "hour": 11,
    "minute": 15,
    "temp": 28.50193548387104,
    "ntu": 226.01985111662532
}