{
    "year": 2021,
    "month": 5,
    "day": 14,
    "hour": 20,
    "minute": 45,
    "temp": 31.617568238213245,
    "ntu": 799.4044665012407
}