{
    "year": 2021,
    "month": 5,
    "day": 9,
    "hour": 1,
    "minute": 20,
    "temp": 30.581641791045012,
    "ntu": -0.9402985074626866
}