{
    "year": 2021,
    "month": 5,
    "day": 27,
    "hour": 16,
    "minute": 50,
    "temp": 28.45697270471466,
    "ntu": 734.786600496278
}