{
    "year": 2021,
    "month": 6,
    "day": 27,
    "hour": 2,
    "minute": 55,
    "temp": 28.971940298507544,
    "ntu": -9.838308457711443
}