{
    "year": 2021,
    "month": 7,
    "day": 1,
    "hour": 8,
    "minute": 40,
    "temp": 29.210895522388093,
    "ntu": -165.20398009950247
}