{
    "year": 2021,
    "month": 6,
    "day": 24,
    "hour": 23,
    "minute": 40,
    "temp": 28.560597014925353,
    "ntu": 363.8681592039801
}