{
    "year": 2021,
    "month": 5,
    "day": 15,
    "hour": 0,
    "minute": 15,
    "temp": 29.795111662531127,
    "ntu": -2.101736972704715
}