{
    "year": 2021,
    "month": 5,
    "day": 1,
    "hour": 15,
    "minute": 55,
    "temp": 29.905434243176224,
    "ntu": 697.1290322580645
}