{
    "year": 2021,
    "month": 6,
    "day": 23,
    "hour": 21,
    "minute": 20,
    "temp": 28.074328358208916,
    "ntu": 345.17164179104475
}