{
    "year": 2021,
    "month": 6,
    "day": 17,
    "hour": 23,
    "minute": 50,
    "temp": 28.25581047381559,
    "ntu": 425.40149625935163
}