{
    "year": 2021,
    "month": 6,
    "day": 12,
    "hour": 23,
    "minute": 50,
    "temp": 29.011761786600495,
    "ntu": 401.4665012406948
}