{
    "year": 2021,
    "month": 6,
    "day": 28,
    "hour": 0,
    "minute": 40,
    "temp": 29.038059701492617,
    "ntu": 544.2139303482587
}