{
    "year": 2021,
    "month": 5,
    "day": 23,
    "hour": 8,
    "minute": 55,
    "temp": 28.220372208436782,
    "ntu": 300.136476426799
}