{
    "year": 2021,
    "month": 6,
    "day": 5,
    "hour": 23,
    "minute": 5,
    "temp": 28.833821339950312,
    "ntu": 593.3076923076923
}