{
    "year": 2021,
    "month": 5,
    "day": 12,
    "hour": 20,
    "minute": 25,
    "temp": 30.23039800995013,
    "ntu": 801.273631840796
}