{
    "year": 2021,
    "month": 5,
    "day": 15,
    "hour": 12,
    "minute": 55,
    "temp": 31.002537313432683,
    "ntu": 717.592039800995
}