{
    "year": 2021,
    "month": 6,
    "day": 26,
    "hour": 0,
    "minute": 0,
    "temp": 28.120000000000154,
    "ntu": 545.9303482587064
}