{
    "year": 2021,
    "month": 5,
    "day": 11,
    "hour": 17,
    "minute": 50,
    "temp": 29.865508684863652,
    "ntu": 812.3672456575682
}