{
    "year": 2021,
    "month": 6,
    "day": 26,
    "hour": 21,
    "minute": 40,
    "temp": 28.64333333333352,
    "ntu": 538.6119402985074
}