{
    "year": 2021,
    "month": 6,
    "day": 29,
    "hour": 7,
    "minute": 30,
    "temp": 28.20552238805971,
    "ntu": -25.917910447761194
}