{
    "year": 2021,
    "month": 6,
    "day": 10,
    "hour": 6,
    "minute": 25,
    "temp": 28.028208955223914,
    "ntu": -169.0547263681592
}