{
    "year": 2021,
    "month": 5,
    "day": 16,
    "hour": 3,
    "minute": 45,
    "temp": 31.515508684863523,
    "ntu": -1.5037220843672456
}