{
    "year": 2021,
    "month": 5,
    "day": 13,
    "hour": 15,
    "minute": 30,
    "temp": 30.781791044776313,
    "ntu": 772.2114427860696
}