{
    "year": 2021,
    "month": 5,
    "day": 31,
    "hour": 17,
    "minute": 30,
    "temp": 29.001318407960074,
    "ntu": 451.31094527363183
}