{
    "year": 2021,
    "month": 6,
    "day": 8,
    "hour": 18,
    "minute": 30,
    "temp": 28.92746898263037,
    "ntu": 509.61290322580646
}