{
    "year": 2021,
    "month": 5,
    "day": 8,
    "hour": 19,
    "minute": 55,
    "temp": 30.59533498759294,
    "ntu": 814.87841191067
}