{
    "year": 2021,
    "month": 5,
    "day": 1,
    "hour": 7,
    "minute": 5,
    "temp": 24.726386138613876,
    "ntu": 216.39851485148515
}