{
    "year": 2021,
    "month": 6,
    "day": 19,
    "hour": 10,
    "minute": 55,
    "temp": 29.01626865671643,
    "ntu": 356.68905472636817
}