{
    "year": 2021,
    "month": 5,
    "day": 25,
    "hour": 18,
    "minute": 20,
    "temp": 26.784800995025105,
    "ntu": 674.8258706467661
}