{
    "year": 2021,
    "month": 5,
    "day": 3,
    "hour": 16,
    "minute": 20,
    "temp": 30.663706467661843,
    "ntu": 754.2437810945273
}