{
    "year": 2021,
    "month": 5,
    "day": 21,
    "hour": 10,
    "minute": 30,
    "temp": 30.74404466501232,
    "ntu": 466.20843672456573
}