{
    "year": 2021,
    "month": 5,
    "day": 20,
    "hour": 12,
    "minute": 15,
    "temp": 30.918114143920743,
    "ntu": 452.6625310173697
}