{
    "year": 2021,
    "month": 6,
    "day": 23,
    "hour": 18,
    "minute": 5,
    "temp": 28.924638403990112,
    "ntu": 318.6633416458853
}