{
    "year": 2021,
    "month": 5,
    "day": 12,
    "hour": 7,
    "minute": 30,
    "temp": 30.118188585607772,
    "ntu": 865.3449131513647
}