{
    "year": 2021,
    "month": 6,
    "day": 19,
    "hour": 18,
    "minute": 40,
    "temp": 28.833731343283517,
    "ntu": 384.6094527363184
}