{
    "year": 2021,
    "month": 6,
    "day": 5,
    "hour": 23,
    "minute": 45,
    "temp": 28.17568238213407,
    "ntu": 595.8560794044665
}