{
    "year": 2021,
    "month": 5,
    "day": 26,
    "hour": 21,
    "minute": 45,
    "temp": 28.996575682382126,
    "ntu": 771.8263027295285
}