{
    "year": 2021,
    "month": 5,
    "day": 22,
    "hour": 2,
    "minute": 15,
    "temp": 27.98900744416884,
    "ntu": 4.3424317617866
}