{
    "year": 2021,
    "month": 6,
    "day": 27,
    "hour": 20,
    "minute": 0,
    "temp": 28.249551122194518,
    "ntu": 519.5336658354115
}