{
    "year": 2021,
    "month": 6,
    "day": 14,
    "hour": 3,
    "minute": 5,
    "temp": 28.37868486352366,
    "ntu": -17.037220843672458
}