{
    "year": 2021,
    "month": 5,
    "day": 20,
    "hour": 15,
    "minute": 35,
    "temp": 30.970297766749365,
    "ntu": 473.8883374689826
}