{
    "year": 2021,
    "month": 5,
    "day": 5,
    "hour": 14,
    "minute": 10,
    "temp": 29.588982630272845,
    "ntu": 836.439205955335
}