{
    "year": 2021,
    "month": 6,
    "day": 12,
    "hour": 2,
    "minute": 15,
    "temp": 28.016972704714632,
    "ntu": -8.364764267990074
}