{
    "year": 2021,
    "month": 5,
    "day": 21,
    "hour": 14,
    "minute": 0,
    "temp": 30.310446650124316,
    "ntu": 499.560794044665
}