{
    "year": 2021,
    "month": 6,
    "day": 4,
    "hour": 7,
    "minute": 45,
    "temp": 28.869677419354755,
    "ntu": -163.60545905707195
}