{
    "year": 2021,
    "month": 6,
    "day": 2,
    "hour": 2,
    "minute": 40,
    "temp": 29.000868486352232,
    "ntu": -7.962779156327543
}