{
    "year": 2021,
    "month": 4,
    "day": 29,
    "hour": 13,
    "minute": 5,
    "temp": 28.422853598014733,
    "ntu": 791.741935483871
}