{
    "year": 2021,
    "month": 5,
    "day": 16,
    "hour": 8,
    "minute": 30,
    "temp": 31.328955223880797,
    "ntu": 659.1890547263681
}