{
    "year": 2021,
    "month": 6,
    "day": 2,
    "hour": 21,
    "minute": 35,
    "temp": 28.83024813895777,
    "ntu": 525.7196029776675
}