{
    "year": 2021,
    "month": 6,
    "day": 19,
    "hour": 9,
    "minute": 10,
    "temp": 28.90952736318423,
    "ntu": 76.7636815920398
}