{
    "year": 2021,
    "month": 5,
    "day": 5,
    "hour": 22,
    "minute": 45,
    "temp": 28.548490099010014,
    "ntu": -0.25495049504950495
}