{
    "year": 2021,
    "month": 6,
    "day": 14,
    "hour": 13,
    "minute": 15,
    "temp": 28.413466334164713,
    "ntu": 241.12967581047383
}