{
    "year": 2021,
    "month": 5,
    "day": 27,
    "hour": 17,
    "minute": 35,
    "temp": 28.634029850746312,
    "ntu": 697.3109452736319
}