{
    "year": 2021,
    "month": 5,
    "day": 4,
    "hour": 3,
    "minute": 0,
    "temp": 28.24176178660059,
    "ntu": -0.337468982630273
}