{
    "year": 2021,
    "month": 5,
    "day": 8,
    "hour": 16,
    "minute": 5,
    "temp": 30.5751861042183,
    "ntu": 757.6054590570719
}