{
    "year": 2021,
    "month": 6,
    "day": 22,
    "hour": 15,
    "minute": 50,
    "temp": 28.53865671641799,
    "ntu": 363.92537313432837
}