{
    "year": 2021,
    "month": 5,
    "day": 22,
    "hour": 19,
    "minute": 40,
    "temp": 28.047816377171507,
    "ntu": 364.3970223325062
}