{
    "year": 2021,
    "month": 5,
    "day": 14,
    "hour": 5,
    "minute": 30,
    "temp": 29.194789081885936,
    "ntu": 95.24069478908189
}