{
    "year": 2021,
    "month": 5,
    "day": 7,
    "hour": 20,
    "minute": 50,
    "temp": 29.01518610421836,
    "ntu": 811.0223325062035
}