{
    "year": 2021,
    "month": 6,
    "day": 10,
    "hour": 20,
    "minute": 5,
    "temp": 28.19831265508686,
    "ntu": 496.96277915632754
}