{
    "year": 2021,
    "month": 5,
    "day": 6,
    "hour": 14,
    "minute": 5,
    "temp": 30.632970297029683,
    "ntu": 827.5074257425742
}