{
    "year": 2021,
    "month": 5,
    "day": 13,
    "hour": 17,
    "minute": 40,
    "temp": 31.502388059701342,
    "ntu": 801.8457711442786
}