{
    "year": 2021,
    "month": 6,
    "day": 27,
    "hour": 10,
    "minute": 15,
    "temp": 28.059999999999988,
    "ntu": 493.1995012468828
}