{
    "year": 2021,
    "month": 5,
    "day": 10,
    "hour": 19,
    "minute": 20,
    "temp": 30.829652605459057,
    "ntu": 903.2605459057072
}