{
    "year": 2021,
    "month": 5,
    "day": 23,
    "hour": 16,
    "minute": 35,
    "temp": 29.04258064516138,
    "ntu": 392.64516129032256
}