{
    "year": 2021,
    "month": 6,
    "day": 21,
    "hour": 13,
    "minute": 15,
    "temp": 28.088507462686476,
    "ntu": 380.089552238806
}