{
    "year": 2021,
    "month": 6,
    "day": 4,
    "hour": 0,
    "minute": 35,
    "temp": 27.77873449131515,
    "ntu": -8.486352357320099
}