{
    "year": 2021,
    "month": 6,
    "day": 7,
    "hour": 10,
    "minute": 10,
    "temp": 28.529181141439246,
    "ntu": 507.3697270471464
}