{
    "year": 2021,
    "month": 6,
    "day": 26,
    "hour": 15,
    "minute": 40,
    "temp": 28.060299251870312,
    "ntu": 473.49625935162095
}