{
    "year": 2021,
    "month": 6,
    "day": 17,
    "hour": 0,
    "minute": 20,
    "temp": 28.05079601990073,
    "ntu": 455.73880597014926
}