{
    "year": 2021,
    "month": 5,
    "day": 5,
    "hour": 19,
    "minute": 30,
    "temp": 30.963821339950282,
    "ntu": 840.9305210918114
}