{
    "year": 2021,
    "month": 6,
    "day": 10,
    "hour": 5,
    "minute": 5,
    "temp": 28.40074441687363,
    "ntu": -85.0545905707196
}