{
    "year": 2021,
    "month": 6,
    "day": 25,
    "hour": 22,
    "minute": 15,
    "temp": 28.747313432835842,
    "ntu": 421.9875621890547
}