{
    "year": 2021,
    "month": 6,
    "day": 10,
    "hour": 16,
    "minute": 40,
    "temp": 28.13654228855739,
    "ntu": 402.43532338308455
}