{
    "year": 2021,
    "month": 5,
    "day": 9,
    "hour": 12,
    "minute": 35,
    "temp": 30.618660049627973,
    "ntu": 750.3523573200993
}