{
    "year": 2021,
    "month": 6,
    "day": 18,
    "hour": 20,
    "minute": 40,
    "temp": 28.535074626865747,
    "ntu": 418.53980099502485
}