{
    "year": 2021,
    "month": 6,
    "day": 24,
    "hour": 0,
    "minute": 25,
    "temp": 28.3597014925373,
    "ntu": 351.40547263681594
}