{
    "year": 2021,
    "month": 7,
    "day": 1,
    "hour": 19,
    "minute": 10,
    "temp": 28.744726368159238,
    "ntu": 328.27363184079604
}