{
    "year": 2021,
    "month": 5,
    "day": 19,
    "hour": 16,
    "minute": 0,
    "temp": 30.853945409429503,
    "ntu": 461.72456575682384
}