{
    "year": 2021,
    "month": 6,
    "day": 16,
    "hour": 20,
    "minute": 25,
    "temp": 28.441791044776153,
    "ntu": 469.32835820895525
}