{
    "year": 2021,
    "month": 5,
    "day": 18,
    "hour": 5,
    "minute": 0,
    "temp": 30.757121588089525,
    "ntu": -23.332506203473944
}