{
    "year": 2021,
    "month": 4,
    "day": 25,
    "hour": 14,
    "minute": 59,
    "temp": 26.86999999999995,
    "ntu": -41.23943661971831
}