{
    "year": 2021,
    "month": 6,
    "day": 24,
    "hour": 12,
    "minute": 10,
    "temp": 28.249850746268653,
    "ntu": 337.50248756218906
}