{
    "year": 2021,
    "month": 6,
    "day": 18,
    "hour": 18,
    "minute": 45,
    "temp": 28.600895522387873,
    "ntu": 396.1119402985075
}