{
    "year": 2021,
    "month": 5,
    "day": 19,
    "hour": 13,
    "minute": 5,
    "temp": 30.039156327543495,
    "ntu": 449.1836228287841
}