{
    "year": 2021,
    "month": 6,
    "day": 28,
    "hour": 1,
    "minute": 25,
    "temp": 28.66597014925385,
    "ntu": 546.542288557214
}