{
    "year": 2021,
    "month": 6,
    "day": 7,
    "hour": 16,
    "minute": 45,
    "temp": 29.05999999999997,
    "ntu": 506.9429280397022
}