{
    "year": 2021,
    "month": 5,
    "day": 23,
    "hour": 20,
    "minute": 50,
    "temp": 28.863325062034605,
    "ntu": 473.53598014888337
}