{
    "year": 2021,
    "month": 5,
    "day": 28,
    "hour": 10,
    "minute": 45,
    "temp": 29.005820895522398,
    "ntu": 660.0497512437811
}