{
    "year": 2021,
    "month": 5,
    "day": 15,
    "hour": 2,
    "minute": 35,
    "temp": 29.65781094527361,
    "ntu": -1.5323383084577114
}