{
    "year": 2021,
    "month": 5,
    "day": 15,
    "hour": 0,
    "minute": 10,
    "temp": 29.990843672456727,
    "ntu": -2.109181141439206
}