{
    "year": 2021,
    "month": 5,
    "day": 21,
    "hour": 20,
    "minute": 20,
    "temp": 28.033498759305246,
    "ntu": 593.8387096774194
}