{
    "year": 2021,
    "month": 5,
    "day": 4,
    "hour": 8,
    "minute": 45,
    "temp": 29.894019851116614,
    "ntu": 539.8163771712159
}