{
    "year": 2021,
    "month": 5,
    "day": 31,
    "hour": 6,
    "minute": 20,
    "temp": 28.172605459057188,
    "ntu": 27.16377171215881
}