{
    "year": 2021,
    "month": 6,
    "day": 2,
    "hour": 6,
    "minute": 40,
    "temp": 29.02143920595543,
    "ntu": -157.6699751861042
}