{
    "year": 2021,
    "month": 6,
    "day": 21,
    "hour": 14,
    "minute": 55,
    "temp": 28.36119402985074,
    "ntu": 368.7910447761194
}