{
    "year": 2021,
    "month": 5,
    "day": 26,
    "hour": 4,
    "minute": 0,
    "temp": 27.97803970223334,
    "ntu": 3.967741935483871
}