{
    "year": 2021,
    "month": 6,
    "day": 9,
    "hour": 13,
    "minute": 40,
    "temp": 28.00164179104476,
    "ntu": 467.4154228855721
}