{
    "year": 2021,
    "month": 6,
    "day": 19,
    "hour": 6,
    "minute": 25,
    "temp": 28.966442786069624,
    "ntu": -24.81592039800995
}