{
    "year": 2021,
    "month": 5,
    "day": 6,
    "hour": 21,
    "minute": 10,
    "temp": 30.08272952853631,
    "ntu": 879.2009925558312
}