{
    "year": 2021,
    "month": 5,
    "day": 22,
    "hour": 7,
    "minute": 15,
    "temp": 28.44230769230775,
    "ntu": 301.83126550868485
}