{
    "year": 2021,
    "month": 5,
    "day": 23,
    "hour": 8,
    "minute": 15,
    "temp": 28.95000000000004,
    "ntu": 308.8830845771144
}