{
    "year": 2021,
    "month": 6,
    "day": 14,
    "hour": 2,
    "minute": 50,
    "temp": 28.674228855721513,
    "ntu": -11.577114427860696
}