{
    "year": 2021,
    "month": 6,
    "day": 7,
    "hour": 0,
    "minute": 40,
    "temp": 28.155161290322717,
    "ntu": -7.0471464019851116
}