{
    "year": 2021,
    "month": 6,
    "day": 21,
    "hour": 14,
    "minute": 10,
    "temp": 28.82361596009972,
    "ntu": 380.72568578553614
}