{
    "year": 2021,
    "month": 5,
    "day": 29,
    "hour": 14,
    "minute": 30,
    "temp": 28.165285359801356,
    "ntu": 667.8014888337469
}