{
    "year": 2021,
    "month": 5,
    "day": 8,
    "hour": 12,
    "minute": 50,
    "temp": 30.00686567164176,
    "ntu": 664.594527363184
}