{
    "year": 2021,
    "month": 5,
    "day": 17,
    "hour": 5,
    "minute": 50,
    "temp": 31.210521091811504,
    "ntu": 102.31017369727047
}