{
    "year": 2021,
    "month": 5,
    "day": 18,
    "hour": 23,
    "minute": 5,
    "temp": 29.601194029850745,
    "ntu": 389.52487562189054
}