{
    "year": 2021,
    "month": 6,
    "day": 25,
    "hour": 3,
    "minute": 50,
    "temp": 28.729402985074703,
    "ntu": -50.75870646766169
}