{
    "year": 2021,
    "month": 6,
    "day": 21,
    "hour": 1,
    "minute": 35,
    "temp": 28.734516129032386,
    "ntu": 151.17866004962778
}