{
    "year": 2021,
    "month": 5,
    "day": 26,
    "hour": 22,
    "minute": 20,
    "temp": 28.33650124069472,
    "ntu": 783.9652605459057
}