{
    "year": 2021,
    "month": 5,
    "day": 9,
    "hour": 16,
    "minute": 20,
    "temp": 30.788114143920634,
    "ntu": 776.8610421836229
}