{
    "year": 2021,
    "month": 5,
    "day": 24,
    "hour": 0,
    "minute": 45,
    "temp": 28.14781637717132,
    "ntu": 2.6699751861042182
}