{
    "year": 2021,
    "month": 6,
    "day": 4,
    "hour": 5,
    "minute": 15,
    "temp": 27.849328358208837,
    "ntu": -115.51990049751244
}