{
    "year": 2021,
    "month": 6,
    "day": 4,
    "hour": 16,
    "minute": 50,
    "temp": 28.74925558312656,
    "ntu": 447.5880893300248
}