{
    "year": 2021,
    "month": 6,
    "day": 28,
    "hour": 9,
    "minute": 30,
    "temp": 28.493582089552294,
    "ntu": -25.6318407960199
}