{
    "year": 2021,
    "month": 5,
    "day": 7,
    "hour": 12,
    "minute": 40,
    "temp": 30.636947890818988,
    "ntu": 767.3200992555832
}