{
    "year": 2021,
    "month": 4,
    "day": 29,
    "hour": 23,
    "minute": 10,
    "temp": 28.520545905707262,
    "ntu": 864.7320099255583
}