{
    "year": 2021,
    "month": 5,
    "day": 13,
    "hour": 6,
    "minute": 40,
    "temp": 30.117791563275574,
    "ntu": 550.5831265508685
}