{
    "year": 2021,
    "month": 4,
    "day": 30,
    "hour": 20,
    "minute": 45,
    "temp": 29.056277915633085,
    "ntu": 689.789081885856
}