{
    "year": 2021,
    "month": 6,
    "day": 3,
    "hour": 7,
    "minute": 50,
    "temp": 28.7605707196031,
    "ntu": -202.48138957816377
}