{
    "year": 2021,
    "month": 6,
    "day": 18,
    "hour": 17,
    "minute": 10,
    "temp": 28.404039900249536,
    "ntu": 383.4339152119701
}