{
    "year": 2021,
    "month": 6,
    "day": 13,
    "hour": 17,
    "minute": 20,
    "temp": 28.249402985074642,
    "ntu": 267.4452736318408
}