{
    "year": 2021,
    "month": 5,
    "day": 23,
    "hour": 1,
    "minute": 20,
    "temp": 27.849776674937928,
    "ntu": 4.136476426799008
}