{
    "year": 2021,
    "month": 6,
    "day": 6,
    "hour": 6,
    "minute": 5,
    "temp": 28.897885572139366,
    "ntu": -146.20398009950247
}