{
    "year": 2021,
    "month": 5,
    "day": 1,
    "hour": 6,
    "minute": 0,
    "temp": 25.12468982630281,
    "ntu": 124.83870967741936
}