{
    "year": 2021,
    "month": 5,
    "day": 31,
    "hour": 2,
    "minute": 50,
    "temp": 28.72719602977676,
    "ntu": -2.7766749379652604
}