{
    "year": 2021,
    "month": 5,
    "day": 29,
    "hour": 6,
    "minute": 20,
    "temp": 27.949478908188624,
    "ntu": 48.945409429280396
}