{
    "year": 2021,
    "month": 5,
    "day": 29,
    "hour": 22,
    "minute": 30,
    "temp": 28.27024813895782,
    "ntu": 837.4143920595534
}