{
    "year": 2021,
    "month": 7,
    "day": 1,
    "hour": 18,
    "minute": 35,
    "temp": 28.059999999999988,
    "ntu": 337.6109725685786
}