{
    "year": 2021,
    "month": 6,
    "day": 7,
    "hour": 17,
    "minute": 30,
    "temp": 28.753275434243175,
    "ntu": 539.044665012407
}