{
    "year": 2021,
    "month": 5,
    "day": 21,
    "hour": 22,
    "minute": 30,
    "temp": 28.7240446650125,
    "ntu": 694.9205955334987
}