{
    "year": 2021,
    "month": 7,
    "day": 1,
    "hour": 0,
    "minute": 55,
    "temp": 29.000746268656716,
    "ntu": 363.0820895522388
}