{
    "year": 2021,
    "month": 5,
    "day": 30,
    "hour": 5,
    "minute": 5,
    "temp": 28.340099502487508,
    "ntu": 12.04726368159204
}