{
    "year": 2021,
    "month": 5,
    "day": 1,
    "hour": 1,
    "minute": 30,
    "temp": 29.35426799007428,
    "ntu": 746.6377171215881
}