{
    "year": 2021,
    "month": 4,
    "day": 29,
    "hour": 11,
    "minute": 10,
    "temp": 30.862952853598056,
    "ntu": 407.1712158808933
}