{
    "year": 2021,
    "month": 5,
    "day": 12,
    "hour": 12,
    "minute": 30,
    "temp": 30.011761786600577,
    "ntu": 782.0223325062035
}