{
    "year": 2021,
    "month": 5,
    "day": 19,
    "hour": 19,
    "minute": 5,
    "temp": 30.966650124069595,
    "ntu": 465.75682382133994
}