{
    "year": 2021,
    "month": 6,
    "day": 5,
    "hour": 1,
    "minute": 15,
    "temp": 27.611343283582077,
    "ntu": -9.27363184079602
}