{
    "year": 2021,
    "month": 4,
    "day": 9,
    "hour": 9,
    "minute": 59,
    "temp": 29.809999999999974,
    "tds": 1178.4706060606054,
    "ph": 5.571212121212123,
    "ntu": 3000.0
}