{
    "year": 2021,
    "month": 5,
    "day": 22,
    "hour": 15,
    "minute": 5,
    "temp": 28.611861042183474,
    "ntu": 336.6302729528536
}