{
    "year": 2021,
    "month": 5,
    "day": 6,
    "hour": 21,
    "minute": 50,
    "temp": 30.850693069306732,
    "ntu": 876.4529702970297
}