{
    "year": 2021,
    "month": 6,
    "day": 17,
    "hour": 11,
    "minute": 5,
    "temp": 28.5738805970149,
    "ntu": 427.9029850746269
}