{
    "year": 2021,
    "month": 5,
    "day": 19,
    "hour": 16,
    "minute": 30,
    "temp": 30.383870967741895,
    "ntu": 490.61786600496276
}