{
    "year": 2021,
    "month": 6,
    "day": 14,
    "hour": 2,
    "minute": 20,
    "temp": 28.075373134328366,
    "ntu": -8.054726368159203
}