{
    "year": 2021,
    "month": 6,
    "day": 24,
    "hour": 21,
    "minute": 15,
    "temp": 28.121567164179258,
    "ntu": 357.46019900497515
}