{
    "year": 2021,
    "month": 5,
    "day": 5,
    "hour": 8,
    "minute": 10,
    "temp": 30.642233250620244,
    "ntu": 746.9057071960298
}