{
    "year": 2021,
    "month": 6,
    "day": 10,
    "hour": 21,
    "minute": 45,
    "temp": 28.136228287841362,
    "ntu": 525.6426799007444
}