{
    "year": 2021,
    "month": 5,
    "day": 18,
    "hour": 10,
    "minute": 25,
    "temp": 31.064317617866045,
    "ntu": 122.8560794044665
}