{
    "year": 2021,
    "month": 5,
    "day": 10,
    "hour": 3,
    "minute": 20,
    "temp": 30.54019851116635,
    "ntu": -0.7245657568238213
}