{
    "year": 2021,
    "month": 5,
    "day": 1,
    "hour": 18,
    "minute": 25,
    "temp": 30.7260049627793,
    "ntu": 752.36476426799
}