{
    "year": 2021,
    "month": 6,
    "day": 7,
    "hour": 5,
    "minute": 40,
    "temp": 29.584937965260462,
    "ntu": -85.45657568238214
}