{
    "year": 2021,
    "month": 5,
    "day": 12,
    "hour": 1,
    "minute": 55,
    "temp": 29.846293532338443,
    "ntu": -0.11940298507462686
}