{
    "year": 2021,
    "month": 6,
    "day": 8,
    "hour": 4,
    "minute": 0,
    "temp": 28.32820895522388,
    "ntu": -40.41044776119403
}