{
    "year": 2021,
    "month": 5,
    "day": 19,
    "hour": 23,
    "minute": 30,
    "temp": 28.133200992555796,
    "ntu": 3.0397022332506203
}