{
    "year": 2021,
    "month": 6,
    "day": 4,
    "hour": 10,
    "minute": 5,
    "temp": 28.220721393034673,
    "ntu": 447.99751243781094
}