{
    "year": 2021,
    "month": 5,
    "day": 31,
    "hour": 16,
    "minute": 0,
    "temp": 28.31298507462715,
    "ntu": 677.7064676616916
}