{
    "year": 2021,
    "month": 6,
    "day": 9,
    "hour": 9,
    "minute": 0,
    "temp": 28.906393034826035,
    "ntu": 271.271144278607
}