{
    "year": 2021,
    "month": 5,
    "day": 2,
    "hour": 14,
    "minute": 20,
    "temp": 29.29094292803978,
    "ntu": 730.2034739454094
}