{
    "year": 2021,
    "month": 5,
    "day": 26,
    "hour": 17,
    "minute": 50,
    "temp": 28.396426799007617,
    "ntu": 741.2208436724566
}