{
    "year": 2021,
    "month": 5,
    "day": 26,
    "hour": 3,
    "minute": 55,
    "temp": 28.122258064515993,
    "ntu": 4.11166253101737
}