{
    "year": 2021,
    "month": 6,
    "day": 3,
    "hour": 23,
    "minute": 15,
    "temp": 28.117114427860763,
    "ntu": 560.4875621890548
}