{
    "year": 2021,
    "month": 6,
    "day": 17,
    "hour": 6,
    "minute": 5,
    "temp": 28.031571072319167,
    "ntu": -38.52369077306733
}