{
    "year": 2021,
    "month": 6,
    "day": 6,
    "hour": 11,
    "minute": 15,
    "temp": 28.959480198019687,
    "ntu": 492.19554455445547
}