{
    "year": 2021,
    "month": 5,
    "day": 17,
    "hour": 13,
    "minute": 20,
    "temp": 31.510124069478902,
    "ntu": 821.2406947890819
}