{
    "year": 2021,
    "month": 5,
    "day": 12,
    "hour": 16,
    "minute": 20,
    "temp": 30.80091811414419,
    "ntu": 735.0843672456575
}