{
    "year": 2021,
    "month": 6,
    "day": 13,
    "hour": 6,
    "minute": 25,
    "temp": 27.828507462686552,
    "ntu": -95.40796019900498
}