{
    "year": 2021,
    "month": 6,
    "day": 11,
    "hour": 9,
    "minute": 5,
    "temp": 28.17957816377177,
    "ntu": 262.7369727047146
}