{
    "year": 2021,
    "month": 7,
    "day": 2,
    "hour": 7,
    "minute": 25,
    "temp": 27.94104738154614,
    "ntu": -149.59850374064837
}