{
    "year": 2021,
    "month": 5,
    "day": 9,
    "hour": 17,
    "minute": 35,
    "temp": 29.642456575682527,
    "ntu": 799.4119106699752
}