{
    "year": 2021,
    "month": 5,
    "day": 10,
    "hour": 13,
    "minute": 50,
    "temp": 30.894764267989988,
    "ntu": 858.6079404466501
}