{
    "year": 2021,
    "month": 4,
    "day": 10,
    "hour": 14,
    "minute": 59,
    "temp": 29.309999999999974,
    "tds": 1210.6278125000006,
    "ph": 5.1496875,
    "ntu": 3000.0
}