{
    "year": 2021,
    "month": 6,
    "day": 10,
    "hour": 17,
    "minute": 15,
    "temp": 28.9475434243175,
    "ntu": 398.1116625310174
}