{
    "year": 2021,
    "month": 5,
    "day": 22,
    "hour": 1,
    "minute": 20,
    "temp": 27.836799007444185,
    "ntu": 4.573200992555831
}