{
    "year": 2021,
    "month": 6,
    "day": 4,
    "hour": 21,
    "minute": 0,
    "temp": 28.464029850746293,
    "ntu": 570.5671641791045
}