{
    "year": 2021,
    "month": 6,
    "day": 11,
    "hour": 10,
    "minute": 5,
    "temp": 28.98074626865683,
    "ntu": 411.96019900497515
}