{
    "year": 2021,
    "month": 6,
    "day": 12,
    "hour": 12,
    "minute": 10,
    "temp": 28.99240694789089,
    "ntu": 369.0272952853598
}