{
    "year": 2021,
    "month": 5,
    "day": 9,
    "hour": 2,
    "minute": 40,
    "temp": 29.48464019851132,
    "ntu": -0.8114143920595533
}