{
    "year": 2021,
    "month": 5,
    "day": 12,
    "hour": 13,
    "minute": 30,
    "temp": 29.623647642679998,
    "ntu": 765.0049627791564
}