{
    "year": 2021,
    "month": 5,
    "day": 8,
    "hour": 18,
    "minute": 25,
    "temp": 29.5150372208437,
    "ntu": 788.6228287841191
}