{
    "year": 2021,
    "month": 6,
    "day": 1,
    "hour": 23,
    "minute": 15,
    "temp": 28.455310173697104,
    "ntu": 468.6848635235732
}