{
    "year": 2021,
    "month": 5,
    "day": 1,
    "hour": 8,
    "minute": 10,
    "temp": 24.439826732673204,
    "ntu": 305.4975247524753
}