{
    "year": 2021,
    "month": 4,
    "day": 12,
    "hour": 6,
    "minute": 59,
    "temp": 26.260909090909088,
    "tds": 1329.8103030303025,
    "ph": 6.721515151515152,
    "ntu": 3000.0
}