{
    "year": 2021,
    "month": 6,
    "day": 18,
    "hour": 2,
    "minute": 25,
    "temp": 28.783283582089616,
    "ntu": -4.800995024875622
}