{
    "year": 2021,
    "month": 6,
    "day": 22,
    "hour": 4,
    "minute": 35,
    "temp": 28.348980099502366,
    "ntu": -26.29353233830846
}