{
    "year": 2021,
    "month": 6,
    "day": 23,
    "hour": 12,
    "minute": 15,
    "temp": 28.11970149253746,
    "ntu": 375.57462686567163
}