{
    "year": 2021,
    "month": 5,
    "day": 24,
    "hour": 16,
    "minute": 45,
    "temp": 28.150918114144098,
    "ntu": 657.5359801488834
}