{
    "year": 2021,
    "month": 6,
    "day": 17,
    "hour": 6,
    "minute": 30,
    "temp": 28.979201995012478,
    "ntu": 12.296758104738155
}