{
    "year": 2021,
    "month": 5,
    "day": 5,
    "hour": 10,
    "minute": 50,
    "temp": 30.546004962779254,
    "ntu": 726.0496277915632
}