{
    "year": 2021,
    "month": 5,
    "day": 16,
    "hour": 12,
    "minute": 55,
    "temp": 31.76250620347401,
    "ntu": 825.3573200992556
}