{
    "year": 2021,
    "month": 6,
    "day": 7,
    "hour": 0,
    "minute": 30,
    "temp": 28.410272952853557,
    "ntu": 450.96277915632754
}