{
    "year": 2021,
    "month": 5,
    "day": 21,
    "hour": 2,
    "minute": 45,
    "temp": 28.510422885572062,
    "ntu": 2.1517412935323383
}