{
    "year": 2021,
    "month": 6,
    "day": 12,
    "hour": 0,
    "minute": 20,
    "temp": 28.519205955334982,
    "ntu": 433.71712158808936
}