{
    "year": 2021,
    "month": 5,
    "day": 12,
    "hour": 2,
    "minute": 30,
    "temp": 28.282307692307793,
    "ntu": -0.21836228287841192
}