{
    "year": 2021,
    "month": 6,
    "day": 27,
    "hour": 21,
    "minute": 35,
    "temp": 28.99970074812968,
    "ntu": 533.4039900249377
}