{
    "year": 2021,
    "month": 6,
    "day": 19,
    "hour": 23,
    "minute": 45,
    "temp": 28.57925187032439,
    "ntu": 394.2493765586035
}