{
    "year": 2021,
    "month": 6,
    "day": 17,
    "hour": 12,
    "minute": 5,
    "temp": 28.413656716417794,
    "ntu": 402.09452736318406
}