{
    "year": 2021,
    "month": 6,
    "day": 21,
    "hour": 23,
    "minute": 10,
    "temp": 28.942942643391547,
    "ntu": 404.25935162094765
}