{
    "year": 2021,
    "month": 6,
    "day": 12,
    "hour": 15,
    "minute": 55,
    "temp": 28.960397022332533,
    "ntu": 374.3374689826303
}