{
    "year": 2021,
    "month": 6,
    "day": 1,
    "hour": 2,
    "minute": 5,
    "temp": 27.970967741935553,
    "ntu": -7.851116625310174
}