{
    "year": 2021,
    "month": 6,
    "day": 19,
    "hour": 10,
    "minute": 45,
    "temp": 28.66738154613451,
    "ntu": 362.8528678304239
}