{
    "year": 2021,
    "month": 5,
    "day": 27,
    "hour": 20,
    "minute": 30,
    "temp": 28.207686567164014,
    "ntu": 703.4328358208955
}