{
    "year": 2021,
    "month": 5,
    "day": 12,
    "hour": 21,
    "minute": 30,
    "temp": 29.761315136476544,
    "ntu": 806.3548387096774
}