{
    "year": 2021,
    "month": 5,
    "day": 2,
    "hour": 8,
    "minute": 25,
    "temp": 29.08531017369753,
    "ntu": 505.1861042183623
}