{
    "year": 2021,
    "month": 5,
    "day": 22,
    "hour": 1,
    "minute": 40,
    "temp": 27.275459057071984,
    "ntu": 4.19106699751861
}