{
    "year": 2021,
    "month": 5,
    "day": 26,
    "hour": 3,
    "minute": 35,
    "temp": 28.9831265508686,
    "ntu": 4.347394540942928
}