{
    "year": 2021,
    "month": 6,
    "day": 10,
    "hour": 19,
    "minute": 20,
    "temp": 28.81789081885854,
    "ntu": 461.9429280397022
}