{
    "year": 2021,
    "month": 6,
    "day": 25,
    "hour": 14,
    "minute": 5,
    "temp": 28.87400497512455,
    "ntu": 340.9651741293532
}