{
    "year": 2021,
    "month": 6,
    "day": 14,
    "hour": 12,
    "minute": 10,
    "temp": 28.11261845386543,
    "ntu": 235.38403990024938
}