{
    "year": 2021,
    "month": 5,
    "day": 25,
    "hour": 0,
    "minute": 30,
    "temp": 28.165111662531146,
    "ntu": 4.937965260545906
}