{
    "year": 2021,
    "month": 6,
    "day": 24,
    "hour": 4,
    "minute": 45,
    "temp": 28.370000000000157,
    "ntu": -50.62935323383085
}