{
    "year": 2021,
    "month": 5,
    "day": 26,
    "hour": 6,
    "minute": 10,
    "temp": 27.713126550868527,
    "ntu": 30.213399503722083
}