{
    "year": 2021,
    "month": 5,
    "day": 1,
    "hour": 23,
    "minute": 25,
    "temp": 27.794749403341275,
    "ntu": 80.89498806682577
}