{
    "year": 2021,
    "month": 5,
    "day": 13,
    "hour": 5,
    "minute": 20,
    "temp": 29.191960297766858,
    "ntu": 90.78908188585608
}