{
    "year": 2021,
    "month": 6,
    "day": 23,
    "hour": 13,
    "minute": 25,
    "temp": 28.939303482587093,
    "ntu": 365.80348258706465
}