{
    "year": 2021,
    "month": 5,
    "day": 14,
    "hour": 22,
    "minute": 20,
    "temp": 31.883473945409424,
    "ntu": 876.3275434243176
}