{
    "year": 2021,
    "month": 6,
    "day": 29,
    "hour": 16,
    "minute": 30,
    "temp": 29.036807980049858,
    "ntu": 468.2194513715711
}