{
    "year": 2021,
    "month": 5,
    "day": 14,
    "hour": 3,
    "minute": 55,
    "temp": 30.64124069478902,
    "ntu": -0.37965260545905705
}