{
    "year": 2021,
    "month": 6,
    "day": 25,
    "hour": 9,
    "minute": 30,
    "temp": 27.940149625935167,
    "ntu": -51.758104738154614
}