{
    "year": 2021,
    "month": 5,
    "day": 9,
    "hour": 2,
    "minute": 15,
    "temp": 30.51191066997504,
    "ntu": -0.7593052109181141
}