{
    "year": 2021,
    "month": 6,
    "day": 29,
    "hour": 11,
    "minute": 30,
    "temp": 28.128204488778216,
    "ntu": 493.1122194513716
}