{
    "year": 2021,
    "month": 5,
    "day": 21,
    "hour": 22,
    "minute": 10,
    "temp": 28.807965260546204,
    "ntu": 659.6079404466501
}