{
    "year": 2021,
    "month": 5,
    "day": 23,
    "hour": 19,
    "minute": 45,
    "temp": 28.475285359801585,
    "ntu": 450.74441687344915
}