{
    "year": 2021,
    "month": 5,
    "day": 30,
    "hour": 17,
    "minute": 50,
    "temp": 28.71992555831272,
    "ntu": 708.6873449131514
}