{
    "year": 2021,
    "month": 4,
    "day": 30,
    "hour": 15,
    "minute": 5,
    "temp": 29.685856079404353,
    "ntu": 819.4565756823821
}