{
    "year": 2021,
    "month": 5,
    "day": 11,
    "hour": 5,
    "minute": 5,
    "temp": 29.546625310173848,
    "ntu": 367.49627791563273
}