{
    "year": 2021,
    "month": 5,
    "day": 10,
    "hour": 15,
    "minute": 15,
    "temp": 28.994193548387152,
    "ntu": 837.7816377171216
}