{
    "year": 2021,
    "month": 6,
    "day": 3,
    "hour": 0,
    "minute": 25,
    "temp": 29.041240694789053,
    "ntu": 546.5533498759305
}