{
    "year": 2021,
    "month": 6,
    "day": 5,
    "hour": 23,
    "minute": 40,
    "temp": 28.25729528535982,
    "ntu": 594.9602977667494
}