{
    "year": 2021,
    "month": 5,
    "day": 19,
    "hour": 15,
    "minute": 0,
    "temp": 30.172133995037328,
    "ntu": 479.0049627791563
}