{
    "year": 2021,
    "month": 4,
    "day": 25,
    "hour": 16,
    "minute": 59,
    "temp": 26.90352112676056,
    "ntu": -44.352112676056336
}