{
    "year": 2021,
    "month": 5,
    "day": 24,
    "hour": 15,
    "minute": 0,
    "temp": 28.300769230769333,
    "ntu": 696.2208436724566
}