{
    "year": 2021,
    "month": 5,
    "day": 19,
    "hour": 9,
    "minute": 0,
    "temp": 30.976119402985187,
    "ntu": 487.271144278607
}