{
    "year": 2021,
    "month": 4,
    "day": 14,
    "hour": 3,
    "minute": 59,
    "temp": 27.440000000000023,
    "tds": 1140.140625,
    "ph": 4.956874999999998,
    "ntu": 3000.0
}