{
    "year": 2021,
    "month": 5,
    "day": 7,
    "hour": 15,
    "minute": 50,
    "temp": 30.747022332506067,
    "ntu": 743.1389578163771
}