{
    "year": 2021,
    "month": 6,
    "day": 5,
    "hour": 6,
    "minute": 25,
    "temp": 28.235409429280512,
    "ntu": -193.6302729528536
}