{
    "year": 2021,
    "month": 5,
    "day": 14,
    "hour": 0,
    "minute": 20,
    "temp": 29.448905472636923,
    "ntu": -1.0422885572139304
}