{
    "year": 2021,
    "month": 6,
    "day": 13,
    "hour": 9,
    "minute": 10,
    "temp": 28.590920398010148,
    "ntu": 308.2313432835821
}