{
    "year": 2021,
    "month": 4,
    "day": 12,
    "hour": 20,
    "minute": 59,
    "temp": 29.829999999999988,
    "tds": 1126.4863636363639,
    "ph": 0.0,
    "ntu": 3000.0
}