{
    "year": 2021,
    "month": 6,
    "day": 8,
    "hour": 13,
    "minute": 25,
    "temp": 28.784838709677697,
    "ntu": 453.7593052109181
}