{
    "year": 2021,
    "month": 6,
    "day": 11,
    "hour": 6,
    "minute": 20,
    "temp": 27.843647642679784,
    "ntu": -134.51861042183623
}