{
    "year": 2021,
    "month": 5,
    "day": 14,
    "hour": 16,
    "minute": 0,
    "temp": 31.90878411910691,
    "ntu": 779.0471464019851
}