{
    "year": 2021,
    "month": 5,
    "day": 11,
    "hour": 16,
    "minute": 10,
    "temp": 30.938734491315262,
    "ntu": 801.7940446650124
}