{
    "year": 2021,
    "month": 5,
    "day": 22,
    "hour": 22,
    "minute": 20,
    "temp": 28.166492537313303,
    "ntu": 396.7238805970149
}