{
    "year": 2021,
    "month": 6,
    "day": 9,
    "hour": 19,
    "minute": 35,
    "temp": 28.309404466501228,
    "ntu": 515.8188585607941
}