{
    "year": 2021,
    "month": 4,
    "day": 29,
    "hour": 21,
    "minute": 25,
    "temp": 30.909427860696688,
    "ntu": 821.0820895522388
}