{
    "year": 2021,
    "month": 6,
    "day": 1,
    "hour": 8,
    "minute": 25,
    "temp": 27.98079404466513,
    "ntu": -272.2183622828784
}