{
    "year": 2021,
    "month": 6,
    "day": 27,
    "hour": 19,
    "minute": 5,
    "temp": 28.559701492537297,
    "ntu": 486.3358208955224
}