{
    "year": 2021,
    "month": 6,
    "day": 9,
    "hour": 7,
    "minute": 45,
    "temp": 28.112406947890808,
    "ntu": -154.8833746898263
}