{
    "year": 2021,
    "month": 6,
    "day": 10,
    "hour": 14,
    "minute": 15,
    "temp": 28.528287841191098,
    "ntu": 461.3722084367246
}