{
    "year": 2021,
    "month": 4,
    "day": 25,
    "hour": 17,
    "minute": 59,
    "temp": 26.93901408450708,
    "ntu": -40.225352112676056
}