{
    "year": 2021,
    "month": 5,
    "day": 9,
    "hour": 13,
    "minute": 25,
    "temp": 30.741563275434366,
    "ntu": 781.5955334987593
}