{
    "year": 2021,
    "month": 7,
    "day": 1,
    "hour": 12,
    "minute": 5,
    "temp": 29.056716417910447,
    "ntu": 327.55721393034827
}