{
    "year": 2021,
    "month": 5,
    "day": 28,
    "hour": 4,
    "minute": 10,
    "temp": 27.742555831265616,
    "ntu": -2.9627791563275436
}