{
    "year": 2021,
    "month": 5,
    "day": 7,
    "hour": 13,
    "minute": 25,
    "temp": 30.725632754342556,
    "ntu": 795.0173697270471
}