{
    "year": 2021,
    "month": 5,
    "day": 31,
    "hour": 19,
    "minute": 15,
    "temp": 28.14965260545896,
    "ntu": 463.029776674938
}