{
    "year": 2021,
    "month": 7,
    "day": 2,
    "hour": 1,
    "minute": 25,
    "temp": 28.00733167082294,
    "ntu": 424.41645885286783
}