{
    "year": 2021,
    "month": 6,
    "day": 10,
    "hour": 2,
    "minute": 50,
    "temp": 28.678138957816483,
    "ntu": -10.235732009925558
}