{
    "year": 2021,
    "month": 5,
    "day": 2,
    "hour": 9,
    "minute": 40,
    "temp": 30.837692307692173,
    "ntu": 504.3498759305211
}