{
    "year": 2021,
    "month": 5,
    "day": 27,
    "hour": 6,
    "minute": 5,
    "temp": 27.950868486352388,
    "ntu": 70.44665012406948
}