{
    "year": 2021,
    "month": 6,
    "day": 14,
    "hour": 4,
    "minute": 10,
    "temp": 28.332537313432805,
    "ntu": -62.291044776119406
}