{
    "year": 2021,
    "month": 5,
    "day": 19,
    "hour": 13,
    "minute": 30,
    "temp": 30.387786069651835,
    "ntu": 430.45522388059703
}