{
    "year": 2021,
    "month": 6,
    "day": 29,
    "hour": 9,
    "minute": 50,
    "temp": 28.594925373134227,
    "ntu": 484.3756218905473
}