{
    "year": 2021,
    "month": 6,
    "day": 19,
    "hour": 10,
    "minute": 35,
    "temp": 28.15181592039788,
    "ntu": 359.636815920398
}