{
    "year": 2021,
    "month": 6,
    "day": 29,
    "hour": 13,
    "minute": 0,
    "temp": 28.939825870646793,
    "ntu": 490.3482587064677
}