{
    "year": 2021,
    "month": 6,
    "day": 24,
    "hour": 21,
    "minute": 35,
    "temp": 28.059999999999988,
    "ntu": 356.66915422885575
}