{
    "year": 2021,
    "month": 5,
    "day": 10,
    "hour": 14,
    "minute": 30,
    "temp": 29.89456575682401,
    "ntu": 843.0471464019851
}