{
    "year": 2021,
    "month": 5,
    "day": 6,
    "hour": 6,
    "minute": 25,
    "temp": 30.201712158808835,
    "ntu": 873.2382133995037
}