{
    "year": 2021,
    "month": 6,
    "day": 17,
    "hour": 10,
    "minute": 50,
    "temp": 28.788955223880688,
    "ntu": 400.1243781094527
}