{
    "year": 2021,
    "month": 5,
    "day": 9,
    "hour": 9,
    "minute": 25,
    "temp": 30.598709677419624,
    "ntu": 655.7444168734492
}