{
    "year": 2021,
    "month": 6,
    "day": 5,
    "hour": 16,
    "minute": 35,
    "temp": 28.965459057072007,
    "ntu": 456.136476426799
}