{
    "year": 2021,
    "month": 5,
    "day": 1,
    "hour": 15,
    "minute": 0,
    "temp": 29.11945409429269,
    "ntu": 676.12158808933
}