{
    "year": 2021,
    "month": 6,
    "day": 27,
    "hour": 1,
    "minute": 20,
    "temp": 28.446583541147145,
    "ntu": 547.074812967581
}