{
    "year": 2021,
    "month": 5,
    "day": 18,
    "hour": 1,
    "minute": 35,
    "temp": 30.01898009950254,
    "ntu": -10.624378109452737
}