{
    "year": 2021,
    "month": 6,
    "day": 12,
    "hour": 18,
    "minute": 25,
    "temp": 28.210397022332522,
    "ntu": 382.6029776674938
}