{
    "year": 2021,
    "month": 5,
    "day": 12,
    "hour": 21,
    "minute": 25,
    "temp": 29.933846153846275,
    "ntu": 849.8808933002481
}