{
    "year": 2021,
    "month": 5,
    "day": 29,
    "hour": 11,
    "minute": 50,
    "temp": 29.020447761194042,
    "ntu": 687.0895522388059
}