{
    "year": 2021,
    "month": 6,
    "day": 25,
    "hour": 6,
    "minute": 30,
    "temp": 28.3271215880893,
    "ntu": -72.65260545905707
}