{
    "year": 2021,
    "month": 5,
    "day": 26,
    "hour": 7,
    "minute": 0,
    "temp": 28.03186104218365,
    "ntu": 58.05707196029777
}