{
    "year": 2021,
    "month": 6,
    "day": 2,
    "hour": 0,
    "minute": 30,
    "temp": 28.01965260545916,
    "ntu": 357.19354838709677
}