{
    "year": 2021,
    "month": 6,
    "day": 30,
    "hour": 22,
    "minute": 10,
    "temp": 28.75029925187032,
    "ntu": 354.9127182044888
}