{
    "year": 2021,
    "month": 5,
    "day": 25,
    "hour": 23,
    "minute": 55,
    "temp": 27.34044776119395,
    "ntu": 6.124378109452737
}