{
    "year": 2021,
    "month": 4,
    "day": 30,
    "hour": 11,
    "minute": 20,
    "temp": 30.90039702233273,
    "ntu": 436.33250620347394
}