{
    "year": 2021,
    "month": 6,
    "day": 4,
    "hour": 16,
    "minute": 40,
    "temp": 28.8365012406947,
    "ntu": 446.5210918114144
}