{
    "year": 2021,
    "month": 4,
    "day": 30,
    "hour": 14,
    "minute": 50,
    "temp": 29.31699751861074,
    "ntu": 825.1612903225806
}