{
    "year": 2021,
    "month": 6,
    "day": 29,
    "hour": 9,
    "minute": 0,
    "temp": 28.888109452736515,
    "ntu": -0.818407960199005
}