{
    "year": 2021,
    "month": 5,
    "day": 24,
    "hour": 16,
    "minute": 35,
    "temp": 28.363349875930368,
    "ntu": 734.3200992555832
}