{
    "year": 2021,
    "month": 6,
    "day": 11,
    "hour": 4,
    "minute": 15,
    "temp": 28.416393034825997,
    "ntu": -54.69900497512438
}