{
    "year": 2021,
    "month": 5,
    "day": 10,
    "hour": 15,
    "minute": 10,
    "temp": 29.07459057071958,
    "ntu": 853.5508684863523
}