{
    "year": 2021,
    "month": 6,
    "day": 9,
    "hour": 0,
    "minute": 50,
    "temp": 28.29258064516138,
    "ntu": -7.71712158808933
}