{
    "year": 2021,
    "month": 6,
    "day": 14,
    "hour": 9,
    "minute": 25,
    "temp": 28.152437810945166,
    "ntu": 218.89303482587064
}