{
    "year": 2021,
    "month": 5,
    "day": 3,
    "hour": 20,
    "minute": 0,
    "temp": 30.775012406947926,
    "ntu": 807.302729528536
}