{
    "year": 2021,
    "month": 5,
    "day": 3,
    "hour": 16,
    "minute": 40,
    "temp": 30.811339950372357,
    "ntu": 742.439205955335
}