{
    "year": 2021,
    "month": 5,
    "day": 9,
    "hour": 19,
    "minute": 45,
    "temp": 30.943424317617893,
    "ntu": 818.9826302729529
}