{
    "year": 2021,
    "month": 5,
    "day": 1,
    "hour": 11,
    "minute": 35,
    "temp": 30.394143920595628,
    "ntu": 701.1637717121588
}