{
    "year": 2021,
    "month": 5,
    "day": 22,
    "hour": 15,
    "minute": 50,
    "temp": 28.472555831265378,
    "ntu": 303.8982630272953
}