{
    "year": 2021,
    "month": 5,
    "day": 4,
    "hour": 0,
    "minute": 55,
    "temp": 28.0789578163772,
    "ntu": -0.22580645161290322
}