{
    "year": 2021,
    "month": 5,
    "day": 4,
    "hour": 20,
    "minute": 0,
    "temp": 30.34181141439237,
    "ntu": 800.2630272952854
}