{
    "year": 2021,
    "month": 5,
    "day": 9,
    "hour": 12,
    "minute": 15,
    "temp": 30.293176178660264,
    "ntu": 690.3498759305211
}