{
    "year": 2021,
    "month": 6,
    "day": 9,
    "hour": 0,
    "minute": 0,
    "temp": 28.082611940298722,
    "ntu": 541.1318407960199
}