{
    "year": 2021,
    "month": 5,
    "day": 27,
    "hour": 1,
    "minute": 45,
    "temp": 28.494328358209064,
    "ntu": 3.3507462686567164
}