{
    "year": 2021,
    "month": 6,
    "day": 2,
    "hour": 8,
    "minute": 55,
    "temp": 28.956352357320117,
    "ntu": 181.49379652605458
}