{
    "year": 2021,
    "month": 6,
    "day": 11,
    "hour": 10,
    "minute": 40,
    "temp": 28.53850746268665,
    "ntu": 424.55721393034827
}