{
    "year": 2021,
    "month": 6,
    "day": 18,
    "hour": 18,
    "minute": 10,
    "temp": 29.02134328358201,
    "ntu": 381.26119402985074
}