{
    "year": 2021,
    "month": 6,
    "day": 30,
    "hour": 2,
    "minute": 45,
    "temp": 28.969850746268705,
    "ntu": -10.930348258706468
}