{
    "year": 2021,
    "month": 5,
    "day": 9,
    "hour": 19,
    "minute": 5,
    "temp": 30.28171215880916,
    "ntu": 802.5235732009926
}