{
    "year": 2021,
    "month": 5,
    "day": 20,
    "hour": 16,
    "minute": 35,
    "temp": 30.430446650124107,
    "ntu": 475.40198511166255
}