{
    "year": 2021,
    "month": 5,
    "day": 22,
    "hour": 5,
    "minute": 20,
    "temp": 27.882109181141296,
    "ntu": 14.136476426799007
}