{
    "year": 2021,
    "month": 6,
    "day": 21,
    "hour": 15,
    "minute": 10,
    "temp": 28.237431421446463,
    "ntu": 364.05486284289276
}