{
    "year": 2021,
    "month": 6,
    "day": 13,
    "hour": 9,
    "minute": 50,
    "temp": 28.603746898262877,
    "ntu": 337.8287841191067
}