{
    "year": 2021,
    "month": 5,
    "day": 8,
    "hour": 3,
    "minute": 20,
    "temp": 30.406153846153874,
    "ntu": -0.8138957816377171
}