{
    "year": 2021,
    "month": 5,
    "day": 6,
    "hour": 23,
    "minute": 35,
    "temp": 29.369652605458974,
    "ntu": -0.1315136476426799
}