{
    "year": 2021,
    "month": 6,
    "day": 13,
    "hour": 14,
    "minute": 50,
    "temp": 28.752828784119124,
    "ntu": 252.33250620347394
}