{
    "year": 2021,
    "month": 6,
    "day": 20,
    "hour": 6,
    "minute": 0,
    "temp": 27.975162094763082,
    "ntu": -30.92269326683292
}