{
    "year": 2021,
    "month": 6,
    "day": 29,
    "hour": 1,
    "minute": 40,
    "temp": 28.19281094527366,
    "ntu": -11.614427860696518
}