{
    "year": 2021,
    "month": 6,
    "day": 3,
    "hour": 13,
    "minute": 35,
    "temp": 28.885012406947993,
    "ntu": 448.7543424317618
}