{
    "year": 2021,
    "month": 5,
    "day": 10,
    "hour": 12,
    "minute": 5,
    "temp": 29.308532338308797,
    "ntu": 823.0970149253732
}