{
    "year": 2021,
    "month": 6,
    "day": 11,
    "hour": 20,
    "minute": 20,
    "temp": 28.985409429280512,
    "ntu": 456.5136476426799
}