{
    "year": 2021,
    "month": 5,
    "day": 24,
    "hour": 0,
    "minute": 25,
    "temp": 28.152158808933,
    "ntu": 3.5607940446650126
}