{
    "year": 2021,
    "month": 6,
    "day": 24,
    "hour": 3,
    "minute": 25,
    "temp": 28.921592039801098,
    "ntu": -18.00497512437811
}