{
    "year": 2021,
    "month": 4,
    "day": 29,
    "hour": 20,
    "minute": 5,
    "temp": 28.725409429280234,
    "ntu": 813.6650124069479
}