{
    "year": 2021,
    "month": 6,
    "day": 7,
    "hour": 2,
    "minute": 15,
    "temp": 28.036774193548467,
    "ntu": -9.98014888337469
}