{
    "year": 2021,
    "month": 5,
    "day": 17,
    "hour": 18,
    "minute": 35,
    "temp": 31.257593052109296,
    "ntu": 124.05210918114143
}