{
    "year": 2021,
    "month": 5,
    "day": 7,
    "hour": 7,
    "minute": 50,
    "temp": 29.81357320099262,
    "ntu": 876.4714640198512
}