{
    "year": 2021,
    "month": 5,
    "day": 26,
    "hour": 8,
    "minute": 15,
    "temp": 28.213771712158884,
    "ntu": 729.5136476426799
}