{
    "year": 2021,
    "month": 7,
    "day": 1,
    "hour": 7,
    "minute": 20,
    "temp": 28.289501246882892,
    "ntu": -133.24688279301745
}