{
    "year": 2021,
    "month": 5,
    "day": 13,
    "hour": 16,
    "minute": 45,
    "temp": 31.888064516129052,
    "ntu": 811.1339950372209
}