{
    "year": 2021,
    "month": 6,
    "day": 18,
    "hour": 22,
    "minute": 55,
    "temp": 28.15360696517429,
    "ntu": 426.56716417910445
}