{
    "year": 2021,
    "month": 5,
    "day": 16,
    "hour": 10,
    "minute": 40,
    "temp": 31.689801488833687,
    "ntu": 540.7965260545906
}