{
    "year": 2021,
    "month": 6,
    "day": 28,
    "hour": 2,
    "minute": 15,
    "temp": 27.955074626865688,
    "ntu": -7.641791044776119
}