{
    "year": 2021,
    "month": 5,
    "day": 9,
    "hour": 9,
    "minute": 35,
    "temp": 30.874392059553482,
    "ntu": 681.9305210918114
}