{
    "year": 2021,
    "month": 6,
    "day": 30,
    "hour": 21,
    "minute": 50,
    "temp": 28.904825870646924,
    "ntu": 355.53980099502485
}