{
    "year": 2021,
    "month": 5,
    "day": 6,
    "hour": 23,
    "minute": 0,
    "temp": 28.27635235732019,
    "ntu": -0.2803970223325062
}