{
    "year": 2021,
    "month": 5,
    "day": 19,
    "hour": 23,
    "minute": 40,
    "temp": 27.863647642679744,
    "ntu": 0.7518610421836228
}