{
    "year": 2021,
    "month": 5,
    "day": 11,
    "hour": 2,
    "minute": 15,
    "temp": 29.220074441687476,
    "ntu": 250.22828784119108
}