{
    "year": 2021,
    "month": 7,
    "day": 1,
    "hour": 10,
    "minute": 45,
    "temp": 28.227705735660905,
    "ntu": 316.66084788029923
}