{
    "year": 2021,
    "month": 5,
    "day": 25,
    "hour": 22,
    "minute": 35,
    "temp": 28.99915632754331,
    "ntu": 775.6674937965261
}