{
    "year": 2021,
    "month": 5,
    "day": 27,
    "hour": 11,
    "minute": 35,
    "temp": 28.51176178660054,
    "ntu": 730.2307692307693
}