{
    "year": 2021,
    "month": 5,
    "day": 30,
    "hour": 22,
    "minute": 20,
    "temp": 28.45699751861044,
    "ntu": 817.863523573201
}