{
    "year": 2021,
    "month": 5,
    "day": 28,
    "hour": 1,
    "minute": 15,
    "temp": 27.507444168734555,
    "ntu": 2.568238213399504
}