{
    "year": 2021,
    "month": 4,
    "day": 14,
    "hour": 11,
    "minute": 59,
    "temp": 27.704545454545475,
    "tds": 1169.1145454545456,
    "ph": 4.660909090909091,
    "ntu": 3000.0
}