{
    "year": 2021,
    "month": 5,
    "day": 2,
    "hour": 10,
    "minute": 20,
    "temp": 30.265148514851504,
    "ntu": 237.07920792079207
}