{
    "year": 2021,
    "month": 6,
    "day": 19,
    "hour": 9,
    "minute": 5,
    "temp": 28.983880597015045,
    "ntu": 83.38308457711443
}