{
    "year": 2021,
    "month": 5,
    "day": 2,
    "hour": 20,
    "minute": 20,
    "temp": 30.927351485148627,
    "ntu": 774.3638613861386
}