{
    "year": 2021,
    "month": 6,
    "day": 25,
    "hour": 8,
    "minute": 20,
    "temp": 28.467830423940196,
    "ntu": -44.214463840399006
}