{
    "year": 2021,
    "month": 5,
    "day": 27,
    "hour": 8,
    "minute": 15,
    "temp": 28.188535980148956,
    "ntu": 723.2307692307693
}