{
    "year": 2021,
    "month": 6,
    "day": 5,
    "hour": 19,
    "minute": 50,
    "temp": 28.991513647642766,
    "ntu": 520.8263027295285
}