{
    "year": 2021,
    "month": 6,
    "day": 6,
    "hour": 5,
    "minute": 40,
    "temp": 29.613731343283412,
    "ntu": -80.3407960199005
}