{
    "year": 2021,
    "month": 5,
    "day": 30,
    "hour": 18,
    "minute": 50,
    "temp": 28.716302729528373,
    "ntu": 677.4540942928039
}