{
    "year": 2021,
    "month": 6,
    "day": 17,
    "hour": 7,
    "minute": 10,
    "temp": 28.569552238805983,
    "ntu": -11.875621890547263
}