{
    "year": 2021,
    "month": 5,
    "day": 18,
    "hour": 21,
    "minute": 15,
    "temp": 30.974477611940433,
    "ntu": 475.5149253731343
}