{
    "year": 2021,
    "month": 5,
    "day": 20,
    "hour": 0,
    "minute": 40,
    "temp": 28.379801488833596,
    "ntu": 0.6401985111662531
}