{
    "year": 2021,
    "month": 5,
    "day": 27,
    "hour": 9,
    "minute": 35,
    "temp": 28.84240694789076,
    "ntu": 714.4218362282878
}