{
    "year": 2021,
    "month": 6,
    "day": 14,
    "hour": 12,
    "minute": 35,
    "temp": 28.972686567164267,
    "ntu": 250.30099502487562
}