{
    "year": 2021,
    "month": 6,
    "day": 1,
    "hour": 12,
    "minute": 30,
    "temp": 28.442655086848692,
    "ntu": 436.43672456575683
}