{
    "year": 2021,
    "month": 4,
    "day": 9,
    "hour": 11,
    "minute": 59,
    "temp": 29.4357575757576,
    "tds": 1196.3399999999995,
    "ph": 5.199090909090908,
    "ntu": 3000.0
}