{
    "year": 2021,
    "month": 5,
    "day": 22,
    "hour": 18,
    "minute": 15,
    "temp": 28.028585607940474,
    "ntu": 375.70223325062034
}