{
    "year": 2021,
    "month": 5,
    "day": 21,
    "hour": 15,
    "minute": 50,
    "temp": 31.022779156327598,
    "ntu": 512.2406947890819
}