{
    "year": 2021,
    "month": 5,
    "day": 13,
    "hour": 20,
    "minute": 45,
    "temp": 31.13888337468993,
    "ntu": 805.4789081885856
}