{
    "year": 2021,
    "month": 6,
    "day": 5,
    "hour": 14,
    "minute": 10,
    "temp": 28.130372208436874,
    "ntu": 457.1042183622829
}