{
    "year": 2021,
    "month": 6,
    "day": 18,
    "hour": 11,
    "minute": 35,
    "temp": 28.439577114427884,
    "ntu": 393.5845771144279
}