{
    "year": 2021,
    "month": 5,
    "day": 11,
    "hour": 6,
    "minute": 10,
    "temp": 29.431637717121614,
    "ntu": 462.18858560794047
}