{
    "year": 2021,
    "month": 5,
    "day": 29,
    "hour": 10,
    "minute": 0,
    "temp": 28.15728855721382,
    "ntu": 629.7835820895523
}