{
    "year": 2021,
    "month": 5,
    "day": 15,
    "hour": 23,
    "minute": 20,
    "temp": 28.977220843672555,
    "ntu": -3.267990074441687
}