{
    "year": 2021,
    "month": 6,
    "day": 23,
    "hour": 21,
    "minute": 35,
    "temp": 28.057164179104486,
    "ntu": 346.53731343283584
}