{
    "year": 2021,
    "month": 5,
    "day": 3,
    "hour": 9,
    "minute": 20,
    "temp": 29.84920595533519,
    "ntu": 623.3300248138958
}