{
    "year": 2021,
    "month": 6,
    "day": 29,
    "hour": 12,
    "minute": 15,
    "temp": 28.014477611940176,
    "ntu": 469.96019900497515
}