{
    "year": 2021,
    "month": 4,
    "day": 30,
    "hour": 20,
    "minute": 0,
    "temp": 29.913250620347558,
    "ntu": 692.2555831265508
}