{
    "year": 2021,
    "month": 5,
    "day": 16,
    "hour": 19,
    "minute": 40,
    "temp": 31.237320099255744,
    "ntu": 867.1315136476427
}