{
    "year": 2021,
    "month": 5,
    "day": 2,
    "hour": 13,
    "minute": 0,
    "temp": 30.81282878411949,
    "ntu": 668.9305210918114
}