{
    "year": 2021,
    "month": 5,
    "day": 4,
    "hour": 8,
    "minute": 55,
    "temp": 30.33218362282907,
    "ntu": 553.7369727047146
}