{
    "year": 2021,
    "month": 6,
    "day": 17,
    "hour": 9,
    "minute": 35,
    "temp": 28.400945273632008,
    "ntu": 145.6492537313433
}