{
    "year": 2021,
    "month": 5,
    "day": 20,
    "hour": 17,
    "minute": 25,
    "temp": 30.585508684863424,
    "ntu": 504.69478908188586
}