{
    "year": 2021,
    "month": 5,
    "day": 13,
    "hour": 4,
    "minute": 45,
    "temp": 30.763432835820783,
    "ntu": 20.09950248756219
}