{
    "year": 2021,
    "month": 5,
    "day": 2,
    "hour": 20,
    "minute": 0,
    "temp": 30.848213399503933,
    "ntu": 757.560794044665
}