{
    "year": 2021,
    "month": 5,
    "day": 13,
    "hour": 7,
    "minute": 30,
    "temp": 30.375434243176052,
    "ntu": 798.4168734491315
}