{
    "year": 2021,
    "month": 6,
    "day": 26,
    "hour": 3,
    "minute": 40,
    "temp": 28.438034825870673,
    "ntu": -23.72636815920398
}