{
    "year": 2021,
    "month": 5,
    "day": 16,
    "hour": 14,
    "minute": 15,
    "temp": 31.688283582089504,
    "ntu": 764.723880597015
}