{
    "year": 2021,
    "month": 6,
    "day": 4,
    "hour": 0,
    "minute": 10,
    "temp": 28.35590570719587,
    "ntu": 582.2034739454094
}