{
    "year": 2021,
    "month": 5,
    "day": 15,
    "hour": 2,
    "minute": 55,
    "temp": 30.84052109181158,
    "ntu": -1.6352357320099256
}