{
    "year": 2021,
    "month": 6,
    "day": 28,
    "hour": 23,
    "minute": 55,
    "temp": 29.05999999999997,
    "ntu": 530.0349127182045
}