{
    "year": 2021,
    "month": 5,
    "day": 20,
    "hour": 7,
    "minute": 35,
    "temp": 30.934193548387228,
    "ntu": 449.424317617866
}