{
    "year": 2021,
    "month": 5,
    "day": 24,
    "hour": 10,
    "minute": 35,
    "temp": 28.217096774193585,
    "ntu": 250.2803970223325
}