{
    "year": 2021,
    "month": 5,
    "day": 3,
    "hour": 4,
    "minute": 25,
    "temp": 24.43826302729523,
    "ntu": 0.22084367245657568
}