{
    "year": 2021,
    "month": 5,
    "day": 29,
    "hour": 9,
    "minute": 5,
    "temp": 28.74464019851124,
    "ntu": 666.3052109181142
}