{
    "year": 2021,
    "month": 6,
    "day": 8,
    "hour": 7,
    "minute": 0,
    "temp": 28.758507462686666,
    "ntu": -200.57462686567163
}