{
    "year": 2021,
    "month": 7,
    "day": 2,
    "hour": 11,
    "minute": 10,
    "temp": 28.92554726368168,
    "ntu": 310.63432835820896
}