{
    "year": 2021,
    "month": 5,
    "day": 23,
    "hour": 10,
    "minute": 15,
    "temp": 28.28513647642687,
    "ntu": 305.9801488833747
}