{
    "year": 2021,
    "month": 6,
    "day": 20,
    "hour": 5,
    "minute": 0,
    "temp": 28.656567164179265,
    "ntu": -29.845771144278608
}