{
    "year": 2021,
    "month": 5,
    "day": 28,
    "hour": 15,
    "minute": 40,
    "temp": 28.301364764268097,
    "ntu": 732.2282878411911
}