{
    "year": 2021,
    "month": 5,
    "day": 15,
    "hour": 11,
    "minute": 25,
    "temp": 31.714950248756328,
    "ntu": 776.8805970149253
}