{
    "year": 2021,
    "month": 5,
    "day": 16,
    "hour": 13,
    "minute": 45,
    "temp": 31.33957816377202,
    "ntu": 764.9156327543425
}