{
    "year": 2021,
    "month": 5,
    "day": 23,
    "hour": 3,
    "minute": 35,
    "temp": 27.563275434243284,
    "ntu": 2.796526054590571
}