{
    "year": 2021,
    "month": 5,
    "day": 8,
    "hour": 20,
    "minute": 15,
    "temp": 30.06908188585609,
    "ntu": 830.3349875930521
}