{
    "year": 2021,
    "month": 6,
    "day": 20,
    "hour": 18,
    "minute": 30,
    "temp": 28.08432835820889,
    "ntu": 383.93283582089555
}