{
    "year": 2021,
    "month": 5,
    "day": 8,
    "hour": 17,
    "minute": 50,
    "temp": 29.348808933002335,
    "ntu": 785.5260545905708
}