{
    "year": 2021,
    "month": 6,
    "day": 3,
    "hour": 12,
    "minute": 35,
    "temp": 28.37880893300253,
    "ntu": 416.87344913151367
}