{
    "year": 2021,
    "month": 6,
    "day": 6,
    "hour": 22,
    "minute": 0,
    "temp": 28.009552238805966,
    "ntu": 589.5870646766169
}