{
    "year": 2021,
    "month": 5,
    "day": 13,
    "hour": 14,
    "minute": 35,
    "temp": 30.570570719602983,
    "ntu": 854.0372208436725
}