{
    "year": 2021,
    "month": 6,
    "day": 27,
    "hour": 8,
    "minute": 30,
    "temp": 27.92450248756221,
    "ntu": -49.472636815920396
}