{
    "year": 2021,
    "month": 6,
    "day": 20,
    "hour": 1,
    "minute": 0,
    "temp": 28.210000000000022,
    "ntu": 415.83084577114425
}