{
    "year": 2021,
    "month": 6,
    "day": 6,
    "hour": 15,
    "minute": 45,
    "temp": 28.26235732009925,
    "ntu": 572.5657568238213
}