{
    "year": 2021,
    "month": 4,
    "day": 30,
    "hour": 8,
    "minute": 5,
    "temp": 24.249702233250623,
    "ntu": 676.0272952853599
}