{
    "year": 2021,
    "month": 5,
    "day": 3,
    "hour": 17,
    "minute": 10,
    "temp": 31.01071960297768,
    "ntu": 759.1191066997519
}