{
    "year": 2021,
    "month": 5,
    "day": 3,
    "hour": 11,
    "minute": 35,
    "temp": 29.253275434243267,
    "ntu": 568.620347394541
}