{
    "year": 2021,
    "month": 5,
    "day": 5,
    "hour": 2,
    "minute": 25,
    "temp": 30.14012406947897,
    "ntu": -0.2704714640198511
}