{
    "year": 2021,
    "month": 5,
    "day": 25,
    "hour": 21,
    "minute": 15,
    "temp": 29.00089330024807,
    "ntu": 771.0223325062035
}