{
    "year": 2021,
    "month": 6,
    "day": 21,
    "hour": 22,
    "minute": 20,
    "temp": 28.090298507462602,
    "ntu": 404.0273631840796
}