{
    "year": 2021,
    "month": 6,
    "day": 9,
    "hour": 4,
    "minute": 40,
    "temp": 28.975348258706347,
    "ntu": -66.3955223880597
}