{
    "year": 2021,
    "month": 5,
    "day": 14,
    "hour": 0,
    "minute": 30,
    "temp": 29.12550868486337,
    "ntu": -1.1091811414392059
}