{
    "year": 2021,
    "month": 5,
    "day": 29,
    "hour": 6,
    "minute": 15,
    "temp": 28.03761194029858,
    "ntu": 50.733830845771145
}