{
    "year": 2021,
    "month": 5,
    "day": 30,
    "hour": 9,
    "minute": 55,
    "temp": 28.020545905707106,
    "ntu": 661.4466501240695
}