{
    "year": 2021,
    "month": 6,
    "day": 3,
    "hour": 9,
    "minute": 20,
    "temp": 28.5407940446651,
    "ntu": 427.6327543424318
}