{
    "year": 2021,
    "month": 5,
    "day": 4,
    "hour": 14,
    "minute": 15,
    "temp": 30.2613151364766,
    "ntu": 758.9156327543425
}