{
    "year": 2021,
    "month": 5,
    "day": 25,
    "hour": 15,
    "minute": 40,
    "temp": 28.619677419354986,
    "ntu": 607.317617866005
}