{
    "year": 2021,
    "month": 5,
    "day": 30,
    "hour": 14,
    "minute": 0,
    "temp": 28.224689826302814,
    "ntu": 726.4714640198512
}