{
    "year": 2021,
    "month": 6,
    "day": 29,
    "hour": 12,
    "minute": 25,
    "temp": 28.468358208955067,
    "ntu": 463.50248756218906
}