{
    "year": 2021,
    "month": 6,
    "day": 5,
    "hour": 10,
    "minute": 5,
    "temp": 28.531712158808983,
    "ntu": 475.01240694789084
}