{
    "year": 2021,
    "month": 6,
    "day": 28,
    "hour": 22,
    "minute": 5,
    "temp": 28.367905236907845,
    "ntu": 522.8753117206983
}