{
    "year": 2021,
    "month": 7,
    "day": 1,
    "hour": 16,
    "minute": 15,
    "temp": 28.808358208955212,
    "ntu": 361.7686567164179
}