{
    "year": 2021,
    "month": 6,
    "day": 18,
    "hour": 13,
    "minute": 15,
    "temp": 28.56820895522386,
    "ntu": 401.21144278606965
}