{
    "year": 2021,
    "month": 5,
    "day": 18,
    "hour": 14,
    "minute": 55,
    "temp": 31.314913151364806,
    "ntu": 162.46650124069478
}