{
    "year": 2021,
    "month": 6,
    "day": 8,
    "hour": 19,
    "minute": 40,
    "temp": 28.40291044776108,
    "ntu": 497.40547263681594
}