{
    "year": 2021,
    "month": 5,
    "day": 27,
    "hour": 3,
    "minute": 25,
    "temp": 28.274863523573142,
    "ntu": 3.9156327543424316
}