{
    "year": 2021,
    "month": 5,
    "day": 30,
    "hour": 0,
    "minute": 0,
    "temp": 28.17158808933012,
    "ntu": 838.6997518610422
}