{
    "year": 2021,
    "month": 6,
    "day": 4,
    "hour": 21,
    "minute": 55,
    "temp": 28.87636815920399,
    "ntu": 555.1094527363184
}