{
    "year": 2021,
    "month": 6,
    "day": 9,
    "hour": 1,
    "minute": 50,
    "temp": 28.548059701492623,
    "ntu": -7.0497512437810945
}