{
    "year": 2021,
    "month": 6,
    "day": 8,
    "hour": 13,
    "minute": 20,
    "temp": 28.543582089552544,
    "ntu": 459.4004975124378
}