{
    "year": 2021,
    "month": 5,
    "day": 12,
    "hour": 14,
    "minute": 30,
    "temp": 30.49985111662543,
    "ntu": 790.7791563275434
}