{
    "year": 2021,
    "month": 6,
    "day": 29,
    "hour": 21,
    "minute": 50,
    "temp": 28.556567164179107,
    "ntu": 538.1616915422885
}