{
    "year": 2021,
    "month": 6,
    "day": 5,
    "hour": 13,
    "minute": 5,
    "temp": 29.057605985037394,
    "ntu": 497.0349127182045
}