{
    "year": 2021,
    "month": 5,
    "day": 4,
    "hour": 15,
    "minute": 25,
    "temp": 30.061042183622888,
    "ntu": 809.059553349876
}