{
    "year": 2021,
    "month": 5,
    "day": 12,
    "hour": 21,
    "minute": 10,
    "temp": 30.446575682382267,
    "ntu": 840.8312655086849
}