{
    "year": 2021,
    "month": 5,
    "day": 19,
    "hour": 23,
    "minute": 35,
    "temp": 27.996865671641913,
    "ntu": -2.4203980099502487
}