{
    "year": 2021,
    "month": 6,
    "day": 17,
    "hour": 4,
    "minute": 40,
    "temp": 29.219651741293607,
    "ntu": -44.417910447761194
}