{
    "year": 2021,
    "month": 6,
    "day": 18,
    "hour": 22,
    "minute": 25,
    "temp": 28.533880597014992,
    "ntu": 425.19154228855723
}