{
    "year": 2021,
    "month": 7,
    "day": 1,
    "hour": 20,
    "minute": 40,
    "temp": 28.511072319201997,
    "ntu": 405.32668329177056
}