{
    "year": 2021,
    "month": 6,
    "day": 2,
    "hour": 11,
    "minute": 25,
    "temp": 28.20846153846155,
    "ntu": 382.712158808933
}