{
    "year": 2021,
    "month": 6,
    "day": 11,
    "hour": 8,
    "minute": 55,
    "temp": 28.24985111662531,
    "ntu": 198.70967741935485
}