{
    "year": 2021,
    "month": 5,
    "day": 20,
    "hour": 9,
    "minute": 45,
    "temp": 30.330173697270418,
    "ntu": 444.69478908188586
}