{
    "year": 2021,
    "month": 5,
    "day": 23,
    "hour": 7,
    "minute": 40,
    "temp": 28.032009925558366,
    "ntu": 372.7047146401985
}