{
    "year": 2021,
    "month": 4,
    "day": 29,
    "hour": 8,
    "minute": 20,
    "temp": 24.50386138613861,
    "ntu": 659.8638613861386
}