{
    "year": 2021,
    "month": 6,
    "day": 24,
    "hour": 12,
    "minute": 50,
    "temp": 28.06238805970148,
    "ntu": 306.25373134328356
}