{
    "year": 2021,
    "month": 5,
    "day": 10,
    "hour": 1,
    "minute": 50,
    "temp": 28.84039702233254,
    "ntu": -0.7196029776674938
}