{
    "year": 2021,
    "month": 6,
    "day": 20,
    "hour": 13,
    "minute": 15,
    "temp": 28.81104738154612,
    "ntu": 373.8678304239402
}