{
    "year": 2021,
    "month": 6,
    "day": 5,
    "hour": 21,
    "minute": 50,
    "temp": 28.55642679900749,
    "ntu": 583.9578163771712
}