{
    "year": 2021,
    "month": 5,
    "day": 23,
    "hour": 14,
    "minute": 30,
    "temp": 28.248362282878485,
    "ntu": 371.8709677419355
}