{
    "year": 2021,
    "month": 6,
    "day": 5,
    "hour": 19,
    "minute": 10,
    "temp": 28.116352357320107,
    "ntu": 527.9602977667494
}