{
    "year": 2021,
    "month": 6,
    "day": 6,
    "hour": 18,
    "minute": 5,
    "temp": 28.85503722084351,
    "ntu": 575.7022332506203
}