{
    "year": 2021,
    "month": 6,
    "day": 23,
    "hour": 2,
    "minute": 5,
    "temp": 29.10563591022434,
    "ntu": 1.14214463840399
}