{
    "year": 2021,
    "month": 5,
    "day": 18,
    "hour": 20,
    "minute": 0,
    "temp": 30.836774193548276,
    "ntu": 537.9280397022333
}