{
    "year": 2021,
    "month": 5,
    "day": 22,
    "hour": 12,
    "minute": 35,
    "temp": 28.48138957816389,
    "ntu": 264.8957816377171
}