{
    "year": 2021,
    "month": 5,
    "day": 7,
    "hour": 10,
    "minute": 45,
    "temp": 29.915930521091965,
    "ntu": 694.5260545905708
}