{
    "year": 2021,
    "month": 6,
    "day": 7,
    "hour": 11,
    "minute": 10,
    "temp": 28.568233830846015,
    "ntu": 443.83084577114425
}