{
    "year": 2021,
    "month": 6,
    "day": 1,
    "hour": 3,
    "minute": 0,
    "temp": 28.360148883374556,
    "ntu": -7.684863523573201
}