{
    "year": 2021,
    "month": 5,
    "day": 9,
    "hour": 20,
    "minute": 10,
    "temp": 30.53513647642687,
    "ntu": 852.590570719603
}