{
    "year": 2021,
    "month": 6,
    "day": 17,
    "hour": 17,
    "minute": 5,
    "temp": 28.02925373134332,
    "ntu": 401.6318407960199
}