{
    "year": 2021,
    "month": 6,
    "day": 19,
    "hour": 2,
    "minute": 50,
    "temp": 28.88111940298504,
    "ntu": -5.378109452736318
}