{
    "year": 2021,
    "month": 6,
    "day": 22,
    "hour": 20,
    "minute": 45,
    "temp": 28.845820895522234,
    "ntu": 394.4154228855721
}