{
    "year": 2021,
    "month": 6,
    "day": 9,
    "hour": 16,
    "minute": 10,
    "temp": 28.561915422885857,
    "ntu": 423.8606965174129
}