{
    "year": 2021,
    "month": 5,
    "day": 20,
    "hour": 16,
    "minute": 50,
    "temp": 30.75401985111664,
    "ntu": 481.11910669975185
}