{
    "year": 2021,
    "month": 6,
    "day": 20,
    "hour": 21,
    "minute": 20,
    "temp": 28.960746268656738,
    "ntu": 396.33830845771143
}