{
    "year": 2021,
    "month": 5,
    "day": 25,
    "hour": 7,
    "minute": 30,
    "temp": 29.152034739454272,
    "ntu": 624.7146401985111
}