{
    "year": 2021,
    "month": 6,
    "day": 4,
    "hour": 4,
    "minute": 40,
    "temp": 28.96637717121595,
    "ntu": -49.5136476426799
}