{
    "year": 2021,
    "month": 6,
    "day": 1,
    "hour": 1,
    "minute": 20,
    "temp": 27.337980049875256,
    "ntu": -9.897755610972569
}