{
    "year": 2021,
    "month": 6,
    "day": 1,
    "hour": 6,
    "minute": 20,
    "temp": 27.87776674937957,
    "ntu": -150.18114143920596
}