{
    "year": 2021,
    "month": 6,
    "day": 20,
    "hour": 14,
    "minute": 40,
    "temp": 28.275024875622087,
    "ntu": 357.05223880597015
}