{
    "year": 2021,
    "month": 5,
    "day": 31,
    "hour": 21,
    "minute": 15,
    "temp": 28.953399503722114,
    "ntu": 485.27543424317616
}