{
    "year": 2021,
    "month": 5,
    "day": 28,
    "hour": 16,
    "minute": 0,
    "temp": 28.119751243781174,
    "ntu": 692.4253731343283
}