{
    "year": 2021,
    "month": 6,
    "day": 9,
    "hour": 11,
    "minute": 5,
    "temp": 28.794962779156414,
    "ntu": 483.75186104218363
}