{
    "year": 2021,
    "month": 6,
    "day": 4,
    "hour": 14,
    "minute": 45,
    "temp": 28.846972704714478,
    "ntu": 461.5558312655087
}