{
    "year": 2021,
    "month": 5,
    "day": 30,
    "hour": 0,
    "minute": 25,
    "temp": 28.50200992555823,
    "ntu": 787.8709677419355
}