{
    "year": 2021,
    "month": 5,
    "day": 11,
    "hour": 5,
    "minute": 45,
    "temp": 30.85635235732032,
    "ntu": 425.95533498759306
}