{
    "year": 2021,
    "month": 6,
    "day": 5,
    "hour": 11,
    "minute": 5,
    "temp": 28.571935483871226,
    "ntu": 462.3374689826303
}