{
    "year": 2021,
    "month": 5,
    "day": 25,
    "hour": 10,
    "minute": 10,
    "temp": 28.33411910669969,
    "ntu": 658.3945409429281
}