{
    "year": 2021,
    "month": 5,
    "day": 14,
    "hour": 4,
    "minute": 0,
    "temp": 30.320893300248265,
    "ntu": 0.034739454094292806
}