{
    "year": 2021,
    "month": 5,
    "day": 7,
    "hour": 20,
    "minute": 25,
    "temp": 29.660000000000174,
    "ntu": 807.210918114144
}