{
    "year": 2021,
    "month": 5,
    "day": 30,
    "hour": 4,
    "minute": 25,
    "temp": 27.834565756823775,
    "ntu": 2.977667493796526
}