{
    "year": 2021,
    "month": 5,
    "day": 10,
    "hour": 16,
    "minute": 25,
    "temp": 30.922456575682514,
    "ntu": 800.0769230769231
}