{
    "year": 2021,
    "month": 6,
    "day": 13,
    "hour": 17,
    "minute": 50,
    "temp": 28.200671641790866,
    "ntu": 229.40547263681592
}