{
    "year": 2021,
    "month": 5,
    "day": 21,
    "hour": 19,
    "minute": 55,
    "temp": 28.88607940446636,
    "ntu": 615.5483870967741
}