{
    "year": 2021,
    "month": 6,
    "day": 21,
    "hour": 4,
    "minute": 35,
    "temp": 28.213805970149256,
    "ntu": -36.62189054726368
}