{
    "year": 2021,
    "month": 7,
    "day": 1,
    "hour": 3,
    "minute": 40,
    "temp": 28.426417910447835,
    "ntu": -33.256218905472636
}