{
    "year": 2021,
    "month": 5,
    "day": 29,
    "hour": 10,
    "minute": 55,
    "temp": 28.469925558312717,
    "ntu": 671.3722084367246
}