{
    "year": 2021,
    "month": 5,
    "day": 9,
    "hour": 10,
    "minute": 15,
    "temp": 30.36362282878395,
    "ntu": 594.9379652605459
}