{
    "year": 2021,
    "month": 5,
    "day": 31,
    "hour": 3,
    "minute": 45,
    "temp": 29.29970149253743,
    "ntu": -6.7835820895522385
}