{
    "year": 2021,
    "month": 6,
    "day": 24,
    "hour": 10,
    "minute": 40,
    "temp": 28.695386533665854,
    "ntu": 313.3840399002494
}