{
    "year": 2021,
    "month": 5,
    "day": 10,
    "hour": 10,
    "minute": 30,
    "temp": 30.9407444168735,
    "ntu": 786.0669975186104
}