{
    "year": 2021,
    "month": 6,
    "day": 3,
    "hour": 3,
    "minute": 20,
    "temp": 27.80493796526063,
    "ntu": -11.838709677419354
}