{
    "year": 2021,
    "month": 6,
    "day": 5,
    "hour": 15,
    "minute": 45,
    "temp": 28.22379652605467,
    "ntu": 438.8883374689826
}