{
    "year": 2021,
    "month": 6,
    "day": 4,
    "hour": 11,
    "minute": 20,
    "temp": 28.15004962779174,
    "ntu": 494.0570719602978
}