{
    "year": 2021,
    "month": 6,
    "day": 17,
    "hour": 2,
    "minute": 15,
    "temp": 28.361521197007534,
    "ntu": -4.29426433915212
}