{
    "year": 2021,
    "month": 5,
    "day": 12,
    "hour": 11,
    "minute": 50,
    "temp": 30.957096774193474,
    "ntu": 706.7841191066998
}