{
    "year": 2021,
    "month": 5,
    "day": 3,
    "hour": 20,
    "minute": 15,
    "temp": 30.456674937965314,
    "ntu": 814.7791563275434
}