{
    "year": 2021,
    "month": 5,
    "day": 29,
    "hour": 0,
    "minute": 15,
    "temp": 28.275459057071973,
    "ntu": 807.955334987593
}