{
    "year": 2021,
    "month": 6,
    "day": 27,
    "hour": 1,
    "minute": 45,
    "temp": 28.113681592039757,
    "ntu": -7.601990049751244
}