{
    "year": 2021,
    "month": 5,
    "day": 21,
    "hour": 17,
    "minute": 35,
    "temp": 28.401293532338208,
    "ntu": 556.407960199005
}