{
    "year": 2021,
    "month": 5,
    "day": 26,
    "hour": 20,
    "minute": 50,
    "temp": 28.229253731343388,
    "ntu": 775.9179104477612
}