{
    "year": 2021,
    "month": 5,
    "day": 14,
    "hour": 19,
    "minute": 0,
    "temp": 31.336873449131858,
    "ntu": 791.7940446650124
}