{
    "year": 2021,
    "month": 4,
    "day": 30,
    "hour": 5,
    "minute": 25,
    "temp": 24.797047146402097,
    "ntu": 57.63771712158809
}