{
    "year": 2021,
    "month": 6,
    "day": 30,
    "hour": 19,
    "minute": 25,
    "temp": 28.483731343283658,
    "ntu": 335.01741293532336
}