{
    "year": 2021,
    "month": 6,
    "day": 20,
    "hour": 16,
    "minute": 35,
    "temp": 28.00731343283582,
    "ntu": 368.6318407960199
}