{
    "year": 2021,
    "month": 6,
    "day": 1,
    "hour": 8,
    "minute": 10,
    "temp": 28.282605459057123,
    "ntu": -247.10669975186104
}