{
    "year": 2021,
    "month": 6,
    "day": 30,
    "hour": 1,
    "minute": 5,
    "temp": 28.691791044776142,
    "ntu": 548.3905472636816
}