{
    "year": 2021,
    "month": 5,
    "day": 2,
    "hour": 8,
    "minute": 55,
    "temp": 30.337171215881163,
    "ntu": 551.87841191067
}