{
    "year": 2021,
    "month": 6,
    "day": 17,
    "hour": 0,
    "minute": 45,
    "temp": 29.032686567164244,
    "ntu": 483.89800995024876
}