{
    "year": 2021,
    "month": 7,
    "day": 1,
    "hour": 3,
    "minute": 10,
    "temp": 28.574477611940274,
    "ntu": -17.039800995024876
}