{
    "year": 2021,
    "month": 6,
    "day": 12,
    "hour": 22,
    "minute": 0,
    "temp": 28.485273631840737,
    "ntu": 388.5547263681592
}