{
    "year": 2021,
    "month": 5,
    "day": 16,
    "hour": 11,
    "minute": 45,
    "temp": 31.296865671641996,
    "ntu": 722.8233830845771
}