{
    "year": 2021,
    "month": 5,
    "day": 15,
    "hour": 5,
    "minute": 25,
    "temp": 29.507313432835954,
    "ntu": 97.91542288557214
}