{
    "year": 2021,
    "month": 6,
    "day": 13,
    "hour": 6,
    "minute": 0,
    "temp": 28.348635235731898,
    "ntu": -84.15384615384616
}