{
    "year": 2021,
    "month": 6,
    "day": 8,
    "hour": 10,
    "minute": 30,
    "temp": 28.78573200992564,
    "ntu": 462.43672456575683
}