{
    "year": 2021,
    "month": 5,
    "day": 20,
    "hour": 19,
    "minute": 15,
    "temp": 30.57895781637747,
    "ntu": 483.90818858560795
}