{
    "year": 2021,
    "month": 6,
    "day": 29,
    "hour": 0,
    "minute": 5,
    "temp": 28.999102244389036,
    "ntu": 529.6708229426434
}