{
    "year": 2021,
    "month": 6,
    "day": 4,
    "hour": 13,
    "minute": 5,
    "temp": 28.554292803970537,
    "ntu": 467.2928039702233
}