{
    "year": 2021,
    "month": 5,
    "day": 22,
    "hour": 0,
    "minute": 25,
    "temp": 27.942903225806532,
    "ntu": 4.977667493796526
}