{
    "year": 2021,
    "month": 5,
    "day": 16,
    "hour": 1,
    "minute": 50,
    "temp": 31.37626865671654,
    "ntu": -1.962686567164179
}