{
    "year": 2021,
    "month": 5,
    "day": 26,
    "hour": 3,
    "minute": 30,
    "temp": 28.96222772277221,
    "ntu": 4.497524752475248
}