{
    "year": 2021,
    "month": 6,
    "day": 3,
    "hour": 22,
    "minute": 10,
    "temp": 28.714402985074482,
    "ntu": 553.3308457711443
}