{
    "year": 2021,
    "month": 5,
    "day": 2,
    "hour": 6,
    "minute": 5,
    "temp": 26.724739454094273,
    "ntu": 334.439205955335
}