{
    "year": 2021,
    "month": 5,
    "day": 19,
    "hour": 0,
    "minute": 15,
    "temp": 29.905856079404327,
    "ntu": 132.41439205955334
}