{
    "year": 2021,
    "month": 5,
    "day": 31,
    "hour": 2,
    "minute": 55,
    "temp": 28.58499999999995,
    "ntu": -2.81592039800995
}