{
    "year": 2021,
    "month": 5,
    "day": 26,
    "hour": 1,
    "minute": 50,
    "temp": 28.051513647642768,
    "ntu": 5.305210918114144
}