{
    "year": 2021,
    "month": 5,
    "day": 26,
    "hour": 18,
    "minute": 20,
    "temp": 28.97786600496275,
    "ntu": 742.1687344913151
}