{
    "year": 2021,
    "month": 4,
    "day": 30,
    "hour": 12,
    "minute": 0,
    "temp": 29.974987593052212,
    "ntu": 553.36476426799
}