{
    "year": 2021,
    "month": 5,
    "day": 7,
    "hour": 22,
    "minute": 30,
    "temp": 29.09598014888337,
    "ntu": -1.3771712158808933
}