{
    "year": 2021,
    "month": 4,
    "day": 29,
    "hour": 17,
    "minute": 0,
    "temp": 29.02501240694804,
    "ntu": 374.59801488833745
}