{
    "year": 2021,
    "month": 6,
    "day": 10,
    "hour": 18,
    "minute": 25,
    "temp": 28.194203980099516,
    "ntu": 429.40547263681594
}