{
    "year": 2021,
    "month": 5,
    "day": 18,
    "hour": 12,
    "minute": 5,
    "temp": 31.960942928039856,
    "ntu": 128.79156327543424
}