{
    "year": 2021,
    "month": 6,
    "day": 22,
    "hour": 7,
    "minute": 35,
    "temp": 28.847462686567184,
    "ntu": 73.61691542288557
}