{
    "year": 2021,
    "month": 5,
    "day": 30,
    "hour": 10,
    "minute": 50,
    "temp": 28.494626865671727,
    "ntu": 690.0472636815921
}