{
    "year": 2021,
    "month": 6,
    "day": 24,
    "hour": 8,
    "minute": 55,
    "temp": 28.327611940298482,
    "ntu": -50.333333333333336
}