{
    "year": 2021,
    "month": 5,
    "day": 8,
    "hour": 15,
    "minute": 15,
    "temp": 29.397965260545835,
    "ntu": 757.8089330024814
}