{
    "year": 2021,
    "month": 6,
    "day": 13,
    "hour": 21,
    "minute": 35,
    "temp": 29.04164179104479,
    "ntu": 286.81592039800995
}