{
    "year": 2021,
    "month": 6,
    "day": 2,
    "hour": 13,
    "minute": 10,
    "temp": 28.00610421836228,
    "ntu": 422.2258064516129
}