{
    "year": 2021,
    "month": 5,
    "day": 27,
    "hour": 19,
    "minute": 55,
    "temp": 28.475074626865766,
    "ntu": 760.4278606965174
}