{
    "year": 2021,
    "month": 5,
    "day": 13,
    "hour": 5,
    "minute": 50,
    "temp": 30.80054590570729,
    "ntu": 156.32506203473946
}