{
    "year": 2021,
    "month": 5,
    "day": 15,
    "hour": 18,
    "minute": 5,
    "temp": 31.901439205955477,
    "ntu": 843.6079404466501
}