{
    "year": 2021,
    "month": 5,
    "day": 13,
    "hour": 12,
    "minute": 35,
    "temp": 30.152481389578305,
    "ntu": 834.4292803970224
}