{
    "year": 2021,
    "month": 5,
    "day": 10,
    "hour": 5,
    "minute": 50,
    "temp": 28.805161290322705,
    "ntu": 22.63771712158809
}