{
    "year": 2021,
    "month": 6,
    "day": 6,
    "hour": 15,
    "minute": 35,
    "temp": 28.403523573201163,
    "ntu": 570.4292803970224
}