{
    "year": 2021,
    "month": 6,
    "day": 20,
    "hour": 13,
    "minute": 55,
    "temp": 28.348805970149098,
    "ntu": 378.9004975124378
}