{
    "year": 2021,
    "month": 5,
    "day": 7,
    "hour": 1,
    "minute": 0,
    "temp": 28.459280397022415,
    "ntu": -0.007444168734491315
}