{
    "year": 2021,
    "month": 5,
    "day": 6,
    "hour": 16,
    "minute": 10,
    "temp": 30.7776923076922,
    "ntu": 800.9751861042183
}