{
    "year": 2021,
    "month": 6,
    "day": 3,
    "hour": 23,
    "minute": 20,
    "temp": 28.328808933002723,
    "ntu": 560.8411910669976
}