{
    "year": 2021,
    "month": 5,
    "day": 17,
    "hour": 1,
    "minute": 40,
    "temp": 31.32191066997551,
    "ntu": -2.1116625310173696
}