{
    "year": 2021,
    "month": 5,
    "day": 17,
    "hour": 16,
    "minute": 15,
    "temp": 31.968333333333266,
    "ntu": 170.70398009950247
}