{
    "year": 2021,
    "month": 5,
    "day": 10,
    "hour": 10,
    "minute": 40,
    "temp": 30.962332506203598,
    "ntu": 828.5831265508685
}