{
    "year": 2021,
    "month": 6,
    "day": 3,
    "hour": 20,
    "minute": 30,
    "temp": 28.01268656716407,
    "ntu": 509.46268656716416
}