{
    "year": 2021,
    "month": 6,
    "day": 3,
    "hour": 19,
    "minute": 45,
    "temp": 28.735409429280526,
    "ntu": 500.0074441687345
}