{
    "year": 2021,
    "month": 5,
    "day": 19,
    "hour": 23,
    "minute": 45,
    "temp": 29.106451612903395,
    "ntu": 1.5186104218362282
}