{
    "year": 2021,
    "month": 5,
    "day": 23,
    "hour": 1,
    "minute": 0,
    "temp": 28.75692307692321,
    "ntu": 5.746898263027295
}