{
    "year": 2021,
    "month": 6,
    "day": 5,
    "hour": 20,
    "minute": 50,
    "temp": 28.044665012407048,
    "ntu": 554.6178660049628
}