{
    "year": 2021,
    "month": 6,
    "day": 21,
    "hour": 2,
    "minute": 30,
    "temp": 28.08271820448876,
    "ntu": -3.4114713216957604
}