{
    "year": 2021,
    "month": 6,
    "day": 20,
    "hour": 14,
    "minute": 30,
    "temp": 28.004925373134327,
    "ntu": 379.77363184079604
}