{
    "year": 2021,
    "month": 5,
    "day": 26,
    "hour": 23,
    "minute": 5,
    "temp": 28.592935323383234,
    "ntu": 744.0995024875622
}