{
    "year": 2021,
    "month": 5,
    "day": 18,
    "hour": 0,
    "minute": 10,
    "temp": 30.243052109181292,
    "ntu": -8.11910669975186
}