{
    "year": 2021,
    "month": 6,
    "day": 10,
    "hour": 19,
    "minute": 35,
    "temp": 28.59290322580632,
    "ntu": 466.151364764268
}