{
    "year": 2021,
    "month": 5,
    "day": 27,
    "hour": 19,
    "minute": 20,
    "temp": 28.767462686567228,
    "ntu": 689.1666666666666
}