{
    "year": 2021,
    "month": 6,
    "day": 4,
    "hour": 16,
    "minute": 15,
    "temp": 28.902481389578075,
    "ntu": 419.01736972704714
}