{
    "year": 2021,
    "month": 5,
    "day": 3,
    "hour": 16,
    "minute": 5,
    "temp": 30.615459057071835,
    "ntu": 751.833746898263
}