{
    "year": 2021,
    "month": 5,
    "day": 19,
    "hour": 10,
    "minute": 45,
    "temp": 30.947189054726348,
    "ntu": 481.47014925373134
}