{
    "year": 2021,
    "month": 5,
    "day": 4,
    "hour": 7,
    "minute": 0,
    "temp": 30.880719602977646,
    "ntu": 787.3821339950372
}