{
    "year": 2021,
    "month": 5,
    "day": 26,
    "hour": 17,
    "minute": 30,
    "temp": 28.009081885856073,
    "ntu": 767.2828784119107
}