{
    "year": 2021,
    "month": 5,
    "day": 7,
    "hour": 1,
    "minute": 20,
    "temp": 30.47457711442799,
    "ntu": -0.05970149253731343
}