{
    "year": 2021,
    "month": 6,
    "day": 14,
    "hour": 10,
    "minute": 15,
    "temp": 28.50701492537316,
    "ntu": 242.6766169154229
}