{
    "year": 2021,
    "month": 5,
    "day": 29,
    "hour": 17,
    "minute": 55,
    "temp": 28.796898263027398,
    "ntu": 711.893300248139
}