{
    "year": 2021,
    "month": 6,
    "day": 18,
    "hour": 9,
    "minute": 50,
    "temp": 28.325074626865646,
    "ntu": 378.318407960199
}