{
    "year": 2021,
    "month": 6,
    "day": 18,
    "hour": 23,
    "minute": 35,
    "temp": 29.00553615960101,
    "ntu": 425.3815461346633
}