{
    "year": 2021,
    "month": 5,
    "day": 14,
    "hour": 12,
    "minute": 35,
    "temp": 31.70271144278597,
    "ntu": 771.1691542288557
}