{
    "year": 2021,
    "month": 6,
    "day": 2,
    "hour": 11,
    "minute": 20,
    "temp": 28.276054590570737,
    "ntu": 397.01488833746896
}