{
    "year": 2021,
    "month": 5,
    "day": 22,
    "hour": 4,
    "minute": 25,
    "temp": 27.69863523573207,
    "ntu": 0.1761786600496278
}