{
    "year": 2021,
    "month": 6,
    "day": 12,
    "hour": 3,
    "minute": 40,
    "temp": 29.56283582089557,
    "ntu": -27.27860696517413
}