{
    "year": 2021,
    "month": 6,
    "day": 7,
    "hour": 20,
    "minute": 15,
    "temp": 28.580099255583082,
    "ntu": 534.3126550868486
}