{
    "year": 2021,
    "month": 6,
    "day": 13,
    "hour": 7,
    "minute": 20,
    "temp": 28.312238805970136,
    "ntu": -91.97512437810946
}