{
    "year": 2021,
    "month": 6,
    "day": 17,
    "hour": 8,
    "minute": 25,
    "temp": 28.706907730673183,
    "ntu": 63.052369077306736
}