{
    "year": 2021,
    "month": 6,
    "day": 11,
    "hour": 5,
    "minute": 55,
    "temp": 28.39091811414394,
    "ntu": -114.65508684863524
}