{
    "year": 2021,
    "month": 6,
    "day": 19,
    "hour": 2,
    "minute": 55,
    "temp": 28.76761194029854,
    "ntu": -5.86318407960199
}