{
    "year": 2021,
    "month": 6,
    "day": 24,
    "hour": 5,
    "minute": 0,
    "temp": 28.11815920398011,
    "ntu": -58.59701492537314
}