{
    "year": 2021,
    "month": 5,
    "day": 16,
    "hour": 23,
    "minute": 20,
    "temp": 29.38593052109183,
    "ntu": -3.4193548387096775
}