{
    "year": 2021,
    "month": 5,
    "day": 11,
    "hour": 9,
    "minute": 55,
    "temp": 29.519503722084366,
    "ntu": 552.9900744416874
}