{
    "year": 2021,
    "month": 5,
    "day": 4,
    "hour": 22,
    "minute": 50,
    "temp": 27.51325062034745,
    "ntu": -0.38461538461538464
}