{
    "year": 2021,
    "month": 6,
    "day": 12,
    "hour": 9,
    "minute": 20,
    "temp": 28.13893300248157,
    "ntu": 344.85856079404465
}