{
    "year": 2021,
    "month": 6,
    "day": 19,
    "hour": 17,
    "minute": 0,
    "temp": 28.63292803970241,
    "ntu": 372.4441687344913
}