{
    "year": 2021,
    "month": 4,
    "day": 30,
    "hour": 16,
    "minute": 25,
    "temp": 30.288263027295375,
    "ntu": 880.789081885856
}