{
    "year": 2021,
    "month": 5,
    "day": 6,
    "hour": 0,
    "minute": 5,
    "temp": 28.51373762376244,
    "ntu": 0.21287128712871287
}