{
    "year": 2021,
    "month": 5,
    "day": 28,
    "hour": 12,
    "minute": 0,
    "temp": 28.910148883374674,
    "ntu": 660.5384615384615
}