{
    "year": 2021,
    "month": 5,
    "day": 18,
    "hour": 16,
    "minute": 35,
    "temp": 31.92589552238811,
    "ntu": 143.1218905472637
}