{
    "year": 2021,
    "month": 5,
    "day": 24,
    "hour": 13,
    "minute": 55,
    "temp": 28.732878411910708,
    "ntu": 693.3325062034739
}