{
    "year": 2021,
    "month": 6,
    "day": 2,
    "hour": 17,
    "minute": 35,
    "temp": 28.17037220843682,
    "ntu": 385.8436724565757
}