{
    "year": 2021,
    "month": 5,
    "day": 17,
    "hour": 4,
    "minute": 20,
    "temp": 29.762059553350007,
    "ntu": 5.570719602977667
}