{
    "year": 2021,
    "month": 5,
    "day": 8,
    "hour": 15,
    "minute": 5,
    "temp": 29.0142928039701,
    "ntu": 737.7493796526055
}