{
    "year": 2021,
    "month": 6,
    "day": 30,
    "hour": 4,
    "minute": 20,
    "temp": 27.90578553615973,
    "ntu": -58.246882793017456
}