{
    "year": 2021,
    "month": 5,
    "day": 15,
    "hour": 8,
    "minute": 0,
    "temp": 31.818880597014935,
    "ntu": 858.2487562189054
}