{
    "year": 2021,
    "month": 6,
    "day": 10,
    "hour": 0,
    "minute": 50,
    "temp": 27.917816377171324,
    "ntu": -11.325062034739455
}