{
    "year": 2021,
    "month": 6,
    "day": 19,
    "hour": 12,
    "minute": 20,
    "temp": 28.010623441396504,
    "ntu": 382.0374064837905
}