{
    "year": 2021,
    "month": 5,
    "day": 11,
    "hour": 23,
    "minute": 40,
    "temp": 30.677611940298434,
    "ntu": -0.22388059701492538
}