{
    "year": 2021,
    "month": 6,
    "day": 5,
    "hour": 11,
    "minute": 40,
    "temp": 28.740769230769317,
    "ntu": 497.37965260545906
}