{
    "year": 2021,
    "month": 5,
    "day": 26,
    "hour": 0,
    "minute": 40,
    "temp": 28.690570719602963,
    "ntu": 5.8858560794044665
}