{
    "year": 2021,
    "month": 6,
    "day": 3,
    "hour": 17,
    "minute": 0,
    "temp": 28.348709677419233,
    "ntu": 476.99007444168734
}