{
    "year": 2021,
    "month": 5,
    "day": 11,
    "hour": 19,
    "minute": 45,
    "temp": 29.18908188585593,
    "ntu": 816.1339950372209
}