{
    "year": 2021,
    "month": 6,
    "day": 13,
    "hour": 20,
    "minute": 50,
    "temp": 28.231044776119514,
    "ntu": 288.5049751243781
}