{
    "year": 2021,
    "month": 5,
    "day": 25,
    "hour": 2,
    "minute": 30,
    "temp": 28.373498759305058,
    "ntu": 5.11166253101737
}