{
    "year": 2021,
    "month": 4,
    "day": 10,
    "hour": 1,
    "minute": 59,
    "temp": 25.299090909090893,
    "tds": 1413.5063636363632,
    "ph": 2.899999999999999,
    "ntu": 3000.0
}