{
    "year": 2021,
    "month": 5,
    "day": 17,
    "hour": 2,
    "minute": 50,
    "temp": 31.330796019900504,
    "ntu": -1.7412935323383085
}