{
    "year": 2021,
    "month": 6,
    "day": 12,
    "hour": 14,
    "minute": 0,
    "temp": 29.0307462686568,
    "ntu": 362.728855721393
}