{
    "year": 2021,
    "month": 6,
    "day": 4,
    "hour": 8,
    "minute": 55,
    "temp": 28.89883374689846,
    "ntu": 241.02977667493798
}