{
    "year": 2021,
    "month": 5,
    "day": 18,
    "hour": 2,
    "minute": 0,
    "temp": 30.76111662531036,
    "ntu": -10.253101736972704
}