{
    "year": 2021,
    "month": 6,
    "day": 17,
    "hour": 17,
    "minute": 30,
    "temp": 28.902418952618394,
    "ntu": 388.9775561097257
}