{
    "year": 2021,
    "month": 5,
    "day": 30,
    "hour": 10,
    "minute": 55,
    "temp": 28.409776674938108,
    "ntu": 684.2233250620347
}