{
    "year": 2021,
    "month": 4,
    "day": 29,
    "hour": 21,
    "minute": 50,
    "temp": 30.71997518610438,
    "ntu": 197.22084367245657
}