{
    "year": 2021,
    "month": 6,
    "day": 28,
    "hour": 13,
    "minute": 50,
    "temp": 28.522593516209493,
    "ntu": 501.38653366583543
}