{
    "year": 2021,
    "month": 4,
    "day": 29,
    "hour": 15,
    "minute": 0,
    "temp": 30.391240694789033,
    "ntu": 503.51861042183623
}