{
    "year": 2021,
    "month": 5,
    "day": 11,
    "hour": 19,
    "minute": 30,
    "temp": 29.15838709677435,
    "ntu": 860.9305210918114
}