{
    "year": 2021,
    "month": 5,
    "day": 12,
    "hour": 17,
    "minute": 30,
    "temp": 29.181389578163884,
    "ntu": 841.712158808933
}