{
    "year": 2021,
    "month": 6,
    "day": 5,
    "hour": 10,
    "minute": 50,
    "temp": 28.000744416873452,
    "ntu": 477.5781637717122
}