{
    "year": 2021,
    "month": 6,
    "day": 8,
    "hour": 1,
    "minute": 0,
    "temp": 28.042920792079304,
    "ntu": -10.717821782178218
}