{
    "year": 2021,
    "month": 5,
    "day": 16,
    "hour": 9,
    "minute": 55,
    "temp": 31.142189054726554,
    "ntu": 637.1293532338309
}