{
    "year": 2021,
    "month": 6,
    "day": 28,
    "hour": 11,
    "minute": 5,
    "temp": 28.190297766749396,
    "ntu": 498.93548387096774
}