{
    "year": 2021,
    "month": 6,
    "day": 5,
    "hour": 14,
    "minute": 5,
    "temp": 28.201612903225815,
    "ntu": 465.4168734491315
}