{
    "year": 2021,
    "month": 5,
    "day": 26,
    "hour": 3,
    "minute": 40,
    "temp": 28.74950372208451,
    "ntu": 4.486352357320099
}