{
    "year": 2021,
    "month": 6,
    "day": 20,
    "hour": 20,
    "minute": 15,
    "temp": 28.286268656716498,
    "ntu": 399.83084577114425
}