{
    "year": 2021,
    "month": 5,
    "day": 12,
    "hour": 0,
    "minute": 40,
    "temp": 30.894392059553436,
    "ntu": -0.11910669975186104
}