{
    "year": 2021,
    "month": 5,
    "day": 11,
    "hour": 8,
    "minute": 20,
    "temp": 29.859004975124545,
    "ntu": 696.1243781094528
}