{
    "year": 2021,
    "month": 6,
    "day": 8,
    "hour": 21,
    "minute": 10,
    "temp": 28.14813895781629,
    "ntu": 522.9280397022333
}