{
    "year": 2021,
    "month": 5,
    "day": 3,
    "hour": 0,
    "minute": 10,
    "temp": 25.96903225806451,
    "ntu": -0.0794044665012407
}