{
    "year": 2021,
    "month": 6,
    "day": 29,
    "hour": 4,
    "minute": 55,
    "temp": 28.831995012468784,
    "ntu": -78.8927680798005
}