{
    "year": 2021,
    "month": 6,
    "day": 23,
    "hour": 18,
    "minute": 0,
    "temp": 28.940149253731366,
    "ntu": 322.12935323383084
}