{
    "year": 2021,
    "month": 5,
    "day": 19,
    "hour": 6,
    "minute": 25,
    "temp": 29.3629032258064,
    "ntu": 135.73200992555832
}