{
    "year": 2021,
    "month": 5,
    "day": 1,
    "hour": 9,
    "minute": 25,
    "temp": 24.44029702970291,
    "ntu": 337.88613861386136
}