{
    "year": 2021,
    "month": 6,
    "day": 12,
    "hour": 22,
    "minute": 30,
    "temp": 28.779850746268696,
    "ntu": 404.5970149253731
}