{
    "year": 2021,
    "month": 5,
    "day": 7,
    "hour": 20,
    "minute": 45,
    "temp": 29.13339108910889,
    "ntu": 817.1881188118812
}