{
    "year": 2021,
    "month": 5,
    "day": 1,
    "hour": 17,
    "minute": 45,
    "temp": 30.965161290322502,
    "ntu": 711.9354838709677
}