{
    "year": 2021,
    "month": 6,
    "day": 25,
    "hour": 3,
    "minute": 5,
    "temp": 29.142835820895662,
    "ntu": -13.099502487562189
}