{
    "year": 2021,
    "month": 5,
    "day": 8,
    "hour": 4,
    "minute": 10,
    "temp": 28.88096774193539,
    "ntu": -0.4813895781637717
}