{
    "year": 2021,
    "month": 5,
    "day": 23,
    "hour": 2,
    "minute": 30,
    "temp": 27.52456575682386,
    "ntu": 3.957816377171216
}