{
    "year": 2021,
    "month": 5,
    "day": 14,
    "hour": 13,
    "minute": 15,
    "temp": 31.778358208955098,
    "ntu": 747.1592039800995
}