{
    "year": 2021,
    "month": 6,
    "day": 8,
    "hour": 2,
    "minute": 45,
    "temp": 28.073002481389622,
    "ntu": -8.168734491315137
}