{
    "year": 2021,
    "month": 5,
    "day": 8,
    "hour": 23,
    "minute": 10,
    "temp": 30.23766749379648,
    "ntu": -1.2406947890818858
}