{
    "year": 2021,
    "month": 5,
    "day": 27,
    "hour": 14,
    "minute": 40,
    "temp": 28.670769230769338,
    "ntu": 738.213399503722
}