{
    "year": 2021,
    "month": 6,
    "day": 28,
    "hour": 9,
    "minute": 40,
    "temp": 28.62017456359118,
    "ntu": 495.5062344139651
}