{
    "year": 2021,
    "month": 5,
    "day": 9,
    "hour": 9,
    "minute": 50,
    "temp": 31.01637717121594,
    "ntu": 689.1464019851117
}