{
    "year": 2021,
    "month": 5,
    "day": 31,
    "hour": 2,
    "minute": 25,
    "temp": 27.98198511166265,
    "ntu": -2.4813895781637716
}