{
    "year": 2021,
    "month": 5,
    "day": 5,
    "hour": 10,
    "minute": 5,
    "temp": 30.559404466501203,
    "ntu": 798.3598014888338
}