{
    "year": 2021,
    "month": 6,
    "day": 5,
    "hour": 23,
    "minute": 25,
    "temp": 28.489280397022434,
    "ntu": 595.5533498759305
}