{
    "year": 2021,
    "month": 5,
    "day": 19,
    "hour": 0,
    "minute": 45,
    "temp": 29.55312655086864,
    "ntu": 151.8287841191067
}