{
    "year": 2021,
    "month": 4,
    "day": 29,
    "hour": 18,
    "minute": 5,
    "temp": 30.9917910447762,
    "ntu": 856.9328358208955
}