{
    "year": 2021,
    "month": 6,
    "day": 23,
    "hour": 10,
    "minute": 50,
    "temp": 28.5783126550868,
    "ntu": 363.24317617866006
}