{
    "year": 2021,
    "month": 5,
    "day": 11,
    "hour": 23,
    "minute": 55,
    "temp": 30.224789081885916,
    "ntu": -0.08188585607940446
}