{
    "year": 2021,
    "month": 5,
    "day": 27,
    "hour": 20,
    "minute": 35,
    "temp": 28.41918114143906,
    "ntu": 705.6848635235732
}