{
    "year": 2021,
    "month": 6,
    "day": 7,
    "hour": 16,
    "minute": 30,
    "temp": 28.468009950248693,
    "ntu": 422.32835820895525
}