{
    "year": 2021,
    "month": 6,
    "day": 2,
    "hour": 7,
    "minute": 50,
    "temp": 28.838982630272945,
    "ntu": -224.19106699751862
}