{
    "year": 2021,
    "month": 5,
    "day": 31,
    "hour": 18,
    "minute": 5,
    "temp": 28.62627791563292,
    "ntu": 496.77171215880895
}