{
    "year": 2021,
    "month": 7,
    "day": 2,
    "hour": 9,
    "minute": 15,
    "temp": 28.245074626865712,
    "ntu": -204.09452736318408
}