{
    "year": 2021,
    "month": 6,
    "day": 19,
    "hour": 15,
    "minute": 50,
    "temp": 28.183383084577155,
    "ntu": 369.771144278607
}