{
    "year": 2021,
    "month": 5,
    "day": 4,
    "hour": 23,
    "minute": 15,
    "temp": 29.885248756218882,
    "ntu": -0.27114427860696516
}