{
    "year": 2021,
    "month": 5,
    "day": 7,
    "hour": 17,
    "minute": 0,
    "temp": 29.9666253101738,
    "ntu": 791.4367245657568
}