{
    "year": 2021,
    "month": 6,
    "day": 4,
    "hour": 10,
    "minute": 35,
    "temp": 28.906823821340115,
    "ntu": 470.69478908188586
}