{
    "year": 2021,
    "month": 5,
    "day": 30,
    "hour": 14,
    "minute": 55,
    "temp": 28.788656716418007,
    "ntu": 707.4278606965174
}