{
    "year": 2021,
    "month": 5,
    "day": 1,
    "hour": 1,
    "minute": 20,
    "temp": 29.61930693069292,
    "ntu": 745.7623762376238
}