{
    "year": 2021,
    "month": 5,
    "day": 12,
    "hour": 9,
    "minute": 15,
    "temp": 30.729875930521224,
    "ntu": 719.3126550868486
}