{
    "year": 2021,
    "month": 6,
    "day": 5,
    "hour": 1,
    "minute": 20,
    "temp": 27.561042183622824,
    "ntu": -11.014888337468983
}