{
    "year": 2021,
    "month": 5,
    "day": 26,
    "hour": 6,
    "minute": 55,
    "temp": 28.197047146402067,
    "ntu": 58.69727047146402
}