{
    "year": 2021,
    "month": 5,
    "day": 12,
    "hour": 12,
    "minute": 15,
    "temp": 30.419503722084524,
    "ntu": 795.712158808933
}