{
    "year": 2021,
    "month": 4,
    "day": 30,
    "hour": 0,
    "minute": 50,
    "temp": 30.294925373134404,
    "ntu": 0.8233830845771144
}