{
    "year": 2021,
    "month": 5,
    "day": 31,
    "hour": 17,
    "minute": 5,
    "temp": 28.000297766749377,
    "ntu": 673.0620347394541
}