{
    "year": 2021,
    "month": 6,
    "day": 4,
    "hour": 20,
    "minute": 35,
    "temp": 28.832089552238752,
    "ntu": 567.4427860696518
}