{
    "year": 2021,
    "month": 5,
    "day": 15,
    "hour": 5,
    "minute": 50,
    "temp": 31.33626865671651,
    "ntu": 139.08457711442787
}