{
    "year": 2021,
    "month": 4,
    "day": 29,
    "hour": 5,
    "minute": 0,
    "temp": 25.183225806451595,
    "ntu": 23.265508684863523
}