{
    "year": 2021,
    "month": 6,
    "day": 19,
    "hour": 8,
    "minute": 25,
    "temp": 28.556442786069947,
    "ntu": 73.80348258706468
}