{
    "year": 2021,
    "month": 5,
    "day": 14,
    "hour": 1,
    "minute": 30,
    "temp": 29.131513647642638,
    "ntu": -0.890818858560794
}