{
    "year": 2021,
    "month": 5,
    "day": 21,
    "hour": 12,
    "minute": 30,
    "temp": 29.978656716417824,
    "ntu": 504.0049751243781
}