{
    "year": 2021,
    "month": 6,
    "day": 18,
    "hour": 8,
    "minute": 15,
    "temp": 28.49875621890539,
    "ntu": 73.04726368159204
}