{
    "year": 2021,
    "month": 7,
    "day": 1,
    "hour": 21,
    "minute": 40,
    "temp": 28.190000000000012,
    "ntu": 412.3059701492537
}