{
    "year": 2021,
    "month": 6,
    "day": 22,
    "hour": 21,
    "minute": 25,
    "temp": 28.501641791044776,
    "ntu": 400.7313432835821
}