{
    "year": 2021,
    "month": 4,
    "day": 30,
    "hour": 6,
    "minute": 35,
    "temp": 24.369851116625366,
    "ntu": 804.4540942928039
}