{
    "year": 2021,
    "month": 5,
    "day": 22,
    "hour": 2,
    "minute": 20,
    "temp": 27.81516129032268,
    "ntu": 3.1364764267990073
}