{
    "year": 2021,
    "month": 4,
    "day": 29,
    "hour": 3,
    "minute": 10,
    "temp": 26.916806930693184,
    "ntu": 822.1757425742575
}