{
    "year": 2021,
    "month": 6,
    "day": 7,
    "hour": 17,
    "minute": 50,
    "temp": 28.661861042183748,
    "ntu": 517.9131513647643
}