{
    "year": 2021,
    "month": 7,
    "day": 2,
    "hour": 9,
    "minute": 5,
    "temp": 28.3150872817955,
    "ntu": -185.95511221945137
}