{
    "year": 2021,
    "month": 5,
    "day": 11,
    "hour": 1,
    "minute": 15,
    "temp": 28.992133995037335,
    "ntu": 268.71712158808936
}