{
    "year": 2021,
    "month": 4,
    "day": 11,
    "hour": 21,
    "minute": 59,
    "temp": 29.868125000000003,
    "tds": 1174.1600000000005,
    "ph": 6.861875000000002,
    "ntu": 3000.0
}