{
    "year": 2021,
    "month": 5,
    "day": 18,
    "hour": 17,
    "minute": 5,
    "temp": 31.9147146401987,
    "ntu": 157.02233250620347
}