{
    "year": 2021,
    "month": 6,
    "day": 30,
    "hour": 10,
    "minute": 50,
    "temp": 28.69000000000002,
    "ntu": 484.2587064676617
}