{
    "year": 2021,
    "month": 6,
    "day": 4,
    "hour": 14,
    "minute": 5,
    "temp": 28.001935483870966,
    "ntu": 467.4193548387097
}