{
    "year": 2021,
    "month": 5,
    "day": 31,
    "hour": 19,
    "minute": 20,
    "temp": 28.39711442786062,
    "ntu": 464.23880597014926
}