{
    "year": 2021,
    "month": 4,
    "day": 21,
    "hour": 1,
    "minute": 59,
    "temp": 28.809999999999974,
    "tds": 1236.32,
    "ph": 5.323636363636364,
    "ntu": 3000.0
}