{
    "year": 2021,
    "month": 5,
    "day": 16,
    "hour": 16,
    "minute": 45,
    "temp": 31.865248756219124,
    "ntu": 766.9950248756219
}