{
    "year": 2021,
    "month": 5,
    "day": 6,
    "hour": 2,
    "minute": 0,
    "temp": 28.342977667493784,
    "ntu": 0.13399503722084366
}