{
    "year": 2021,
    "month": 5,
    "day": 7,
    "hour": 17,
    "minute": 35,
    "temp": 29.078014888337453,
    "ntu": 799.0570719602978
}