{
    "year": 2021,
    "month": 5,
    "day": 11,
    "hour": 7,
    "minute": 35,
    "temp": 29.432803970223443,
    "ntu": 865.9205955334987
}