{
    "year": 2021,
    "month": 6,
    "day": 6,
    "hour": 12,
    "minute": 50,
    "temp": 28.34641791044791,
    "ntu": 445.0422885572139
}