{
    "year": 2021,
    "month": 5,
    "day": 11,
    "hour": 13,
    "minute": 40,
    "temp": 30.826393034826207,
    "ntu": 823.3383084577115
}