{
    "year": 2021,
    "month": 6,
    "day": 24,
    "hour": 10,
    "minute": 35,
    "temp": 28.746865671641803,
    "ntu": 317.3059701492537
}