{
    "year": 2021,
    "month": 6,
    "day": 22,
    "hour": 20,
    "minute": 40,
    "temp": 28.891592039801186,
    "ntu": 395.92039800995025
}