{
    "year": 2021,
    "month": 5,
    "day": 21,
    "hour": 0,
    "minute": 45,
    "temp": 29.307890818858713,
    "ntu": 2.1240694789081886
}