{
    "year": 2021,
    "month": 7,
    "day": 1,
    "hour": 6,
    "minute": 35,
    "temp": 28.720422885572148,
    "ntu": -113.09203980099502
}