{
    "year": 2021,
    "month": 6,
    "day": 21,
    "hour": 17,
    "minute": 45,
    "temp": 28.109675810473757,
    "ntu": 371.16708229426433
}