{
    "year": 2021,
    "month": 6,
    "day": 23,
    "hour": 16,
    "minute": 20,
    "temp": 28.076159600997467,
    "ntu": 337.1246882793017
}