{
    "year": 2021,
    "month": 5,
    "day": 16,
    "hour": 16,
    "minute": 10,
    "temp": 31.43196029776665,
    "ntu": 754.7022332506203
}