{
    "year": 2021,
    "month": 7,
    "day": 1,
    "hour": 20,
    "minute": 35,
    "temp": 28.558955223880584,
    "ntu": 405.2761194029851
}