{
    "year": 2021,
    "month": 4,
    "day": 29,
    "hour": 9,
    "minute": 50,
    "temp": 24.869553349876,
    "ntu": 532.6153846153846
}