{
    "year": 2021,
    "month": 5,
    "day": 2,
    "hour": 17,
    "minute": 10,
    "temp": 30.489900744417014,
    "ntu": 742.7047146401985
}