{
    "year": 2021,
    "month": 5,
    "day": 4,
    "hour": 21,
    "minute": 10,
    "temp": 30.46600496277926,
    "ntu": 865.0297766749379
}