{
    "year": 2021,
    "month": 5,
    "day": 19,
    "hour": 4,
    "minute": 30,
    "temp": 29.123333333333207,
    "ntu": 116.71890547263682
}