{
    "year": 2021,
    "month": 5,
    "day": 27,
    "hour": 9,
    "minute": 5,
    "temp": 28.579652605459355,
    "ntu": 679.4962779156327
}