{
    "year": 2021,
    "month": 5,
    "day": 16,
    "hour": 12,
    "minute": 25,
    "temp": 31.761492537313334,
    "ntu": 760.8805970149253
}