{
    "year": 2021,
    "month": 5,
    "day": 9,
    "hour": 3,
    "minute": 30,
    "temp": 30.05602977667512,
    "ntu": -0.794044665012407
}