{
    "year": 2021,
    "month": 6,
    "day": 16,
    "hour": 23,
    "minute": 30,
    "temp": 28.627686567164265,
    "ntu": 487.03731343283584
}