{
    "year": 2021,
    "month": 6,
    "day": 12,
    "hour": 11,
    "minute": 40,
    "temp": 28.094094292804137,
    "ntu": 355.72704714640196
}