{
    "year": 2021,
    "month": 7,
    "day": 1,
    "hour": 14,
    "minute": 15,
    "temp": 28.23701492537319,
    "ntu": 324.2238805970149
}