{
    "year": 2021,
    "month": 6,
    "day": 26,
    "hour": 13,
    "minute": 45,
    "temp": 28.618503740648507,
    "ntu": 496.1496259351621
}