{
    "year": 2021,
    "month": 6,
    "day": 29,
    "hour": 21,
    "minute": 0,
    "temp": 28.86477611940305,
    "ntu": 524.5895522388059
}