{
    "year": 2021,
    "month": 6,
    "day": 28,
    "hour": 4,
    "minute": 25,
    "temp": 27.870000000000147,
    "ntu": -54.605985037406484
}