{
    "year": 2021,
    "month": 6,
    "day": 26,
    "hour": 10,
    "minute": 50,
    "temp": 28.255820895522387,
    "ntu": 487.64179104477614
}