{
    "year": 2021,
    "month": 6,
    "day": 11,
    "hour": 18,
    "minute": 40,
    "temp": 28.71769230769236,
    "ntu": 405.1836228287841
}