{
    "year": 2021,
    "month": 6,
    "day": 26,
    "hour": 14,
    "minute": 40,
    "temp": 28.31298507462685,
    "ntu": 483.78855721393035
}