{
    "year": 2021,
    "month": 5,
    "day": 29,
    "hour": 23,
    "minute": 25,
    "temp": 28.8326302729528,
    "ntu": 840.1166253101737
}