{
    "year": 2021,
    "month": 5,
    "day": 2,
    "hour": 21,
    "minute": 5,
    "temp": 30.001042183622957,
    "ntu": 825.106699751861
}