{
    "year": 2021,
    "month": 5,
    "day": 13,
    "hour": 2,
    "minute": 25,
    "temp": 28.73455445544564,
    "ntu": -1.948019801980198
}