{
    "year": 2021,
    "month": 6,
    "day": 27,
    "hour": 23,
    "minute": 5,
    "temp": 28.335074626865605,
    "ntu": 545.3731343283582
}