{
    "year": 2021,
    "month": 6,
    "day": 30,
    "hour": 14,
    "minute": 50,
    "temp": 28.752543640897755,
    "ntu": 295.8678304239402
}