{
    "year": 2021,
    "month": 5,
    "day": 30,
    "hour": 4,
    "minute": 30,
    "temp": 28.263697270471546,
    "ntu": 4.119106699751861
}