{
    "year": 2021,
    "month": 5,
    "day": 8,
    "hour": 13,
    "minute": 50,
    "temp": 30.639578163771738,
    "ntu": 766.4491315136477
}