{
    "year": 2021,
    "month": 6,
    "day": 29,
    "hour": 5,
    "minute": 5,
    "temp": 28.64902743142163,
    "ntu": -80.84039900249377
}