{
    "year": 2021,
    "month": 5,
    "day": 22,
    "hour": 7,
    "minute": 20,
    "temp": 28.330545905707165,
    "ntu": 279.57071960297765
}