{
    "year": 2021,
    "month": 6,
    "day": 10,
    "hour": 5,
    "minute": 15,
    "temp": 28.224689826302814,
    "ntu": -98.32009925558313
}