{
    "year": 2021,
    "month": 6,
    "day": 18,
    "hour": 16,
    "minute": 5,
    "temp": 28.44139650872797,
    "ntu": 359.8428927680798
}