{
    "year": 2021,
    "month": 6,
    "day": 21,
    "hour": 7,
    "minute": 30,
    "temp": 28.444688279301594,
    "ntu": 65.69576059850374
}