{
    "year": 2021,
    "month": 6,
    "day": 19,
    "hour": 14,
    "minute": 45,
    "temp": 28.976059850374167,
    "ntu": 376.55361596009976
}