{
    "year": 2021,
    "month": 5,
    "day": 5,
    "hour": 23,
    "minute": 50,
    "temp": 28.712555831265625,
    "ntu": -0.05707196029776675
}