{
    "year": 2021,
    "month": 5,
    "day": 6,
    "hour": 12,
    "minute": 25,
    "temp": 30.22401985111657,
    "ntu": 774.0173697270471
}