{
    "year": 2021,
    "month": 6,
    "day": 28,
    "hour": 11,
    "minute": 0,
    "temp": 28.219701492537354,
    "ntu": 505.7437810945274
}