{
    "year": 2021,
    "month": 5,
    "day": 2,
    "hour": 14,
    "minute": 15,
    "temp": 29.426153846153973,
    "ntu": 729.8263027295285
}