{
    "year": 2021,
    "month": 5,
    "day": 22,
    "hour": 17,
    "minute": 10,
    "temp": 28.43786069651725,
    "ntu": 368.4452736318408
}