{
    "year": 2021,
    "month": 6,
    "day": 2,
    "hour": 15,
    "minute": 30,
    "temp": 28.600967741935317,
    "ntu": 370.4491315136476
}