{
    "year": 2021,
    "month": 6,
    "day": 2,
    "hour": 13,
    "minute": 55,
    "temp": 28.739701492537428,
    "ntu": 418.05721393034827
}