{
    "year": 2021,
    "month": 5,
    "day": 7,
    "hour": 16,
    "minute": 0,
    "temp": 30.878138957816496,
    "ntu": 768.848635235732
}