{
    "year": 2021,
    "month": 6,
    "day": 28,
    "hour": 1,
    "minute": 30,
    "temp": 28.609552238805904,
    "ntu": 537.3407960199005
}