{
    "year": 2021,
    "month": 5,
    "day": 18,
    "hour": 4,
    "minute": 20,
    "temp": 29.97548387096787,
    "ntu": -14.890818858560793
}