{
    "year": 2021,
    "month": 4,
    "day": 30,
    "hour": 15,
    "minute": 45,
    "temp": 30.846476426799263,
    "ntu": 819.0992555831266
}