{
    "year": 2021,
    "month": 5,
    "day": 7,
    "hour": 3,
    "minute": 35,
    "temp": 29.609900990098993,
    "ntu": -0.054455445544554455
}