{
    "year": 2021,
    "month": 5,
    "day": 25,
    "hour": 12,
    "minute": 10,
    "temp": 28.005671641790943,
    "ntu": 616.957711442786
}