{
    "year": 2021,
    "month": 5,
    "day": 6,
    "hour": 15,
    "minute": 25,
    "temp": 29.64682382133987,
    "ntu": 793.0223325062035
}