{
    "year": 2021,
    "month": 5,
    "day": 12,
    "hour": 8,
    "minute": 40,
    "temp": 30.106476426799187,
    "ntu": 646.4962779156327
}