{
    "year": 2021,
    "month": 6,
    "day": 3,
    "hour": 7,
    "minute": 5,
    "temp": 28.345260545905607,
    "ntu": -189.21836228287842
}