{
    "year": 2021,
    "month": 5,
    "day": 31,
    "hour": 18,
    "minute": 40,
    "temp": 28.270992555831274,
    "ntu": 478.04218362282876
}