{
    "year": 2021,
    "month": 5,
    "day": 7,
    "hour": 14,
    "minute": 5,
    "temp": 29.63493796526058,
    "ntu": 797.0744416873449
}