{
    "year": 2021,
    "month": 5,
    "day": 28,
    "hour": 23,
    "minute": 35,
    "temp": 29.020397022332563,
    "ntu": 797.4367245657568
}