{
    "year": 2021,
    "month": 5,
    "day": 13,
    "hour": 2,
    "minute": 10,
    "temp": 29.390297766749224,
    "ntu": -1.6228287841191067
}