{
    "year": 2021,
    "month": 6,
    "day": 25,
    "hour": 11,
    "minute": 10,
    "temp": 28.49985074626866,
    "ntu": 306.8731343283582
}