{
    "year": 2021,
    "month": 5,
    "day": 27,
    "hour": 8,
    "minute": 45,
    "temp": 28.3097014925373,
    "ntu": 669.0398009950248
}