{
    "year": 2021,
    "month": 6,
    "day": 16,
    "hour": 21,
    "minute": 55,
    "temp": 28.56359102244388,
    "ntu": 485.3067331670823
}