{
    "year": 2021,
    "month": 5,
    "day": 6,
    "hour": 0,
    "minute": 25,
    "temp": 30.03131513647667,
    "ntu": 0.07692307692307693
}