{
    "year": 2021,
    "month": 6,
    "day": 25,
    "hour": 7,
    "minute": 5,
    "temp": 28.117537313432813,
    "ntu": -65.44527363184079
}