{
    "year": 2021,
    "month": 6,
    "day": 8,
    "hour": 11,
    "minute": 40,
    "temp": 28.438905472636627,
    "ntu": 474.34328358208955
}