{
    "year": 2021,
    "month": 5,
    "day": 11,
    "hour": 0,
    "minute": 35,
    "temp": 29.741517412935416,
    "ntu": 372.06716417910445
}