{
    "year": 2021,
    "month": 6,
    "day": 7,
    "hour": 2,
    "minute": 0,
    "temp": 28.383970223325047,
    "ntu": -7.344913151364764
}