{
    "year": 2021,
    "month": 6,
    "day": 5,
    "hour": 5,
    "minute": 50,
    "temp": 29.151318407960147,
    "ntu": -98.77114427860697
}