{
    "year": 2021,
    "month": 5,
    "day": 7,
    "hour": 2,
    "minute": 25,
    "temp": 30.17866004962766,
    "ntu": -0.12406947890818859
}