{
    "year": 2021,
    "month": 6,
    "day": 27,
    "hour": 7,
    "minute": 35,
    "temp": 28.42940149625945,
    "ntu": -63.27930174563591
}