{
    "year": 2021,
    "month": 6,
    "day": 24,
    "hour": 9,
    "minute": 55,
    "temp": 29.001791044776116,
    "ntu": 301.6094527363184
}