{
    "year": 2021,
    "month": 6,
    "day": 23,
    "hour": 3,
    "minute": 10,
    "temp": 28.602388059701347,
    "ntu": 8.654228855721392
}