{
    "year": 2021,
    "month": 5,
    "day": 28,
    "hour": 22,
    "minute": 10,
    "temp": 28.782307692307896,
    "ntu": 753.9354838709677
}