{
    "year": 2021,
    "month": 6,
    "day": 30,
    "hour": 8,
    "minute": 35,
    "temp": 28.115472636816047,
    "ntu": -7.241293532338308
}