{
    "year": 2021,
    "month": 6,
    "day": 21,
    "hour": 1,
    "minute": 0,
    "temp": 28.706084788029774,
    "ntu": 385.42394014962593
}