{
    "year": 2021,
    "month": 5,
    "day": 10,
    "hour": 3,
    "minute": 45,
    "temp": 29.0422332506205,
    "ntu": -0.6923076923076923
}