{
    "year": 2021,
    "month": 6,
    "day": 8,
    "hour": 5,
    "minute": 0,
    "temp": 28.505806451613008,
    "ntu": -92.52357320099256
}