{
    "year": 2021,
    "month": 5,
    "day": 21,
    "hour": 22,
    "minute": 45,
    "temp": 28.36071960297768,
    "ntu": 663.2183622828784
}