{
    "year": 2021,
    "month": 5,
    "day": 17,
    "hour": 16,
    "minute": 5,
    "temp": 31.984776119403023,
    "ntu": 176.70646766169153
}