{
    "year": 2021,
    "month": 6,
    "day": 25,
    "hour": 16,
    "minute": 45,
    "temp": 28.059999999999988,
    "ntu": 339.7636815920398
}