{
    "year": 2021,
    "month": 5,
    "day": 29,
    "hour": 11,
    "minute": 20,
    "temp": 28.053746898263086,
    "ntu": 736.8312655086849
}