{
    "year": 2021,
    "month": 5,
    "day": 26,
    "hour": 5,
    "minute": 0,
    "temp": 28.0266501240695,
    "ntu": 13.364764267990074
}