{
    "year": 2021,
    "month": 6,
    "day": 2,
    "hour": 22,
    "minute": 35,
    "temp": 28.289925558312962,
    "ntu": 521.3449131513647
}