{
    "year": 2021,
    "month": 6,
    "day": 4,
    "hour": 16,
    "minute": 5,
    "temp": 28.40186104218353,
    "ntu": 415.30024813895784
}