{
    "year": 2021,
    "month": 5,
    "day": 17,
    "hour": 2,
    "minute": 15,
    "temp": 29.94357320099267,
    "ntu": -1.7915632754342432
}