{
    "year": 2021,
    "month": 5,
    "day": 20,
    "hour": 13,
    "minute": 40,
    "temp": 30.721116625310284,
    "ntu": 437.029776674938
}