{
    "year": 2021,
    "month": 6,
    "day": 2,
    "hour": 16,
    "minute": 30,
    "temp": 28.765373134328495,
    "ntu": 353.52487562189054
}