{
    "year": 2021,
    "month": 6,
    "day": 13,
    "hour": 17,
    "minute": 5,
    "temp": 28.429925558312714,
    "ntu": 242.12406947890818
}