{
    "year": 2021,
    "month": 6,
    "day": 3,
    "hour": 16,
    "minute": 10,
    "temp": 28.855373134328495,
    "ntu": 411.2860696517413
}