{
    "year": 2021,
    "month": 5,
    "day": 2,
    "hour": 5,
    "minute": 45,
    "temp": 26.702326732673257,
    "ntu": 65.33168316831683
}