{
    "year": 2021,
    "month": 6,
    "day": 3,
    "hour": 3,
    "minute": 30,
    "temp": 28.496094527363397,
    "ntu": -11.883084577114428
}