{
    "year": 2021,
    "month": 6,
    "day": 3,
    "hour": 8,
    "minute": 20,
    "temp": 28.055533498759385,
    "ntu": -314.8362282878412
}