{
    "year": 2021,
    "month": 5,
    "day": 2,
    "hour": 18,
    "minute": 25,
    "temp": 29.624292803970327,
    "ntu": 733.7369727047146
}