{
    "year": 2021,
    "month": 6,
    "day": 9,
    "hour": 13,
    "minute": 0,
    "temp": 28.573995037220815,
    "ntu": 483.6799007444169
}