{
    "year": 2021,
    "month": 5,
    "day": 22,
    "hour": 9,
    "minute": 30,
    "temp": 28.884888337469015,
    "ntu": 275.560794044665
}