{
    "year": 2021,
    "month": 5,
    "day": 3,
    "hour": 3,
    "minute": 10,
    "temp": 24.62000000000006,
    "ntu": -0.1141439205955335
}