{
    "year": 2021,
    "month": 5,
    "day": 22,
    "hour": 4,
    "minute": 5,
    "temp": 28.47223325062031,
    "ntu": 1.813895781637717
}