{
    "year": 2021,
    "month": 5,
    "day": 14,
    "hour": 10,
    "minute": 55,
    "temp": 31.790347394541065,
    "ntu": 829.2406947890819
}