{
    "year": 2021,
    "month": 5,
    "day": 26,
    "hour": 16,
    "minute": 40,
    "temp": 29.01935483870969,
    "ntu": 781.6377171215881
}