{
    "year": 2021,
    "month": 5,
    "day": 12,
    "hour": 4,
    "minute": 25,
    "temp": 28.894342431761764,
    "ntu": 5.099255583126551
}