{
    "year": 2021,
    "month": 4,
    "day": 30,
    "hour": 14,
    "minute": 5,
    "temp": 29.167295285359685,
    "ntu": 744.6302729528536
}