{
    "year": 2021,
    "month": 6,
    "day": 12,
    "hour": 6,
    "minute": 35,
    "temp": 28.59422885572158,
    "ntu": -115.4726368159204
}