{
    "year": 2021,
    "month": 6,
    "day": 10,
    "hour": 18,
    "minute": 15,
    "temp": 28.312977667493787,
    "ntu": 427.0272952853598
}