{
    "year": 2021,
    "month": 5,
    "day": 5,
    "hour": 23,
    "minute": 5,
    "temp": 28.683275434243228,
    "ntu": 0.0024813895781637717
}