{
    "year": 2021,
    "month": 5,
    "day": 15,
    "hour": 21,
    "minute": 30,
    "temp": 31.872258064516288,
    "ntu": 802.8684863523573
}