{
    "year": 2021,
    "month": 5,
    "day": 12,
    "hour": 17,
    "minute": 25,
    "temp": 29.31699751861048,
    "ntu": 841.6923076923077
}