{
    "year": 2021,
    "month": 5,
    "day": 8,
    "hour": 18,
    "minute": 50,
    "temp": 30.25116625310163,
    "ntu": 772.1240694789082
}