{
    "year": 2021,
    "month": 5,
    "day": 9,
    "hour": 17,
    "minute": 50,
    "temp": 29.286625310173793,
    "ntu": 805.1637717121588
}