{
    "year": 2021,
    "month": 6,
    "day": 5,
    "hour": 7,
    "minute": 50,
    "temp": 28.75522388059713,
    "ntu": -201.72885572139305
}