{
    "year": 2021,
    "month": 4,
    "day": 12,
    "hour": 18,
    "minute": 59,
    "temp": 27.940000000000023,
    "tds": 1089.3499999999995,
    "ph": 1.8230303030303032,
    "ntu": 3000.0
}