{
    "year": 2021,
    "month": 4,
    "day": 29,
    "hour": 10,
    "minute": 55,
    "temp": 31.05999999999994,
    "ntu": 388.1985111662531
}