{
    "year": 2021,
    "month": 5,
    "day": 31,
    "hour": 5,
    "minute": 55,
    "temp": 28.900893300248107,
    "ntu": 13.047146401985112
}