{
    "year": 2021,
    "month": 6,
    "day": 17,
    "hour": 6,
    "minute": 15,
    "temp": 28.44583541147111,
    "ntu": -9.793017456359102
}