{
    "year": 2021,
    "month": 5,
    "day": 20,
    "hour": 9,
    "minute": 55,
    "temp": 30.05300248138967,
    "ntu": 441.3449131513648
}