{
    "year": 2021,
    "month": 6,
    "day": 2,
    "hour": 14,
    "minute": 30,
    "temp": 28.11141791044765,
    "ntu": 393.99004975124376
}