{
    "year": 2021,
    "month": 6,
    "day": 14,
    "hour": 5,
    "minute": 50,
    "temp": 28.967562189054842,
    "ntu": -165.1592039800995
}