{
    "year": 2021,
    "month": 5,
    "day": 3,
    "hour": 23,
    "minute": 30,
    "temp": 30.842903225806698,
    "ntu": -0.4491315136476427
}