{
    "year": 2021,
    "month": 5,
    "day": 14,
    "hour": 6,
    "minute": 10,
    "temp": 29.84709677419354,
    "ntu": 209.76923076923077
}