{
    "year": 2021,
    "month": 5,
    "day": 1,
    "hour": 8,
    "minute": 40,
    "temp": 24.442821782178164,
    "ntu": 311.0024752475247
}