{
    "year": 2021,
    "month": 4,
    "day": 30,
    "hour": 21,
    "minute": 5,
    "temp": 29.913027295285268,
    "ntu": 694.6277915632754
}