{
    "year": 2021,
    "month": 5,
    "day": 26,
    "hour": 14,
    "minute": 40,
    "temp": 28.97434243176175,
    "ntu": 732.63523573201
}