{
    "year": 2021,
    "month": 6,
    "day": 5,
    "hour": 8,
    "minute": 25,
    "temp": 28.0854590570719,
    "ntu": -334.8014888337469
}