{
    "year": 2021,
    "month": 5,
    "day": 30,
    "hour": 1,
    "minute": 30,
    "temp": 29.582351485148358,
    "ntu": 9.772277227722773
}