{
    "year": 2021,
    "month": 6,
    "day": 27,
    "hour": 21,
    "minute": 55,
    "temp": 28.82388059701489,
    "ntu": 537.5721393034826
}