{
    "year": 2021,
    "month": 6,
    "day": 22,
    "hour": 15,
    "minute": 10,
    "temp": 28.871741293532512,
    "ntu": 364.64179104477614
}