{
    "year": 2021,
    "month": 5,
    "day": 18,
    "hour": 0,
    "minute": 50,
    "temp": 31.221637717121677,
    "ntu": -11.089330024813895
}