{
    "year": 2021,
    "month": 6,
    "day": 21,
    "hour": 17,
    "minute": 35,
    "temp": 28.191044776119416,
    "ntu": 371.44776119402985
}