{
    "year": 2021,
    "month": 5,
    "day": 24,
    "hour": 2,
    "minute": 0,
    "temp": 28.782605459057123,
    "ntu": 2.9801488833746896
}