{
    "year": 2021,
    "month": 5,
    "day": 9,
    "hour": 12,
    "minute": 10,
    "temp": 30.193582089552255,
    "ntu": 662.2313432835821
}