{
    "year": 2021,
    "month": 5,
    "day": 17,
    "hour": 7,
    "minute": 40,
    "temp": 31.861592039801007,
    "ntu": 778.997512437811
}