{
    "year": 2021,
    "month": 6,
    "day": 29,
    "hour": 7,
    "minute": 20,
    "temp": 28.330199501246852,
    "ntu": -77.48379052369077
}