{
    "year": 2021,
    "month": 6,
    "day": 28,
    "hour": 21,
    "minute": 35,
    "temp": 28.55552238805971,
    "ntu": 520.1691542288557
}