{
    "year": 2021,
    "month": 5,
    "day": 3,
    "hour": 5,
    "minute": 0,
    "temp": 24.310000000000063,
    "ntu": 4.655086848635236
}