{
    "year": 2021,
    "month": 4,
    "day": 11,
    "hour": 0,
    "minute": 59,
    "temp": 25.75,
    "tds": 1393.1999999999996,
    "ph": 5.0753125,
    "ntu": 3000.0
}