{
    "year": 2021,
    "month": 6,
    "day": 6,
    "hour": 20,
    "minute": 35,
    "temp": 28.211389578163644,
    "ntu": 556.044665012407
}