{
    "year": 2021,
    "month": 6,
    "day": 1,
    "hour": 19,
    "minute": 40,
    "temp": 28.29347394540953,
    "ntu": 388.06699751861044
}