{
    "year": 2021,
    "month": 6,
    "day": 3,
    "hour": 23,
    "minute": 40,
    "temp": 29.017568238213418,
    "ntu": 581.9801488833747
}