{
    "year": 2021,
    "month": 6,
    "day": 5,
    "hour": 3,
    "minute": 45,
    "temp": 29.03811414392074,
    "ntu": -20.640198511166254
}