{
    "year": 2021,
    "month": 5,
    "day": 8,
    "hour": 22,
    "minute": 30,
    "temp": 28.977270471464152,
    "ntu": -1.6352357320099256
}