{
    "year": 2021,
    "month": 5,
    "day": 15,
    "hour": 19,
    "minute": 50,
    "temp": 31.87868486352381,
    "ntu": 791.0173697270471
}