{
    "year": 2021,
    "month": 6,
    "day": 20,
    "hour": 20,
    "minute": 30,
    "temp": 28.12766169154245,
    "ntu": 397.1641791044776
}