{
    "year": 2021,
    "month": 5,
    "day": 30,
    "hour": 1,
    "minute": 40,
    "temp": 29.33468982630266,
    "ntu": 9.535980148883375
}