{
    "year": 2021,
    "month": 6,
    "day": 21,
    "hour": 8,
    "minute": 50,
    "temp": 28.194054726368183,
    "ntu": 86.5273631840796
}