{
    "year": 2021,
    "month": 6,
    "day": 4,
    "hour": 7,
    "minute": 35,
    "temp": 28.97627791563273,
    "ntu": -157.9106699751861
}