{
    "year": 2021,
    "month": 4,
    "day": 30,
    "hour": 10,
    "minute": 10,
    "temp": 24.875618811881193,
    "ntu": 310.3292079207921
}