{
    "year": 2021,
    "month": 5,
    "day": 10,
    "hour": 2,
    "minute": 55,
    "temp": 28.600397022332487,
    "ntu": -0.7518610421836228
}