{
    "year": 2021,
    "month": 6,
    "day": 18,
    "hour": 18,
    "minute": 5,
    "temp": 28.80715710723221,
    "ntu": 367.45137157107234
}