{
    "year": 2021,
    "month": 5,
    "day": 30,
    "hour": 16,
    "minute": 25,
    "temp": 28.712853598014917,
    "ntu": 698.4665012406948
}