{
    "year": 2021,
    "month": 5,
    "day": 9,
    "hour": 14,
    "minute": 45,
    "temp": 29.342704714640412,
    "ntu": 760.4119106699752
}