{
    "year": 2021,
    "month": 5,
    "day": 9,
    "hour": 21,
    "minute": 40,
    "temp": 30.00372208436713,
    "ntu": 841.8263027295285
}