{
    "year": 2021,
    "month": 6,
    "day": 25,
    "hour": 19,
    "minute": 30,
    "temp": 28.37139303482603,
    "ntu": 349.47512437810946
}