{
    "year": 2021,
    "month": 5,
    "day": 28,
    "hour": 11,
    "minute": 10,
    "temp": 28.3903970223325,
    "ntu": 661.620347394541
}