{
    "year": 2021,
    "month": 5,
    "day": 5,
    "hour": 13,
    "minute": 55,
    "temp": 29.99836228287854,
    "ntu": 828.2754342431762
}