{
    "year": 2021,
    "month": 5,
    "day": 26,
    "hour": 11,
    "minute": 45,
    "temp": 28.40548387096786,
    "ntu": 765.9900744416874
}