{
    "year": 2021,
    "month": 6,
    "day": 14,
    "hour": 13,
    "minute": 35,
    "temp": 28.092605459056955,
    "ntu": 238.9379652605459
}