{
    "year": 2021,
    "month": 6,
    "day": 8,
    "hour": 0,
    "minute": 30,
    "temp": 28.558064516129125,
    "ntu": 423.27295285359804
}