{
    "year": 2021,
    "month": 5,
    "day": 26,
    "hour": 4,
    "minute": 50,
    "temp": 28.360074441687257,
    "ntu": 9.456575682382134
}