{
    "year": 2021,
    "month": 6,
    "day": 19,
    "hour": 13,
    "minute": 10,
    "temp": 28.72268656716426,
    "ntu": 385.8756218905473
}