{
    "year": 2021,
    "month": 5,
    "day": 27,
    "hour": 0,
    "minute": 30,
    "temp": 29.48774193548399,
    "ntu": 3.096774193548387
}