{
    "year": 2021,
    "month": 5,
    "day": 28,
    "hour": 20,
    "minute": 5,
    "temp": 28.57655086848664,
    "ntu": 702.2084367245658
}