{
    "year": 2021,
    "month": 5,
    "day": 13,
    "hour": 19,
    "minute": 25,
    "temp": 31.895597014925492,
    "ntu": 794.0721393034826
}