{
    "year": 2021,
    "month": 5,
    "day": 29,
    "hour": 21,
    "minute": 20,
    "temp": 28.043176178660158,
    "ntu": 820.7394540942928
}