{
    "year": 2021,
    "month": 4,
    "day": 29,
    "hour": 11,
    "minute": 55,
    "temp": 29.323746898263053,
    "ntu": 538.5508684863523
}