{
    "year": 2021,
    "month": 5,
    "day": 22,
    "hour": 8,
    "minute": 20,
    "temp": 28.721861042183694,
    "ntu": 299.78411910669973
}