{
    "year": 2021,
    "month": 5,
    "day": 7,
    "hour": 11,
    "minute": 25,
    "temp": 29.009826302729532,
    "ntu": 784.6923076923077
}