{
    "year": 2021,
    "month": 5,
    "day": 8,
    "hour": 23,
    "minute": 55,
    "temp": 28.59414392059554,
    "ntu": -0.9826302729528535
}