{
    "year": 2021,
    "month": 6,
    "day": 30,
    "hour": 10,
    "minute": 0,
    "temp": 28.976359102244466,
    "ntu": 489.51122194513715
}