{
    "year": 2021,
    "month": 5,
    "day": 3,
    "hour": 1,
    "minute": 40,
    "temp": 25.060594059405986,
    "ntu": -0.16831683168316833
}