{
    "year": 2021,
    "month": 6,
    "day": 27,
    "hour": 3,
    "minute": 40,
    "temp": 28.54743142144647,
    "ntu": -23.957605985037407
}