{
    "year": 2021,
    "month": 6,
    "day": 26,
    "hour": 23,
    "minute": 15,
    "temp": 28.073731343283555,
    "ntu": 545.9353233830846
}