{
    "year": 2021,
    "month": 6,
    "day": 13,
    "hour": 11,
    "minute": 30,
    "temp": 28.60374689826292,
    "ntu": 307.2406947890819
}