{
    "year": 2021,
    "month": 6,
    "day": 28,
    "hour": 4,
    "minute": 30,
    "temp": 27.92204488778048,
    "ntu": -57.46134663341646
}