{
    "year": 2021,
    "month": 6,
    "day": 20,
    "hour": 8,
    "minute": 0,
    "temp": 27.99925187032419,
    "ntu": 69.46633416458853
}