{
    "year": 2021,
    "month": 5,
    "day": 27,
    "hour": 2,
    "minute": 25,
    "temp": 29.28215880893306,
    "ntu": 3.803970223325062
}