{
    "year": 2021,
    "month": 5,
    "day": 14,
    "hour": 2,
    "minute": 5,
    "temp": 30.136865671641615,
    "ntu": -0.8980099502487562
}