{
    "year": 2021,
    "month": 6,
    "day": 17,
    "hour": 14,
    "minute": 0,
    "temp": 28.93748756218895,
    "ntu": 406.4726368159204
}