{
    "year": 2021,
    "month": 6,
    "day": 8,
    "hour": 13,
    "minute": 30,
    "temp": 29.00516129032247,
    "ntu": 467.30024813895784
}