{
    "year": 2021,
    "month": 5,
    "day": 6,
    "hour": 16,
    "minute": 20,
    "temp": 30.926972704714753,
    "ntu": 801.5533498759305
}