{
    "year": 2021,
    "month": 5,
    "day": 7,
    "hour": 7,
    "minute": 40,
    "temp": 30.120223325061897,
    "ntu": 867.0471464019851
}