{
    "year": 2021,
    "month": 6,
    "day": 25,
    "hour": 3,
    "minute": 30,
    "temp": 28.75631840796009,
    "ntu": -30.442786069651742
}