{
    "year": 2021,
    "month": 6,
    "day": 20,
    "hour": 12,
    "minute": 0,
    "temp": 28.307910447761195,
    "ntu": 369.96268656716416
}