{
    "year": 2021,
    "month": 5,
    "day": 31,
    "hour": 0,
    "minute": 5,
    "temp": 28.068337468982627,
    "ntu": 822.6575682382133
}