{
    "year": 2021,
    "month": 5,
    "day": 16,
    "hour": 8,
    "minute": 25,
    "temp": 31.177741935483766,
    "ntu": 660.0099255583126
}