{
    "year": 2021,
    "month": 6,
    "day": 18,
    "hour": 13,
    "minute": 50,
    "temp": 28.153955223880757,
    "ntu": 398.87810945273634
}