{
    "year": 2021,
    "month": 5,
    "day": 15,
    "hour": 18,
    "minute": 0,
    "temp": 31.974455445544606,
    "ntu": 810.0544554455446
}