{
    "year": 2021,
    "month": 5,
    "day": 31,
    "hour": 17,
    "minute": 55,
    "temp": 28.750000000000018,
    "ntu": 507.4577114427861
}