{
    "year": 2021,
    "month": 5,
    "day": 19,
    "hour": 8,
    "minute": 45,
    "temp": 30.864676616915613,
    "ntu": 485.3955223880597
}