{
    "year": 2021,
    "month": 5,
    "day": 23,
    "hour": 16,
    "minute": 50,
    "temp": 28.725558312655185,
    "ntu": 401.2109181141439
}