{
    "year": 2021,
    "month": 6,
    "day": 6,
    "hour": 22,
    "minute": 5,
    "temp": 28.06794044665038,
    "ntu": 568.6997518610422
}