{
    "year": 2021,
    "month": 5,
    "day": 29,
    "hour": 5,
    "minute": 30,
    "temp": 28.234094292803967,
    "ntu": 29.851116625310173
}