{
    "year": 2021,
    "month": 6,
    "day": 22,
    "hour": 8,
    "minute": 35,
    "temp": 28.40616915422895,
    "ntu": 86.62437810945273
}