{
    "year": 2021,
    "month": 5,
    "day": 23,
    "hour": 2,
    "minute": 35,
    "temp": 27.39679900744423,
    "ntu": 3.0173697270471465
}