{
    "year": 2021,
    "month": 5,
    "day": 22,
    "hour": 13,
    "minute": 55,
    "temp": 28.470521091811474,
    "ntu": 308.46401985111663
}