{
    "year": 2021,
    "month": 5,
    "day": 10,
    "hour": 9,
    "minute": 10,
    "temp": 30.06333333333362,
    "ntu": 805.0845771144278
}