{
    "year": 2021,
    "month": 6,
    "day": 26,
    "hour": 13,
    "minute": 10,
    "temp": 28.821194029850712,
    "ntu": 497.31094527363183
}