{
    "year": 2021,
    "month": 5,
    "day": 15,
    "hour": 2,
    "minute": 45,
    "temp": 31.330199004975448,
    "ntu": -1.699004975124378
}