{
    "year": 2021,
    "month": 5,
    "day": 24,
    "hour": 19,
    "minute": 20,
    "temp": 28.888660049627937,
    "ntu": 725.4491315136477
}