{
    "year": 2021,
    "month": 6,
    "day": 2,
    "hour": 5,
    "minute": 55,
    "temp": 28.655930521091847,
    "ntu": -133.2332506203474
}