{
    "year": 2021,
    "month": 5,
    "day": 2,
    "hour": 15,
    "minute": 35,
    "temp": 30.396293532338397,
    "ntu": 692.9104477611941
}