{
    "year": 2021,
    "month": 5,
    "day": 28,
    "hour": 21,
    "minute": 45,
    "temp": 27.692357320099067,
    "ntu": 748.3325062034739
}