{
    "year": 2021,
    "month": 5,
    "day": 3,
    "hour": 3,
    "minute": 0,
    "temp": 24.65369727047153,
    "ntu": -0.1141439205955335
}