{
    "year": 2021,
    "month": 6,
    "day": 21,
    "hour": 10,
    "minute": 15,
    "temp": 28.560597014925357,
    "ntu": 364.9950248756219
}