{
    "year": 2021,
    "month": 5,
    "day": 26,
    "hour": 9,
    "minute": 50,
    "temp": 28.40602977667498,
    "ntu": 767.379652605459
}