{
    "year": 2021,
    "month": 5,
    "day": 29,
    "hour": 1,
    "minute": 30,
    "temp": 29.305519801980136,
    "ntu": 1.198019801980198
}