{
    "year": 2021,
    "month": 6,
    "day": 18,
    "hour": 2,
    "minute": 15,
    "temp": 28.993566084788142,
    "ntu": -4.760598503740648
}