{
    "year": 2021,
    "month": 5,
    "day": 2,
    "hour": 7,
    "minute": 25,
    "temp": 30.172630272953,
    "ntu": 723.151364764268
}