{
    "year": 2021,
    "month": 5,
    "day": 3,
    "hour": 13,
    "minute": 30,
    "temp": 30.906129032258125,
    "ntu": 687.3722084367246
}