{
    "year": 2021,
    "month": 6,
    "day": 8,
    "hour": 18,
    "minute": 35,
    "temp": 28.834477611940233,
    "ntu": 510.6393034825871
}