{
    "year": 2021,
    "month": 5,
    "day": 28,
    "hour": 12,
    "minute": 55,
    "temp": 28.014739454094162,
    "ntu": 672.379652605459
}