{
    "year": 2021,
    "month": 6,
    "day": 1,
    "hour": 8,
    "minute": 45,
    "temp": 29.055682382134002,
    "ntu": 172.5136476426799
}