{
    "year": 2021,
    "month": 6,
    "day": 11,
    "hour": 10,
    "minute": 15,
    "temp": 28.842456575682252,
    "ntu": 424.1389578163772
}