{
    "year": 2021,
    "month": 6,
    "day": 11,
    "hour": 4,
    "minute": 30,
    "temp": 28.189851116625366,
    "ntu": -62.806451612903224
}