{
    "year": 2021,
    "month": 6,
    "day": 19,
    "hour": 0,
    "minute": 0,
    "temp": 28.6525621890549,
    "ntu": 426.7437810945274
}