{
    "year": 2021,
    "month": 5,
    "day": 27,
    "hour": 1,
    "minute": 30,
    "temp": 28.890746268656756,
    "ntu": 3.328358208955224
}