{
    "year": 2021,
    "month": 6,
    "day": 14,
    "hour": 6,
    "minute": 20,
    "temp": 28.080620347394525,
    "ntu": -186.8287841191067
}