{
    "year": 2021,
    "month": 5,
    "day": 7,
    "hour": 21,
    "minute": 0,
    "temp": 29.132786069651807,
    "ntu": 789.2786069651742
}