{
    "year": 2021,
    "month": 5,
    "day": 16,
    "hour": 4,
    "minute": 10,
    "temp": 30.15719602977662,
    "ntu": 0.575682382133995
}