{
    "year": 2021,
    "month": 5,
    "day": 6,
    "hour": 21,
    "minute": 45,
    "temp": 30.775756823821272,
    "ntu": 881.3945409429281
}