{
    "year": 2021,
    "month": 6,
    "day": 3,
    "hour": 7,
    "minute": 45,
    "temp": 28.95578163771723,
    "ntu": -187.46401985111663
}