{
    "year": 2021,
    "month": 6,
    "day": 24,
    "hour": 7,
    "minute": 40,
    "temp": 29.229052369077426,
    "ntu": -72.03990024937656
}