{
    "year": 2021,
    "month": 5,
    "day": 3,
    "hour": 13,
    "minute": 25,
    "temp": 30.94493796526064,
    "ntu": 689.4168734491315
}