{
    "year": 2021,
    "month": 5,
    "day": 12,
    "hour": 5,
    "minute": 10,
    "temp": 29.44024813895781,
    "ntu": 71.6029776674938
}