{
    "year": 2021,
    "month": 5,
    "day": 15,
    "hour": 10,
    "minute": 35,
    "temp": 31.06014888337475,
    "ntu": 834.9677419354839
}