{
    "year": 2021,
    "month": 6,
    "day": 9,
    "hour": 21,
    "minute": 40,
    "temp": 28.41335820895535,
    "ntu": 552.273631840796
}