{
    "year": 2021,
    "month": 6,
    "day": 25,
    "hour": 15,
    "minute": 55,
    "temp": 28.274776119403025,
    "ntu": 318.5621890547264
}