{
    "year": 2021,
    "month": 6,
    "day": 23,
    "hour": 7,
    "minute": 45,
    "temp": 28.549402985074675,
    "ntu": 74.18656716417911
}