{
    "year": 2021,
    "month": 5,
    "day": 3,
    "hour": 0,
    "minute": 0,
    "temp": 26.11228287841181,
    "ntu": -0.10669975186104218
}