{
    "year": 2021,
    "month": 6,
    "day": 29,
    "hour": 14,
    "minute": 40,
    "temp": 28.324328358208913,
    "ntu": 467.047263681592
}