{
    "year": 2021,
    "month": 6,
    "day": 11,
    "hour": 17,
    "minute": 20,
    "temp": 28.19565756823822,
    "ntu": 394.0024813895782
}