{
    "year": 2021,
    "month": 6,
    "day": 24,
    "hour": 5,
    "minute": 40,
    "temp": 28.949576059850394,
    "ntu": -66.12718204488777
}