{
    "year": 2021,
    "month": 7,
    "day": 1,
    "hour": 4,
    "minute": 35,
    "temp": 28.97264339152109,
    "ntu": -60.18952618453865
}