{
    "year": 2021,
    "month": 6,
    "day": 7,
    "hour": 7,
    "minute": 25,
    "temp": 27.65699751861056,
    "ntu": -261.8362282878412
}