{
    "year": 2021,
    "month": 5,
    "day": 23,
    "hour": 18,
    "minute": 5,
    "temp": 28.82533498759304,
    "ntu": 448.2456575682382
}