{
    "year": 2021,
    "month": 6,
    "day": 30,
    "hour": 11,
    "minute": 10,
    "temp": 28.561795511221924,
    "ntu": 478.5935162094763
}