{
    "year": 2021,
    "month": 7,
    "day": 1,
    "hour": 14,
    "minute": 45,
    "temp": 28.070324189526154,
    "ntu": 316.60598503740647
}