{
    "year": 2021,
    "month": 5,
    "day": 9,
    "hour": 22,
    "minute": 5,
    "temp": 30.308535980148978,
    "ntu": 835.5136476426799
}