{
    "year": 2021,
    "month": 5,
    "day": 14,
    "hour": 22,
    "minute": 55,
    "temp": 30.013701923077083,
    "ntu": -3.5240384615384617
}