{
    "year": 2021,
    "month": 5,
    "day": 29,
    "hour": 2,
    "minute": 25,
    "temp": 27.831588089329994,
    "ntu": 2.4491315136476426
}