{
    "year": 2021,
    "month": 5,
    "day": 31,
    "hour": 12,
    "minute": 10,
    "temp": 28.911538461538612,
    "ntu": 784.3076923076923
}