{
    "year": 2021,
    "month": 6,
    "day": 12,
    "hour": 2,
    "minute": 20,
    "temp": 27.94660049627793,
    "ntu": -12.009925558312656
}