{
    "year": 2021,
    "month": 6,
    "day": 4,
    "hour": 14,
    "minute": 25,
    "temp": 28.736575682382007,
    "ntu": 451.69478908188586
}