{
    "year": 2021,
    "month": 6,
    "day": 2,
    "hour": 22,
    "minute": 15,
    "temp": 28.152655086848803,
    "ntu": 541.4193548387096
}