{
    "year": 2021,
    "month": 5,
    "day": 13,
    "hour": 5,
    "minute": 5,
    "temp": 29.78490099009916,
    "ntu": 56.85891089108911
}