{
    "year": 2021,
    "month": 5,
    "day": 6,
    "hour": 22,
    "minute": 50,
    "temp": 28.608833746898163,
    "ntu": -0.4317617866004963
}