{
    "year": 2021,
    "month": 6,
    "day": 9,
    "hour": 10,
    "minute": 10,
    "temp": 28.085459057071894,
    "ntu": 480.62531017369724
}