{
    "year": 2021,
    "month": 5,
    "day": 19,
    "hour": 5,
    "minute": 40,
    "temp": 28.826766169154247,
    "ntu": 145.83084577114428
}