{
    "year": 2021,
    "month": 5,
    "day": 13,
    "hour": 16,
    "minute": 50,
    "temp": 31.72913151364781,
    "ntu": 820.0521091811414
}