{
    "year": 2021,
    "month": 6,
    "day": 10,
    "hour": 11,
    "minute": 0,
    "temp": 28.41012406947905,
    "ntu": 464.92803970223326
}