{
    "year": 2021,
    "month": 6,
    "day": 1,
    "hour": 10,
    "minute": 45,
    "temp": 28.750893300248197,
    "ntu": 392.79900744416875
}