{
    "year": 2021,
    "month": 6,
    "day": 4,
    "hour": 23,
    "minute": 25,
    "temp": 28.439577114427664,
    "ntu": 559.0572139303482
}