{
    "year": 2021,
    "month": 5,
    "day": 19,
    "hour": 22,
    "minute": 25,
    "temp": 30.884094292803955,
    "ntu": 509.95781637717124
}