{
    "year": 2021,
    "month": 4,
    "day": 29,
    "hour": 20,
    "minute": 40,
    "temp": 29.88513647642686,
    "ntu": 816.3275434243176
}