{
    "year": 2021,
    "month": 6,
    "day": 5,
    "hour": 13,
    "minute": 40,
    "temp": 28.538411910670064,
    "ntu": 486.77915632754343
}