{
    "year": 2021,
    "month": 6,
    "day": 6,
    "hour": 15,
    "minute": 50,
    "temp": 28.188337468982667,
    "ntu": 570.2406947890819
}