{
    "year": 2021,
    "month": 6,
    "day": 22,
    "hour": 10,
    "minute": 20,
    "temp": 28.639676616915605,
    "ntu": 371.07462686567163
}