{
    "year": 2021,
    "month": 6,
    "day": 28,
    "hour": 20,
    "minute": 45,
    "temp": 28.870024875622057,
    "ntu": 512.094527363184
}