{
    "year": 2021,
    "month": 6,
    "day": 7,
    "hour": 16,
    "minute": 35,
    "temp": 28.76502487562203,
    "ntu": 419.3880597014925
}