{
    "year": 2021,
    "month": 6,
    "day": 7,
    "hour": 18,
    "minute": 40,
    "temp": 28.355074626865562,
    "ntu": 500.910447761194
}