{
    "year": 2021,
    "month": 6,
    "day": 3,
    "hour": 7,
    "minute": 15,
    "temp": 28.078908188585608,
    "ntu": -269.98511166253104
}