{
    "year": 2021,
    "month": 6,
    "day": 11,
    "hour": 8,
    "minute": 5,
    "temp": 28.59253731343271,
    "ntu": -193.69651741293532
}