{
    "year": 2021,
    "month": 6,
    "day": 18,
    "hour": 22,
    "minute": 45,
    "temp": 28.275756823821357,
    "ntu": 425.69478908188586
}