{
    "year": 2021,
    "month": 5,
    "day": 7,
    "hour": 0,
    "minute": 35,
    "temp": 29.4865508684865,
    "ntu": 0.05459057071960298
}