{
    "year": 2021,
    "month": 6,
    "day": 3,
    "hour": 20,
    "minute": 25,
    "temp": 28.0250124069479,
    "ntu": 518.5086848635236
}