{
    "year": 2021,
    "month": 5,
    "day": 2,
    "hour": 1,
    "minute": 25,
    "temp": 28.94521091811422,
    "ntu": 80.74193548387096
}