{
    "year": 2021,
    "month": 5,
    "day": 31,
    "hour": 7,
    "minute": 55,
    "temp": 28.878833746898138,
    "ntu": 198.64019851116626
}