{
    "year": 2021,
    "month": 5,
    "day": 10,
    "hour": 19,
    "minute": 10,
    "temp": 30.93034825870636,
    "ntu": 840.0721393034826
}