{
    "year": 2021,
    "month": 5,
    "day": 4,
    "hour": 7,
    "minute": 30,
    "temp": 30.068910891089132,
    "ntu": 756.4059405940594
}