{
    "year": 2021,
    "month": 5,
    "day": 13,
    "hour": 5,
    "minute": 35,
    "temp": 29.296467661691537,
    "ntu": 122.17412935323384
}