{
    "year": 2021,
    "month": 6,
    "day": 25,
    "hour": 8,
    "minute": 35,
    "temp": 28.49274314214465,
    "ntu": -41.99750623441396
}