{
    "year": 2021,
    "month": 5,
    "day": 6,
    "hour": 5,
    "minute": 20,
    "temp": 30.20270471464012,
    "ntu": 54.13895781637717
}