{
    "year": 2021,
    "month": 6,
    "day": 8,
    "hour": 13,
    "minute": 45,
    "temp": 28.856923076922918,
    "ntu": 489.59057071960297
}