{
    "year": 2021,
    "month": 6,
    "day": 21,
    "hour": 4,
    "minute": 25,
    "temp": 28.276119402985092,
    "ntu": -35.47014925373134
}