{
    "year": 2021,
    "month": 6,
    "day": 23,
    "hour": 14,
    "minute": 10,
    "temp": 28.582238805970093,
    "ntu": 398.6243781094527
}