{
    "year": 2021,
    "month": 5,
    "day": 2,
    "hour": 22,
    "minute": 10,
    "temp": 29.0498263027297,
    "ntu": -0.6724565756823822
}