{
    "year": 2021,
    "month": 6,
    "day": 17,
    "hour": 11,
    "minute": 0,
    "temp": 28.647686567164367,
    "ntu": 422.863184079602
}