{
    "year": 2021,
    "month": 5,
    "day": 8,
    "hour": 3,
    "minute": 40,
    "temp": 29.1563027295284,
    "ntu": -0.7121588089330024
}