{
    "year": 2021,
    "month": 6,
    "day": 5,
    "hour": 22,
    "minute": 0,
    "temp": 28.397965260546087,
    "ntu": 585.8138957816377
}