{
    "year": 2021,
    "month": 5,
    "day": 12,
    "hour": 22,
    "minute": 30,
    "temp": 30.018908188585492,
    "ntu": 730.2531017369727
}