{
    "year": 2021,
    "month": 6,
    "day": 9,
    "hour": 22,
    "minute": 45,
    "temp": 28.694267990074493,
    "ntu": 557.5955334987593
}