{
    "year": 2021,
    "month": 5,
    "day": 29,
    "hour": 1,
    "minute": 45,
    "temp": 28.951861042183673,
    "ntu": 1.836228287841191
}