{
    "year": 2021,
    "month": 5,
    "day": 16,
    "hour": 14,
    "minute": 0,
    "temp": 31.522183622828777,
    "ntu": 765.4565756823821
}