{
    "year": 2021,
    "month": 5,
    "day": 18,
    "hour": 0,
    "minute": 0,
    "temp": 30.675870646766132,
    "ntu": -9.08457711442786
}