{
    "year": 2021,
    "month": 5,
    "day": 13,
    "hour": 8,
    "minute": 30,
    "temp": 29.03975186104233,
    "ntu": 699.1786600496278
}