{
    "year": 2021,
    "month": 5,
    "day": 13,
    "hour": 18,
    "minute": 20,
    "temp": 31.790895522388105,
    "ntu": 803.9676616915423
}