{
    "year": 2021,
    "month": 6,
    "day": 5,
    "hour": 12,
    "minute": 40,
    "temp": 28.02358208955222,
    "ntu": 471.78109452736317
}