{
    "year": 2021,
    "month": 6,
    "day": 9,
    "hour": 10,
    "minute": 50,
    "temp": 29.02843672456579,
    "ntu": 444.48387096774195
}