{
    "year": 2021,
    "month": 5,
    "day": 27,
    "hour": 0,
    "minute": 25,
    "temp": 29.60813895781634,
    "ntu": 2.796526054590571
}