{
    "year": 2021,
    "month": 5,
    "day": 19,
    "hour": 0,
    "minute": 25,
    "temp": 29.467761194029983,
    "ntu": 134.59701492537314
}