{
    "year": 2021,
    "month": 6,
    "day": 29,
    "hour": 16,
    "minute": 55,
    "temp": 28.939825870646793,
    "ntu": 471.1243781094527
}