{
    "year": 2021,
    "month": 5,
    "day": 18,
    "hour": 3,
    "minute": 10,
    "temp": 30.362064676616804,
    "ntu": -9.156716417910447
}