{
    "year": 2021,
    "month": 6,
    "day": 10,
    "hour": 15,
    "minute": 55,
    "temp": 28.6851243781095,
    "ntu": 401.6865671641791
}