{
    "year": 2021,
    "month": 5,
    "day": 3,
    "hour": 20,
    "minute": 50,
    "temp": 29.63945409429291,
    "ntu": 818.7642679900745
}