{
    "year": 2021,
    "month": 5,
    "day": 8,
    "hour": 21,
    "minute": 0,
    "temp": 28.969776674937915,
    "ntu": 806.6898263027296
}