{
    "year": 2021,
    "month": 6,
    "day": 7,
    "hour": 17,
    "minute": 20,
    "temp": 28.809999999999974,
    "ntu": 461.560794044665
}