{
    "year": 2021,
    "month": 6,
    "day": 13,
    "hour": 16,
    "minute": 30,
    "temp": 28.897338308457904,
    "ntu": 287.34328358208955
}