{
    "year": 2021,
    "month": 5,
    "day": 1,
    "hour": 5,
    "minute": 45,
    "temp": 25.273225806451613,
    "ntu": 88.78660049627791
}