{
    "year": 2021,
    "month": 5,
    "day": 14,
    "hour": 1,
    "minute": 5,
    "temp": 30.044427860696658,
    "ntu": -0.9950248756218906
}