{
    "year": 2021,
    "month": 5,
    "day": 31,
    "hour": 0,
    "minute": 40,
    "temp": 28.21766169154233,
    "ntu": -6.420398009950249
}