{
    "year": 2021,
    "month": 5,
    "day": 27,
    "hour": 10,
    "minute": 15,
    "temp": 28.118039702233276,
    "ntu": 728.3722084367246
}