{
    "year": 2021,
    "month": 5,
    "day": 4,
    "hour": 10,
    "minute": 0,
    "temp": 30.24508684863536,
    "ntu": 558.4615384615385
}