{
    "year": 2021,
    "month": 5,
    "day": 12,
    "hour": 20,
    "minute": 40,
    "temp": 30.682761194029737,
    "ntu": 803.3955223880597
}