{
    "year": 2021,
    "month": 5,
    "day": 4,
    "hour": 6,
    "minute": 5,
    "temp": 27.01593052109191,
    "ntu": 109.05707196029776
}