{
    "year": 2021,
    "month": 5,
    "day": 26,
    "hour": 17,
    "minute": 35,
    "temp": 27.968585607940543,
    "ntu": 737.4193548387096
}