{
    "year": 2021,
    "month": 5,
    "day": 11,
    "hour": 2,
    "minute": 30,
    "temp": 28.628461538461377,
    "ntu": 256.57071960297765
}