{
    "year": 2021,
    "month": 6,
    "day": 4,
    "hour": 0,
    "minute": 5,
    "temp": 28.47022388059708,
    "ntu": 582.5174129353234
}