{
    "year": 2021,
    "month": 5,
    "day": 12,
    "hour": 9,
    "minute": 30,
    "temp": 30.330843672456506,
    "ntu": 726.833746898263
}