{
    "year": 2021,
    "month": 5,
    "day": 25,
    "hour": 1,
    "minute": 45,
    "temp": 27.64796526054608,
    "ntu": 4.776674937965261
}