{
    "year": 2021,
    "month": 6,
    "day": 4,
    "hour": 4,
    "minute": 25,
    "temp": 27.629851116625282,
    "ntu": -58.07692307692308
}