{
    "year": 2021,
    "month": 6,
    "day": 9,
    "hour": 16,
    "minute": 25,
    "temp": 29.039751861042276,
    "ntu": 444.8138957816377
}