{
    "year": 2021,
    "month": 5,
    "day": 20,
    "hour": 3,
    "minute": 50,
    "temp": 30.33014888337465,
    "ntu": -0.9354838709677419
}