{
    "year": 2021,
    "month": 5,
    "day": 28,
    "hour": 5,
    "minute": 40,
    "temp": 28.792084367245813,
    "ntu": 45.62531017369727
}