{
    "year": 2021,
    "month": 6,
    "day": 7,
    "hour": 9,
    "minute": 45,
    "temp": 28.847369727046992,
    "ntu": 491.09925558312653
}