{
    "year": 2021,
    "month": 5,
    "day": 9,
    "hour": 21,
    "minute": 20,
    "temp": 29.300521091811596,
    "ntu": 839.9032258064516
}