{
    "year": 2021,
    "month": 5,
    "day": 17,
    "hour": 17,
    "minute": 50,
    "temp": 31.322059553350208,
    "ntu": 128.02481389578165
}