{
    "year": 2021,
    "month": 5,
    "day": 22,
    "hour": 3,
    "minute": 55,
    "temp": 28.877518610421728,
    "ntu": 1.5062034739454093
}