{
    "year": 2021,
    "month": 5,
    "day": 21,
    "hour": 18,
    "minute": 35,
    "temp": 28.935625000000098,
    "ntu": 628.2884615384615
}