{
    "year": 2021,
    "month": 5,
    "day": 26,
    "hour": 0,
    "minute": 25,
    "temp": 29.19980198019803,
    "ntu": 5.792079207920792
}