{
    "year": 2021,
    "month": 5,
    "day": 19,
    "hour": 6,
    "minute": 35,
    "temp": 28.9239054726368,
    "ntu": 123.95771144278606
}