{
    "year": 2021,
    "month": 4,
    "day": 23,
    "hour": 10,
    "minute": 59,
    "temp": 28.515254237288133,
    "ntu": 2039.546271186441
}