{
    "year": 2021,
    "month": 6,
    "day": 18,
    "hour": 2,
    "minute": 35,
    "temp": 28.887256857855363,
    "ntu": -4.8104738154613464
}