{
    "year": 2021,
    "month": 5,
    "day": 7,
    "hour": 23,
    "minute": 0,
    "temp": 27.995235732010023,
    "ntu": -0.9181141439205955
}