{
    "year": 2021,
    "month": 5,
    "day": 13,
    "hour": 2,
    "minute": 0,
    "temp": 29.96248138957818,
    "ntu": -1.7468982630272953
}