{
    "year": 2021,
    "month": 6,
    "day": 28,
    "hour": 3,
    "minute": 10,
    "temp": 28.432139303482654,
    "ntu": -17.196517412935325
}