{
    "year": 2021,
    "month": 6,
    "day": 4,
    "hour": 6,
    "minute": 55,
    "temp": 28.469081885856173,
    "ntu": -144.09925558312656
}