{
    "year": 2021,
    "month": 4,
    "day": 30,
    "hour": 1,
    "minute": 30,
    "temp": 30.721467661691495,
    "ntu": 0.7412935323383084
}