{
    "year": 2021,
    "month": 6,
    "day": 27,
    "hour": 16,
    "minute": 50,
    "temp": 28.13932835820911,
    "ntu": 517.1691542288557
}