{
    "year": 2021,
    "month": 6,
    "day": 21,
    "hour": 14,
    "minute": 15,
    "temp": 28.771492537313442,
    "ntu": 378.2985074626866
}