{
    "year": 2021,
    "month": 6,
    "day": 23,
    "hour": 10,
    "minute": 20,
    "temp": 28.80059701492542,
    "ntu": 368.1318407960199
}