{
    "year": 2021,
    "month": 6,
    "day": 29,
    "hour": 16,
    "minute": 10,
    "temp": 28.059800995025185,
    "ntu": 417.7587064676617
}