{
    "year": 2021,
    "month": 6,
    "day": 28,
    "hour": 21,
    "minute": 0,
    "temp": 28.76552238805971,
    "ntu": 517.9228855721393
}