{
    "year": 2021,
    "month": 6,
    "day": 24,
    "hour": 13,
    "minute": 35,
    "temp": 28.606009975062435,
    "ntu": 303.5635910224439
}