{
    "year": 2021,
    "month": 6,
    "day": 4,
    "hour": 19,
    "minute": 45,
    "temp": 28.17488833746906,
    "ntu": 493.5012406947891
}