{
    "year": 2021,
    "month": 5,
    "day": 13,
    "hour": 13,
    "minute": 10,
    "temp": 29.294516129032353,
    "ntu": 836.3399503722085
}