{
    "year": 2021,
    "month": 6,
    "day": 28,
    "hour": 18,
    "minute": 15,
    "temp": 28.370000000000157,
    "ntu": 467.4452736318408
}