{
    "year": 2021,
    "month": 6,
    "day": 26,
    "hour": 15,
    "minute": 0,
    "temp": 28.249401496259356,
    "ntu": 478.0274314214464
}