{
    "year": 2021,
    "month": 5,
    "day": 28,
    "hour": 2,
    "minute": 0,
    "temp": 28.018610421836254,
    "ntu": 3.2158808933002483
}