{
    "year": 2021,
    "month": 6,
    "day": 26,
    "hour": 18,
    "minute": 35,
    "temp": 28.37888059701509,
    "ntu": 488.86567164179104
}