{
    "year": 2021,
    "month": 5,
    "day": 1,
    "hour": 5,
    "minute": 40,
    "temp": 25.326377171215913,
    "ntu": 75.97022332506204
}