{
    "year": 2021,
    "month": 5,
    "day": 9,
    "hour": 10,
    "minute": 5,
    "temp": 30.616707920791917,
    "ntu": 618.2450495049505
}