{
    "year": 2021,
    "month": 6,
    "day": 28,
    "hour": 6,
    "minute": 10,
    "temp": 28.003432835820895,
    "ntu": -88.7412935323383
}