{
    "year": 2021,
    "month": 5,
    "day": 8,
    "hour": 6,
    "minute": 5,
    "temp": 28.19851116625318,
    "ntu": 49.3151364764268
}