{
    "year": 2021,
    "month": 5,
    "day": 13,
    "hour": 0,
    "minute": 45,
    "temp": 30.792282878411985,
    "ntu": -1.5732009925558312
}