{
    "year": 2021,
    "month": 5,
    "day": 1,
    "hour": 5,
    "minute": 35,
    "temp": 25.379553349876026,
    "ntu": 62.88585607940447
}