{
    "year": 2021,
    "month": 6,
    "day": 23,
    "hour": 10,
    "minute": 0,
    "temp": 28.940895522388086,
    "ntu": 353.53731343283584
}