{
    "year": 2021,
    "month": 6,
    "day": 11,
    "hour": 12,
    "minute": 10,
    "temp": 28.849851116625132,
    "ntu": 419.4863523573201
}