{
    "year": 2021,
    "month": 6,
    "day": 28,
    "hour": 17,
    "minute": 25,
    "temp": 28.63601990049769,
    "ntu": 440.35074626865674
}