{
    "year": 2021,
    "month": 5,
    "day": 4,
    "hour": 17,
    "minute": 10,
    "temp": 30.153059701492595,
    "ntu": 148.35572139303483
}