{
    "year": 2021,
    "month": 5,
    "day": 20,
    "hour": 3,
    "minute": 15,
    "temp": 29.39467661691526,
    "ntu": -0.4975124378109453
}