{
    "year": 2021,
    "month": 5,
    "day": 12,
    "hour": 3,
    "minute": 20,
    "temp": 28.910248138957783,
    "ntu": -0.4838709677419355
}