{
    "year": 2021,
    "month": 6,
    "day": 6,
    "hour": 5,
    "minute": 35,
    "temp": 29.746873449131645,
    "ntu": -76.88585607940446
}