{
    "year": 2021,
    "month": 5,
    "day": 6,
    "hour": 7,
    "minute": 10,
    "temp": 30.82265508684886,
    "ntu": 849.955334987593
}