{
    "year": 2021,
    "month": 6,
    "day": 6,
    "hour": 13,
    "minute": 15,
    "temp": 28.922139303482687,
    "ntu": 498.5124378109453
}