{
    "year": 2021,
    "month": 5,
    "day": 23,
    "hour": 7,
    "minute": 50,
    "temp": 28.211865671641664,
    "ntu": 362.91293532338307
}