{
    "year": 2021,
    "month": 6,
    "day": 3,
    "hour": 10,
    "minute": 10,
    "temp": 28.278709677419613,
    "ntu": 415.5955334987593
}