{
    "year": 2021,
    "month": 5,
    "day": 11,
    "hour": 14,
    "minute": 40,
    "temp": 29.64317617866016,
    "ntu": 859.8089330024814
}