{
    "year": 2021,
    "month": 6,
    "day": 1,
    "hour": 2,
    "minute": 45,
    "temp": 28.93454094292799,
    "ntu": -7.610421836228288
}