{
    "year": 2021,
    "month": 5,
    "day": 26,
    "hour": 2,
    "minute": 15,
    "temp": 27.436327543424376,
    "ntu": 4.816377171215881
}