{
    "year": 2021,
    "month": 4,
    "day": 12,
    "hour": 9,
    "minute": 59,
    "temp": 27.324999999999978,
    "tds": 1129.60125,
    "ph": 7.4625,
    "ntu": 3000.0
}