{
    "year": 2021,
    "month": 6,
    "day": 8,
    "hour": 20,
    "minute": 20,
    "temp": 28.697238805970173,
    "ntu": 523.9452736318408
}