{
    "year": 2021,
    "month": 5,
    "day": 30,
    "hour": 1,
    "minute": 20,
    "temp": 27.477071960297845,
    "ntu": 7.406947890818858
}