{
    "year": 2021,
    "month": 6,
    "day": 19,
    "hour": 19,
    "minute": 25,
    "temp": 28.2873134328359,
    "ntu": 391.14179104477614
}