{
    "year": 2021,
    "month": 6,
    "day": 24,
    "hour": 18,
    "minute": 25,
    "temp": 29.00522388059701,
    "ntu": 323.69154228855723
}