{
    "year": 2021,
    "month": 5,
    "day": 12,
    "hour": 11,
    "minute": 55,
    "temp": 30.965905707196146,
    "ntu": 699.1687344913151
}