{
    "year": 2021,
    "month": 5,
    "day": 22,
    "hour": 11,
    "minute": 35,
    "temp": 28.107841191066836,
    "ntu": 199.575682382134
}