{
    "year": 2021,
    "month": 5,
    "day": 21,
    "hour": 12,
    "minute": 10,
    "temp": 30.664044665012312,
    "ntu": 534.1885856079405
}