{
    "year": 2021,
    "month": 5,
    "day": 16,
    "hour": 1,
    "minute": 40,
    "temp": 31.303325062034983,
    "ntu": -1.967741935483871
}