{
    "year": 2021,
    "month": 6,
    "day": 6,
    "hour": 15,
    "minute": 10,
    "temp": 28.76354838709677,
    "ntu": 563.4937965260546
}