{
    "year": 2021,
    "month": 5,
    "day": 8,
    "hour": 21,
    "minute": 30,
    "temp": 29.951336633663246,
    "ntu": 814.8564356435644
}