{
    "year": 2021,
    "month": 4,
    "day": 29,
    "hour": 9,
    "minute": 35,
    "temp": 24.809553349875983,
    "ntu": 642.3846153846154
}