{
    "year": 2021,
    "month": 6,
    "day": 3,
    "hour": 12,
    "minute": 20,
    "temp": 28.639032258064656,
    "ntu": 417.0744416873449
}