{
    "year": 2021,
    "month": 6,
    "day": 14,
    "hour": 13,
    "minute": 40,
    "temp": 28.022388059701502,
    "ntu": 237.41044776119404
}