{
    "year": 2021,
    "month": 5,
    "day": 31,
    "hour": 23,
    "minute": 15,
    "temp": 28.35225806451596,
    "ntu": 521.4739454094292
}