{
    "year": 2021,
    "month": 6,
    "day": 28,
    "hour": 9,
    "minute": 20,
    "temp": 28.604179104477485,
    "ntu": -19.808457711442784
}