{
    "year": 2021,
    "month": 5,
    "day": 20,
    "hour": 5,
    "minute": 10,
    "temp": 29.612779156327573,
    "ntu": 3.9156327543424316
}