{
    "year": 2021,
    "month": 5,
    "day": 7,
    "hour": 3,
    "minute": 10,
    "temp": 29.213945409429382,
    "ntu": 0.03225806451612903
}