{
    "year": 2021,
    "month": 4,
    "day": 22,
    "hour": 18,
    "minute": 59,
    "temp": 28.470000000000027,
    "ntu": 1476.6613333333332
}