{
    "year": 2021,
    "month": 5,
    "day": 16,
    "hour": 18,
    "minute": 55,
    "temp": 31.85987562189075,
    "ntu": 772.7686567164179
}