{
    "year": 2021,
    "month": 5,
    "day": 16,
    "hour": 13,
    "minute": 20,
    "temp": 31.03468982630282,
    "ntu": 817.4590570719603
}