{
    "year": 2021,
    "month": 6,
    "day": 13,
    "hour": 23,
    "minute": 35,
    "temp": 28.66746268656728,
    "ntu": 298.93283582089555
}