{
    "year": 2021,
    "month": 6,
    "day": 19,
    "hour": 21,
    "minute": 45,
    "temp": 28.024029850746246,
    "ntu": 397.60199004975124
}