{
    "year": 2021,
    "month": 6,
    "day": 11,
    "hour": 23,
    "minute": 25,
    "temp": 28.376343283582095,
    "ntu": 414.4502487562189
}