{
    "year": 2021,
    "month": 6,
    "day": 22,
    "hour": 3,
    "minute": 45,
    "temp": 29.05432835820891,
    "ntu": -9.7363184079602
}