{
    "year": 2021,
    "month": 5,
    "day": 19,
    "hour": 12,
    "minute": 10,
    "temp": 30.802985074626942,
    "ntu": 430.33084577114425
}