{
    "year": 2021,
    "month": 5,
    "day": 5,
    "hour": 21,
    "minute": 55,
    "temp": 30.63578163771719,
    "ntu": 883.9627791563275
}