{
    "year": 2021,
    "month": 5,
    "day": 31,
    "hour": 19,
    "minute": 30,
    "temp": 28.881567164179106,
    "ntu": 460.19154228855723
}