{
    "year": 2021,
    "month": 6,
    "day": 20,
    "hour": 10,
    "minute": 35,
    "temp": 27.99985074626866,
    "ntu": 370.5621890547264
}