{
    "year": 2021,
    "month": 6,
    "day": 8,
    "hour": 3,
    "minute": 30,
    "temp": 28.480519801980304,
    "ntu": -22.42079207920792
}