{
    "year": 2021,
    "month": 5,
    "day": 15,
    "hour": 6,
    "minute": 55,
    "temp": 31.470746268656658,
    "ntu": 789.5597014925373
}