{
    "year": 2021,
    "month": 5,
    "day": 20,
    "hour": 14,
    "minute": 0,
    "temp": 31.00776119402971,
    "ntu": 459.37064676616916
}