{
    "year": 2021,
    "month": 5,
    "day": 17,
    "hour": 6,
    "minute": 30,
    "temp": 29.357692307692137,
    "ntu": 205.9602977667494
}