{
    "year": 2021,
    "month": 5,
    "day": 3,
    "hour": 12,
    "minute": 0,
    "temp": 29.34947890818876,
    "ntu": 665.166253101737
}