{
    "year": 2021,
    "month": 5,
    "day": 19,
    "hour": 13,
    "minute": 15,
    "temp": 30.127295285359903,
    "ntu": 429.7741935483871
}