{
    "year": 2021,
    "month": 5,
    "day": 8,
    "hour": 21,
    "minute": 50,
    "temp": 30.335459057072292,
    "ntu": 819.531017369727
}