{
    "year": 2021,
    "month": 6,
    "day": 27,
    "hour": 10,
    "minute": 55,
    "temp": 29.01343283582081,
    "ntu": 495.2562189054726
}