{
    "year": 2021,
    "month": 5,
    "day": 9,
    "hour": 7,
    "minute": 5,
    "temp": 30.885657568238358,
    "ntu": 799.8436724565756
}