{
    "year": 2021,
    "month": 5,
    "day": 3,
    "hour": 16,
    "minute": 0,
    "temp": 30.616451612903383,
    "ntu": 743.3473945409429
}