{
    "year": 2021,
    "month": 5,
    "day": 3,
    "hour": 23,
    "minute": 0,
    "temp": 28.25684863523582,
    "ntu": -0.630272952853598
}