{
    "year": 2021,
    "month": 6,
    "day": 6,
    "hour": 22,
    "minute": 55,
    "temp": 28.524565756823833,
    "ntu": 602.7320099255583
}