{
    "year": 2021,
    "month": 6,
    "day": 8,
    "hour": 7,
    "minute": 55,
    "temp": 27.801960297766826,
    "ntu": -174.94789081885855
}