{
    "year": 2021,
    "month": 6,
    "day": 25,
    "hour": 22,
    "minute": 25,
    "temp": 28.68599502487566,
    "ntu": 518.3805970149253
}