{
    "year": 2021,
    "month": 6,
    "day": 5,
    "hour": 0,
    "minute": 5,
    "temp": 28.681985111662595,
    "ntu": 585.4962779156327
}