{
    "year": 2021,
    "month": 6,
    "day": 17,
    "hour": 14,
    "minute": 50,
    "temp": 28.370673316708277,
    "ntu": 407.1471321695761
}