{
    "year": 2021,
    "month": 5,
    "day": 24,
    "hour": 2,
    "minute": 30,
    "temp": 27.671588089330136,
    "ntu": 1.1439205955334988
}