{
    "year": 2021,
    "month": 5,
    "day": 23,
    "hour": 8,
    "minute": 35,
    "temp": 28.56431761786603,
    "ntu": 284.454094292804
}