{
    "year": 2021,
    "month": 5,
    "day": 15,
    "hour": 8,
    "minute": 10,
    "temp": 31.51727047146414,
    "ntu": 858.2754342431762
}