{
    "year": 2021,
    "month": 6,
    "day": 12,
    "hour": 13,
    "minute": 55,
    "temp": 28.889503722084307,
    "ntu": 352.51116625310175
}