{
    "year": 2021,
    "month": 5,
    "day": 31,
    "hour": 15,
    "minute": 30,
    "temp": 28.288709677419448,
    "ntu": 709.5880893300248
}