{
    "year": 2021,
    "month": 5,
    "day": 15,
    "hour": 20,
    "minute": 30,
    "temp": 31.051194029850844,
    "ntu": 864.7835820895523
}