{
    "year": 2021,
    "month": 5,
    "day": 23,
    "hour": 10,
    "minute": 40,
    "temp": 28.2193796526053,
    "ntu": 295.9156327543424
}