{
    "year": 2021,
    "month": 5,
    "day": 19,
    "hour": 19,
    "minute": 10,
    "temp": 30.90970149253748,
    "ntu": 477.97014925373134
}