{
    "year": 2021,
    "month": 6,
    "day": 20,
    "hour": 13,
    "minute": 20,
    "temp": 28.75373134328359,
    "ntu": 376.1865671641791
}