{
    "year": 2021,
    "month": 5,
    "day": 3,
    "hour": 15,
    "minute": 45,
    "temp": 30.331141439206213,
    "ntu": 754.6947890818858
}