{
    "year": 2021,
    "month": 5,
    "day": 17,
    "hour": 12,
    "minute": 30,
    "temp": 31.277014925373177,
    "ntu": 766.6442786069651
}