{
    "year": 2021,
    "month": 6,
    "day": 29,
    "hour": 2,
    "minute": 45,
    "temp": 29.24388059701497,
    "ntu": -11.604477611940299
}