{
    "year": 2021,
    "month": 6,
    "day": 22,
    "hour": 23,
    "minute": 15,
    "temp": 28.948486352357342,
    "ntu": 404.9652605459057
}