{
    "year": 2021,
    "month": 6,
    "day": 14,
    "hour": 10,
    "minute": 0,
    "temp": 28.79044776119413,
    "ntu": 233.61940298507463
}