{
    "year": 2021,
    "month": 5,
    "day": 15,
    "hour": 2,
    "minute": 40,
    "temp": 31.190744416873365,
    "ntu": -1.5086848635235732
}