{
    "year": 2021,
    "month": 6,
    "day": 9,
    "hour": 14,
    "minute": 25,
    "temp": 28.782754342431822,
    "ntu": 473.6104218362283
}