{
    "year": 2021,
    "month": 5,
    "day": 4,
    "hour": 16,
    "minute": 40,
    "temp": 29.047940446650347,
    "ntu": 139.30769230769232
}