{
    "year": 2021,
    "month": 5,
    "day": 29,
    "hour": 13,
    "minute": 20,
    "temp": 29.032605459057034,
    "ntu": 720.620347394541
}