{
    "year": 2021,
    "month": 6,
    "day": 22,
    "hour": 23,
    "minute": 45,
    "temp": 28.67900249376565,
    "ntu": 400.5960099750623
}