{
    "year": 2021,
    "month": 6,
    "day": 23,
    "hour": 2,
    "minute": 45,
    "temp": 28.94805970149256,
    "ntu": 4.383084577114428
}