{
    "year": 2021,
    "month": 6,
    "day": 5,
    "hour": 15,
    "minute": 35,
    "temp": 28.349552238805803,
    "ntu": 444.0845771144279
}