{
    "year": 2021,
    "month": 6,
    "day": 19,
    "hour": 6,
    "minute": 55,
    "temp": 28.89625935162106,
    "ntu": -13.835411471321695
}