{
    "year": 2021,
    "month": 6,
    "day": 30,
    "hour": 0,
    "minute": 0,
    "temp": 28.718706467661537,
    "ntu": 516.7164179104477
}