{
    "year": 2021,
    "month": 6,
    "day": 22,
    "hour": 12,
    "minute": 25,
    "temp": 28.962388059701528,
    "ntu": 379.74626865671644
}