{
    "year": 2021,
    "month": 5,
    "day": 30,
    "hour": 14,
    "minute": 35,
    "temp": 28.835771144278823,
    "ntu": 672.3557213930349
}