{
    "year": 2021,
    "month": 6,
    "day": 3,
    "hour": 16,
    "minute": 20,
    "temp": 28.98957816377183,
    "ntu": 454.9181141439206
}