{
    "year": 2021,
    "month": 5,
    "day": 3,
    "hour": 16,
    "minute": 35,
    "temp": 30.75089330024813,
    "ntu": 769.0719602977667
}