{
    "year": 2021,
    "month": 7,
    "day": 2,
    "hour": 7,
    "minute": 5,
    "temp": 28.15743781094542,
    "ntu": -163.33830845771143
}