{
    "year": 2021,
    "month": 6,
    "day": 12,
    "hour": 23,
    "minute": 35,
    "temp": 28.592768079800674,
    "ntu": 386.8902743142145
}