{
    "year": 2021,
    "month": 5,
    "day": 25,
    "hour": 16,
    "minute": 30,
    "temp": 28.727071960297877,
    "ntu": 605.8436724565756
}