{
    "year": 2021,
    "month": 5,
    "day": 18,
    "hour": 19,
    "minute": 15,
    "temp": 30.001042183622815,
    "ntu": 709.9751861042183
}