{
    "year": 2021,
    "month": 6,
    "day": 13,
    "hour": 4,
    "minute": 50,
    "temp": 27.87104477611927,
    "ntu": -47.01990049751244
}