{
    "year": 2021,
    "month": 6,
    "day": 9,
    "hour": 18,
    "minute": 40,
    "temp": 28.744925373134368,
    "ntu": 475.60199004975124
}