{
    "year": 2021,
    "month": 4,
    "day": 30,
    "hour": 19,
    "minute": 35,
    "temp": 30.57208436724566,
    "ntu": 669.7940446650124
}