{
    "year": 2021,
    "month": 5,
    "day": 2,
    "hour": 7,
    "minute": 35,
    "temp": 29.911138613861564,
    "ntu": 702.7673267326733
}