{
    "year": 2021,
    "month": 6,
    "day": 21,
    "hour": 7,
    "minute": 35,
    "temp": 29.00679104477622,
    "ntu": 61.514925373134325
}