{
    "year": 2021,
    "month": 6,
    "day": 24,
    "hour": 17,
    "minute": 50,
    "temp": 28.08221393034847,
    "ntu": 298.09452736318406
}