{
    "year": 2021,
    "month": 6,
    "day": 7,
    "hour": 9,
    "minute": 40,
    "temp": 28.924278606965267,
    "ntu": 499.17910447761193
}