{
    "year": 2021,
    "month": 5,
    "day": 9,
    "hour": 15,
    "minute": 10,
    "temp": 29.96982630272956,
    "ntu": 766.6873449131514
}