{
    "year": 2021,
    "month": 6,
    "day": 28,
    "hour": 14,
    "minute": 35,
    "temp": 28.295223880597074,
    "ntu": 488.3532338308458
}