{
    "year": 2021,
    "month": 6,
    "day": 7,
    "hour": 13,
    "minute": 20,
    "temp": 29.04928039702239,
    "ntu": 500.7543424317618
}