{
    "year": 2021,
    "month": 6,
    "day": 19,
    "hour": 14,
    "minute": 35,
    "temp": 28.975411471321557,
    "ntu": 366.1845386533666
}