{
    "year": 2021,
    "month": 4,
    "day": 30,
    "hour": 9,
    "minute": 5,
    "temp": 24.439999999999937,
    "ntu": 676.1339950372209
}