{
    "year": 2021,
    "month": 6,
    "day": 1,
    "hour": 20,
    "minute": 0,
    "temp": 27.999850746268653,
    "ntu": 407.0124378109453
}