{
    "year": 2021,
    "month": 6,
    "day": 19,
    "hour": 1,
    "minute": 15,
    "temp": 28.983134328358204,
    "ntu": 419.83084577114425
}