{
    "year": 2021,
    "month": 6,
    "day": 22,
    "hour": 8,
    "minute": 0,
    "temp": 28.715522388059735,
    "ntu": 78.99751243781094
}