{
    "year": 2021,
    "month": 6,
    "day": 22,
    "hour": 5,
    "minute": 15,
    "temp": 28.016119402984987,
    "ntu": -32.6044776119403
}