{
    "year": 2021,
    "month": 6,
    "day": 1,
    "hour": 21,
    "minute": 10,
    "temp": 28.29987593052116,
    "ntu": 458.2034739454094
}