{
    "year": 2021,
    "month": 6,
    "day": 26,
    "hour": 8,
    "minute": 15,
    "temp": 28.078656716417882,
    "ntu": 74.05721393034825
}