{
    "year": 2021,
    "month": 5,
    "day": 12,
    "hour": 22,
    "minute": 5,
    "temp": 29.238407960198934,
    "ntu": 701.5074626865671
}