{
    "year": 2021,
    "month": 6,
    "day": 22,
    "hour": 9,
    "minute": 5,
    "temp": 28.17972636815926,
    "ntu": 87.98507462686567
}