{
    "year": 2021,
    "month": 6,
    "day": 11,
    "hour": 13,
    "minute": 50,
    "temp": 28.32741935483867,
    "ntu": 435.1563275434243
}