{
    "year": 2021,
    "month": 5,
    "day": 22,
    "hour": 1,
    "minute": 50,
    "temp": 29.0200992555832,
    "ntu": 4.133995037220844
}