{
    "year": 2021,
    "month": 5,
    "day": 6,
    "hour": 1,
    "minute": 55,
    "temp": 28.540049627791685,
    "ntu": 0.17369727047146402
}