{
    "year": 2021,
    "month": 5,
    "day": 19,
    "hour": 6,
    "minute": 55,
    "temp": 30.866592039801137,
    "ntu": 454.00248756218906
}