{
    "year": 2021,
    "month": 6,
    "day": 4,
    "hour": 11,
    "minute": 35,
    "temp": 28.094925373134494,
    "ntu": 471.2437810945274
}