{
    "year": 2021,
    "month": 5,
    "day": 17,
    "hour": 6,
    "minute": 45,
    "temp": 31.390297766749487,
    "ntu": 792.5533498759305
}