{
    "year": 2021,
    "month": 5,
    "day": 7,
    "hour": 3,
    "minute": 15,
    "temp": 30.385558312655135,
    "ntu": -0.034739454094292806
}