{
    "year": 2021,
    "month": 5,
    "day": 15,
    "hour": 5,
    "minute": 55,
    "temp": 30.838784119106855,
    "ntu": 156.23076923076923
}