{
    "year": 2021,
    "month": 5,
    "day": 2,
    "hour": 15,
    "minute": 40,
    "temp": 30.514292803970143,
    "ntu": 694.7171215880893
}