{
    "year": 2021,
    "month": 6,
    "day": 19,
    "hour": 14,
    "minute": 0,
    "temp": 28.119602977667608,
    "ntu": 386.88089330024815
}