{
    "year": 2021,
    "month": 6,
    "day": 7,
    "hour": 3,
    "minute": 5,
    "temp": 28.37679900744405,
    "ntu": -11.925558312655086
}