{
    "year": 2021,
    "month": 5,
    "day": 22,
    "hour": 14,
    "minute": 30,
    "temp": 28.406947890818778,
    "ntu": 309.69975186104216
}