{
    "year": 2021,
    "month": 6,
    "day": 5,
    "hour": 8,
    "minute": 15,
    "temp": 28.25893300248141,
    "ntu": -311.1910669975186
}