{
    "year": 2021,
    "month": 5,
    "day": 9,
    "hour": 12,
    "minute": 40,
    "temp": 30.623176178660273,
    "ntu": 748.8039702233251
}