{
    "year": 2021,
    "month": 6,
    "day": 27,
    "hour": 14,
    "minute": 40,
    "temp": 28.942686567164206,
    "ntu": 469.9228855721393
}