{
    "year": 2021,
    "month": 5,
    "day": 28,
    "hour": 8,
    "minute": 10,
    "temp": 28.364913151364668,
    "ntu": 523.2952853598015
}