{
    "year": 2021,
    "month": 6,
    "day": 4,
    "hour": 4,
    "minute": 50,
    "temp": 28.609751861042145,
    "ntu": -61.687344913151364
}