{
    "year": 2021,
    "month": 6,
    "day": 17,
    "hour": 13,
    "minute": 0,
    "temp": 28.460298507462703,
    "ntu": 419.9303482587065
}