{
    "year": 2021,
    "month": 6,
    "day": 23,
    "hour": 21,
    "minute": 25,
    "temp": 28.060149253731332,
    "ntu": 345.6268656716418
}