{
    "year": 2021,
    "month": 5,
    "day": 18,
    "hour": 12,
    "minute": 55,
    "temp": 31.26432835820882,
    "ntu": 239.1144278606965
}