{
    "year": 2021,
    "month": 7,
    "day": 1,
    "hour": 20,
    "minute": 20,
    "temp": 28.634278606965353,
    "ntu": 404.2164179104478
}