{
    "year": 2021,
    "month": 5,
    "day": 24,
    "hour": 4,
    "minute": 25,
    "temp": 27.852711442785985,
    "ntu": 7.298507462686567
}