{
    "year": 2021,
    "month": 5,
    "day": 9,
    "hour": 23,
    "minute": 30,
    "temp": 29.799776674938173,
    "ntu": -0.9826302729528535
}