{
    "year": 2021,
    "month": 5,
    "day": 20,
    "hour": 6,
    "minute": 35,
    "temp": 28.594193548387086,
    "ntu": 53.54590570719603
}