{
    "year": 2021,
    "month": 5,
    "day": 15,
    "hour": 2,
    "minute": 50,
    "temp": 31.348957816377162,
    "ntu": -1.6699751861042185
}