{
    "year": 2021,
    "month": 5,
    "day": 1,
    "hour": 11,
    "minute": 15,
    "temp": 30.990918114144034,
    "ntu": 672.8163771712159
}