{
    "year": 2021,
    "month": 5,
    "day": 24,
    "hour": 20,
    "minute": 50,
    "temp": 29.025607940446594,
    "ntu": 772.8957816377172
}