{
    "year": 2021,
    "month": 5,
    "day": 5,
    "hour": 21,
    "minute": 45,
    "temp": 30.57205955335008,
    "ntu": 884.1786600496278
}