{
    "year": 2021,
    "month": 5,
    "day": 21,
    "hour": 10,
    "minute": 45,
    "temp": 30.935945273631972,
    "ntu": 491.9850746268657
}