{
    "year": 2021,
    "month": 5,
    "day": 11,
    "hour": 16,
    "minute": 50,
    "temp": 29.871712158808876,
    "ntu": 839.5285359801488
}