{
    "year": 2021,
    "month": 6,
    "day": 24,
    "hour": 0,
    "minute": 5,
    "temp": 28.44658354114715,
    "ntu": 351.00997506234415
}