{
    "year": 2021,
    "month": 5,
    "day": 8,
    "hour": 8,
    "minute": 35,
    "temp": 29.42196029776688,
    "ntu": 791.2183622828784
}