{
    "year": 2021,
    "month": 6,
    "day": 25,
    "hour": 0,
    "minute": 25,
    "temp": 28.309999999999985,
    "ntu": 366.2418952618454
}