{
    "year": 2021,
    "month": 5,
    "day": 20,
    "hour": 4,
    "minute": 50,
    "temp": 30.16156327543423,
    "ntu": 3.5186104218362284
}