{
    "year": 2021,
    "month": 5,
    "day": 1,
    "hour": 16,
    "minute": 55,
    "temp": 30.444243176178713,
    "ntu": 693.9379652605459
}