{
    "year": 2021,
    "month": 5,
    "day": 6,
    "hour": 1,
    "minute": 0,
    "temp": 28.364292803970113,
    "ntu": 0.19106699751861042
}