{
    "year": 2021,
    "month": 6,
    "day": 13,
    "hour": 13,
    "minute": 55,
    "temp": 28.05940446650124,
    "ntu": 247.96277915632754
}