{
    "year": 2021,
    "month": 6,
    "day": 29,
    "hour": 10,
    "minute": 20,
    "temp": 28.440598503740663,
    "ntu": 488.90773067331673
}