{
    "year": 2021,
    "month": 5,
    "day": 27,
    "hour": 19,
    "minute": 25,
    "temp": 28.957772277227665,
    "ntu": 717.1064356435644
}