{
    "year": 2021,
    "month": 5,
    "day": 9,
    "hour": 3,
    "minute": 50,
    "temp": 29.002580645161434,
    "ntu": -0.7121588089330024
}