{
    "year": 2021,
    "month": 6,
    "day": 26,
    "hour": 4,
    "minute": 10,
    "temp": 27.99925187032419,
    "ntu": -34.83042394014963
}