{
    "year": 2021,
    "month": 6,
    "day": 27,
    "hour": 2,
    "minute": 10,
    "temp": 27.939825436408984,
    "ntu": -6.204488778054863
}