{
    "year": 2021,
    "month": 6,
    "day": 9,
    "hour": 4,
    "minute": 50,
    "temp": 28.80506203473956,
    "ntu": -81.54838709677419
}