{
    "year": 2021,
    "month": 6,
    "day": 24,
    "hour": 21,
    "minute": 40,
    "temp": 28.05820448877806,
    "ntu": 356.91770573566083
}