{
    "year": 2021,
    "month": 6,
    "day": 1,
    "hour": 23,
    "minute": 40,
    "temp": 28.871563275434184,
    "ntu": 489.9975186104218
}