{
    "year": 2021,
    "month": 6,
    "day": 21,
    "hour": 11,
    "minute": 15,
    "temp": 28.007164179104475,
    "ntu": 373.0721393034826
}