{
    "year": 2021,
    "month": 6,
    "day": 26,
    "hour": 1,
    "minute": 25,
    "temp": 28.830895522388,
    "ntu": 544.3930348258707
}