{
    "year": 2021,
    "month": 4,
    "day": 29,
    "hour": 0,
    "minute": 10,
    "temp": 30.69106699751847,
    "ntu": 831.3870967741935
}