{
    "year": 2021,
    "month": 5,
    "day": 9,
    "hour": 22,
    "minute": 30,
    "temp": 28.850272952853583,
    "ntu": -1.3746898263027296
}