{
    "year": 2021,
    "month": 4,
    "day": 12,
    "hour": 13,
    "minute": 59,
    "temp": 24.43363636363638,
    "tds": 1435.4703030303026,
    "ph": 3.7030303030303036,
    "ntu": 3000.0
}