{
    "year": 2021,
    "month": 6,
    "day": 26,
    "hour": 19,
    "minute": 35,
    "temp": 28.12000000000015,
    "ntu": 501.3615960099751
}