{
    "year": 2021,
    "month": 5,
    "day": 4,
    "hour": 21,
    "minute": 35,
    "temp": 29.940247524752557,
    "ntu": 867.9331683168317
}