{
    "year": 2021,
    "month": 6,
    "day": 11,
    "hour": 18,
    "minute": 0,
    "temp": 28.596451612903394,
    "ntu": 386.46898263027293
}