{
    "year": 2021,
    "month": 7,
    "day": 2,
    "hour": 9,
    "minute": 30,
    "temp": 28.092768079800386,
    "ntu": -191.41645885286783
}