{
    "year": 2021,
    "month": 6,
    "day": 24,
    "hour": 2,
    "minute": 40,
    "temp": 29.839850746268528,
    "ntu": -1.6194029850746268
}