{
    "year": 2021,
    "month": 6,
    "day": 30,
    "hour": 23,
    "minute": 55,
    "temp": 28.11477611940304,
    "ntu": 359.39800995024876
}