{
    "year": 2021,
    "month": 6,
    "day": 13,
    "hour": 2,
    "minute": 25,
    "temp": 27.81297766749385,
    "ntu": -12.218362282878411
}