{
    "year": 2021,
    "month": 5,
    "day": 31,
    "hour": 3,
    "minute": 20,
    "temp": 28.037910447761284,
    "ntu": -3.3482587064676617
}