{
    "year": 2021,
    "month": 6,
    "day": 17,
    "hour": 0,
    "minute": 0,
    "temp": 28.20101990049752,
    "ntu": 487.59203980099505
}