{
    "year": 2021,
    "month": 5,
    "day": 20,
    "hour": 18,
    "minute": 50,
    "temp": 30.17895781637731,
    "ntu": 489.0843672456576
}