{
    "year": 2021,
    "month": 5,
    "day": 20,
    "hour": 16,
    "minute": 5,
    "temp": 30.330694789081818,
    "ntu": 457.3498759305211
}