{
    "year": 2021,
    "month": 6,
    "day": 8,
    "hour": 15,
    "minute": 50,
    "temp": 28.36660049627791,
    "ntu": 495.6923076923077
}