{
    "year": 2021,
    "month": 5,
    "day": 12,
    "hour": 13,
    "minute": 15,
    "temp": 29.070521091811745,
    "ntu": 798.4292803970224
}