{
    "year": 2021,
    "month": 6,
    "day": 11,
    "hour": 8,
    "minute": 10,
    "temp": 28.521290322580644,
    "ntu": -205.5136476426799
}