{
    "year": 2021,
    "month": 5,
    "day": 20,
    "hour": 5,
    "minute": 40,
    "temp": 28.191389578163854,
    "ntu": 12.161290322580646
}