{
    "year": 2021,
    "month": 5,
    "day": 22,
    "hour": 9,
    "minute": 50,
    "temp": 28.46632754342436,
    "ntu": 251.7394540942928
}