{
    "year": 2021,
    "month": 6,
    "day": 12,
    "hour": 20,
    "minute": 5,
    "temp": 28.132952853598155,
    "ntu": 398.17617866004963
}