{
    "year": 2021,
    "month": 5,
    "day": 3,
    "hour": 8,
    "minute": 45,
    "temp": 29.203647642679936,
    "ntu": 652.6774193548387
}