{
    "year": 2021,
    "month": 5,
    "day": 20,
    "hour": 2,
    "minute": 45,
    "temp": 28.153349875930473,
    "ntu": -0.652605459057072
}