{
    "year": 2021,
    "month": 6,
    "day": 19,
    "hour": 23,
    "minute": 15,
    "temp": 28.169452736318505,
    "ntu": 417.05970149253733
}