{
    "year": 2021,
    "month": 6,
    "day": 23,
    "hour": 10,
    "minute": 30,
    "temp": 28.729402985074724,
    "ntu": 369.86567164179104
}