{
    "year": 2021,
    "month": 5,
    "day": 7,
    "hour": 23,
    "minute": 45,
    "temp": 29.024119106699903,
    "ntu": -0.7022332506203474
}