{
    "year": 2021,
    "month": 7,
    "day": 1,
    "hour": 6,
    "minute": 30,
    "temp": 27.870000000000147,
    "ntu": -110.80548628428927
}