{
    "year": 2021,
    "month": 6,
    "day": 2,
    "hour": 6,
    "minute": 15,
    "temp": 28.096401985111555,
    "ntu": -202.36228287841192
}