{
    "year": 2021,
    "month": 5,
    "day": 21,
    "hour": 7,
    "minute": 10,
    "temp": 30.927686567164287,
    "ntu": 526.9303482587064
}