{
    "year": 2021,
    "month": 5,
    "day": 25,
    "hour": 7,
    "minute": 5,
    "temp": 29.709154228855787,
    "ntu": 749.8482587064676
}