{
    "year": 2021,
    "month": 6,
    "day": 8,
    "hour": 5,
    "minute": 50,
    "temp": 28.74702233250633,
    "ntu": -116.03970223325062
}