{
    "year": 2021,
    "month": 7,
    "day": 1,
    "hour": 17,
    "minute": 35,
    "temp": 28.311492537313416,
    "ntu": 314.9776119402985
}