{
    "year": 2021,
    "month": 5,
    "day": 27,
    "hour": 7,
    "minute": 40,
    "temp": 28.941662531017432,
    "ntu": 748.4540942928039
}