{
    "year": 2021,
    "month": 5,
    "day": 21,
    "hour": 17,
    "minute": 40,
    "temp": 28.4254094292805,
    "ntu": 700.5111662531017
}