{
    "year": 2021,
    "month": 5,
    "day": 18,
    "hour": 12,
    "minute": 40,
    "temp": 31.035851851851742,
    "ntu": 292.84197530864196
}