{
    "year": 2021,
    "month": 5,
    "day": 7,
    "hour": 4,
    "minute": 5,
    "temp": 28.36694789081872,
    "ntu": 0.06451612903225806
}