{
    "year": 2021,
    "month": 6,
    "day": 22,
    "hour": 10,
    "minute": 35,
    "temp": 28.519850746268666,
    "ntu": 369.64925373134326
}