{
    "year": 2021,
    "month": 5,
    "day": 18,
    "hour": 0,
    "minute": 25,
    "temp": 29.73009925558323,
    "ntu": -10.657568238213399
}