{
    "year": 2021,
    "month": 5,
    "day": 30,
    "hour": 9,
    "minute": 0,
    "temp": 28.83173697270466,
    "ntu": 621.2382133995037
}