{
    "year": 2021,
    "month": 6,
    "day": 19,
    "hour": 16,
    "minute": 30,
    "temp": 28.947890818858472,
    "ntu": 361.40942928039703
}