{
    "year": 2021,
    "month": 6,
    "day": 21,
    "hour": 0,
    "minute": 55,
    "temp": 28.43684079601975,
    "ntu": 384.5845771144279
}