{
    "year": 2021,
    "month": 5,
    "day": 6,
    "hour": 20,
    "minute": 40,
    "temp": 29.179900744416727,
    "ntu": 872.1315136476427
}