{
    "year": 2021,
    "month": 6,
    "day": 26,
    "hour": 3,
    "minute": 30,
    "temp": 28.306209476309185,
    "ntu": -17.266832917705734
}