{
    "year": 2021,
    "month": 5,
    "day": 11,
    "hour": 8,
    "minute": 45,
    "temp": 30.758784119106604,
    "ntu": 669.2382133995037
}