{
    "year": 2021,
    "month": 6,
    "day": 22,
    "hour": 16,
    "minute": 40,
    "temp": 28.188603491271838,
    "ntu": 365.9201995012469
}