{
    "year": 2021,
    "month": 5,
    "day": 28,
    "hour": 5,
    "minute": 5,
    "temp": 27.85153846153837,
    "ntu": 26.607940446650122
}