{
    "year": 2021,
    "month": 6,
    "day": 5,
    "hour": 4,
    "minute": 55,
    "temp": 28.73332506203487,
    "ntu": -60.03225806451613
}