{
    "year": 2021,
    "month": 6,
    "day": 4,
    "hour": 11,
    "minute": 25,
    "temp": 28.06669975186104,
    "ntu": 494.7940446650124
}