{
    "year": 2021,
    "month": 6,
    "day": 13,
    "hour": 17,
    "minute": 15,
    "temp": 28.305533498759324,
    "ntu": 251.60049627791562
}