{
    "year": 2021,
    "month": 5,
    "day": 12,
    "hour": 0,
    "minute": 30,
    "temp": 28.728833746898346,
    "ntu": 0.06947890818858561
}