{
    "year": 2021,
    "month": 6,
    "day": 4,
    "hour": 22,
    "minute": 0,
    "temp": 28.99687344913153,
    "ntu": 579.955334987593
}