{
    "year": 2021,
    "month": 6,
    "day": 7,
    "hour": 8,
    "minute": 40,
    "temp": 28.18632754342435,
    "ntu": 223.8982630272953
}