{
    "year": 2021,
    "month": 6,
    "day": 28,
    "hour": 7,
    "minute": 45,
    "temp": 28.3284039900249,
    "ntu": 48.738154613466335
}