{
    "year": 2021,
    "month": 5,
    "day": 11,
    "hour": 5,
    "minute": 50,
    "temp": 30.850646766169216,
    "ntu": 448.8756218905473
}