{
    "year": 2021,
    "month": 5,
    "day": 30,
    "hour": 15,
    "minute": 0,
    "temp": 28.70019851116629,
    "ntu": 705.848635235732
}