{
    "year": 2021,
    "month": 6,
    "day": 11,
    "hour": 14,
    "minute": 55,
    "temp": 28.059999999999988,
    "ntu": 424.7835820895522
}