{
    "year": 2021,
    "month": 6,
    "day": 12,
    "hour": 8,
    "minute": 5,
    "temp": 28.90734491315153,
    "ntu": -206.92803970223326
}