{
    "year": 2021,
    "month": 6,
    "day": 11,
    "hour": 12,
    "minute": 25,
    "temp": 28.637717121588285,
    "ntu": 421.58560794044666
}