{
    "year": 2021,
    "month": 5,
    "day": 2,
    "hour": 23,
    "minute": 30,
    "temp": 26.61424317617853,
    "ntu": -0.2456575682382134
}