{
    "year": 2021,
    "month": 6,
    "day": 17,
    "hour": 13,
    "minute": 30,
    "temp": 28.071492537313414,
    "ntu": 417.76616915422886
}