{
    "year": 2021,
    "month": 6,
    "day": 7,
    "hour": 13,
    "minute": 15,
    "temp": 28.969950248756096,
    "ntu": 490.23383084577114
}