{
    "year": 2021,
    "month": 5,
    "day": 16,
    "hour": 2,
    "minute": 30,
    "temp": 29.49313432835834,
    "ntu": -1.6492537313432836
}