{
    "year": 2021,
    "month": 5,
    "day": 2,
    "hour": 8,
    "minute": 45,
    "temp": 29.931166253101583,
    "ntu": 527.4665012406948
}