{
    "year": 2021,
    "month": 6,
    "day": 20,
    "hour": 13,
    "minute": 25,
    "temp": 28.696119402985094,
    "ntu": 378.0621890547264
}