{
    "year": 2021,
    "month": 5,
    "day": 6,
    "hour": 1,
    "minute": 25,
    "temp": 30.104044665012516,
    "ntu": 0.11910669975186104
}