{
    "year": 2021,
    "month": 6,
    "day": 11,
    "hour": 15,
    "minute": 45,
    "temp": 29.01965260545906,
    "ntu": 418.3920595533499
}