{
    "year": 2021,
    "month": 6,
    "day": 11,
    "hour": 6,
    "minute": 55,
    "temp": 28.6449131513648,
    "ntu": -137.13647642679902
}