{
    "year": 2021,
    "month": 6,
    "day": 17,
    "hour": 4,
    "minute": 55,
    "temp": 28.896417910447866,
    "ntu": -39.659203980099505
}