{
    "year": 2021,
    "month": 5,
    "day": 31,
    "hour": 14,
    "minute": 35,
    "temp": 28.550721393035122,
    "ntu": 680.318407960199
}