{
    "year": 2021,
    "month": 5,
    "day": 14,
    "hour": 18,
    "minute": 30,
    "temp": 31.426567164179225,
    "ntu": 790.4029850746268
}