{
    "year": 2021,
    "month": 6,
    "day": 23,
    "hour": 13,
    "minute": 20,
    "temp": 28.9706733167083,
    "ntu": 370.6184538653367
}