{
    "year": 2021,
    "month": 5,
    "day": 21,
    "hour": 9,
    "minute": 25,
    "temp": 30.93163771712149,
    "ntu": 456.54342431761785
}