{
    "year": 2021,
    "month": 6,
    "day": 24,
    "hour": 0,
    "minute": 20,
    "temp": 28.370174563591178,
    "ntu": 351.46882793017454
}