{
    "year": 2021,
    "month": 5,
    "day": 10,
    "hour": 4,
    "minute": 10,
    "temp": 29.4339205955337,
    "ntu": -0.6377171215880894
}