{
    "year": 2021,
    "month": 5,
    "day": 29,
    "hour": 7,
    "minute": 10,
    "temp": 28.236451612903327,
    "ntu": 92.151364764268
}