{
    "year": 2021,
    "month": 5,
    "day": 3,
    "hour": 0,
    "minute": 55,
    "temp": 25.440247524752436,
    "ntu": -0.05198019801980198
}