{
    "year": 2021,
    "month": 5,
    "day": 4,
    "hour": 1,
    "minute": 25,
    "temp": 27.21302729528538,
    "ntu": -0.2630272952853598
}