{
    "year": 2021,
    "month": 5,
    "day": 8,
    "hour": 6,
    "minute": 20,
    "temp": 30.436881188118875,
    "ntu": 808.2425742574258
}