{
    "year": 2021,
    "month": 5,
    "day": 30,
    "hour": 14,
    "minute": 10,
    "temp": 28.051811414392127,
    "ntu": 723.6898263027296
}