{
    "year": 2021,
    "month": 6,
    "day": 7,
    "hour": 12,
    "minute": 40,
    "temp": 28.110471464019817,
    "ntu": 497.05955334987596
}