{
    "year": 2021,
    "month": 5,
    "day": 22,
    "hour": 8,
    "minute": 0,
    "temp": 28.908014888337384,
    "ntu": 309.16625310173697
}