{
    "year": 2021,
    "month": 5,
    "day": 19,
    "hour": 19,
    "minute": 45,
    "temp": 30.180372208436832,
    "ntu": 494.7344913151365
}