{
    "year": 2021,
    "month": 5,
    "day": 26,
    "hour": 2,
    "minute": 45,
    "temp": 28.408957816377086,
    "ntu": 5.183622828784119
}