{
    "year": 2021,
    "month": 6,
    "day": 26,
    "hour": 0,
    "minute": 15,
    "temp": 28.059552238805963,
    "ntu": 544.4676616915423
}