{
    "year": 2021,
    "month": 6,
    "day": 9,
    "hour": 23,
    "minute": 10,
    "temp": 28.24389578163781,
    "ntu": 558.7990074441688
}