{
    "year": 2021,
    "month": 6,
    "day": 9,
    "hour": 9,
    "minute": 45,
    "temp": 28.367146401985167,
    "ntu": 473.3225806451613
}