{
    "year": 2021,
    "month": 5,
    "day": 12,
    "hour": 14,
    "minute": 25,
    "temp": 30.642661691542312,
    "ntu": 774.1890547263681
}