{
    "year": 2021,
    "month": 5,
    "day": 15,
    "hour": 21,
    "minute": 25,
    "temp": 31.74611940298498,
    "ntu": 801.6567164179105
}