{
    "year": 2021,
    "month": 6,
    "day": 25,
    "hour": 1,
    "minute": 25,
    "temp": 28.02059701492538,
    "ntu": 365.7487562189055
}