{
    "year": 2021,
    "month": 4,
    "day": 29,
    "hour": 11,
    "minute": 30,
    "temp": 30.533300248139142,
    "ntu": 497.8833746898263
}