{
    "year": 2021,
    "month": 6,
    "day": 8,
    "hour": 10,
    "minute": 45,
    "temp": 28.5561194029851,
    "ntu": 419.8457711442786
}