{
    "year": 2021,
    "month": 5,
    "day": 24,
    "hour": 8,
    "minute": 20,
    "temp": 28.90387096774211,
    "ntu": 242.6848635235732
}