{
    "year": 2021,
    "month": 5,
    "day": 5,
    "hour": 9,
    "minute": 20,
    "temp": 29.406253101736898,
    "ntu": 803.1786600496278
}