{
    "year": 2021,
    "month": 5,
    "day": 26,
    "hour": 13,
    "minute": 50,
    "temp": 28.001194029850755,
    "ntu": 755.2014925373135
}