{
    "year": 2021,
    "month": 6,
    "day": 4,
    "hour": 2,
    "minute": 50,
    "temp": 28.62890818858546,
    "ntu": -6.612903225806452
}