{
    "year": 2021,
    "month": 6,
    "day": 2,
    "hour": 19,
    "minute": 25,
    "temp": 28.009975186104132,
    "ntu": 428.74937965260546
}