{
    "year": 2021,
    "month": 6,
    "day": 27,
    "hour": 18,
    "minute": 15,
    "temp": 28.879925373134512,
    "ntu": 467.1169154228856
}