{
    "year": 2021,
    "month": 6,
    "day": 14,
    "hour": 2,
    "minute": 30,
    "temp": 28.36342431761778,
    "ntu": -11.987593052109181
}