{
    "year": 2021,
    "month": 5,
    "day": 29,
    "hour": 21,
    "minute": 0,
    "temp": 28.438387096774257,
    "ntu": 812.8461538461538
}