{
    "year": 2021,
    "month": 5,
    "day": 22,
    "hour": 17,
    "minute": 5,
    "temp": 28.21801488833729,
    "ntu": 318.09429280397023
}