{
    "year": 2021,
    "month": 4,
    "day": 16,
    "hour": 7,
    "minute": 59,
    "temp": 27.75,
    "tds": 1227.1687499999996,
    "ph": 6.589062500000002,
    "ntu": 3000.0
}