{
    "year": 2021,
    "month": 6,
    "day": 26,
    "hour": 18,
    "minute": 45,
    "temp": 28.336783042393936,
    "ntu": 491.8728179551122
}