{
    "year": 2021,
    "month": 6,
    "day": 22,
    "hour": 13,
    "minute": 10,
    "temp": 28.551940298507496,
    "ntu": 377.2835820895522
}