{
    "year": 2021,
    "month": 5,
    "day": 26,
    "hour": 23,
    "minute": 20,
    "temp": 28.74873134328371,
    "ntu": 746.8457711442786
}