{
    "year": 2021,
    "month": 6,
    "day": 2,
    "hour": 12,
    "minute": 30,
    "temp": 28.66092039801009,
    "ntu": 419.66915422885575
}