{
    "year": 2021,
    "month": 5,
    "day": 1,
    "hour": 17,
    "minute": 10,
    "temp": 30.6439702233253,
    "ntu": 724.3970223325063
}