{
    "year": 2021,
    "month": 5,
    "day": 31,
    "hour": 7,
    "minute": 10,
    "temp": 28.241194029850867,
    "ntu": 85.18905472636816
}