{
    "year": 2021,
    "month": 5,
    "day": 4,
    "hour": 16,
    "minute": 35,
    "temp": 29.011612903225803,
    "ntu": 130.01736972704714
}