{
    "year": 2021,
    "month": 5,
    "day": 30,
    "hour": 10,
    "minute": 0,
    "temp": 28.21935483870951,
    "ntu": 644.9305210918114
}