{
    "year": 2021,
    "month": 5,
    "day": 1,
    "hour": 19,
    "minute": 15,
    "temp": 29.25669975186114,
    "ntu": 766.4888337468983
}