{
    "year": 2021,
    "month": 6,
    "day": 9,
    "hour": 1,
    "minute": 45,
    "temp": 28.745334987593203,
    "ntu": -7.024813895781637
}