{
    "year": 2021,
    "month": 6,
    "day": 21,
    "hour": 9,
    "minute": 25,
    "temp": 28.141895261845377,
    "ntu": 53.28428927680798
}