{
    "year": 2021,
    "month": 5,
    "day": 15,
    "hour": 11,
    "minute": 30,
    "temp": 31.664292803970277,
    "ntu": 771.3498759305211
}