{
    "year": 2021,
    "month": 6,
    "day": 3,
    "hour": 23,
    "minute": 55,
    "temp": 28.68868486352365,
    "ntu": 582.3300248138958
}