{
    "year": 2021,
    "month": 5,
    "day": 22,
    "hour": 16,
    "minute": 0,
    "temp": 28.905422885572065,
    "ntu": 325.27363184079604
}