{
    "year": 2021,
    "month": 6,
    "day": 21,
    "hour": 21,
    "minute": 0,
    "temp": 28.86820895522399,
    "ntu": 394.8905472636816
}