{
    "year": 2021,
    "month": 5,
    "day": 12,
    "hour": 5,
    "minute": 50,
    "temp": 30.32325062034749,
    "ntu": 137.1985111662531
}