{
    "year": 2021,
    "month": 5,
    "day": 23,
    "hour": 21,
    "minute": 5,
    "temp": 28.571761786600504,
    "ntu": 477.40942928039703
}