{
    "year": 2021,
    "month": 6,
    "day": 19,
    "hour": 22,
    "minute": 35,
    "temp": 28.658054862843045,
    "ntu": 417.5586034912718
}