{
    "year": 2021,
    "month": 6,
    "day": 9,
    "hour": 13,
    "minute": 20,
    "temp": 28.26756823821339,
    "ntu": 476.454094292804
}