{
    "year": 2021,
    "month": 5,
    "day": 2,
    "hour": 11,
    "minute": 50,
    "temp": 29.21918114143928,
    "ntu": 443.0272952853598
}