{
    "year": 2021,
    "month": 6,
    "day": 22,
    "hour": 15,
    "minute": 35,
    "temp": 28.66004975124392,
    "ntu": 363.61442786069654
}