{
    "year": 2021,
    "month": 5,
    "day": 10,
    "hour": 22,
    "minute": 50,
    "temp": 28.09578163771708,
    "ntu": 520.317617866005
}