{
    "year": 2021,
    "month": 6,
    "day": 26,
    "hour": 17,
    "minute": 10,
    "temp": 28.87000000000017,
    "ntu": 489.0124378109453
}