{
    "year": 2021,
    "month": 6,
    "day": 13,
    "hour": 3,
    "minute": 40,
    "temp": 29.352853598014732,
    "ntu": -12.426799007444169
}