{
    "year": 2021,
    "month": 5,
    "day": 19,
    "hour": 22,
    "minute": 40,
    "temp": 30.45992555831278,
    "ntu": 516.1464019851117
}