{
    "year": 2021,
    "month": 6,
    "day": 3,
    "hour": 12,
    "minute": 55,
    "temp": 28.041389578163873,
    "ntu": 451.35483870967744
}