{
    "year": 2021,
    "month": 6,
    "day": 8,
    "hour": 3,
    "minute": 55,
    "temp": 28.46498759305216,
    "ntu": -35.06699751861042
}