{
    "year": 2021,
    "month": 6,
    "day": 1,
    "hour": 10,
    "minute": 0,
    "temp": 28.008635235731937,
    "ntu": 304.53846153846155
}