{
    "year": 2021,
    "month": 5,
    "day": 28,
    "hour": 1,
    "minute": 45,
    "temp": 28.521641791044924,
    "ntu": 2.77363184079602
}