{
    "year": 2021,
    "month": 5,
    "day": 28,
    "hour": 11,
    "minute": 35,
    "temp": 28.195260545905555,
    "ntu": 661.9354838709677
}