{
    "year": 2021,
    "month": 6,
    "day": 24,
    "hour": 9,
    "minute": 40,
    "temp": 28.959177057356488,
    "ntu": 262.9775561097257
}