{
    "year": 2021,
    "month": 6,
    "day": 30,
    "hour": 8,
    "minute": 5,
    "temp": 28.198507462686575,
    "ntu": -21.09950248756219
}