{
    "year": 2021,
    "month": 7,
    "day": 2,
    "hour": 7,
    "minute": 40,
    "temp": 28.854875621890677,
    "ntu": -144.48009950248758
}