{
    "year": 2021,
    "month": 6,
    "day": 21,
    "hour": 16,
    "minute": 40,
    "temp": 28.706865671641808,
    "ntu": 364.67910447761193
}