{
    "year": 2021,
    "month": 6,
    "day": 27,
    "hour": 13,
    "minute": 10,
    "temp": 28.195671641791055,
    "ntu": 484.9228855721393
}