{
    "year": 2021,
    "month": 5,
    "day": 10,
    "hour": 8,
    "minute": 5,
    "temp": 29.57697270471462,
    "ntu": 853.4119106699752
}