{
    "year": 2021,
    "month": 6,
    "day": 24,
    "hour": 19,
    "minute": 30,
    "temp": 28.61970149253747,
    "ntu": 332.78109452736317
}