{
    "year": 2021,
    "month": 5,
    "day": 22,
    "hour": 11,
    "minute": 50,
    "temp": 28.236401985111574,
    "ntu": 214.5533498759305
}