{
    "year": 2021,
    "month": 5,
    "day": 5,
    "hour": 9,
    "minute": 45,
    "temp": 30.13632754342445,
    "ntu": 778.2332506203473
}