{
    "year": 2021,
    "month": 4,
    "day": 30,
    "hour": 15,
    "minute": 35,
    "temp": 30.52754342431749,
    "ntu": 818.7369727047146
}