{
    "year": 2021,
    "month": 6,
    "day": 4,
    "hour": 10,
    "minute": 20,
    "temp": 28.92811414392045,
    "ntu": 455.82630272952855
}