{
    "year": 2021,
    "month": 6,
    "day": 30,
    "hour": 17,
    "minute": 55,
    "temp": 29.04623441396507,
    "ntu": 333.65087281795513
}