{
    "year": 2021,
    "month": 6,
    "day": 29,
    "hour": 2,
    "minute": 0,
    "temp": 27.97411471321701,
    "ntu": -8.039900249376558
}