{
    "year": 2021,
    "month": 5,
    "day": 30,
    "hour": 9,
    "minute": 25,
    "temp": 28.433225806451677,
    "ntu": 720.0794044665013
}