{
    "year": 2021,
    "month": 5,
    "day": 29,
    "hour": 2,
    "minute": 40,
    "temp": 28.971766169154193,
    "ntu": 1.9228855721393034
}