{
    "year": 2021,
    "month": 5,
    "day": 2,
    "hour": 20,
    "minute": 40,
    "temp": 30.75759305210931,
    "ntu": 818.0397022332506
}