{
    "year": 2021,
    "month": 5,
    "day": 21,
    "hour": 16,
    "minute": 15,
    "temp": 30.354019851116437,
    "ntu": 502.01240694789084
}