{
    "year": 2021,
    "month": 5,
    "day": 12,
    "hour": 21,
    "minute": 35,
    "temp": 29.598759305210816,
    "ntu": 831.4143920595534
}