{
    "year": 2021,
    "month": 5,
    "day": 17,
    "hour": 9,
    "minute": 25,
    "temp": 31.712860696517314,
    "ntu": 746.3955223880597
}