{
    "year": 2021,
    "month": 6,
    "day": 29,
    "hour": 23,
    "minute": 30,
    "temp": 28.05238805970153,
    "ntu": 548.2437810945273
}