{
    "year": 2021,
    "month": 5,
    "day": 12,
    "hour": 10,
    "minute": 40,
    "temp": 29.129875930521262,
    "ntu": 567.3672456575682
}