{
    "year": 2021,
    "month": 6,
    "day": 5,
    "hour": 1,
    "minute": 35,
    "temp": 29.020545905707216,
    "ntu": -5.133995037220844
}