{
    "year": 2021,
    "month": 5,
    "day": 31,
    "hour": 8,
    "minute": 0,
    "temp": 28.73823821339961,
    "ntu": 188.16625310173697
}