{
    "year": 2021,
    "month": 6,
    "day": 9,
    "hour": 13,
    "minute": 5,
    "temp": 28.497617866005033,
    "ntu": 483.38709677419354
}