{
    "year": 2021,
    "month": 5,
    "day": 21,
    "hour": 8,
    "minute": 15,
    "temp": 30.935682382133876,
    "ntu": 466.93300248138956
}