{
    "year": 2021,
    "month": 5,
    "day": 28,
    "hour": 6,
    "minute": 40,
    "temp": 28.803507462686703,
    "ntu": 110.83084577114428
}