{
    "year": 2021,
    "month": 6,
    "day": 3,
    "hour": 23,
    "minute": 35,
    "temp": 28.942537313432712,
    "ntu": 561.4726368159204
}