{
    "year": 2021,
    "month": 6,
    "day": 29,
    "hour": 13,
    "minute": 40,
    "temp": 28.685298507462726,
    "ntu": 483.35820895522386
}