{
    "year": 2021,
    "month": 5,
    "day": 13,
    "hour": 12,
    "minute": 40,
    "temp": 30.02411910669981,
    "ntu": 835.2233250620347
}