{
    "year": 2021,
    "month": 6,
    "day": 1,
    "hour": 16,
    "minute": 15,
    "temp": 28.773076923076932,
    "ntu": 331.38213399503724
}