{
    "year": 2021,
    "month": 6,
    "day": 5,
    "hour": 14,
    "minute": 55,
    "temp": 28.975880893300356,
    "ntu": 452.35483870967744
}