{
    "year": 2021,
    "month": 5,
    "day": 26,
    "hour": 20,
    "minute": 0,
    "temp": 28.91684079601979,
    "ntu": 736.136815920398
}