{
    "year": 2021,
    "month": 5,
    "day": 4,
    "hour": 2,
    "minute": 20,
    "temp": 30.081364764267953,
    "ntu": -0.3399503722084367
}