{
    "year": 2021,
    "month": 6,
    "day": 26,
    "hour": 20,
    "minute": 45,
    "temp": 29.059701492537286,
    "ntu": 532.542288557214
}