{
    "year": 2021,
    "month": 5,
    "day": 18,
    "hour": 11,
    "minute": 50,
    "temp": 31.97379652605472,
    "ntu": 123.23573200992556
}