{
    "year": 2021,
    "month": 5,
    "day": 30,
    "hour": 13,
    "minute": 50,
    "temp": 28.40345771144295,
    "ntu": 728.1517412935324
}