{
    "year": 2021,
    "month": 5,
    "day": 7,
    "hour": 3,
    "minute": 0,
    "temp": 28.537965260546,
    "ntu": -0.12158808933002481
}