{
    "year": 2021,
    "month": 6,
    "day": 25,
    "hour": 17,
    "minute": 20,
    "temp": 28.38574626865667,
    "ntu": 315.83830845771143
}