{
    "year": 2021,
    "month": 6,
    "day": 22,
    "hour": 2,
    "minute": 0,
    "temp": 28.43604477611944,
    "ntu": 8.36318407960199
}