{
    "year": 2021,
    "month": 4,
    "day": 28,
    "hour": 23,
    "minute": 5,
    "temp": 28.174714640198353,
    "ntu": 828.6526054590571
}