{
    "year": 2021,
    "month": 5,
    "day": 30,
    "hour": 2,
    "minute": 55,
    "temp": 28.565062034739537,
    "ntu": 13.126550868486353
}