{
    "year": 2021,
    "month": 5,
    "day": 6,
    "hour": 3,
    "minute": 15,
    "temp": 29.942034739453938,
    "ntu": 0.2803970223325062
}