{
    "year": 2021,
    "month": 5,
    "day": 17,
    "hour": 22,
    "minute": 0,
    "temp": 31.83328358208944,
    "ntu": 123.38308457711443
}