{
    "year": 2021,
    "month": 5,
    "day": 17,
    "hour": 3,
    "minute": 50,
    "temp": 31.307766749379695,
    "ntu": -1.3870967741935485
}