{
    "year": 2021,
    "month": 5,
    "day": 5,
    "hour": 5,
    "minute": 30,
    "temp": 29.541389578163965,
    "ntu": 49.044665012406945
}