{
    "year": 2021,
    "month": 4,
    "day": 29,
    "hour": 5,
    "minute": 20,
    "temp": 25.029181141439228,
    "ntu": 819.5136476426799
}