{
    "year": 2021,
    "month": 5,
    "day": 20,
    "hour": 9,
    "minute": 5,
    "temp": 30.8969651741294,
    "ntu": 434.64925373134326
}