{
    "year": 2021,
    "month": 6,
    "day": 30,
    "hour": 1,
    "minute": 30,
    "temp": 28.53731343283592,
    "ntu": 539.2686567164179
}