{
    "year": 2021,
    "month": 6,
    "day": 11,
    "hour": 2,
    "minute": 35,
    "temp": 28.707786069651586,
    "ntu": -11.199004975124378
}