{
    "year": 2021,
    "month": 5,
    "day": 19,
    "hour": 13,
    "minute": 40,
    "temp": 30.663250620347483,
    "ntu": 434.2183622828784
}