{
    "year": 2021,
    "month": 5,
    "day": 31,
    "hour": 8,
    "minute": 10,
    "temp": 28.459203980099563,
    "ntu": 189.91044776119404
}