{
    "year": 2021,
    "month": 4,
    "day": 24,
    "hour": 22,
    "minute": 59,
    "temp": 26.440000000000037,
    "ntu": -5.056338028169014
}