{
    "year": 2021,
    "month": 6,
    "day": 10,
    "hour": 23,
    "minute": 0,
    "temp": 28.373449131513667,
    "ntu": 530.8312655086849
}