{
    "year": 2021,
    "month": 6,
    "day": 11,
    "hour": 7,
    "minute": 10,
    "temp": 28.28208955223886,
    "ntu": -160.09701492537314
}