{
    "year": 2021,
    "month": 5,
    "day": 3,
    "hour": 22,
    "minute": 5,
    "temp": 30.41733830845763,
    "ntu": 781.4651741293533
}