{
    "year": 2021,
    "month": 5,
    "day": 15,
    "hour": 19,
    "minute": 20,
    "temp": 31.722754342431866,
    "ntu": 778.1141439205956
}