{
    "year": 2021,
    "month": 6,
    "day": 18,
    "hour": 21,
    "minute": 15,
    "temp": 28.094776119402855,
    "ntu": 422.7014925373134
}