{
    "year": 2021,
    "month": 5,
    "day": 2,
    "hour": 16,
    "minute": 35,
    "temp": 30.89121588089341,
    "ntu": 700.1612903225806
}