{
    "year": 2021,
    "month": 6,
    "day": 19,
    "hour": 19,
    "minute": 40,
    "temp": 28.117213930348345,
    "ntu": 394.5497512437811
}