{
    "year": 2021,
    "month": 6,
    "day": 22,
    "hour": 21,
    "minute": 45,
    "temp": 28.349402985074526,
    "ntu": 400.8880597014925
}