{
    "year": 2021,
    "month": 6,
    "day": 26,
    "hour": 6,
    "minute": 10,
    "temp": 27.940298507462696,
    "ntu": -47.19651741293532
}