{
    "year": 2021,
    "month": 5,
    "day": 11,
    "hour": 8,
    "minute": 25,
    "temp": 30.036625310173843,
    "ntu": 712.3151364764268
}