{
    "year": 2021,
    "month": 5,
    "day": 24,
    "hour": 1,
    "minute": 50,
    "temp": 29.040198511166327,
    "ntu": 2.6699751861042182
}