{
    "year": 2021,
    "month": 5,
    "day": 18,
    "hour": 21,
    "minute": 40,
    "temp": 30.29362282878421,
    "ntu": 480.5806451612903
}