{
    "year": 2021,
    "month": 5,
    "day": 17,
    "hour": 11,
    "minute": 30,
    "temp": 31.911786600496324,
    "ntu": 754.1712158808933
}