{
    "year": 2021,
    "month": 5,
    "day": 16,
    "hour": 10,
    "minute": 45,
    "temp": 31.84368159204006,
    "ntu": 487.67910447761193
}