{
    "year": 2021,
    "month": 5,
    "day": 5,
    "hour": 16,
    "minute": 40,
    "temp": 30.216625310173807,
    "ntu": 871.8238213399504
}