{
    "year": 2021,
    "month": 6,
    "day": 9,
    "hour": 9,
    "minute": 5,
    "temp": 28.840818858560674,
    "ntu": 313.96029776674936
}