{
    "year": 2021,
    "month": 5,
    "day": 19,
    "hour": 8,
    "minute": 5,
    "temp": 30.243598014888185,
    "ntu": 492.3995037220844
}