{
    "year": 2021,
    "month": 6,
    "day": 2,
    "hour": 4,
    "minute": 0,
    "temp": 28.47905472636824,
    "ntu": -33.681592039801
}