{
    "year": 2021,
    "month": 6,
    "day": 14,
    "hour": 2,
    "minute": 45,
    "temp": 28.81663341645894,
    "ntu": -12.481296758104738
}