{
    "year": 2021,
    "month": 4,
    "day": 29,
    "hour": 12,
    "minute": 55,
    "temp": 28.03543424317627,
    "ntu": 483.57071960297765
}