{
    "year": 2021,
    "month": 5,
    "day": 18,
    "hour": 20,
    "minute": 55,
    "temp": 30.587245657568108,
    "ntu": 456.2605459057072
}