{
    "year": 2021,
    "month": 5,
    "day": 12,
    "hour": 16,
    "minute": 35,
    "temp": 30.80746898263037,
    "ntu": 774.3498759305211
}