{
    "year": 2021,
    "month": 5,
    "day": 3,
    "hour": 6,
    "minute": 20,
    "temp": 29.863672456575802,
    "ntu": 768.4367245657568
}