{
    "year": 2021,
    "month": 5,
    "day": 25,
    "hour": 10,
    "minute": 25,
    "temp": 28.09727047146387,
    "ntu": 650.2431761786601
}