{
    "year": 2021,
    "month": 5,
    "day": 19,
    "hour": 21,
    "minute": 30,
    "temp": 30.17746898263014,
    "ntu": 491.9156327543424
}