{
    "year": 2021,
    "month": 5,
    "day": 4,
    "hour": 1,
    "minute": 40,
    "temp": 26.845260545905614,
    "ntu": -0.34739454094292804
}