{
    "year": 2021,
    "month": 5,
    "day": 29,
    "hour": 12,
    "minute": 40,
    "temp": 28.20831265508685,
    "ntu": 743.575682382134
}