{
    "year": 2021,
    "month": 7,
    "day": 1,
    "hour": 21,
    "minute": 0,
    "temp": 28.39862842892784,
    "ntu": 406.65835411471323
}