{
    "year": 2021,
    "month": 6,
    "day": 6,
    "hour": 23,
    "minute": 0,
    "temp": 28.447866004962805,
    "ntu": 602.6004962779157
}