{
    "year": 2021,
    "month": 5,
    "day": 7,
    "hour": 11,
    "minute": 50,
    "temp": 29.745384615384506,
    "ntu": 761.3325062034739
}