{
    "year": 2021,
    "month": 6,
    "day": 23,
    "hour": 3,
    "minute": 30,
    "temp": 28.384651741293624,
    "ntu": -0.4651741293532338
}