{
    "year": 2021,
    "month": 6,
    "day": 18,
    "hour": 7,
    "minute": 50,
    "temp": 27.99373134328363,
    "ntu": 73.33333333333333
}