{
    "year": 2021,
    "month": 5,
    "day": 3,
    "hour": 1,
    "minute": 5,
    "temp": 25.336799007444164,
    "ntu": -0.01488833746898263
}