{
    "year": 2021,
    "month": 6,
    "day": 29,
    "hour": 4,
    "minute": 25,
    "temp": 27.941197007481307,
    "ntu": -62.48628428927681
}