{
    "year": 2021,
    "month": 5,
    "day": 13,
    "hour": 21,
    "minute": 55,
    "temp": 31.69223325062031,
    "ntu": 829.5632754342432
}