{
    "year": 2021,
    "month": 6,
    "day": 1,
    "hour": 3,
    "minute": 25,
    "temp": 27.735111662531136,
    "ntu": -12.491315136476427
}