{
    "year": 2021,
    "month": 5,
    "day": 26,
    "hour": 21,
    "minute": 25,
    "temp": 28.414292803970337,
    "ntu": 738.8709677419355
}