{
    "year": 2021,
    "month": 5,
    "day": 30,
    "hour": 8,
    "minute": 20,
    "temp": 28.099851116625164,
    "ntu": 201.6178660049628
}