{
    "year": 2021,
    "month": 6,
    "day": 29,
    "hour": 21,
    "minute": 25,
    "temp": 28.6926865671642,
    "ntu": 533.226368159204
}