{
    "year": 2021,
    "month": 6,
    "day": 28,
    "hour": 23,
    "minute": 30,
    "temp": 28.17850374064821,
    "ntu": 499.7630922693267
}