{
    "year": 2021,
    "month": 6,
    "day": 20,
    "hour": 4,
    "minute": 35,
    "temp": 29.199303482587172,
    "ntu": -29.83830845771144
}