{
    "year": 2021,
    "month": 6,
    "day": 22,
    "hour": 19,
    "minute": 10,
    "temp": 28.308358208955223,
    "ntu": 379.09203980099505
}