{
    "year": 2021,
    "month": 6,
    "day": 30,
    "hour": 21,
    "minute": 25,
    "temp": 29.017206982543563,
    "ntu": 343.23940149625935
}