{
    "year": 2021,
    "month": 6,
    "day": 30,
    "hour": 13,
    "minute": 45,
    "temp": 28.268029925187264,
    "ntu": 435.3067331670823
}