{
    "year": 2021,
    "month": 6,
    "day": 9,
    "hour": 5,
    "minute": 0,
    "temp": 28.48773631840805,
    "ntu": -106.6094527363184
}