{
    "year": 2021,
    "month": 6,
    "day": 18,
    "hour": 10,
    "minute": 25,
    "temp": 28.045223880597256,
    "ntu": 377.4378109452736
}