{
    "year": 2021,
    "month": 5,
    "day": 19,
    "hour": 19,
    "minute": 55,
    "temp": 29.985707196029743,
    "ntu": 479.9478908188586
}