{
    "year": 2021,
    "month": 4,
    "day": 30,
    "hour": 10,
    "minute": 30,
    "temp": 25.22692307692308,
    "ntu": 446.3399503722084
}