{
    "year": 2021,
    "month": 6,
    "day": 1,
    "hour": 12,
    "minute": 20,
    "temp": 28.65719602977682,
    "ntu": 444.4466501240695
}