{
    "year": 2021,
    "month": 6,
    "day": 9,
    "hour": 20,
    "minute": 40,
    "temp": 28.368383084577147,
    "ntu": 511.3805970149254
}