{
    "year": 2021,
    "month": 5,
    "day": 31,
    "hour": 14,
    "minute": 20,
    "temp": 28.015632754342427,
    "ntu": 770.9900744416874
}