{
    "year": 2021,
    "month": 5,
    "day": 1,
    "hour": 10,
    "minute": 35,
    "temp": 30.208759305210798,
    "ntu": 269.99007444168734
}