{
    "year": 2021,
    "month": 5,
    "day": 16,
    "hour": 4,
    "minute": 45,
    "temp": 31.517786069651766,
    "ntu": 14.781094527363184
}