{
    "year": 2021,
    "month": 6,
    "day": 18,
    "hour": 10,
    "minute": 5,
    "temp": 28.168930348258804,
    "ntu": 388.1393034825871
}