{
    "year": 2021,
    "month": 4,
    "day": 30,
    "hour": 5,
    "minute": 50,
    "temp": 24.59930521091804,
    "ntu": 141.26302729528535
}