{
    "year": 2021,
    "month": 7,
    "day": 1,
    "hour": 16,
    "minute": 50,
    "temp": 28.561343283582065,
    "ntu": 351.69651741293535
}