{
    "year": 2021,
    "month": 5,
    "day": 4,
    "hour": 4,
    "minute": 20,
    "temp": 30.29059553349895,
    "ntu": 0.09181141439205956
}