{
    "year": 2021,
    "month": 6,
    "day": 11,
    "hour": 15,
    "minute": 55,
    "temp": 28.940447761194054,
    "ntu": 397.32338308457713
}