{
    "year": 2021,
    "month": 5,
    "day": 2,
    "hour": 10,
    "minute": 15,
    "temp": 30.30598014888336,
    "ntu": 232.46898263027296
}