{
    "year": 2021,
    "month": 5,
    "day": 16,
    "hour": 7,
    "minute": 15,
    "temp": 31.825930521091745,
    "ntu": 784.5657568238213
}