{
    "year": 2021,
    "month": 5,
    "day": 17,
    "hour": 15,
    "minute": 20,
    "temp": 31.536625310173775,
    "ntu": 319.77171215880895
}