{
    "year": 2021,
    "month": 6,
    "day": 27,
    "hour": 5,
    "minute": 25,
    "temp": 28.273790523690774,
    "ntu": -61.03491271820449
}