{
    "year": 2021,
    "month": 5,
    "day": 7,
    "hour": 15,
    "minute": 15,
    "temp": 30.18421836228287,
    "ntu": 777.0173697270471
}