{
    "year": 2021,
    "month": 5,
    "day": 9,
    "hour": 0,
    "minute": 25,
    "temp": 30.076094527363384,
    "ntu": -1.0223880597014925
}