{
    "year": 2021,
    "month": 6,
    "day": 10,
    "hour": 23,
    "minute": 15,
    "temp": 28.141965174129535,
    "ntu": 528.6915422885572
}