{
    "year": 2021,
    "month": 5,
    "day": 3,
    "hour": 20,
    "minute": 55,
    "temp": 29.528138957816413,
    "ntu": 819.2258064516129
}