{
    "year": 2021,
    "month": 6,
    "day": 21,
    "hour": 9,
    "minute": 30,
    "temp": 28.38462686567157,
    "ntu": 47.58457711442786
}