{
    "year": 2021,
    "month": 5,
    "day": 4,
    "hour": 23,
    "minute": 20,
    "temp": 30.025905707196063,
    "ntu": -0.2531017369727047
}