{
    "year": 2021,
    "month": 6,
    "day": 2,
    "hour": 12,
    "minute": 25,
    "temp": 28.75208436724571,
    "ntu": 410.83374689826303
}