{
    "year": 2021,
    "month": 5,
    "day": 11,
    "hour": 12,
    "minute": 55,
    "temp": 29.112009925558443,
    "ntu": 810.9975186104218
}