{
    "year": 2021,
    "month": 4,
    "day": 29,
    "hour": 8,
    "minute": 50,
    "temp": 24.619255583126613,
    "ntu": 529.5955334987593
}