{
    "year": 2021,
    "month": 5,
    "day": 25,
    "hour": 3,
    "minute": 5,
    "temp": 28.64831265508675,
    "ntu": 4.47394540942928
}