{
    "year": 2021,
    "month": 5,
    "day": 4,
    "hour": 17,
    "minute": 0,
    "temp": 29.819478908188927,
    "ntu": 142.1017369727047
}