{
    "year": 2021,
    "month": 6,
    "day": 18,
    "hour": 2,
    "minute": 30,
    "temp": 28.8150868486352,
    "ntu": -4.709677419354839
}