{
    "year": 2021,
    "month": 6,
    "day": 2,
    "hour": 1,
    "minute": 35,
    "temp": 29.208114143920664,
    "ntu": -6.062034739454094
}