{
    "year": 2021,
    "month": 6,
    "day": 26,
    "hour": 20,
    "minute": 35,
    "temp": 28.992686567164128,
    "ntu": 507.66169154228857
}