{
    "year": 2021,
    "month": 5,
    "day": 29,
    "hour": 21,
    "minute": 25,
    "temp": 28.022537313432753,
    "ntu": 779.5870646766169
}