{
    "year": 2021,
    "month": 5,
    "day": 3,
    "hour": 13,
    "minute": 55,
    "temp": 30.544069478908284,
    "ntu": 742.1414392059553
}