{
    "year": 2021,
    "month": 6,
    "day": 5,
    "hour": 15,
    "minute": 30,
    "temp": 28.433722084367297,
    "ntu": 444.74937965260546
}