{
    "year": 2021,
    "month": 7,
    "day": 1,
    "hour": 0,
    "minute": 10,
    "temp": 28.041044776119456,
    "ntu": 360.228855721393
}