{
    "year": 2021,
    "month": 6,
    "day": 8,
    "hour": 0,
    "minute": 55,
    "temp": 28.10942786069644,
    "ntu": -10.139303482587065
}