{
    "year": 2021,
    "month": 4,
    "day": 15,
    "hour": 17,
    "minute": 59,
    "temp": 28.81363636363634,
    "tds": 1222.8357575757577,
    "ph": 7.580000000000001,
    "ntu": 3000.0
}