{
    "year": 2021,
    "month": 5,
    "day": 26,
    "hour": 20,
    "minute": 30,
    "temp": 28.573548387096732,
    "ntu": 778.9181141439205
}