{
    "year": 2021,
    "month": 6,
    "day": 13,
    "hour": 13,
    "minute": 15,
    "temp": 28.585310173697202,
    "ntu": 282.3449131513648
}