{
    "year": 2021,
    "month": 5,
    "day": 1,
    "hour": 10,
    "minute": 0,
    "temp": 24.439999999999937,
    "ntu": 172.66004962779155
}