{
    "year": 2021,
    "month": 5,
    "day": 31,
    "hour": 14,
    "minute": 55,
    "temp": 28.887196029776767,
    "ntu": 728.4640198511166
}