{
    "year": 2021,
    "month": 6,
    "day": 30,
    "hour": 6,
    "minute": 25,
    "temp": 27.87069651741308,
    "ntu": -93.85323383084577
}