{
    "year": 2021,
    "month": 6,
    "day": 27,
    "hour": 18,
    "minute": 55,
    "temp": 28.618952618454014,
    "ntu": 484.3167082294264
}