{
    "year": 2021,
    "month": 5,
    "day": 4,
    "hour": 13,
    "minute": 35,
    "temp": 29.16198511166268,
    "ntu": 783.4342431761787
}