{
    "year": 2021,
    "month": 6,
    "day": 23,
    "hour": 5,
    "minute": 25,
    "temp": 28.313134328358192,
    "ntu": -33.42537313432836
}