{
    "year": 2021,
    "month": 5,
    "day": 6,
    "hour": 12,
    "minute": 55,
    "temp": 30.648610421836302,
    "ntu": 804.5012406947891
}