{
    "year": 2021,
    "month": 4,
    "day": 28,
    "hour": 23,
    "minute": 55,
    "temp": 30.172307692307605,
    "ntu": 168.8138957816377
}