{
    "year": 2021,
    "month": 5,
    "day": 1,
    "hour": 13,
    "minute": 25,
    "temp": 30.611786600496462,
    "ntu": 704.4863523573201
}