{
    "year": 2021,
    "month": 6,
    "day": 17,
    "hour": 9,
    "minute": 50,
    "temp": 28.199975124378117,
    "ntu": 389.96019900497515
}