{
    "year": 2021,
    "month": 5,
    "day": 14,
    "hour": 17,
    "minute": 15,
    "temp": 31.430796019900416,
    "ntu": 808.2985074626865
}