{
    "year": 2021,
    "month": 6,
    "day": 2,
    "hour": 18,
    "minute": 15,
    "temp": 29.042686567164232,
    "ntu": 397.03731343283584
}