{
    "year": 2021,
    "month": 6,
    "day": 7,
    "hour": 1,
    "minute": 0,
    "temp": 27.772630272952856,
    "ntu": -10.047146401985112
}