{
    "year": 2021,
    "month": 5,
    "day": 26,
    "hour": 15,
    "minute": 50,
    "temp": 28.064540942928332,
    "ntu": 737.0397022332506
}