{
    "year": 2021,
    "month": 5,
    "day": 31,
    "hour": 6,
    "minute": 25,
    "temp": 28.04109181141447,
    "ntu": 21.607940446650122
}