{
    "year": 2021,
    "month": 6,
    "day": 1,
    "hour": 4,
    "minute": 20,
    "temp": 27.86473945409413,
    "ntu": -33.992555831265506
}