{
    "year": 2021,
    "month": 5,
    "day": 16,
    "hour": 15,
    "minute": 30,
    "temp": 31.41706467661709,
    "ntu": 815.1641791044776
}