{
    "year": 2021,
    "month": 5,
    "day": 1,
    "hour": 18,
    "minute": 30,
    "temp": 30.55746898263037,
    "ntu": 754.4143920595534
}