{
    "year": 2021,
    "month": 5,
    "day": 28,
    "hour": 9,
    "minute": 30,
    "temp": 28.65717121588105,
    "ntu": 701.1612903225806
}