{
    "year": 2021,
    "month": 6,
    "day": 3,
    "hour": 14,
    "minute": 30,
    "temp": 28.162456575682253,
    "ntu": 414.0620347394541
}