{
    "year": 2021,
    "month": 6,
    "day": 12,
    "hour": 17,
    "minute": 55,
    "temp": 28.664640198511293,
    "ntu": 366.6575682382134
}