{
    "year": 2021,
    "month": 5,
    "day": 26,
    "hour": 13,
    "minute": 5,
    "temp": 28.931513647642777,
    "ntu": 762.7965260545906
}