{
    "year": 2021,
    "month": 6,
    "day": 29,
    "hour": 22,
    "minute": 50,
    "temp": 28.234139650872898,
    "ntu": 547.0847880299252
}