{
    "year": 2021,
    "month": 5,
    "day": 17,
    "hour": 10,
    "minute": 0,
    "temp": 31.915334987593234,
    "ntu": 773.7940446650124
}