{
    "year": 2021,
    "month": 6,
    "day": 10,
    "hour": 20,
    "minute": 20,
    "temp": 28.005359801488833,
    "ntu": 503.560794044665
}