{
    "year": 2021,
    "month": 5,
    "day": 9,
    "hour": 20,
    "minute": 25,
    "temp": 30.083821339950283,
    "ntu": 863.9975186104218
}