{
    "year": 2021,
    "month": 5,
    "day": 2,
    "hour": 6,
    "minute": 35,
    "temp": 30.719702233250533,
    "ntu": 726.9776674937965
}