{
    "year": 2021,
    "month": 6,
    "day": 9,
    "hour": 19,
    "minute": 50,
    "temp": 28.22632754342439,
    "ntu": 524.682382133995
}