{
    "year": 2021,
    "month": 5,
    "day": 4,
    "hour": 9,
    "minute": 35,
    "temp": 30.903970223325228,
    "ntu": 673.87841191067
}