{
    "year": 2021,
    "month": 6,
    "day": 6,
    "hour": 14,
    "minute": 25,
    "temp": 28.00193548387097,
    "ntu": 442.1985111662531
}