{
    "year": 2021,
    "month": 5,
    "day": 9,
    "hour": 16,
    "minute": 25,
    "temp": 30.828908188585967,
    "ntu": 776.5285359801488
}