{
    "year": 2021,
    "month": 6,
    "day": 10,
    "hour": 11,
    "minute": 30,
    "temp": 28.025607940446662,
    "ntu": 467.9950372208437
}