{
    "year": 2021,
    "month": 5,
    "day": 10,
    "hour": 9,
    "minute": 15,
    "temp": 30.189652605459106,
    "ntu": 820.1488833746898
}