{
    "year": 2021,
    "month": 6,
    "day": 12,
    "hour": 20,
    "minute": 15,
    "temp": 28.001042183622825,
    "ntu": 392.6650124069479
}