{
    "year": 2021,
    "month": 5,
    "day": 3,
    "hour": 11,
    "minute": 20,
    "temp": 29.63759305210921,
    "ntu": 612.5657568238213
}