{
    "year": 2021,
    "month": 5,
    "day": 23,
    "hour": 9,
    "minute": 40,
    "temp": 28.95052109181146,
    "ntu": 301.6575682382134
}