{
    "year": 2021,
    "month": 5,
    "day": 19,
    "hour": 21,
    "minute": 55,
    "temp": 30.627680798005198,
    "ntu": 495.860349127182
}