{
    "year": 2021,
    "month": 6,
    "day": 18,
    "hour": 14,
    "minute": 45,
    "temp": 28.82462686567161,
    "ntu": 390.2039800995025
}