{
    "year": 2021,
    "month": 6,
    "day": 26,
    "hour": 1,
    "minute": 55,
    "temp": 28.34626865671628,
    "ntu": -4.567164179104478
}