{
    "year": 2021,
    "month": 4,
    "day": 11,
    "hour": 13,
    "minute": 59,
    "temp": 28.025454545454526,
    "tds": 1249.0609090909088,
    "ph": 6.411515151515149,
    "ntu": 3000.0
}