{
    "year": 2021,
    "month": 5,
    "day": 15,
    "hour": 9,
    "minute": 10,
    "temp": 31.634913151364906,
    "ntu": 779.6054590570719
}