{
    "year": 2021,
    "month": 6,
    "day": 2,
    "hour": 9,
    "minute": 10,
    "temp": 28.735111662531136,
    "ntu": 344.1315136476427
}