{
    "year": 2021,
    "month": 5,
    "day": 25,
    "hour": 10,
    "minute": 35,
    "temp": 27.99985111662531,
    "ntu": 590.1910669975186
}