{
    "year": 2021,
    "month": 6,
    "day": 18,
    "hour": 17,
    "minute": 50,
    "temp": 28.051194029850876,
    "ntu": 366.6741293532338
}