{
    "year": 2021,
    "month": 7,
    "day": 1,
    "hour": 21,
    "minute": 30,
    "temp": 28.24925373134329,
    "ntu": 410.589552238806
}