{
    "year": 2021,
    "month": 6,
    "day": 11,
    "hour": 22,
    "minute": 55,
    "temp": 28.285671641791122,
    "ntu": 440.8358208955224
}