{
    "year": 2021,
    "month": 6,
    "day": 20,
    "hour": 4,
    "minute": 30,
    "temp": 28.895856079404627,
    "ntu": -29.799007444168733
}