{
    "year": 2021,
    "month": 5,
    "day": 1,
    "hour": 1,
    "minute": 35,
    "temp": 29.23198511166265,
    "ntu": 747.5285359801488
}