{
    "year": 2021,
    "month": 5,
    "day": 23,
    "hour": 2,
    "minute": 15,
    "temp": 27.983771712158912,
    "ntu": 4.600496277915632
}