{
    "year": 2021,
    "month": 6,
    "day": 4,
    "hour": 14,
    "minute": 55,
    "temp": 28.704987593052124,
    "ntu": 457.5136476426799
}