{
    "year": 2021,
    "month": 6,
    "day": 11,
    "hour": 4,
    "minute": 5,
    "temp": 28.679255583126665,
    "ntu": -44.468982630272954
}