{
    "year": 2021,
    "month": 5,
    "day": 24,
    "hour": 18,
    "minute": 30,
    "temp": 28.026268656716603,
    "ntu": 640.5970149253732
}