{
    "year": 2021,
    "month": 5,
    "day": 27,
    "hour": 7,
    "minute": 0,
    "temp": 28.281712158809015,
    "ntu": 137.05707196029778
}