{
    "year": 2021,
    "month": 6,
    "day": 16,
    "hour": 20,
    "minute": 0,
    "temp": 28.914800995025008,
    "ntu": 459.94776119402985
}