{
    "year": 2021,
    "month": 5,
    "day": 10,
    "hour": 2,
    "minute": 30,
    "temp": 29.92330024813881,
    "ntu": -0.794044665012407
}