{
    "year": 2021,
    "month": 6,
    "day": 2,
    "hour": 9,
    "minute": 35,
    "temp": 28.368982630272978,
    "ntu": 384.3970223325062
}