{
    "year": 2021,
    "month": 6,
    "day": 30,
    "hour": 1,
    "minute": 45,
    "temp": 28.269701492537315,
    "ntu": -10.796019900497512
}