{
    "year": 2021,
    "month": 6,
    "day": 6,
    "hour": 18,
    "minute": 15,
    "temp": 28.684168734491386,
    "ntu": 568.5111662531017
}