{
    "year": 2021,
    "month": 6,
    "day": 1,
    "hour": 14,
    "minute": 40,
    "temp": 28.922853598014758,
    "ntu": 397.09181141439205
}