{
    "year": 2021,
    "month": 5,
    "day": 17,
    "hour": 14,
    "minute": 0,
    "temp": 31.8232506203474,
    "ntu": 781.1687344913151
}