{
    "year": 2021,
    "month": 5,
    "day": 11,
    "hour": 10,
    "minute": 0,
    "temp": 29.439503722084424,
    "ntu": 521.0669975186104
}