{
    "year": 2021,
    "month": 6,
    "day": 18,
    "hour": 0,
    "minute": 15,
    "temp": 28.89614427860716,
    "ntu": 448.55223880597015
}