{
    "year": 2021,
    "month": 6,
    "day": 29,
    "hour": 7,
    "minute": 0,
    "temp": 28.654129353234,
    "ntu": -86.56218905472637
}