{
    "year": 2021,
    "month": 5,
    "day": 30,
    "hour": 23,
    "minute": 55,
    "temp": 28.2389552238807,
    "ntu": 822.4328358208955
}