{
    "year": 2021,
    "month": 6,
    "day": 26,
    "hour": 8,
    "minute": 40,
    "temp": 28.7396508728179,
    "ntu": 82.12468827930175
}