{
    "year": 2021,
    "month": 7,
    "day": 1,
    "hour": 15,
    "minute": 25,
    "temp": 28.565411471321962,
    "ntu": 274.98254364089775
}