{
    "year": 2021,
    "month": 5,
    "day": 10,
    "hour": 4,
    "minute": 5,
    "temp": 28.182133995037297,
    "ntu": -0.5930521091811415
}