{
    "year": 2021,
    "month": 6,
    "day": 3,
    "hour": 0,
    "minute": 30,
    "temp": 28.887766749379534,
    "ntu": 403.4863523573201
}