{
    "year": 2021,
    "month": 5,
    "day": 15,
    "hour": 16,
    "minute": 50,
    "temp": 31.006119402985,
    "ntu": 772.7562189054727
}