{
    "year": 2021,
    "month": 5,
    "day": 12,
    "hour": 19,
    "minute": 10,
    "temp": 30.012506203474047,
    "ntu": 844.9727047146401
}