{
    "year": 2021,
    "month": 5,
    "day": 30,
    "hour": 2,
    "minute": 25,
    "temp": 27.980496277915755,
    "ntu": 9.444168734491315
}