{
    "year": 2021,
    "month": 5,
    "day": 18,
    "hour": 21,
    "minute": 50,
    "temp": 30.03290322580651,
    "ntu": 484.1985111662531
}