{
    "year": 2021,
    "month": 5,
    "day": 20,
    "hour": 4,
    "minute": 30,
    "temp": 28.571464019851195,
    "ntu": -0.9057071960297767
}