{
    "year": 2021,
    "month": 6,
    "day": 19,
    "hour": 5,
    "minute": 45,
    "temp": 28.01017456359102,
    "ntu": -27.99002493765586
}