{
    "year": 2021,
    "month": 5,
    "day": 14,
    "hour": 1,
    "minute": 45,
    "temp": 31.143920595533576,
    "ntu": -1.0248138957816377
}