{
    "year": 2021,
    "month": 6,
    "day": 23,
    "hour": 19,
    "minute": 45,
    "temp": 28.440000000000015,
    "ntu": 320.089552238806
}