{
    "year": 2021,
    "month": 5,
    "day": 23,
    "hour": 19,
    "minute": 25,
    "temp": 28.875334987592975,
    "ntu": 476.48387096774195
}