{
    "year": 2021,
    "month": 5,
    "day": 20,
    "hour": 14,
    "minute": 10,
    "temp": 30.864714640198343,
    "ntu": 476.50372208436727
}