{
    "year": 2021,
    "month": 5,
    "day": 8,
    "hour": 17,
    "minute": 5,
    "temp": 30.475260545905844,
    "ntu": 810.3970223325063
}