{
    "year": 2021,
    "month": 5,
    "day": 11,
    "hour": 6,
    "minute": 15,
    "temp": 29.224317617866127,
    "ntu": 465.64764267990074
}