{
    "year": 2021,
    "month": 6,
    "day": 2,
    "hour": 18,
    "minute": 50,
    "temp": 28.47707196029787,
    "ntu": 411.05955334987596
}