{
    "year": 2021,
    "month": 6,
    "day": 5,
    "hour": 7,
    "minute": 10,
    "temp": 27.71435643564358,
    "ntu": -171.18564356435644
}