{
    "year": 2021,
    "month": 6,
    "day": 5,
    "hour": 2,
    "minute": 20,
    "temp": 27.90992555831279,
    "ntu": -11.98014888337469
}