{
    "year": 2021,
    "month": 5,
    "day": 9,
    "hour": 16,
    "minute": 15,
    "temp": 30.77059701492543,
    "ntu": 768.7164179104477
}