{
    "year": 2021,
    "month": 6,
    "day": 10,
    "hour": 9,
    "minute": 35,
    "temp": 28.045260545905787,
    "ntu": 443.6327543424318
}