{
    "year": 2021,
    "month": 5,
    "day": 13,
    "hour": 2,
    "minute": 30,
    "temp": 28.564937965260636,
    "ntu": -1.2382133995037221
}