{
    "year": 2021,
    "month": 4,
    "day": 29,
    "hour": 7,
    "minute": 10,
    "temp": 24.56000000000006,
    "ntu": 804.5707196029776
}