{
    "year": 2021,
    "month": 6,
    "day": 19,
    "hour": 14,
    "minute": 30,
    "temp": 28.729651741293473,
    "ntu": 359.9577114427861
}