{
    "year": 2021,
    "month": 5,
    "day": 12,
    "hour": 8,
    "minute": 10,
    "temp": 29.00059553349874,
    "ntu": 655.0223325062035
}