{
    "year": 2021,
    "month": 5,
    "day": 19,
    "hour": 7,
    "minute": 30,
    "temp": 30.763548387096908,
    "ntu": 510.59801488833745
}