{
    "year": 2021,
    "month": 4,
    "day": 29,
    "hour": 12,
    "minute": 45,
    "temp": 28.14838709677434,
    "ntu": 808.7220843672457
}