{
    "year": 2021,
    "month": 5,
    "day": 11,
    "hour": 16,
    "minute": 30,
    "temp": 30.37570719602972,
    "ntu": 856.409429280397
}