{
    "year": 2021,
    "month": 6,
    "day": 23,
    "hour": 13,
    "minute": 35,
    "temp": 28.84321695760587,
    "ntu": 376.6633416458853
}