{
    "year": 2021,
    "month": 5,
    "day": 25,
    "hour": 2,
    "minute": 40,
    "temp": 28.097320099255477,
    "ntu": 5.091811414392059
}