{
    "year": 2021,
    "month": 5,
    "day": 17,
    "hour": 8,
    "minute": 25,
    "temp": 31.500148883374806,
    "ntu": 727.2605459057072
}