{
    "year": 2021,
    "month": 7,
    "day": 1,
    "hour": 20,
    "minute": 45,
    "temp": 28.499552238805975,
    "ntu": 406.5721393034826
}