{
    "year": 2021,
    "month": 5,
    "day": 30,
    "hour": 23,
    "minute": 15,
    "temp": 28.98776119402995,
    "ntu": 822.092039800995
}