{
    "year": 2021,
    "month": 5,
    "day": 22,
    "hour": 17,
    "minute": 25,
    "temp": 29.005049504950506,
    "ntu": 387.6410891089109
}