{
    "year": 2021,
    "month": 5,
    "day": 2,
    "hour": 8,
    "minute": 35,
    "temp": 29.50612903225806,
    "ntu": 505.03970223325064
}