{
    "year": 2021,
    "month": 5,
    "day": 29,
    "hour": 1,
    "minute": 25,
    "temp": 27.101166253101724,
    "ntu": 1.6923076923076923
}