{
    "year": 2021,
    "month": 5,
    "day": 31,
    "hour": 9,
    "minute": 30,
    "temp": 28.7675682382134,
    "ntu": 754.1538461538462
}