{
    "year": 2021,
    "month": 5,
    "day": 10,
    "hour": 9,
    "minute": 50,
    "temp": 30.579950372208806,
    "ntu": 812.2357320099255
}