{
    "year": 2021,
    "month": 6,
    "day": 13,
    "hour": 23,
    "minute": 55,
    "temp": 28.330049875311694,
    "ntu": 299.1296758104738
}