{
    "year": 2021,
    "month": 5,
    "day": 12,
    "hour": 9,
    "minute": 10,
    "temp": 30.861017369726856,
    "ntu": 727.7320099255583
}