{
    "year": 2021,
    "month": 5,
    "day": 16,
    "hour": 11,
    "minute": 30,
    "temp": 31.051343283582185,
    "ntu": 779.2711442786069
}