{
    "year": 2021,
    "month": 5,
    "day": 25,
    "hour": 15,
    "minute": 35,
    "temp": 28.410746268656673,
    "ntu": 627.8034825870647
}