{
    "year": 2021,
    "month": 6,
    "day": 1,
    "hour": 8,
    "minute": 50,
    "temp": 28.98392059553362,
    "ntu": 178.83374689826303
}