{
    "year": 2021,
    "month": 5,
    "day": 28,
    "hour": 8,
    "minute": 0,
    "temp": 28.581141439205915,
    "ntu": 522.8188585607941
}