{
    "year": 2021,
    "month": 5,
    "day": 8,
    "hour": 13,
    "minute": 10,
    "temp": 30.55999999999995,
    "ntu": 712.4701492537314
}