{
    "year": 2021,
    "month": 6,
    "day": 27,
    "hour": 4,
    "minute": 50,
    "temp": 28.933258706467782,
    "ntu": -56.17412935323383
}