{
    "year": 2021,
    "month": 6,
    "day": 10,
    "hour": 22,
    "minute": 45,
    "temp": 28.629503722084426,
    "ntu": 530.4267990074442
}