{
    "year": 2021,
    "month": 6,
    "day": 11,
    "hour": 17,
    "minute": 35,
    "temp": 28.061935483870958,
    "ntu": 397.56575682382135
}