{
    "year": 2021,
    "month": 6,
    "day": 25,
    "hour": 3,
    "minute": 35,
    "temp": 28.975373134328454,
    "ntu": -37.69651741293532
}