{
    "year": 2021,
    "month": 6,
    "day": 19,
    "hour": 14,
    "minute": 5,
    "temp": 28.06373134328357,
    "ntu": 385.87810945273634
}