{
    "year": 2021,
    "month": 5,
    "day": 5,
    "hour": 0,
    "minute": 20,
    "temp": 30.280521091811504,
    "ntu": -0.1588089330024814
}