{
    "year": 2021,
    "month": 5,
    "day": 9,
    "hour": 17,
    "minute": 45,
    "temp": 29.40883374689841,
    "ntu": 809.7071960297767
}