{
    "year": 2021,
    "month": 5,
    "day": 25,
    "hour": 23,
    "minute": 20,
    "temp": 28.205657568238262,
    "ntu": 794.8312655086849
}