{
    "year": 2021,
    "month": 6,
    "day": 11,
    "hour": 6,
    "minute": 30,
    "temp": 27.99776674937974,
    "ntu": -125.48138957816377
}