{
    "year": 2021,
    "month": 5,
    "day": 4,
    "hour": 2,
    "minute": 50,
    "temp": 28.583622828784144,
    "ntu": -0.3746898263027295
}