{
    "year": 2021,
    "month": 5,
    "day": 9,
    "hour": 4,
    "minute": 40,
    "temp": 29.311389578163915,
    "ntu": 6.027295285359801
}