{
    "year": 2021,
    "month": 6,
    "day": 13,
    "hour": 8,
    "minute": 15,
    "temp": 28.427512437811046,
    "ntu": -156.0721393034826
}