{
    "year": 2021,
    "month": 6,
    "day": 27,
    "hour": 17,
    "minute": 0,
    "temp": 28.09910447761188,
    "ntu": 513.2064676616916
}