{
    "year": 2021,
    "month": 6,
    "day": 10,
    "hour": 22,
    "minute": 20,
    "temp": 28.992258064516147,
    "ntu": 522.4019851116625
}