{
    "year": 2021,
    "month": 5,
    "day": 5,
    "hour": 19,
    "minute": 55,
    "temp": 30.41367245657573,
    "ntu": 866.7791563275434
}