{
    "year": 2021,
    "month": 6,
    "day": 22,
    "hour": 10,
    "minute": 5,
    "temp": 28.778358208955254,
    "ntu": 360.27363184079604
}