{
    "year": 2021,
    "month": 5,
    "day": 30,
    "hour": 6,
    "minute": 50,
    "temp": 28.77962779156337,
    "ntu": 36.95285359801489
}