{
    "year": 2021,
    "month": 5,
    "day": 22,
    "hour": 11,
    "minute": 20,
    "temp": 28.404739454094457,
    "ntu": 262.71712158808936
}