{
    "year": 2021,
    "month": 6,
    "day": 16,
    "hour": 20,
    "minute": 20,
    "temp": 28.518955223880585,
    "ntu": 468.1094527363184
}