{
    "year": 2021,
    "month": 4,
    "day": 10,
    "hour": 16,
    "minute": 59,
    "temp": 27.690000000000023,
    "tds": 1123.6548484848493,
    "ph": 5.213333333333333,
    "ntu": 3000.0
}