{
    "year": 2021,
    "month": 6,
    "day": 5,
    "hour": 16,
    "minute": 5,
    "temp": 28.01089552238801,
    "ntu": 416.31094527363183
}