{
    "year": 2021,
    "month": 5,
    "day": 24,
    "hour": 18,
    "minute": 40,
    "temp": 28.478213399503584,
    "ntu": 694.439205955335
}