{
    "year": 2021,
    "month": 5,
    "day": 22,
    "hour": 15,
    "minute": 45,
    "temp": 28.22636815920384,
    "ntu": 346.05970149253733
}