{
    "year": 2021,
    "month": 5,
    "day": 9,
    "hour": 5,
    "minute": 15,
    "temp": 30.20843672456561,
    "ntu": 52.459057071960295
}