{
    "year": 2021,
    "month": 5,
    "day": 2,
    "hour": 4,
    "minute": 15,
    "temp": 29.166848635235688,
    "ntu": -0.6153846153846154
}