{
    "year": 2021,
    "month": 6,
    "day": 24,
    "hour": 17,
    "minute": 15,
    "temp": 28.060299251870315,
    "ntu": 311.18204488778053
}