{
    "year": 2021,
    "month": 6,
    "day": 2,
    "hour": 4,
    "minute": 35,
    "temp": 28.788955223880663,
    "ntu": -47.646766169154226
}