{
    "year": 2021,
    "month": 7,
    "day": 1,
    "hour": 2,
    "minute": 40,
    "temp": 28.994303482586943,
    "ntu": -12.631840796019901
}