{
    "year": 2021,
    "month": 5,
    "day": 10,
    "hour": 23,
    "minute": 10,
    "temp": 27.57965260545904,
    "ntu": 491.01736972704714
}