{
    "year": 2021,
    "month": 5,
    "day": 23,
    "hour": 11,
    "minute": 0,
    "temp": 29.017717121588106,
    "ntu": 282.82630272952855
}