{
    "year": 2021,
    "month": 5,
    "day": 8,
    "hour": 18,
    "minute": 20,
    "temp": 29.303200992556157,
    "ntu": 776.5037220843673
}