{
    "year": 2021,
    "month": 6,
    "day": 17,
    "hour": 4,
    "minute": 25,
    "temp": 28.856508728179676,
    "ntu": -34.85536159600998
}