{
    "year": 2021,
    "month": 5,
    "day": 7,
    "hour": 10,
    "minute": 20,
    "temp": 30.97794044665011,
    "ntu": 810.1588089330024
}