{
    "year": 2021,
    "month": 6,
    "day": 4,
    "hour": 15,
    "minute": 20,
    "temp": 28.352985074626734,
    "ntu": 448.0497512437811
}