{
    "year": 2021,
    "month": 5,
    "day": 28,
    "hour": 22,
    "minute": 40,
    "temp": 28.54808933002492,
    "ntu": 810.8263027295285
}