{
    "year": 2021,
    "month": 5,
    "day": 20,
    "hour": 18,
    "minute": 15,
    "temp": 30.846426799007677,
    "ntu": 499.1389578163772
}