{
    "year": 2021,
    "month": 6,
    "day": 7,
    "hour": 8,
    "minute": 0,
    "temp": 28.547910447761293,
    "ntu": -237.03980099502488
}