{
    "year": 2021,
    "month": 6,
    "day": 20,
    "hour": 11,
    "minute": 20,
    "temp": 28.747617866004987,
    "ntu": 357.69478908188586
}