{
    "year": 2021,
    "month": 5,
    "day": 29,
    "hour": 21,
    "minute": 35,
    "temp": 28.440472636815752,
    "ntu": 772.1716417910447
}