{
    "year": 2021,
    "month": 6,
    "day": 17,
    "hour": 21,
    "minute": 0,
    "temp": 28.934563591022503,
    "ntu": 444.3441396508728
}