{
    "year": 2021,
    "month": 6,
    "day": 25,
    "hour": 6,
    "minute": 45,
    "temp": 28.46753117206987,
    "ntu": -61.69576059850374
}