{
    "year": 2021,
    "month": 6,
    "day": 7,
    "hour": 22,
    "minute": 10,
    "temp": 28.390746268656898,
    "ntu": 578.2985074626865
}