{
    "year": 2021,
    "month": 6,
    "day": 3,
    "hour": 13,
    "minute": 0,
    "temp": 28.012803970223217,
    "ntu": 442.1786600496278
}