{
    "year": 2021,
    "month": 5,
    "day": 31,
    "hour": 4,
    "minute": 45,
    "temp": 28.969156327543608,
    "ntu": -2.1588089330024816
}