{
    "year": 2021,
    "month": 5,
    "day": 29,
    "hour": 11,
    "minute": 0,
    "temp": 28.379826302729565,
    "ntu": 715.620347394541
}