{
    "year": 2021,
    "month": 5,
    "day": 12,
    "hour": 13,
    "minute": 35,
    "temp": 29.81759305210952,
    "ntu": 756.940446650124
}