{
    "year": 2021,
    "month": 5,
    "day": 13,
    "hour": 22,
    "minute": 30,
    "temp": 31.78328358208968,
    "ntu": 831.0796019900497
}