{
    "year": 2021,
    "month": 6,
    "day": 26,
    "hour": 20,
    "minute": 10,
    "temp": 27.999850746268653,
    "ntu": 510.5422885572139
}