{
    "year": 2021,
    "month": 6,
    "day": 10,
    "hour": 10,
    "minute": 25,
    "temp": 28.89838308457731,
    "ntu": 464.16915422885575
}