{
    "year": 2021,
    "month": 5,
    "day": 2,
    "hour": 13,
    "minute": 15,
    "temp": 31.00580645161294,
    "ntu": 647.5508684863523
}