{
    "year": 2021,
    "month": 6,
    "day": 13,
    "hour": 1,
    "minute": 5,
    "temp": 27.689429280397032,
    "ntu": -9.739454094292803
}