{
    "year": 2021,
    "month": 4,
    "day": 29,
    "hour": 0,
    "minute": 50,
    "temp": 30.709950372208574,
    "ntu": 935.2034739454094
}