{
    "year": 2021,
    "month": 5,
    "day": 27,
    "hour": 0,
    "minute": 50,
    "temp": 28.558213399503828,
    "ntu": 3.3126550868486353
}