{
    "year": 2021,
    "month": 6,
    "day": 11,
    "hour": 6,
    "minute": 5,
    "temp": 28.146426799007553,
    "ntu": -123.08436724565757
}