{
    "year": 2021,
    "month": 6,
    "day": 30,
    "hour": 10,
    "minute": 20,
    "temp": 28.846268656716312,
    "ntu": 500.5223880597015
}