{
    "year": 2021,
    "month": 5,
    "day": 17,
    "hour": 2,
    "minute": 0,
    "temp": 30.565037220843802,
    "ntu": -1.8982630272952854
}