{
    "year": 2021,
    "month": 6,
    "day": 26,
    "hour": 8,
    "minute": 20,
    "temp": 28.041895261845475,
    "ntu": 75.7431421446384
}