{
    "year": 2021,
    "month": 5,
    "day": 31,
    "hour": 1,
    "minute": 15,
    "temp": 27.57920595533496,
    "ntu": -3.6575682382133996
}