{
    "year": 2021,
    "month": 5,
    "day": 26,
    "hour": 23,
    "minute": 55,
    "temp": 27.785285359801563,
    "ntu": 2.0049627791563274
}