{
    "year": 2021,
    "month": 4,
    "day": 29,
    "hour": 6,
    "minute": 25,
    "temp": 24.689999999999948,
    "ntu": 810.7846534653465
}