{
    "year": 2021,
    "month": 5,
    "day": 28,
    "hour": 13,
    "minute": 40,
    "temp": 28.858933002481578,
    "ntu": 687.3870967741935
}