{
    "year": 2021,
    "month": 5,
    "day": 18,
    "hour": 9,
    "minute": 15,
    "temp": 31.697761194029855,
    "ntu": 106.2910447761194
}