{
    "year": 2021,
    "month": 6,
    "day": 20,
    "hour": 7,
    "minute": 15,
    "temp": 28.478059701492647,
    "ntu": -6.873134328358209
}