{
    "year": 2021,
    "month": 6,
    "day": 1,
    "hour": 9,
    "minute": 55,
    "temp": 28.029478908188626,
    "ntu": 360.80397022332505
}