{
    "year": 2021,
    "month": 5,
    "day": 22,
    "hour": 16,
    "minute": 30,
    "temp": 28.531861042183678,
    "ntu": 319.6848635235732
}