{
    "year": 2021,
    "month": 6,
    "day": 9,
    "hour": 12,
    "minute": 50,
    "temp": 28.736567164179217,
    "ntu": 487.11442786069654
}