{
    "year": 2021,
    "month": 6,
    "day": 20,
    "hour": 8,
    "minute": 40,
    "temp": 29.396666666666874,
    "ntu": 88.6094527363184
}