{
    "year": 2021,
    "month": 5,
    "day": 7,
    "hour": 19,
    "minute": 45,
    "temp": 30.83888337468973,
    "ntu": 787.7171215880893
}