{
    "year": 2021,
    "month": 6,
    "day": 21,
    "hour": 10,
    "minute": 0,
    "temp": 28.730447761194142,
    "ntu": 335.7039800995025
}