{
    "year": 2021,
    "month": 5,
    "day": 29,
    "hour": 0,
    "minute": 0,
    "temp": 28.543176178660154,
    "ntu": 808.8957816377172
}