{
    "year": 2021,
    "month": 5,
    "day": 23,
    "hour": 15,
    "minute": 55,
    "temp": 28.211389578163782,
    "ntu": 374.06451612903226
}