{
    "year": 2021,
    "month": 6,
    "day": 18,
    "hour": 12,
    "minute": 5,
    "temp": 28.085436408977497,
    "ntu": 399.3690773067332
}