{
    "year": 2021,
    "month": 6,
    "day": 25,
    "hour": 7,
    "minute": 25,
    "temp": 27.940000000000005,
    "ntu": -62.37655860349127
}