{
    "year": 2021,
    "month": 6,
    "day": 23,
    "hour": 11,
    "minute": 30,
    "temp": 28.34970149253721,
    "ntu": 375.37810945273634
}