{
    "year": 2021,
    "month": 5,
    "day": 31,
    "hour": 17,
    "minute": 40,
    "temp": 28.96888337468989,
    "ntu": 458.52357320099253
}