{
    "year": 2021,
    "month": 6,
    "day": 26,
    "hour": 12,
    "minute": 40,
    "temp": 29.051492537313468,
    "ntu": 498.37064676616916
}