{
    "year": 2021,
    "month": 5,
    "day": 22,
    "hour": 8,
    "minute": 40,
    "temp": 28.286476426799087,
    "ntu": 300.0744416873449
}