{
    "year": 2021,
    "month": 6,
    "day": 22,
    "hour": 6,
    "minute": 45,
    "temp": 28.292238805970243,
    "ntu": -10.368159203980099
}