{
    "year": 2021,
    "month": 5,
    "day": 4,
    "hour": 21,
    "minute": 45,
    "temp": 29.731985111662667,
    "ntu": 868.1488833746898
}