{
    "year": 2021,
    "month": 5,
    "day": 21,
    "hour": 11,
    "minute": 55,
    "temp": 30.944900497512403,
    "ntu": 461.32338308457713
}