{
    "year": 2021,
    "month": 5,
    "day": 22,
    "hour": 23,
    "minute": 25,
    "temp": 27.431141439206037,
    "ntu": 6.198511166253102
}