{
    "year": 2021,
    "month": 6,
    "day": 27,
    "hour": 15,
    "minute": 50,
    "temp": 28.468656716417964,
    "ntu": 455.00995024875624
}