{
    "year": 2021,
    "month": 6,
    "day": 12,
    "hour": 18,
    "minute": 45,
    "temp": 28.060845771144557,
    "ntu": 376.2786069651741
}