{
    "year": 2021,
    "month": 4,
    "day": 26,
    "hour": 8,
    "minute": 59,
    "temp": 26.692571428571465,
    "ntu": -31.414285714285715
}