{
    "year": 2021,
    "month": 6,
    "day": 2,
    "hour": 7,
    "minute": 15,
    "temp": 28.03052109181146,
    "ntu": -288.5732009925558
}