{
    "year": 2021,
    "month": 5,
    "day": 22,
    "hour": 11,
    "minute": 30,
    "temp": 28.21575682382137,
    "ntu": 256.14640198511165
}