{
    "year": 2021,
    "month": 5,
    "day": 24,
    "hour": 8,
    "minute": 5,
    "temp": 28.88099255583126,
    "ntu": 227.74441687344913
}