{
    "year": 2021,
    "month": 5,
    "day": 24,
    "hour": 2,
    "minute": 25,
    "temp": 27.79674937965267,
    "ntu": 0.9950372208436724
}