{
    "year": 2021,
    "month": 5,
    "day": 11,
    "hour": 2,
    "minute": 10,
    "temp": 29.448213399503793,
    "ntu": 241.18114143920596
}