{
    "year": 2021,
    "month": 6,
    "day": 13,
    "hour": 13,
    "minute": 25,
    "temp": 28.451712158808945,
    "ntu": 268.42928039702235
}