{
    "year": 2021,
    "month": 6,
    "day": 26,
    "hour": 17,
    "minute": 15,
    "temp": 28.83334164588522,
    "ntu": 519.6284289276808
}