{
    "year": 2021,
    "month": 6,
    "day": 1,
    "hour": 6,
    "minute": 15,
    "temp": 28.001791044776198,
    "ntu": -152.3781094527363
}