{
    "year": 2021,
    "month": 6,
    "day": 10,
    "hour": 10,
    "minute": 40,
    "temp": 28.694317617866034,
    "ntu": 466.44168734491313
}