{
    "year": 2021,
    "month": 5,
    "day": 13,
    "hour": 21,
    "minute": 40,
    "temp": 31.62855721393049,
    "ntu": 828.4726368159204
}