{
    "year": 2021,
    "month": 6,
    "day": 11,
    "hour": 7,
    "minute": 35,
    "temp": 28.644129353233783,
    "ntu": -153.16666666666666
}