{
    "year": 2021,
    "month": 7,
    "day": 1,
    "hour": 8,
    "minute": 5,
    "temp": 27.957506234413973,
    "ntu": -176.5860349127182
}