{
    "year": 2021,
    "month": 5,
    "day": 1,
    "hour": 10,
    "minute": 5,
    "temp": 24.44057071960288,
    "ntu": 130.04466501240694
}