{
    "year": 2021,
    "month": 6,
    "day": 1,
    "hour": 5,
    "minute": 45,
    "temp": 29.025409429280604,
    "ntu": -72.31265508684864
}