{
    "year": 2021,
    "month": 5,
    "day": 30,
    "hour": 8,
    "minute": 25,
    "temp": 28.01678217821781,
    "ntu": 198.4950495049505
}