{
    "year": 2021,
    "month": 5,
    "day": 15,
    "hour": 10,
    "minute": 25,
    "temp": 31.34297766749363,
    "ntu": 834.1588089330024
}