{
    "year": 2021,
    "month": 5,
    "day": 15,
    "hour": 4,
    "minute": 35,
    "temp": 29.471017369727083,
    "ntu": 9.78908188585608
}