{
    "year": 2021,
    "month": 5,
    "day": 20,
    "hour": 11,
    "minute": 30,
    "temp": 30.00342431761784,
    "ntu": 417.2952853598015
}