{
    "year": 2021,
    "month": 6,
    "day": 24,
    "hour": 8,
    "minute": 0,
    "temp": 28.835074626865598,
    "ntu": -69.11940298507463
}