{
    "year": 2021,
    "month": 5,
    "day": 7,
    "hour": 0,
    "minute": 50,
    "temp": 28.825086848635312,
    "ntu": -0.02729528535980149
}