{
    "year": 2021,
    "month": 6,
    "day": 12,
    "hour": 7,
    "minute": 5,
    "temp": 28.531861042183678,
    "ntu": -192.7866004962779
}