{
    "year": 2021,
    "month": 6,
    "day": 6,
    "hour": 12,
    "minute": 40,
    "temp": 27.99985111662531,
    "ntu": 473.3473945409429
}