{
    "year": 2021,
    "month": 6,
    "day": 23,
    "hour": 10,
    "minute": 10,
    "temp": 28.86581047381555,
    "ntu": 368.93765586034914
}