{
    "year": 2021,
    "month": 5,
    "day": 26,
    "hour": 2,
    "minute": 55,
    "temp": 28.04630272952861,
    "ntu": 5.295285359801489
}