{
    "year": 2021,
    "month": 6,
    "day": 8,
    "hour": 11,
    "minute": 10,
    "temp": 28.22462686567172,
    "ntu": 458.1940298507463
}