{
    "year": 2021,
    "month": 6,
    "day": 24,
    "hour": 1,
    "minute": 50,
    "temp": 27.881346633416612,
    "ntu": 2.1496259351620948
}