{
    "year": 2021,
    "month": 5,
    "day": 31,
    "hour": 1,
    "minute": 40,
    "temp": 29.35339950372193,
    "ntu": -4.007444168734492
}