{
    "year": 2021,
    "month": 5,
    "day": 27,
    "hour": 22,
    "minute": 30,
    "temp": 28.97828358208954,
    "ntu": 747.7462686567164
}