{
    "year": 2021,
    "month": 6,
    "day": 2,
    "hour": 10,
    "minute": 40,
    "temp": 28.904044665012584,
    "ntu": 382.3672456575682
}