{
    "year": 2021,
    "month": 6,
    "day": 14,
    "hour": 10,
    "minute": 25,
    "temp": 28.33731343283574,
    "ntu": 242.22388059701493
}