{
    "year": 2021,
    "month": 5,
    "day": 8,
    "hour": 6,
    "minute": 45,
    "temp": 30.716567164179192,
    "ntu": 803.1417910447761
}