{
    "year": 2021,
    "month": 4,
    "day": 10,
    "hour": 15,
    "minute": 59,
    "temp": 29.440000000000026,
    "tds": 1058.6899999999996,
    "ph": 5.09030303030303,
    "ntu": 3000.0
}