{
    "year": 2021,
    "month": 4,
    "day": 16,
    "hour": 8,
    "minute": 59,
    "temp": 29.309999999999974,
    "tds": 1172.4948484848478,
    "ph": 6.94848484848485,
    "ntu": 3000.0
}