{
    "year": 2021,
    "month": 6,
    "day": 27,
    "hour": 15,
    "minute": 55,
    "temp": 28.440000000000015,
    "ntu": 460.94029850746267
}