{
    "year": 2021,
    "month": 6,
    "day": 8,
    "hour": 18,
    "minute": 40,
    "temp": 28.75133995037226,
    "ntu": 514.3052109181142
}