{
    "year": 2021,
    "month": 5,
    "day": 29,
    "hour": 11,
    "minute": 5,
    "temp": 28.29168734491325,
    "ntu": 678.8263027295285
}