{
    "year": 2021,
    "month": 5,
    "day": 2,
    "hour": 10,
    "minute": 40,
    "temp": 30.059999999999956,
    "ntu": 207.91315136476427
}