{
    "year": 2021,
    "month": 4,
    "day": 23,
    "hour": 12,
    "minute": 59,
    "temp": 29.372372881355886,
    "ntu": 2200.635762711863
}