{
    "year": 2021,
    "month": 5,
    "day": 29,
    "hour": 4,
    "minute": 25,
    "temp": 27.872189054726274,
    "ntu": -0.5945273631840796
}