{
    "year": 2021,
    "month": 5,
    "day": 16,
    "hour": 22,
    "minute": 20,
    "temp": 31.35375621890532,
    "ntu": 819.094527363184
}