{
    "year": 2021,
    "month": 5,
    "day": 31,
    "hour": 13,
    "minute": 20,
    "temp": 28.869353233830925,
    "ntu": 753.2562189054727
}