{
    "year": 2021,
    "month": 5,
    "day": 19,
    "hour": 4,
    "minute": 15,
    "temp": 29.747462686567317,
    "ntu": 118.69900497512438
}