{
    "year": 2021,
    "month": 7,
    "day": 2,
    "hour": 10,
    "minute": 30,
    "temp": 28.29698254364119,
    "ntu": 330.64339152119703
}