{
    "year": 2021,
    "month": 5,
    "day": 18,
    "hour": 11,
    "minute": 40,
    "temp": 31.869826302729486,
    "ntu": 122.21339950372209
}