{
    "year": 2021,
    "month": 5,
    "day": 28,
    "hour": 13,
    "minute": 5,
    "temp": 28.356898263027468,
    "ntu": 670.7816377171216
}