{
    "year": 2021,
    "month": 4,
    "day": 29,
    "hour": 15,
    "minute": 45,
    "temp": 29.08810945273622,
    "ntu": 811.9402985074627
}