{
    "year": 2021,
    "month": 5,
    "day": 26,
    "hour": 11,
    "minute": 5,
    "temp": 28.88866004962788,
    "ntu": 734.6004962779157
}