{
    "year": 2021,
    "month": 6,
    "day": 2,
    "hour": 5,
    "minute": 0,
    "temp": 28.493151364764376,
    "ntu": -83.89330024813896
}