{
    "year": 2021,
    "month": 4,
    "day": 9,
    "hour": 20,
    "minute": 59,
    "temp": 29.00727272727272,
    "tds": 1230.1399999999999,
    "ph": 4.847878787878786,
    "ntu": 3000.0
}