{
    "year": 2021,
    "month": 5,
    "day": 21,
    "hour": 23,
    "minute": 45,
    "temp": 28.113151364764292,
    "ntu": 7.476426799007444
}