{
    "year": 2021,
    "month": 5,
    "day": 19,
    "hour": 2,
    "minute": 10,
    "temp": 30.105483870967777,
    "ntu": 123.79652605459057
}