{
    "year": 2021,
    "month": 5,
    "day": 15,
    "hour": 20,
    "minute": 0,
    "temp": 31.95290322580658,
    "ntu": 864.9826302729529
}