{
    "year": 2021,
    "month": 4,
    "day": 30,
    "hour": 8,
    "minute": 20,
    "temp": 24.270545905707213,
    "ntu": 645.6129032258065
}