{
    "year": 2021,
    "month": 5,
    "day": 31,
    "hour": 23,
    "minute": 35,
    "temp": 28.02129032258064,
    "ntu": 520.0074441687345
}