{
    "year": 2021,
    "month": 6,
    "day": 28,
    "hour": 11,
    "minute": 40,
    "temp": 28.059999999999988,
    "ntu": 508.39303482587064
}