{
    "year": 2021,
    "month": 6,
    "day": 26,
    "hour": 6,
    "minute": 15,
    "temp": 27.9163184079603,
    "ntu": -46.10945273631841
}