{
    "year": 2021,
    "month": 5,
    "day": 2,
    "hour": 19,
    "minute": 15,
    "temp": 30.492853598014705,
    "ntu": 743.3300248138958
}