{
    "year": 2021,
    "month": 5,
    "day": 1,
    "hour": 15,
    "minute": 10,
    "temp": 28.993449131513586,
    "ntu": 644.4739454094292
}