{
    "year": 2021,
    "month": 5,
    "day": 18,
    "hour": 23,
    "minute": 10,
    "temp": 29.356972704714604,
    "ntu": 412.22332506203475
}