{
    "year": 2021,
    "month": 6,
    "day": 10,
    "hour": 14,
    "minute": 30,
    "temp": 28.322357320099233,
    "ntu": 450.25062034739454
}