{
    "year": 2021,
    "month": 6,
    "day": 6,
    "hour": 4,
    "minute": 35,
    "temp": 28.55532338308491,
    "ntu": -39.62935323383085
}