{
    "year": 2021,
    "month": 5,
    "day": 15,
    "hour": 0,
    "minute": 5,
    "temp": 30.20236318407973,
    "ntu": -2.208955223880597
}