{
    "year": 2021,
    "month": 6,
    "day": 29,
    "hour": 21,
    "minute": 15,
    "temp": 28.754925373134327,
    "ntu": 531.8009950248756
}