{
    "year": 2021,
    "month": 5,
    "day": 22,
    "hour": 18,
    "minute": 40,
    "temp": 28.92205955334975,
    "ntu": 357.32754342431764
}