{
    "year": 2021,
    "month": 5,
    "day": 19,
    "hour": 1,
    "minute": 30,
    "temp": 29.078560794044716,
    "ntu": 144.11910669975185
}