{
    "year": 2021,
    "month": 6,
    "day": 7,
    "hour": 11,
    "minute": 5,
    "temp": 28.28632754342457,
    "ntu": 480.1985111662531
}