{
    "year": 2021,
    "month": 5,
    "day": 15,
    "hour": 20,
    "minute": 50,
    "temp": 31.30240694789086,
    "ntu": 800.0074441687345
}