{
    "year": 2021,
    "month": 6,
    "day": 29,
    "hour": 4,
    "minute": 15,
    "temp": 28.005955334987593,
    "ntu": -61.312655086848636
}