{
    "year": 2021,
    "month": 6,
    "day": 20,
    "hour": 14,
    "minute": 50,
    "temp": 28.792636815920673,
    "ntu": 356.2039800995025
}