{
    "year": 2021,
    "month": 6,
    "day": 22,
    "hour": 0,
    "minute": 5,
    "temp": 28.35686567164171,
    "ntu": 406.32338308457713
}