{
    "year": 2021,
    "month": 6,
    "day": 4,
    "hour": 13,
    "minute": 40,
    "temp": 28.44277915632759,
    "ntu": 481.66997518610424
}