{
    "year": 2021,
    "month": 5,
    "day": 17,
    "hour": 17,
    "minute": 45,
    "temp": 31.246716417910434,
    "ntu": 128.10945273631842
}