{
    "year": 2021,
    "month": 5,
    "day": 24,
    "hour": 16,
    "minute": 20,
    "temp": 28.76369727047153,
    "ntu": 714.2332506203473
}