{
    "year": 2021,
    "month": 6,
    "day": 17,
    "hour": 11,
    "minute": 20,
    "temp": 28.386019900497693,
    "ntu": 422.3059701492537
}