{
    "year": 2021,
    "month": 5,
    "day": 3,
    "hour": 18,
    "minute": 15,
    "temp": 29.498957816377285,
    "ntu": 755.8039702233251
}