{
    "year": 2021,
    "month": 6,
    "day": 13,
    "hour": 16,
    "minute": 5,
    "temp": 28.588681592039993,
    "ntu": 229.38805970149255
}