{
    "year": 2021,
    "month": 5,
    "day": 3,
    "hour": 1,
    "minute": 30,
    "temp": 25.1290322580646,
    "ntu": -0.07444168734491315
}