{
    "year": 2021,
    "month": 5,
    "day": 11,
    "hour": 15,
    "minute": 50,
    "temp": 30.51776119402986,
    "ntu": 737.5522388059702
}