{
    "year": 2021,
    "month": 5,
    "day": 27,
    "hour": 12,
    "minute": 20,
    "temp": 28.461343283582192,
    "ntu": 660.6616915422885
}