{
    "year": 2021,
    "month": 6,
    "day": 14,
    "hour": 13,
    "minute": 5,
    "temp": 28.54268656716427,
    "ntu": 245.0870646766169
}