{
    "year": 2021,
    "month": 5,
    "day": 12,
    "hour": 21,
    "minute": 0,
    "temp": 30.810744416873533,
    "ntu": 862.6079404466501
}