{
    "year": 2021,
    "month": 6,
    "day": 10,
    "hour": 21,
    "minute": 20,
    "temp": 28.501935483870998,
    "ntu": 518.3895781637717
}