{
    "year": 2021,
    "month": 5,
    "day": 31,
    "hour": 22,
    "minute": 25,
    "temp": 28.528585607940656,
    "ntu": 490.17369727047145
}