{
    "year": 2021,
    "month": 6,
    "day": 26,
    "hour": 9,
    "minute": 10,
    "temp": 28.69725685785538,
    "ntu": 81.9576059850374
}