{
    "year": 2021,
    "month": 6,
    "day": 23,
    "hour": 14,
    "minute": 0,
    "temp": 28.670448877805587,
    "ntu": 396.3815461346633
}