{
    "year": 2021,
    "month": 5,
    "day": 20,
    "hour": 8,
    "minute": 40,
    "temp": 30.397860696517633,
    "ntu": 458.0422885572139
}