{
    "year": 2021,
    "month": 5,
    "day": 7,
    "hour": 7,
    "minute": 0,
    "temp": 30.975285359801635,
    "ntu": 865.3672456575682
}