{
    "year": 2021,
    "month": 4,
    "day": 30,
    "hour": 10,
    "minute": 5,
    "temp": 24.76890818858557,
    "ntu": 394.8411910669975
}