{
    "year": 2021,
    "month": 6,
    "day": 20,
    "hour": 18,
    "minute": 50,
    "temp": 28.29281094527392,
    "ntu": 360.5771144278607
}