{
    "year": 2021,
    "month": 4,
    "day": 29,
    "hour": 1,
    "minute": 5,
    "temp": 30.242531017369863,
    "ntu": 876.7394540942928
}