{
    "year": 2021,
    "month": 5,
    "day": 17,
    "hour": 22,
    "minute": 15,
    "temp": 31.8910173697272,
    "ntu": 123.22332506203475
}