{
    "year": 2021,
    "month": 6,
    "day": 2,
    "hour": 5,
    "minute": 45,
    "temp": 29.02188585607959,
    "ntu": -108.98759305210918
}