{
    "year": 2021,
    "month": 4,
    "day": 30,
    "hour": 23,
    "minute": 20,
    "temp": 29.50007444168724,
    "ntu": 720.8610421836229
}