{
    "year": 2021,
    "month": 5,
    "day": 20,
    "hour": 6,
    "minute": 55,
    "temp": 30.480769230769166,
    "ntu": 443.69727047146404
}