{
    "year": 2021,
    "month": 6,
    "day": 16,
    "hour": 22,
    "minute": 25,
    "temp": 28.14635910224457,
    "ntu": 487.1471321695761
}