{
    "year": 2021,
    "month": 5,
    "day": 10,
    "hour": 8,
    "minute": 35,
    "temp": 29.08789081885881,
    "ntu": 817.0694789081886
}