{
    "year": 2021,
    "month": 5,
    "day": 31,
    "hour": 6,
    "minute": 35,
    "temp": 28.634378109452754,
    "ntu": 36.201492537313435
}