{
    "year": 2021,
    "month": 6,
    "day": 19,
    "hour": 13,
    "minute": 20,
    "temp": 28.585820895522314,
    "ntu": 384.2089552238806
}