{
    "year": 2021,
    "month": 5,
    "day": 11,
    "hour": 6,
    "minute": 35,
    "temp": 29.371488833746977,
    "ntu": 468.0471464019851
}