{
    "year": 2021,
    "month": 6,
    "day": 10,
    "hour": 23,
    "minute": 20,
    "temp": 28.06193548387098,
    "ntu": 528.6153846153846
}