{
    "year": 2021,
    "month": 5,
    "day": 26,
    "hour": 13,
    "minute": 35,
    "temp": 28.27277915632754,
    "ntu": 752.2282878411911
}