{
    "year": 2021,
    "month": 6,
    "day": 6,
    "hour": 21,
    "minute": 15,
    "temp": 28.71769230769236,
    "ntu": 585.9032258064516
}