{
    "year": 2021,
    "month": 6,
    "day": 30,
    "hour": 1,
    "minute": 55,
    "temp": 28.138805970149427,
    "ntu": -9.629353233830846
}