{
    "year": 2021,
    "month": 5,
    "day": 28,
    "hour": 14,
    "minute": 30,
    "temp": 28.049701492537483,
    "ntu": 663.2014925373135
}