{
    "year": 2021,
    "month": 5,
    "day": 31,
    "hour": 13,
    "minute": 25,
    "temp": 29.00119106699753,
    "ntu": 792.7990074441688
}