{
    "year": 2021,
    "month": 6,
    "day": 7,
    "hour": 12,
    "minute": 50,
    "temp": 28.01875930521092,
    "ntu": 493.5732009925558
}