{
    "year": 2021,
    "month": 6,
    "day": 24,
    "hour": 2,
    "minute": 15,
    "temp": 28.02835820895518,
    "ntu": 2.5248756218905473
}