{
    "year": 2021,
    "month": 5,
    "day": 16,
    "hour": 0,
    "minute": 55,
    "temp": 30.7712871287131,
    "ntu": -2.2475247524752477
}