{
    "year": 2021,
    "month": 5,
    "day": 25,
    "hour": 22,
    "minute": 15,
    "temp": 28.48621951219508,
    "ntu": 752.3317073170732
}