{
    "year": 2021,
    "month": 6,
    "day": 30,
    "hour": 6,
    "minute": 5,
    "temp": 27.99955223880597,
    "ntu": -97.54228855721394
}