{
    "year": 2021,
    "month": 5,
    "day": 17,
    "hour": 7,
    "minute": 10,
    "temp": 31.63841191067008,
    "ntu": 790.9677419354839
}