{
    "year": 2021,
    "month": 5,
    "day": 7,
    "hour": 15,
    "minute": 45,
    "temp": 30.629228855721557,
    "ntu": 751.681592039801
}