{
    "year": 2021,
    "month": 5,
    "day": 1,
    "hour": 18,
    "minute": 40,
    "temp": 30.240000000000137,
    "ntu": 761.1885856079405
}