{
    "year": 2021,
    "month": 5,
    "day": 29,
    "hour": 11,
    "minute": 55,
    "temp": 28.979751861042306,
    "ntu": 690.5409429280397
}