{
    "year": 2021,
    "month": 6,
    "day": 19,
    "hour": 18,
    "minute": 35,
    "temp": 28.906393034826035,
    "ntu": 382.5771144278607
}