{
    "year": 2021,
    "month": 5,
    "day": 11,
    "hour": 3,
    "minute": 10,
    "temp": 29.47084367245669,
    "ntu": 260.56327543424317
}