{
    "year": 2021,
    "month": 5,
    "day": 3,
    "hour": 16,
    "minute": 25,
    "temp": 30.729900744416838,
    "ntu": 754.9578163771712
}