{
    "year": 2021,
    "month": 6,
    "day": 26,
    "hour": 18,
    "minute": 40,
    "temp": 28.369552238806122,
    "ntu": 490.7213930348259
}