{
    "year": 2021,
    "month": 6,
    "day": 17,
    "hour": 7,
    "minute": 5,
    "temp": 28.669253731343403,
    "ntu": -12.748756218905474
}