{
    "year": 2021,
    "month": 6,
    "day": 7,
    "hour": 17,
    "minute": 5,
    "temp": 28.89553349875949,
    "ntu": 436.0496277915633
}