{
    "year": 2021,
    "month": 6,
    "day": 5,
    "hour": 17,
    "minute": 45,
    "temp": 28.035136476426903,
    "ntu": 435.87841191066997
}