{
    "year": 2021,
    "month": 6,
    "day": 12,
    "hour": 20,
    "minute": 40,
    "temp": 28.99716417910445,
    "ntu": 394.7039800995025
}