{
    "year": 2021,
    "month": 6,
    "day": 9,
    "hour": 10,
    "minute": 30,
    "temp": 28.421417910447577,
    "ntu": 458.589552238806
}