{
    "year": 2021,
    "month": 5,
    "day": 4,
    "hour": 5,
    "minute": 25,
    "temp": 27.69528535980154,
    "ntu": 32.898263027295286
}