{
    "year": 2021,
    "month": 5,
    "day": 27,
    "hour": 11,
    "minute": 45,
    "temp": 28.32920595533496,
    "ntu": 728.8734491315137
}