{
    "year": 2021,
    "month": 6,
    "day": 13,
    "hour": 14,
    "minute": 10,
    "temp": 28.253706467661775,
    "ntu": 247.62686567164178
}