{
    "year": 2021,
    "month": 6,
    "day": 30,
    "hour": 15,
    "minute": 20,
    "temp": 28.566417910447736,
    "ntu": 299.63432835820896
}