{
    "year": 2021,
    "month": 6,
    "day": 10,
    "hour": 6,
    "minute": 5,
    "temp": 28.559552238806067,
    "ntu": -137.96019900497512
}