{
    "year": 2021,
    "month": 6,
    "day": 1,
    "hour": 14,
    "minute": 55,
    "temp": 28.804640198511276,
    "ntu": 405.970223325062
}