{
    "year": 2021,
    "month": 5,
    "day": 6,
    "hour": 18,
    "minute": 30,
    "temp": 30.431588089329903,
    "ntu": 837.6575682382133
}