{
    "year": 2021,
    "month": 5,
    "day": 15,
    "hour": 23,
    "minute": 10,
    "temp": 29.215980148883446,
    "ntu": -3.5062034739454093
}