{
    "year": 2021,
    "month": 5,
    "day": 13,
    "hour": 1,
    "minute": 40,
    "temp": 30.837766749379966,
    "ntu": -1.5186104218362282
}