{
    "year": 2021,
    "month": 5,
    "day": 17,
    "hour": 23,
    "minute": 35,
    "temp": 30.468784119106875,
    "ntu": -9.138957816377172
}