{
    "year": 2021,
    "month": 6,
    "day": 13,
    "hour": 15,
    "minute": 40,
    "temp": 28.09841191066984,
    "ntu": 273.8411910669975
}