{
    "year": 2021,
    "month": 5,
    "day": 10,
    "hour": 23,
    "minute": 0,
    "temp": 27.81789081885861,
    "ntu": 503.6898263027295
}