{
    "year": 2021,
    "month": 6,
    "day": 9,
    "hour": 18,
    "minute": 10,
    "temp": 29.051066997518657,
    "ntu": 466.72456575682384
}