{
    "year": 2021,
    "month": 6,
    "day": 1,
    "hour": 4,
    "minute": 25,
    "temp": 27.753275434243236,
    "ntu": -36.08436724565757
}