{
    "year": 2021,
    "month": 5,
    "day": 30,
    "hour": 20,
    "minute": 0,
    "temp": 28.041044776119602,
    "ntu": 722.7338308457712
}