{
    "year": 2021,
    "month": 5,
    "day": 30,
    "hour": 8,
    "minute": 40,
    "temp": 28.89240694789078,
    "ntu": 512.9652605459057
}