{
    "year": 2021,
    "month": 4,
    "day": 29,
    "hour": 2,
    "minute": 55,
    "temp": 27.35084367245652,
    "ntu": 79.30024813895781
}