{
    "year": 2021,
    "month": 5,
    "day": 19,
    "hour": 11,
    "minute": 5,
    "temp": 30.626947890818805,
    "ntu": 471.56327543424317
}