{
    "year": 2021,
    "month": 6,
    "day": 8,
    "hour": 6,
    "minute": 45,
    "temp": 29.317444168734532,
    "ntu": -121.98759305210918
}