{
    "year": 2021,
    "month": 6,
    "day": 12,
    "hour": 10,
    "minute": 5,
    "temp": 29.05880893300246,
    "ntu": 347.8138957816377
}