{
    "year": 2021,
    "month": 5,
    "day": 23,
    "hour": 1,
    "minute": 45,
    "temp": 27.502506203473875,
    "ntu": 4.325062034739454
}