{
    "year": 2021,
    "month": 6,
    "day": 3,
    "hour": 3,
    "minute": 45,
    "temp": 28.91646766169145,
    "ntu": -14.35323383084577
}