{
    "year": 2021,
    "month": 6,
    "day": 28,
    "hour": 16,
    "minute": 25,
    "temp": 29.047462686567226,
    "ntu": 428.92039800995025
}