{
    "year": 2021,
    "month": 5,
    "day": 29,
    "hour": 11,
    "minute": 30,
    "temp": 28.146947890818797,
    "ntu": 695.213399503722
}