{
    "year": 2021,
    "month": 6,
    "day": 18,
    "hour": 18,
    "minute": 25,
    "temp": 28.876965174129445,
    "ntu": 388.85074626865674
}