{
    "year": 2021,
    "month": 5,
    "day": 10,
    "hour": 13,
    "minute": 10,
    "temp": 30.63841191067019,
    "ntu": 815.2655086848636
}