{
    "year": 2021,
    "month": 6,
    "day": 5,
    "hour": 10,
    "minute": 30,
    "temp": 28.228858560794148,
    "ntu": 481.03225806451616
}