{
    "year": 2021,
    "month": 5,
    "day": 30,
    "hour": 21,
    "minute": 25,
    "temp": 28.036178660049753,
    "ntu": 754.6997518610422
}