{
    "year": 2021,
    "month": 5,
    "day": 3,
    "hour": 23,
    "minute": 35,
    "temp": 30.941287128712787,
    "ntu": -0.5173267326732673
}