{
    "year": 2021,
    "month": 6,
    "day": 3,
    "hour": 8,
    "minute": 5,
    "temp": 28.372208436724435,
    "ntu": -260.545905707196
}