{
    "year": 2021,
    "month": 5,
    "day": 5,
    "hour": 10,
    "minute": 20,
    "temp": 30.975980148883366,
    "ntu": 688.9652605459057
}