{
    "year": 2021,
    "month": 6,
    "day": 8,
    "hour": 22,
    "minute": 10,
    "temp": 28.31893300248139,
    "ntu": 569.8014888337469
}