{
    "year": 2021,
    "month": 4,
    "day": 29,
    "hour": 11,
    "minute": 50,
    "temp": 29.471712158809016,
    "ntu": 505.12158808933003
}