{
    "year": 2021,
    "month": 5,
    "day": 15,
    "hour": 15,
    "minute": 10,
    "temp": 31.321194029850712,
    "ntu": 769.8980099502487
}