{
    "year": 2021,
    "month": 5,
    "day": 16,
    "hour": 9,
    "minute": 30,
    "temp": 31.78975186104228,
    "ntu": 797.5856079404466
}