{
    "year": 2021,
    "month": 5,
    "day": 10,
    "hour": 23,
    "minute": 20,
    "temp": 27.40300248138973,
    "ntu": 479.85856079404465
}