{
    "year": 2021,
    "month": 5,
    "day": 10,
    "hour": 8,
    "minute": 40,
    "temp": 29.27709677419372,
    "ntu": 815.4168734491315
}