{
    "year": 2021,
    "month": 6,
    "day": 24,
    "hour": 0,
    "minute": 40,
    "temp": 28.296865671641832,
    "ntu": 351.7835820895522
}