{
    "year": 2021,
    "month": 5,
    "day": 13,
    "hour": 23,
    "minute": 20,
    "temp": 29.150595533498887,
    "ntu": -1.6873449131513647
}