{
    "year": 2021,
    "month": 5,
    "day": 27,
    "hour": 12,
    "minute": 35,
    "temp": 28.78528535980147,
    "ntu": 678.6873449131514
}