{
    "year": 2021,
    "month": 5,
    "day": 3,
    "hour": 17,
    "minute": 30,
    "temp": 30.517866004962794,
    "ntu": 741.3325062034739
}