{
    "year": 2021,
    "month": 5,
    "day": 28,
    "hour": 15,
    "minute": 15,
    "temp": 28.908560794044718,
    "ntu": 718.9875930521092
}