{
    "year": 2021,
    "month": 4,
    "day": 12,
    "hour": 15,
    "minute": 59,
    "temp": 24.987272727272725,
    "tds": 1361.458181818182,
    "ph": 2.0554545454545456,
    "ntu": 3000.0
}