{
    "year": 2021,
    "month": 5,
    "day": 24,
    "hour": 7,
    "minute": 45,
    "temp": 27.999999999999996,
    "ntu": 300.681592039801
}