{
    "year": 2021,
    "month": 5,
    "day": 3,
    "hour": 18,
    "minute": 40,
    "temp": 29.021885856079294,
    "ntu": 748.5508684863523
}