{
    "year": 2021,
    "month": 5,
    "day": 25,
    "hour": 18,
    "minute": 50,
    "temp": 28.292853598015174,
    "ntu": 689.9478908188586
}