{
    "year": 2021,
    "month": 5,
    "day": 25,
    "hour": 10,
    "minute": 30,
    "temp": 28.05553349875933,
    "ntu": 490.6327543424318
}