{
    "year": 2021,
    "month": 5,
    "day": 24,
    "hour": 15,
    "minute": 40,
    "temp": 28.22029776674935,
    "ntu": 651.8585607940447
}