{
    "year": 2021,
    "month": 4,
    "day": 30,
    "hour": 11,
    "minute": 45,
    "temp": 30.359029850746087,
    "ntu": 685.997512437811
}