{
    "year": 2021,
    "month": 6,
    "day": 20,
    "hour": 6,
    "minute": 25,
    "temp": 29.00209476309225,
    "ntu": -25.346633416458854
}