{
    "year": 2021,
    "month": 5,
    "day": 10,
    "hour": 14,
    "minute": 15,
    "temp": 30.217096774193628,
    "ntu": 844.258064516129
}