{
    "year": 2021,
    "month": 6,
    "day": 13,
    "hour": 5,
    "minute": 20,
    "temp": 27.46799007444172,
    "ntu": -67.41687344913151
}