{
    "year": 2021,
    "month": 5,
    "day": 29,
    "hour": 19,
    "minute": 5,
    "temp": 29.01890818858559,
    "ntu": 708.6253101736972
}