{
    "year": 2021,
    "month": 5,
    "day": 2,
    "hour": 20,
    "minute": 5,
    "temp": 30.919800995025017,
    "ntu": 759.181592039801
}