{
    "year": 2021,
    "month": 5,
    "day": 11,
    "hour": 10,
    "minute": 55,
    "temp": 29.768656716418093,
    "ntu": 389.02985074626866
}