{
    "year": 2021,
    "month": 6,
    "day": 6,
    "hour": 3,
    "minute": 35,
    "temp": 28.641865671641757,
    "ntu": -17.567164179104477
}