{
    "year": 2021,
    "month": 6,
    "day": 9,
    "hour": 1,
    "minute": 25,
    "temp": 27.622506203474078,
    "ntu": -14.893300248138958
}