{
    "year": 2021,
    "month": 5,
    "day": 29,
    "hour": 4,
    "minute": 55,
    "temp": 28.64759305210915,
    "ntu": 14.250620347394541
}