{
    "year": 2021,
    "month": 5,
    "day": 24,
    "hour": 18,
    "minute": 20,
    "temp": 28.062828784119155,
    "ntu": 744.6426799007444
}