{
    "year": 2021,
    "month": 6,
    "day": 18,
    "hour": 2,
    "minute": 55,
    "temp": 28.497306733167193,
    "ntu": -6.0648379052369075
}