{
    "year": 2021,
    "month": 6,
    "day": 9,
    "hour": 13,
    "minute": 25,
    "temp": 28.196923076923095,
    "ntu": 471.98263027295286
}