{
    "year": 2021,
    "month": 6,
    "day": 5,
    "hour": 7,
    "minute": 5,
    "temp": 27.772686567164186,
    "ntu": -174.4179104477612
}