{
    "year": 2021,
    "month": 6,
    "day": 23,
    "hour": 20,
    "minute": 30,
    "temp": 28.251641791044776,
    "ntu": 340.0223880597015
}