{
    "year": 2021,
    "month": 6,
    "day": 2,
    "hour": 18,
    "minute": 55,
    "temp": 28.3997022332508,
    "ntu": 413.61290322580646
}