{
    "year": 2021,
    "month": 6,
    "day": 6,
    "hour": 15,
    "minute": 40,
    "temp": 28.326865671641766,
    "ntu": 572.1169154228855
}