{
    "year": 2021,
    "month": 6,
    "day": 13,
    "hour": 22,
    "minute": 30,
    "temp": 28.206567164179106,
    "ntu": 300.45522388059703
}