{
    "year": 2021,
    "month": 5,
    "day": 17,
    "hour": 14,
    "minute": 15,
    "temp": 31.94701492537305,
    "ntu": 791.7039800995025
}