{
    "year": 2021,
    "month": 5,
    "day": 12,
    "hour": 0,
    "minute": 55,
    "temp": 30.182828784118996,
    "ntu": -0.15384615384615385
}