{
    "year": 2021,
    "month": 6,
    "day": 13,
    "hour": 7,
    "minute": 55,
    "temp": 28.945995024875707,
    "ntu": -140.455223880597
}