{
    "year": 2021,
    "month": 5,
    "day": 20,
    "hour": 21,
    "minute": 25,
    "temp": 30.311488833747262,
    "ntu": 497.53846153846155
}