{
    "year": 2021,
    "month": 5,
    "day": 21,
    "hour": 3,
    "minute": 50,
    "temp": 30.902736318407882,
    "ntu": 2.308457711442786
}