{
    "year": 2021,
    "month": 6,
    "day": 2,
    "hour": 14,
    "minute": 40,
    "temp": 28.006401985111605,
    "ntu": 377.62034739454094
}