{
    "year": 2021,
    "month": 7,
    "day": 1,
    "hour": 3,
    "minute": 45,
    "temp": 28.37017369727063,
    "ntu": -37.25558312655087
}