{
    "year": 2021,
    "month": 6,
    "day": 22,
    "hour": 14,
    "minute": 25,
    "temp": 28.001044776119404,
    "ntu": 376.1318407960199
}