{
    "year": 2021,
    "month": 5,
    "day": 2,
    "hour": 22,
    "minute": 50,
    "temp": 27.542772277227787,
    "ntu": -0.3193069306930693
}