{
    "year": 2021,
    "month": 6,
    "day": 18,
    "hour": 23,
    "minute": 40,
    "temp": 28.952960199004995,
    "ntu": 426.1666666666667
}