{
    "year": 2021,
    "month": 6,
    "day": 29,
    "hour": 16,
    "minute": 20,
    "temp": 28.570922693267082,
    "ntu": 420.80548628428926
}