{
    "year": 2021,
    "month": 6,
    "day": 6,
    "hour": 19,
    "minute": 5,
    "temp": 28.25825870646774,
    "ntu": 527.6965174129353
}