{
    "year": 2021,
    "month": 5,
    "day": 10,
    "hour": 22,
    "minute": 20,
    "temp": 29.333473945409363,
    "ntu": 923.7146401985111
}