{
    "year": 2021,
    "month": 5,
    "day": 10,
    "hour": 6,
    "minute": 15,
    "temp": 30.349154228855898,
    "ntu": 837.0074626865671
}