{
    "year": 2021,
    "month": 5,
    "day": 16,
    "hour": 10,
    "minute": 15,
    "temp": 31.300471464020127,
    "ntu": 631.379652605459
}