{
    "year": 2021,
    "month": 6,
    "day": 4,
    "hour": 1,
    "minute": 45,
    "temp": 28.839057071960404,
    "ntu": -4.682382133995037
}