{
    "year": 2021,
    "month": 5,
    "day": 21,
    "hour": 20,
    "minute": 10,
    "temp": 28.357915632754242,
    "ntu": 605.8833746898263
}