{
    "year": 2021,
    "month": 6,
    "day": 28,
    "hour": 22,
    "minute": 55,
    "temp": 28.11790523690784,
    "ntu": 528.426433915212
}