{
    "year": 2021,
    "month": 6,
    "day": 29,
    "hour": 0,
    "minute": 10,
    "temp": 28.945522388059725,
    "ntu": 529.7089552238806
}