{
    "year": 2021,
    "month": 5,
    "day": 18,
    "hour": 10,
    "minute": 10,
    "temp": 31.471116625310305,
    "ntu": 110.56823821339951
}