{
    "year": 2021,
    "month": 5,
    "day": 6,
    "hour": 21,
    "minute": 25,
    "temp": 30.398109452736342,
    "ntu": 881.1616915422885
}