{
    "year": 2021,
    "month": 6,
    "day": 30,
    "hour": 18,
    "minute": 15,
    "temp": 28.940000000000026,
    "ntu": 337.90796019900495
}