{
    "year": 2021,
    "month": 5,
    "day": 8,
    "hour": 4,
    "minute": 55,
    "temp": 28.516608478803118,
    "ntu": 3.4613466334164587
}