{
    "year": 2021,
    "month": 5,
    "day": 18,
    "hour": 7,
    "minute": 25,
    "temp": 31.783432835820975,
    "ntu": 114.30845771144278
}