{
    "year": 2021,
    "month": 5,
    "day": 9,
    "hour": 0,
    "minute": 45,
    "temp": 28.9547394540944,
    "ntu": -0.890818858560794
}