{
    "year": 2021,
    "month": 5,
    "day": 20,
    "hour": 10,
    "minute": 35,
    "temp": 30.893159203980293,
    "ntu": 424.24626865671644
}