{
    "year": 2021,
    "month": 5,
    "day": 6,
    "hour": 21,
    "minute": 0,
    "temp": 29.912679900744426,
    "ntu": 874.3225806451613
}