{
    "year": 2021,
    "month": 6,
    "day": 12,
    "hour": 22,
    "minute": 35,
    "temp": 28.69733830845775,
    "ntu": 403.67164179104475
}