{
    "year": 2021,
    "month": 5,
    "day": 15,
    "hour": 3,
    "minute": 25,
    "temp": 29.510868486352482,
    "ntu": -1.5359801488833746
}