{
    "year": 2021,
    "month": 6,
    "day": 13,
    "hour": 1,
    "minute": 10,
    "temp": 27.626633416459,
    "ntu": -7.970074812967581
}