{
    "year": 2021,
    "month": 5,
    "day": 5,
    "hour": 19,
    "minute": 15,
    "temp": 30.825820895522682,
    "ntu": 846.9228855721393
}