{
    "year": 2021,
    "month": 5,
    "day": 28,
    "hour": 12,
    "minute": 10,
    "temp": 28.99851485148517,
    "ntu": 692.4108910891089
}