{
    "year": 2021,
    "month": 5,
    "day": 2,
    "hour": 23,
    "minute": 20,
    "temp": 26.818039702233317,
    "ntu": -0.10421836228287841
}