{
    "year": 2021,
    "month": 6,
    "day": 18,
    "hour": 23,
    "minute": 5,
    "temp": 28.035311720698328,
    "ntu": 428.07730673316706
}