{
    "year": 2021,
    "month": 6,
    "day": 6,
    "hour": 19,
    "minute": 10,
    "temp": 28.48560794044664,
    "ntu": 525.6079404466501
}