{
    "year": 2021,
    "month": 5,
    "day": 2,
    "hour": 13,
    "minute": 45,
    "temp": 30.237642679900887,
    "ntu": 716.3052109181142
}