{
    "year": 2021,
    "month": 4,
    "day": 12,
    "hour": 2,
    "minute": 59,
    "temp": 25.99454545454546,
    "tds": 1343.4800000000005,
    "ph": 7.289090909090909,
    "ntu": 3000.0
}