{
    "year": 2021,
    "month": 6,
    "day": 6,
    "hour": 11,
    "minute": 40,
    "temp": 28.753134328358232,
    "ntu": 536.2562189054727
}