{
    "year": 2021,
    "month": 5,
    "day": 27,
    "hour": 13,
    "minute": 5,
    "temp": 28.65654228855738,
    "ntu": 715.0746268656717
}