{
    "year": 2021,
    "month": 5,
    "day": 12,
    "hour": 11,
    "minute": 35,
    "temp": 30.40707196029771,
    "ntu": 581.6674937965261
}