{
    "year": 2021,
    "month": 6,
    "day": 3,
    "hour": 18,
    "minute": 30,
    "temp": 28.57682382133994,
    "ntu": 470.18114143920593
}