{
    "year": 2021,
    "month": 5,
    "day": 15,
    "hour": 2,
    "minute": 25,
    "temp": 29.50312655086862,
    "ntu": -1.6079404466501241
}