{
    "year": 2021,
    "month": 5,
    "day": 13,
    "hour": 4,
    "minute": 55,
    "temp": 30.330198511166433,
    "ntu": 37.59057071960298
}