{
    "year": 2021,
    "month": 6,
    "day": 24,
    "hour": 17,
    "minute": 35,
    "temp": 28.001194029850744,
    "ntu": 314.91293532338307
}