{
    "year": 2021,
    "month": 6,
    "day": 3,
    "hour": 17,
    "minute": 35,
    "temp": 28.027245657568265,
    "ntu": 483.2605459057072
}