{
    "year": 2021,
    "month": 7,
    "day": 1,
    "hour": 12,
    "minute": 10,
    "temp": 29.00328358208955,
    "ntu": 334.7786069651741
}