{
    "year": 2021,
    "month": 5,
    "day": 28,
    "hour": 9,
    "minute": 20,
    "temp": 28.874243176178577,
    "ntu": 691.0074441687345
}