{
    "year": 2021,
    "month": 5,
    "day": 23,
    "hour": 16,
    "minute": 0,
    "temp": 28.10655086848621,
    "ntu": 358.62531017369724
}