{
    "year": 2021,
    "month": 6,
    "day": 9,
    "hour": 15,
    "minute": 35,
    "temp": 28.149702233250775,
    "ntu": 450.2630272952854
}