{
    "year": 2021,
    "month": 4,
    "day": 29,
    "hour": 19,
    "minute": 55,
    "temp": 28.32424317617892,
    "ntu": 331.3076923076923
}