{
    "year": 2021,
    "month": 5,
    "day": 26,
    "hour": 11,
    "minute": 20,
    "temp": 28.940992555831375,
    "ntu": 768.9751861042183
}