{
    "year": 2021,
    "month": 5,
    "day": 16,
    "hour": 5,
    "minute": 30,
    "temp": 29.517866004962848,
    "ntu": 92.28535980148884
}