{
    "year": 2021,
    "month": 6,
    "day": 18,
    "hour": 20,
    "minute": 55,
    "temp": 28.33701492537305,
    "ntu": 419.23383084577114
}