{
    "year": 2021,
    "month": 5,
    "day": 7,
    "hour": 16,
    "minute": 35,
    "temp": 30.70089330024825,
    "ntu": 776.3498759305211
}