{
    "year": 2021,
    "month": 4,
    "day": 30,
    "hour": 20,
    "minute": 15,
    "temp": 29.54540942928049,
    "ntu": 696.317617866005
}