{
    "year": 2021,
    "month": 6,
    "day": 21,
    "hour": 7,
    "minute": 50,
    "temp": 28.968805970149315,
    "ntu": 43.44776119402985
}