{
    "year": 2021,
    "month": 6,
    "day": 27,
    "hour": 16,
    "minute": 20,
    "temp": 28.308358208955223,
    "ntu": 465.2412935323383
}