{
    "year": 2021,
    "month": 5,
    "day": 17,
    "hour": 18,
    "minute": 45,
    "temp": 31.339776674938253,
    "ntu": 122.84119106699752
}