{
    "year": 2021,
    "month": 4,
    "day": 30,
    "hour": 11,
    "minute": 50,
    "temp": 30.223391089109032,
    "ntu": 519.3613861386139
}