{
    "year": 2021,
    "month": 6,
    "day": 3,
    "hour": 21,
    "minute": 40,
    "temp": 28.187512437811005,
    "ntu": 565.9601990049752
}