{
    "year": 2021,
    "month": 5,
    "day": 22,
    "hour": 17,
    "minute": 40,
    "temp": 28.715756823821376,
    "ntu": 367.9106699751861
}