{
    "year": 2021,
    "month": 6,
    "day": 22,
    "hour": 2,
    "minute": 55,
    "temp": 28.00359102244386,
    "ntu": 4.87780548628429
}