{
    "year": 2021,
    "month": 6,
    "day": 20,
    "hour": 15,
    "minute": 5,
    "temp": 28.98054862842905,
    "ntu": 372.3765586034913
}