{
    "year": 2021,
    "month": 6,
    "day": 28,
    "hour": 23,
    "minute": 50,
    "temp": 28.99835820895511,
    "ntu": 514.6467661691543
}