{
    "year": 2021,
    "month": 6,
    "day": 8,
    "hour": 4,
    "minute": 55,
    "temp": 28.643473945409436,
    "ntu": -81.02977667493796
}