{
    "year": 2021,
    "month": 6,
    "day": 6,
    "hour": 20,
    "minute": 5,
    "temp": 28.32816377171213,
    "ntu": 582.0272952853599
}