{
    "year": 2021,
    "month": 6,
    "day": 25,
    "hour": 21,
    "minute": 50,
    "temp": 28.92902985074634,
    "ntu": 383.14925373134326
}