{
    "year": 2021,
    "month": 5,
    "day": 26,
    "hour": 6,
    "minute": 15,
    "temp": 27.58492537313429,
    "ntu": 46.56716417910448
}