{
    "year": 2021,
    "month": 6,
    "day": 30,
    "hour": 1,
    "minute": 35,
    "temp": 28.42690773067341,
    "ntu": 150.74064837905237
}