{
    "year": 2021,
    "month": 6,
    "day": 16,
    "hour": 20,
    "minute": 50,
    "temp": 28.086865671641718,
    "ntu": 473.2512437810945
}