{
    "year": 2021,
    "month": 5,
    "day": 16,
    "hour": 6,
    "minute": 25,
    "temp": 29.670049751243937,
    "ntu": 178.84577114427861
}