{
    "year": 2021,
    "month": 6,
    "day": 13,
    "hour": 9,
    "minute": 20,
    "temp": 29.020843672456493,
    "ntu": 317.1563275434243
}