{
    "year": 2021,
    "month": 5,
    "day": 27,
    "hour": 4,
    "minute": 30,
    "temp": 29.405756823821413,
    "ntu": 2.193548387096774
}