{
    "year": 2021,
    "month": 7,
    "day": 2,
    "hour": 3,
    "minute": 45,
    "temp": 28.81208955223878,
    "ntu": -44.00995024875622
}