{
    "year": 2021,
    "month": 5,
    "day": 25,
    "hour": 3,
    "minute": 50,
    "temp": 27.568585607940562,
    "ntu": 4.672456575682382
}