{
    "year": 2021,
    "month": 4,
    "day": 20,
    "hour": 23,
    "minute": 59,
    "temp": 28.12,
    "tds": 1110.7099999999994,
    "ph": 4.28757575757576,
    "ntu": 3000.0
}