{
    "year": 2021,
    "month": 5,
    "day": 31,
    "hour": 21,
    "minute": 10,
    "temp": 29.03275434243182,
    "ntu": 484.3126550868486
}