{
    "year": 2021,
    "month": 5,
    "day": 12,
    "hour": 9,
    "minute": 25,
    "temp": 30.463126550868594,
    "ntu": 737.3151364764268
}