{
    "year": 2021,
    "month": 5,
    "day": 14,
    "hour": 15,
    "minute": 15,
    "temp": 31.870942928039874,
    "ntu": 781.2233250620347
}