{
    "year": 2021,
    "month": 6,
    "day": 17,
    "hour": 3,
    "minute": 15,
    "temp": 28.509402985074654,
    "ntu": -10.870646766169154
}