{
    "year": 2021,
    "month": 6,
    "day": 26,
    "hour": 6,
    "minute": 5,
    "temp": 27.98892768079809,
    "ntu": -50.20199501246883
}