{
    "year": 2021,
    "month": 7,
    "day": 1,
    "hour": 4,
    "minute": 15,
    "temp": 27.963134328358223,
    "ntu": -54.569651741293534
}