{
    "year": 2021,
    "month": 6,
    "day": 17,
    "hour": 3,
    "minute": 35,
    "temp": 28.21176616915424,
    "ntu": -21.898009950248756
}