{
    "year": 2021,
    "month": 6,
    "day": 21,
    "hour": 9,
    "minute": 50,
    "temp": 28.837531172069735,
    "ntu": 336.8154613466334
}