{
    "year": 2021,
    "month": 6,
    "day": 18,
    "hour": 5,
    "minute": 35,
    "temp": 28.1105236907732,
    "ntu": -41.95511221945137
}