{
    "year": 2021,
    "month": 5,
    "day": 2,
    "hour": 11,
    "minute": 20,
    "temp": 29.68985111662539,
    "ntu": 690.1439205955335
}