{
    "year": 2021,
    "month": 6,
    "day": 20,
    "hour": 22,
    "minute": 35,
    "temp": 28.11057356608475,
    "ntu": 406.45386533665834
}