{
    "year": 2021,
    "month": 5,
    "day": 23,
    "hour": 1,
    "minute": 25,
    "temp": 27.695174129353305,
    "ntu": 3.6616915422885574
}