{
    "year": 2021,
    "month": 5,
    "day": 3,
    "hour": 12,
    "minute": 40,
    "temp": 30.48019851116639,
    "ntu": 676.6947890818858
}