{
    "year": 2021,
    "month": 5,
    "day": 31,
    "hour": 20,
    "minute": 10,
    "temp": 28.468138957816425,
    "ntu": 492.7543424317618
}