{
    "year": 2021,
    "month": 5,
    "day": 31,
    "hour": 15,
    "minute": 45,
    "temp": 28.070421836228274,
    "ntu": 711.0521091811414
}