{
    "year": 2021,
    "month": 6,
    "day": 26,
    "hour": 6,
    "minute": 45,
    "temp": 29.199552238805996,
    "ntu": -21.554726368159205
}