{
    "year": 2021,
    "month": 6,
    "day": 25,
    "hour": 21,
    "minute": 15,
    "temp": 28.583905472637024,
    "ntu": 353.363184079602
}