{
    "year": 2021,
    "month": 7,
    "day": 1,
    "hour": 6,
    "minute": 10,
    "temp": 27.977406483790606,
    "ntu": -131.25935162094763
}