{
    "year": 2021,
    "month": 6,
    "day": 20,
    "hour": 6,
    "minute": 40,
    "temp": 29.14648379052382,
    "ntu": -15.224438902743142
}