{
    "year": 2021,
    "month": 5,
    "day": 26,
    "hour": 21,
    "minute": 55,
    "temp": 28.84037220843661,
    "ntu": 781.9478908188586
}