{
    "year": 2021,
    "month": 4,
    "day": 29,
    "hour": 3,
    "minute": 25,
    "temp": 26.554950495049624,
    "ntu": 821.8316831683169
}