{
    "year": 2021,
    "month": 6,
    "day": 6,
    "hour": 2,
    "minute": 25,
    "temp": 27.90057071960315,
    "ntu": -13.431761786600497
}