{
    "year": 2021,
    "month": 6,
    "day": 20,
    "hour": 20,
    "minute": 5,
    "temp": 28.38184079602007,
    "ntu": 395.4179104477612
}