{
    "year": 2021,
    "month": 5,
    "day": 15,
    "hour": 1,
    "minute": 55,
    "temp": 30.790000000000237,
    "ntu": -1.8114143920595533
}