{
    "year": 2021,
    "month": 5,
    "day": 10,
    "hour": 10,
    "minute": 55,
    "temp": 30.521736972704797,
    "ntu": 829.4491315136477
}