{
    "year": 2021,
    "month": 5,
    "day": 5,
    "hour": 20,
    "minute": 10,
    "temp": 29.930248138957953,
    "ntu": 867.9255583126551
}