{
    "year": 2021,
    "month": 5,
    "day": 4,
    "hour": 15,
    "minute": 5,
    "temp": 30.69881188118822,
    "ntu": 789.3168316831683
}