{
    "year": 2021,
    "month": 4,
    "day": 20,
    "hour": 10,
    "minute": 59,
    "temp": 28.052499999999977,
    "tds": 1127.7340625000002,
    "ph": 4.115624999999999,
    "ntu": 3000.0
}