{
    "year": 2021,
    "month": 6,
    "day": 25,
    "hour": 4,
    "minute": 15,
    "temp": 28.286417910447838,
    "ntu": -49.86318407960199
}