{
    "year": 2021,
    "month": 6,
    "day": 18,
    "hour": 22,
    "minute": 5,
    "temp": 28.812238805970143,
    "ntu": 423.2437810945274
}