{
    "year": 2021,
    "month": 5,
    "day": 24,
    "hour": 19,
    "minute": 5,
    "temp": 29.075186104218584,
    "ntu": 737.7320099255583
}