{
    "year": 2021,
    "month": 6,
    "day": 29,
    "hour": 3,
    "minute": 0,
    "temp": 28.87124378109446,
    "ntu": -15.09452736318408
}