{
    "year": 2021,
    "month": 5,
    "day": 15,
    "hour": 23,
    "minute": 30,
    "temp": 28.787071960297848,
    "ntu": -2.9503722084367245
}