{
    "year": 2021,
    "month": 5,
    "day": 27,
    "hour": 14,
    "minute": 35,
    "temp": 28.75789081885858,
    "ntu": 747.7791563275434
}