{
    "year": 2021,
    "month": 5,
    "day": 28,
    "hour": 2,
    "minute": 50,
    "temp": 28.161091811414387,
    "ntu": 3.2133995037220844
}