{
    "year": 2021,
    "month": 6,
    "day": 19,
    "hour": 21,
    "minute": 40,
    "temp": 28.014064837905227,
    "ntu": 414.4713216957606
}