{
    "year": 2021,
    "month": 5,
    "day": 14,
    "hour": 0,
    "minute": 10,
    "temp": 29.831985111662572,
    "ntu": -1.2009925558312655
}