{
    "year": 2021,
    "month": 6,
    "day": 30,
    "hour": 22,
    "minute": 55,
    "temp": 28.443283582089567,
    "ntu": 357.9875621890547
}