{
    "year": 2021,
    "month": 5,
    "day": 28,
    "hour": 1,
    "minute": 50,
    "temp": 28.334094292803982,
    "ntu": 2.967741935483871
}