{
    "year": 2021,
    "month": 5,
    "day": 8,
    "hour": 4,
    "minute": 5,
    "temp": 28.154665012406966,
    "ntu": -0.6774193548387096
}