{
    "year": 2021,
    "month": 6,
    "day": 20,
    "hour": 0,
    "minute": 15,
    "temp": 28.784477611940364,
    "ntu": 418.589552238806
}