{
    "year": 2021,
    "month": 6,
    "day": 26,
    "hour": 12,
    "minute": 50,
    "temp": 28.977313432835892,
    "ntu": 498.7562189054726
}