{
    "year": 2021,
    "month": 5,
    "day": 29,
    "hour": 9,
    "minute": 50,
    "temp": 28.044367245657654,
    "ntu": 709.4615384615385
}