{
    "year": 2021,
    "month": 6,
    "day": 28,
    "hour": 2,
    "minute": 50,
    "temp": 28.81059701492547,
    "ntu": -11.557213930348258
}