{
    "year": 2021,
    "month": 6,
    "day": 11,
    "hour": 2,
    "minute": 45,
    "temp": 28.89768656716405,
    "ntu": -10.029850746268657
}