{
    "year": 2021,
    "month": 5,
    "day": 13,
    "hour": 0,
    "minute": 40,
    "temp": 30.670992555831223,
    "ntu": -1.617866004962779
}