{
    "year": 2021,
    "month": 6,
    "day": 30,
    "hour": 18,
    "minute": 35,
    "temp": 28.802388059701514,
    "ntu": 337.1442786069652
}