{
    "year": 2021,
    "month": 5,
    "day": 29,
    "hour": 6,
    "minute": 0,
    "temp": 28.436972704714726,
    "ntu": 45.878411910669975
}