{
    "year": 2021,
    "month": 6,
    "day": 2,
    "hour": 8,
    "minute": 50,
    "temp": 29.024565756823833,
    "ntu": 144.82630272952855
}