{
    "year": 2021,
    "month": 6,
    "day": 14,
    "hour": 7,
    "minute": 30,
    "temp": 28.81412935323398,
    "ntu": -250.17164179104478
}