{
    "year": 2021,
    "month": 6,
    "day": 23,
    "hour": 19,
    "minute": 15,
    "temp": 28.55999999999998,
    "ntu": 315.4776119402985
}