{
    "year": 2021,
    "month": 7,
    "day": 1,
    "hour": 15,
    "minute": 50,
    "temp": 28.99835820895524,
    "ntu": 352.80348258706465
}