{
    "year": 2021,
    "month": 5,
    "day": 22,
    "hour": 14,
    "minute": 15,
    "temp": 28.056724565756905,
    "ntu": 358.43672456575683
}