{
    "year": 2021,
    "month": 6,
    "day": 12,
    "hour": 12,
    "minute": 25,
    "temp": 28.78477611940305,
    "ntu": 367.6169154228856
}