{
    "year": 2021,
    "month": 5,
    "day": 3,
    "hour": 1,
    "minute": 35,
    "temp": 25.106336633663307,
    "ntu": -0.09900990099009901
}