{
    "year": 2021,
    "month": 6,
    "day": 20,
    "hour": 22,
    "minute": 45,
    "temp": 28.012985074626858,
    "ntu": 404.32835820895525
}