{
    "year": 2021,
    "month": 5,
    "day": 26,
    "hour": 21,
    "minute": 20,
    "temp": 28.34808933002493,
    "ntu": 738.091811414392
}