{
    "year": 2021,
    "month": 5,
    "day": 16,
    "hour": 7,
    "minute": 0,
    "temp": 31.75104477611943,
    "ntu": 789.8383084577115
}