{
    "year": 2021,
    "month": 5,
    "day": 14,
    "hour": 17,
    "minute": 35,
    "temp": 31.604094292804202,
    "ntu": 816.0794044665013
}