{
    "year": 2021,
    "month": 5,
    "day": 15,
    "hour": 1,
    "minute": 30,
    "temp": 29.321017369727077,
    "ntu": -1.7022332506203475
}