{
    "year": 2021,
    "month": 5,
    "day": 2,
    "hour": 19,
    "minute": 35,
    "temp": 30.71022332506192,
    "ntu": 759.2506203473945
}