{
    "year": 2021,
    "month": 6,
    "day": 19,
    "hour": 1,
    "minute": 30,
    "temp": 28.8086567164179,
    "ntu": 415.23880597014926
}