{
    "year": 2021,
    "month": 5,
    "day": 17,
    "hour": 18,
    "minute": 50,
    "temp": 31.325074626865604,
    "ntu": 122.71890547263682
}