{
    "year": 2021,
    "month": 6,
    "day": 28,
    "hour": 23,
    "minute": 5,
    "temp": 28.060149253731332,
    "ntu": 529.2064676616916
}