{
    "year": 2021,
    "month": 5,
    "day": 25,
    "hour": 14,
    "minute": 15,
    "temp": 28.92888337468987,
    "ntu": 631.8014888337469
}