{
    "year": 2021,
    "month": 5,
    "day": 11,
    "hour": 19,
    "minute": 20,
    "temp": 29.432754342431874,
    "ntu": 859.8312655086849
}