{
    "year": 2021,
    "month": 5,
    "day": 4,
    "hour": 13,
    "minute": 55,
    "temp": 29.305298507463007,
    "ntu": 764.8955223880597
}