{
    "year": 2021,
    "month": 5,
    "day": 27,
    "hour": 12,
    "minute": 15,
    "temp": 28.271786600496473,
    "ntu": 672.9354838709677
}