{
    "year": 2021,
    "month": 5,
    "day": 14,
    "hour": 23,
    "minute": 55,
    "temp": 30.734603960396147,
    "ntu": -2.4257425742574257
}