{
    "year": 2021,
    "month": 6,
    "day": 14,
    "hour": 11,
    "minute": 0,
    "temp": 28.395632754342355,
    "ntu": 219.6575682382134
}