{
    "year": 2021,
    "month": 5,
    "day": 1,
    "hour": 17,
    "minute": 25,
    "temp": 30.828312655086776,
    "ntu": 694.8213399503722
}