{
    "year": 2021,
    "month": 5,
    "day": 19,
    "hour": 2,
    "minute": 55,
    "temp": 30.922896039603884,
    "ntu": 112.97277227722772
}