{
    "year": 2021,
    "month": 5,
    "day": 14,
    "hour": 10,
    "minute": 25,
    "temp": 31.773134328358246,
    "ntu": 687.3855721393035
}