{
    "year": 2021,
    "month": 5,
    "day": 29,
    "hour": 5,
    "minute": 50,
    "temp": 28.752679900744543,
    "ntu": 43.23325062034739
}