{
    "year": 2021,
    "month": 5,
    "day": 30,
    "hour": 21,
    "minute": 55,
    "temp": 28.945459057072014,
    "ntu": 809.0248138957817
}