{
    "year": 2021,
    "month": 6,
    "day": 21,
    "hour": 16,
    "minute": 20,
    "temp": 28.927985074626942,
    "ntu": 363.21144278606965
}