{
    "year": 2021,
    "month": 6,
    "day": 6,
    "hour": 4,
    "minute": 10,
    "temp": 28.35624378109437,
    "ntu": -44.18407960199005
}