{
    "year": 2021,
    "month": 5,
    "day": 25,
    "hour": 21,
    "minute": 55,
    "temp": 28.041687344913182,
    "ntu": 782.531017369727
}