{
    "year": 2021,
    "month": 6,
    "day": 20,
    "hour": 1,
    "minute": 55,
    "temp": 28.743432835820844,
    "ntu": -3.5771144278606966
}