{
    "year": 2021,
    "month": 6,
    "day": 16,
    "hour": 19,
    "minute": 5,
    "temp": 28.446243781094577,
    "ntu": 444.82089552238807
}