{
    "year": 2021,
    "month": 6,
    "day": 23,
    "hour": 0,
    "minute": 20,
    "temp": 28.371567164179265,
    "ntu": 406.7786069651741
}