{
    "year": 2021,
    "month": 6,
    "day": 9,
    "hour": 16,
    "minute": 40,
    "temp": 28.791985111662626,
    "ntu": 450.6526054590571
}