{
    "year": 2021,
    "month": 5,
    "day": 2,
    "hour": 4,
    "minute": 45,
    "temp": 28.041687344913232,
    "ntu": 0.674937965260546
}