{
    "year": 2021,
    "month": 6,
    "day": 20,
    "hour": 20,
    "minute": 20,
    "temp": 28.239077306733247,
    "ntu": 402.7007481296758
}