{
    "year": 2021,
    "month": 6,
    "day": 25,
    "hour": 9,
    "minute": 35,
    "temp": 28.68456359102262,
    "ntu": 44.29925187032419
}