{
    "year": 2021,
    "month": 5,
    "day": 9,
    "hour": 21,
    "minute": 5,
    "temp": 29.02813895781641,
    "ntu": 870.4292803970224
}