{
    "year": 2021,
    "month": 5,
    "day": 16,
    "hour": 3,
    "minute": 15,
    "temp": 29.97620347394553,
    "ntu": -1.617866004962779
}