{
    "year": 2021,
    "month": 5,
    "day": 30,
    "hour": 21,
    "minute": 0,
    "temp": 28.357717121587932,
    "ntu": 793.258064516129
}