{
    "year": 2021,
    "month": 5,
    "day": 29,
    "hour": 6,
    "minute": 5,
    "temp": 28.295111662531113,
    "ntu": 46.46650124069479
}