{
    "year": 2021,
    "month": 5,
    "day": 25,
    "hour": 0,
    "minute": 20,
    "temp": 28.421861042183746,
    "ntu": 4.992555831265508
}