{
    "year": 2021,
    "month": 7,
    "day": 2,
    "hour": 11,
    "minute": 30,
    "temp": 28.77289276807981,
    "ntu": 335.2069825436409
}