{
    "year": 2021,
    "month": 6,
    "day": 11,
    "hour": 3,
    "minute": 5,
    "temp": 28.43409429280404,
    "ntu": -16.129032258064516
}