{
    "year": 2021,
    "month": 6,
    "day": 7,
    "hour": 17,
    "minute": 45,
    "temp": 28.68982630272955,
    "ntu": 515.0198511166253
}