{
    "year": 2021,
    "month": 6,
    "day": 29,
    "hour": 12,
    "minute": 0,
    "temp": 28.032089552238837,
    "ntu": 477.33084577114425
}