{
    "year": 2021,
    "month": 6,
    "day": 28,
    "hour": 11,
    "minute": 35,
    "temp": 28.059999999999988,
    "ntu": 501.3690773067332
}