{
    "year": 2021,
    "month": 5,
    "day": 11,
    "hour": 1,
    "minute": 55,
    "temp": 30.285210918114394,
    "ntu": 248.39454094292805
}