{
    "year": 2021,
    "month": 5,
    "day": 13,
    "hour": 23,
    "minute": 50,
    "temp": 31.106823821340008,
    "ntu": -1.466501240694789
}