{
    "year": 2021,
    "month": 6,
    "day": 7,
    "hour": 6,
    "minute": 15,
    "temp": 28.63642679900745,
    "ntu": -186.91315136476427
}