{
    "year": 2021,
    "month": 7,
    "day": 1,
    "hour": 9,
    "minute": 50,
    "temp": 28.539253731343347,
    "ntu": 315.06716417910445
}