{
    "year": 2021,
    "month": 6,
    "day": 21,
    "hour": 2,
    "minute": 35,
    "temp": 28.42524875621872,
    "ntu": -4.009950248756219
}