{
    "year": 2021,
    "month": 5,
    "day": 2,
    "hour": 16,
    "minute": 45,
    "temp": 30.892233250620453,
    "ntu": 703.7568238213399
}