{
    "year": 2021,
    "month": 5,
    "day": 5,
    "hour": 14,
    "minute": 25,
    "temp": 29.22722084367257,
    "ntu": 832.741935483871
}