{
    "year": 2021,
    "month": 5,
    "day": 19,
    "hour": 19,
    "minute": 0,
    "temp": 30.837860696517698,
    "ntu": 474.0124378109453
}