{
    "year": 2021,
    "month": 5,
    "day": 29,
    "hour": 19,
    "minute": 50,
    "temp": 28.217245657568277,
    "ntu": 756.3325062034739
}