{
    "year": 2021,
    "month": 6,
    "day": 5,
    "hour": 20,
    "minute": 55,
    "temp": 27.999850746268653,
    "ntu": 545.726368159204
}