{
    "year": 2021,
    "month": 5,
    "day": 4,
    "hour": 11,
    "minute": 10,
    "temp": 29.063473945409765,
    "ntu": 407.28287841191064
}