{
    "year": 2021,
    "month": 7,
    "day": 1,
    "hour": 1,
    "minute": 30,
    "temp": 28.738656716418006,
    "ntu": 353.1641791044776
}