{
    "year": 2021,
    "month": 6,
    "day": 21,
    "hour": 5,
    "minute": 15,
    "temp": 28.330548628429167,
    "ntu": -35.31920199501247
}