{
    "year": 2021,
    "month": 5,
    "day": 4,
    "hour": 2,
    "minute": 40,
    "temp": 28.9678660049629,
    "ntu": -0.36724565756823824
}