{
    "year": 2021,
    "month": 7,
    "day": 1,
    "hour": 5,
    "minute": 45,
    "temp": 28.309999999999988,
    "ntu": -117.8905472636816
}