{
    "year": 2021,
    "month": 6,
    "day": 1,
    "hour": 17,
    "minute": 30,
    "temp": 29.022630272952874,
    "ntu": 347.7369727047146
}