{
    "year": 2021,
    "month": 6,
    "day": 10,
    "hour": 21,
    "minute": 15,
    "temp": 28.57369727047144,
    "ntu": 517.1761786600496
}