{
    "year": 2021,
    "month": 6,
    "day": 25,
    "hour": 21,
    "minute": 40,
    "temp": 28.99970074812968,
    "ntu": 383.7506234413965
}