{
    "year": 2021,
    "month": 5,
    "day": 30,
    "hour": 13,
    "minute": 55,
    "temp": 28.311191066997555,
    "ntu": 727.9975186104218
}