{
    "year": 2021,
    "month": 5,
    "day": 13,
    "hour": 7,
    "minute": 5,
    "temp": 30.931940298507357,
    "ntu": 692.179104477612
}