{
    "year": 2021,
    "month": 5,
    "day": 17,
    "hour": 15,
    "minute": 25,
    "temp": 31.700746268656584,
    "ntu": 278.0149253731343
}