{
    "year": 2021,
    "month": 5,
    "day": 28,
    "hour": 19,
    "minute": 35,
    "temp": 28.259081885856123,
    "ntu": 722.0322580645161
}