{
    "year": 2021,
    "month": 6,
    "day": 26,
    "hour": 4,
    "minute": 0,
    "temp": 28.09883084577099,
    "ntu": -32.711442786069654
}