{
    "year": 2021,
    "month": 6,
    "day": 21,
    "hour": 6,
    "minute": 30,
    "temp": 28.41457711442798,
    "ntu": -29.20149253731343
}