{
    "year": 2021,
    "month": 5,
    "day": 26,
    "hour": 1,
    "minute": 0,
    "temp": 27.990322580645287,
    "ntu": 5.856079404466501
}