{
    "year": 2021,
    "month": 5,
    "day": 7,
    "hour": 16,
    "minute": 50,
    "temp": 30.246129032258207,
    "ntu": 783.8163771712159
}