{
    "year": 2021,
    "month": 5,
    "day": 13,
    "hour": 20,
    "minute": 50,
    "temp": 31.281791044776018,
    "ntu": 802.2313432835821
}