{
    "year": 2021,
    "month": 6,
    "day": 21,
    "hour": 22,
    "minute": 30,
    "temp": 28.00733167082294,
    "ntu": 405.00249376558605
}