{
    "year": 2021,
    "month": 6,
    "day": 6,
    "hour": 13,
    "minute": 35,
    "temp": 28.632555831265663,
    "ntu": 451.8287841191067
}