{
    "year": 2021,
    "month": 6,
    "day": 19,
    "hour": 14,
    "minute": 25,
    "temp": 28.479650872817928,
    "ntu": 360.91022443890273
}