{
    "year": 2021,
    "month": 6,
    "day": 3,
    "hour": 0,
    "minute": 35,
    "temp": 28.682537313432935,
    "ntu": -5.992537313432836
}