{
    "year": 2021,
    "month": 6,
    "day": 9,
    "hour": 0,
    "minute": 20,
    "temp": 28.992238805970075,
    "ntu": 551.4726368159204
}