{
    "year": 2021,
    "month": 5,
    "day": 9,
    "hour": 1,
    "minute": 10,
    "temp": 30.012183622828633,
    "ntu": -0.8734491315136477
}