{
    "year": 2021,
    "month": 6,
    "day": 23,
    "hour": 9,
    "minute": 40,
    "temp": 29.118258706467792,
    "ntu": 328.771144278607
}