{
    "year": 2021,
    "month": 6,
    "day": 24,
    "hour": 9,
    "minute": 45,
    "temp": 29.05999999999997,
    "ntu": 286.4925373134328
}