{
    "year": 2021,
    "month": 5,
    "day": 28,
    "hour": 18,
    "minute": 20,
    "temp": 28.070595533498825,
    "ntu": 697.6650124069479
}