{
    "year": 2021,
    "month": 5,
    "day": 31,
    "hour": 22,
    "minute": 10,
    "temp": 28.00074441687345,
    "ntu": 505.5831265508685
}