{
    "year": 2021,
    "month": 6,
    "day": 4,
    "hour": 18,
    "minute": 30,
    "temp": 28.672233250620195,
    "ntu": 434.82630272952855
}