{
    "year": 2021,
    "month": 6,
    "day": 9,
    "hour": 15,
    "minute": 10,
    "temp": 28.310148883374676,
    "ntu": 502.22084367245657
}