{
    "year": 2021,
    "month": 5,
    "day": 16,
    "hour": 4,
    "minute": 15,
    "temp": 29.966625310173814,
    "ntu": 1.6600496277915633
}