{
    "year": 2021,
    "month": 7,
    "day": 1,
    "hour": 4,
    "minute": 0,
    "temp": 28.108656716417812,
    "ntu": -49.8955223880597
}