{
    "year": 2021,
    "month": 5,
    "day": 21,
    "hour": 6,
    "minute": 5,
    "temp": 30.3042537313435,
    "ntu": 36.79353233830846
}