{
    "year": 2021,
    "month": 5,
    "day": 25,
    "hour": 4,
    "minute": 0,
    "temp": 29.219057071960307,
    "ntu": 6.58560794044665
}