{
    "year": 2021,
    "month": 5,
    "day": 26,
    "hour": 15,
    "minute": 15,
    "temp": 28.464367245657595,
    "ntu": 780.8511166253102
}