{
    "year": 2021,
    "month": 6,
    "day": 3,
    "hour": 11,
    "minute": 20,
    "temp": 28.178535980148965,
    "ntu": 424.32506203473946
}