{
    "year": 2021,
    "month": 6,
    "day": 6,
    "hour": 20,
    "minute": 0,
    "temp": 28.408734491315283,
    "ntu": 579.2531017369727
}