{
    "year": 2021,
    "month": 7,
    "day": 2,
    "hour": 4,
    "minute": 40,
    "temp": 28.217531172069865,
    "ntu": -92.39900249376558
}