{
    "year": 2021,
    "month": 5,
    "day": 7,
    "hour": 20,
    "minute": 55,
    "temp": 28.98079404466485,
    "ntu": 787.7791563275434
}