{
    "year": 2021,
    "month": 7,
    "day": 1,
    "hour": 0,
    "minute": 20,
    "temp": 27.99985111662531,
    "ntu": 353.88089330024815
}