{
    "year": 2021,
    "month": 6,
    "day": 5,
    "hour": 2,
    "minute": 25,
    "temp": 27.82622828784119,
    "ntu": -11.707196029776675
}