{
    "year": 2021,
    "month": 5,
    "day": 22,
    "hour": 21,
    "minute": 35,
    "temp": 28.764143920595572,
    "ntu": 375.5558312655087
}