{
    "year": 2021,
    "month": 6,
    "day": 28,
    "hour": 9,
    "minute": 35,
    "temp": 28.642089552238872,
    "ntu": 135.60696517412936
}