{
    "year": 2021,
    "month": 6,
    "day": 19,
    "hour": 7,
    "minute": 5,
    "temp": 28.694676616915473,
    "ntu": 33.80099502487562
}