{
    "year": 2021,
    "month": 6,
    "day": 3,
    "hour": 17,
    "minute": 40,
    "temp": 28.00684863523567,
    "ntu": 467.98759305210916
}