{
    "year": 2021,
    "month": 4,
    "day": 29,
    "hour": 7,
    "minute": 25,
    "temp": 24.550049504950557,
    "ntu": 800.9158415841584
}