{
    "year": 2021,
    "month": 6,
    "day": 9,
    "hour": 22,
    "minute": 40,
    "temp": 28.784987593052186,
    "ntu": 557.2059553349876
}