{
    "year": 2021,
    "month": 5,
    "day": 11,
    "hour": 4,
    "minute": 55,
    "temp": 30.101612903225902,
    "ntu": 367.22332506203475
}