{
    "year": 2021,
    "month": 5,
    "day": 23,
    "hour": 7,
    "minute": 15,
    "temp": 28.490173697270578,
    "ntu": 374.42928039702235
}