{
    "year": 2021,
    "month": 5,
    "day": 1,
    "hour": 18,
    "minute": 5,
    "temp": 30.92082089552256,
    "ntu": 708.7636815920398
}