{
    "year": 2021,
    "month": 6,
    "day": 14,
    "hour": 8,
    "minute": 0,
    "temp": 28.876716417910387,
    "ntu": -254.06965174129354
}