{
    "year": 2021,
    "month": 6,
    "day": 29,
    "hour": 8,
    "minute": 55,
    "temp": 28.96149253731346,
    "ntu": 2.6766169154228856
}