{
    "year": 2021,
    "month": 6,
    "day": 5,
    "hour": 19,
    "minute": 35,
    "temp": 28.577468982630506,
    "ntu": 485.90818858560795
}