{
    "year": 2021,
    "month": 4,
    "day": 30,
    "hour": 12,
    "minute": 55,
    "temp": 28.76057071960302,
    "ntu": 521.5583126550869
}