{
    "year": 2021,
    "month": 6,
    "day": 20,
    "hour": 3,
    "minute": 40,
    "temp": 28.44256218905455,
    "ntu": -15.457711442786069
}