{
    "year": 2021,
    "month": 5,
    "day": 18,
    "hour": 12,
    "minute": 35,
    "temp": 31.030521091811455,
    "ntu": 121.87593052109182
}