{
    "year": 2021,
    "month": 6,
    "day": 18,
    "hour": 10,
    "minute": 50,
    "temp": 29.02761194029854,
    "ntu": 380.9004975124378
}