{
    "year": 2021,
    "month": 4,
    "day": 29,
    "hour": 5,
    "minute": 50,
    "temp": 24.823101736972742,
    "ntu": 162.5682382133995
}