{
    "year": 2021,
    "month": 5,
    "day": 24,
    "hour": 12,
    "minute": 15,
    "temp": 28.11278606965185,
    "ntu": 380.76119402985074
}