{
    "year": 2021,
    "month": 6,
    "day": 26,
    "hour": 11,
    "minute": 30,
    "temp": 28.11835820895535,
    "ntu": 499.1194029850746
}