{
    "year": 2021,
    "month": 5,
    "day": 31,
    "hour": 5,
    "minute": 0,
    "temp": 28.510841584158477,
    "ntu": -2.6064356435643563
}