{
    "year": 2021,
    "month": 6,
    "day": 1,
    "hour": 22,
    "minute": 55,
    "temp": 28.08746268656709,
    "ntu": 487.64925373134326
}