{
    "year": 2021,
    "month": 5,
    "day": 29,
    "hour": 15,
    "minute": 50,
    "temp": 28.01447761194029,
    "ntu": 714.6343283582089
}