{
    "year": 2021,
    "month": 6,
    "day": 7,
    "hour": 23,
    "minute": 40,
    "temp": 28.445136476426832,
    "ntu": 581.1786600496278
}