{
    "year": 2021,
    "month": 5,
    "day": 29,
    "hour": 3,
    "minute": 10,
    "temp": 28.159429280397145,
    "ntu": 1.965260545905707
}