{
    "year": 2021,
    "month": 6,
    "day": 22,
    "hour": 3,
    "minute": 10,
    "temp": 28.548955223880856,
    "ntu": 0.8308457711442786
}