{
    "year": 2021,
    "month": 6,
    "day": 27,
    "hour": 17,
    "minute": 40,
    "temp": 28.566542288557464,
    "ntu": 499.06716417910445
}