{
    "year": 2021,
    "month": 6,
    "day": 21,
    "hour": 14,
    "minute": 40,
    "temp": 28.508528678304234,
    "ntu": 374.1072319201995
}