{
    "year": 2021,
    "month": 6,
    "day": 14,
    "hour": 6,
    "minute": 40,
    "temp": 28.80089552238834,
    "ntu": -155.99253731343285
}