{
    "year": 2021,
    "month": 6,
    "day": 5,
    "hour": 1,
    "minute": 45,
    "temp": 28.804491315136595,
    "ntu": -4.620347394540943
}