{
    "year": 2021,
    "month": 5,
    "day": 16,
    "hour": 19,
    "minute": 30,
    "temp": 31.521885856079543,
    "ntu": 855.8709677419355
}