{
    "year": 2021,
    "month": 5,
    "day": 17,
    "hour": 23,
    "minute": 50,
    "temp": 31.272860696517665,
    "ntu": -10.45273631840796
}