{
    "year": 2021,
    "month": 6,
    "day": 20,
    "hour": 21,
    "minute": 50,
    "temp": 28.58641791044768,
    "ntu": 403.0199004975124
}