{
    "year": 2021,
    "month": 5,
    "day": 24,
    "hour": 6,
    "minute": 40,
    "temp": 27.436094527363252,
    "ntu": 53.960199004975124
}