{
    "year": 2021,
    "month": 6,
    "day": 28,
    "hour": 0,
    "minute": 10,
    "temp": 28.02334164588526,
    "ntu": 516.069825436409
}