{
    "year": 2021,
    "month": 5,
    "day": 2,
    "hour": 10,
    "minute": 30,
    "temp": 30.150918114144126,
    "ntu": 416.77171215880895
}