{
    "year": 2021,
    "month": 5,
    "day": 28,
    "hour": 0,
    "minute": 55,
    "temp": 28.03483870967746,
    "ntu": 2.498759305210918
}