{
    "year": 2021,
    "month": 6,
    "day": 12,
    "hour": 2,
    "minute": 45,
    "temp": 28.938089330024926,
    "ntu": -10.59305210918114
}