{
    "year": 2021,
    "month": 6,
    "day": 20,
    "hour": 12,
    "minute": 30,
    "temp": 28.00328358208955,
    "ntu": 376.9154228855721
}