{
    "year": 2021,
    "month": 6,
    "day": 24,
    "hour": 11,
    "minute": 35,
    "temp": 28.388678304239576,
    "ntu": 313.5660847880299
}