{
    "year": 2021,
    "month": 6,
    "day": 4,
    "hour": 1,
    "minute": 10,
    "temp": 27.102431761786463,
    "ntu": -7.962779156327543
}