{
    "year": 2021,
    "month": 5,
    "day": 7,
    "hour": 9,
    "minute": 35,
    "temp": 30.56669975186119,
    "ntu": 839.786600496278
}