{
    "year": 2021,
    "month": 6,
    "day": 28,
    "hour": 3,
    "minute": 20,
    "temp": 28.276783042394037,
    "ntu": -23.788029925187033
}