{
    "year": 2021,
    "month": 5,
    "day": 25,
    "hour": 10,
    "minute": 40,
    "temp": 27.95518610421828,
    "ntu": 599.3052109181142
}