{
    "year": 2021,
    "month": 5,
    "day": 19,
    "hour": 20,
    "minute": 35,
    "temp": 30.821017369727297,
    "ntu": 490.7692307692308
}