{
    "year": 2021,
    "month": 6,
    "day": 24,
    "hour": 3,
    "minute": 5,
    "temp": 29.28044776119408,
    "ntu": -8.059701492537313
}