{
    "year": 2021,
    "month": 5,
    "day": 14,
    "hour": 13,
    "minute": 25,
    "temp": 31.74270471464015,
    "ntu": 791.210918114144
}