{
    "year": 2021,
    "month": 5,
    "day": 6,
    "hour": 11,
    "minute": 15,
    "temp": 29.409603960396186,
    "ntu": 789.8762376237623
}