{
    "year": 2021,
    "month": 6,
    "day": 29,
    "hour": 6,
    "minute": 30,
    "temp": 27.87017456359117,
    "ntu": -89.19700748129675
}