{
    "year": 2021,
    "month": 6,
    "day": 27,
    "hour": 9,
    "minute": 0,
    "temp": 28.589726368159102,
    "ntu": -45.10696517412935
}