{
    "year": 2021,
    "month": 5,
    "day": 31,
    "hour": 2,
    "minute": 5,
    "temp": 28.510868486352447,
    "ntu": -2.893300248138958
}