{
    "year": 2021,
    "month": 5,
    "day": 10,
    "hour": 15,
    "minute": 50,
    "temp": 30.185086848635084,
    "ntu": 823.8362282878412
}