{
    "year": 2021,
    "month": 6,
    "day": 21,
    "hour": 12,
    "minute": 55,
    "temp": 28.271396508728184,
    "ntu": 381.1471321695761
}