{
    "year": 2021,
    "month": 6,
    "day": 22,
    "hour": 0,
    "minute": 35,
    "temp": 28.081194029850696,
    "ntu": 403.99751243781094
}