{
    "year": 2021,
    "month": 6,
    "day": 2,
    "hour": 6,
    "minute": 50,
    "temp": 28.7423076923078,
    "ntu": -180.0545905707196
}