{
    "year": 2021,
    "month": 5,
    "day": 21,
    "hour": 7,
    "minute": 25,
    "temp": 30.393151364764226,
    "ntu": 525.8808933002481
}