{
    "year": 2021,
    "month": 6,
    "day": 30,
    "hour": 2,
    "minute": 30,
    "temp": 28.209875311720626,
    "ntu": -9.134663341645885
}