{
    "year": 2021,
    "month": 5,
    "day": 5,
    "hour": 2,
    "minute": 10,
    "temp": 29.642258064516067,
    "ntu": -0.06451612903225806
}