{
    "year": 2021,
    "month": 5,
    "day": 29,
    "hour": 14,
    "minute": 5,
    "temp": 28.28439205955342,
    "ntu": 730.4987593052109
}