{
    "year": 2021,
    "month": 5,
    "day": 31,
    "hour": 18,
    "minute": 0,
    "temp": 28.692158808933026,
    "ntu": 511.2655086848635
}