{
    "year": 2021,
    "month": 6,
    "day": 12,
    "hour": 6,
    "minute": 0,
    "temp": 28.491960297766866,
    "ntu": -147.23573200992556
}