{
    "year": 2021,
    "month": 6,
    "day": 7,
    "hour": 18,
    "minute": 20,
    "temp": 28.557164179104483,
    "ntu": 548.1019900497513
}