{
    "year": 2021,
    "month": 6,
    "day": 26,
    "hour": 9,
    "minute": 25,
    "temp": 28.5074812967581,
    "ntu": -0.1546134663341646
}