{
    "year": 2021,
    "month": 6,
    "day": 16,
    "hour": 22,
    "minute": 15,
    "temp": 28.282835820895574,
    "ntu": 484.90547263681594
}