{
    "year": 2021,
    "month": 5,
    "day": 1,
    "hour": 0,
    "minute": 50,
    "temp": 30.494193548387244,
    "ntu": 745.1389578163771
}