{
    "year": 2021,
    "month": 5,
    "day": 11,
    "hour": 21,
    "minute": 15,
    "temp": 30.04094292803978,
    "ntu": 888.0694789081886
}