{
    "year": 2021,
    "month": 5,
    "day": 12,
    "hour": 11,
    "minute": 10,
    "temp": 29.349676616915584,
    "ntu": 453.4502487562189
}