{
    "year": 2021,
    "month": 6,
    "day": 10,
    "hour": 21,
    "minute": 55,
    "temp": 28.002089552238807,
    "ntu": 523.773631840796
}