{
    "year": 2021,
    "month": 6,
    "day": 14,
    "hour": 3,
    "minute": 10,
    "temp": 28.297431421446472,
    "ntu": -19.144638403990026
}