{
    "year": 2021,
    "month": 6,
    "day": 24,
    "hour": 8,
    "minute": 15,
    "temp": 28.58432835820889,
    "ntu": -51.66417910447761
}