{
    "year": 2021,
    "month": 5,
    "day": 9,
    "hour": 3,
    "minute": 35,
    "temp": 29.748830845771323,
    "ntu": -0.7238805970149254
}