{
    "year": 2021,
    "month": 6,
    "day": 5,
    "hour": 1,
    "minute": 50,
    "temp": 28.61315136476412,
    "ntu": -4.8213399503722085
}