{
    "year": 2021,
    "month": 6,
    "day": 22,
    "hour": 5,
    "minute": 0,
    "temp": 28.034477611940364,
    "ntu": -30.686567164179106
}