{
    "year": 2021,
    "month": 6,
    "day": 23,
    "hour": 4,
    "minute": 35,
    "temp": 28.97552238805974,
    "ntu": -33.124378109452735
}