{
    "year": 2021,
    "month": 6,
    "day": 24,
    "hour": 20,
    "minute": 25,
    "temp": 28.352835820895468,
    "ntu": 348.1940298507463
}