{
    "year": 2021,
    "month": 6,
    "day": 22,
    "hour": 21,
    "minute": 35,
    "temp": 28.439127182044906,
    "ntu": 402.66084788029923
}