{
    "year": 2021,
    "month": 5,
    "day": 26,
    "hour": 21,
    "minute": 15,
    "temp": 28.09189054726386,
    "ntu": 738.0248756218906
}