{
    "year": 2021,
    "month": 6,
    "day": 22,
    "hour": 8,
    "minute": 30,
    "temp": 28.404651741293694,
    "ntu": 81.91293532338308
}