{
    "year": 2021,
    "month": 5,
    "day": 22,
    "hour": 21,
    "minute": 40,
    "temp": 28.653374689826475,
    "ntu": 342.5955334987593
}