{
    "year": 2021,
    "month": 6,
    "day": 28,
    "hour": 11,
    "minute": 10,
    "temp": 28.189127182044903,
    "ntu": 477.55361596009976
}