{
    "year": 2021,
    "month": 5,
    "day": 5,
    "hour": 8,
    "minute": 20,
    "temp": 30.29779156327553,
    "ntu": 799.7990074441688
}