{
    "year": 2021,
    "month": 6,
    "day": 17,
    "hour": 0,
    "minute": 40,
    "temp": 28.993990024937556,
    "ntu": 470.49625935162095
}