{
    "year": 2021,
    "month": 5,
    "day": 28,
    "hour": 16,
    "minute": 55,
    "temp": 28.27933002481394,
    "ntu": 698.9950372208436
}