{
    "year": 2021,
    "month": 5,
    "day": 30,
    "hour": 20,
    "minute": 25,
    "temp": 29.023880597014998,
    "ntu": 784.8980099502487
}