{
    "year": 2021,
    "month": 5,
    "day": 2,
    "hour": 23,
    "minute": 5,
    "temp": 27.157270471464148,
    "ntu": -0.17369727047146402
}