{
    "year": 2021,
    "month": 6,
    "day": 1,
    "hour": 14,
    "minute": 30,
    "temp": 28.525756823821517,
    "ntu": 405.56575682382135
}