{
    "year": 2021,
    "month": 6,
    "day": 6,
    "hour": 22,
    "minute": 15,
    "temp": 28.543399503722377,
    "ntu": 572.87841191067
}