{
    "year": 2021,
    "month": 5,
    "day": 9,
    "hour": 17,
    "minute": 0,
    "temp": 30.56550868486358,
    "ntu": 797.0421836228288
}