{
    "year": 2021,
    "month": 6,
    "day": 23,
    "hour": 1,
    "minute": 5,
    "temp": 28.059999999999988,
    "ntu": 405.728855721393
}