{
    "year": 2021,
    "month": 5,
    "day": 17,
    "hour": 0,
    "minute": 50,
    "temp": 31.185831265508646,
    "ntu": -2.3821339950372207
}