{
    "year": 2021,
    "month": 6,
    "day": 2,
    "hour": 20,
    "minute": 30,
    "temp": 28.372382133995018,
    "ntu": 500.07196029776674
}