{
    "year": 2021,
    "month": 4,
    "day": 10,
    "hour": 17,
    "minute": 59,
    "temp": 28.07818181818181,
    "tds": 1269.310303030303,
    "ph": 5.439090909090908,
    "ntu": 3000.0
}