{
    "year": 2021,
    "month": 5,
    "day": 5,
    "hour": 8,
    "minute": 35,
    "temp": 29.82181141439208,
    "ntu": 749.5831265508685
}