{
    "year": 2021,
    "month": 5,
    "day": 8,
    "hour": 19,
    "minute": 20,
    "temp": 30.813880597015277,
    "ntu": 792.002487562189
}