{
    "year": 2021,
    "month": 6,
    "day": 23,
    "hour": 9,
    "minute": 30,
    "temp": 28.24244389027435,
    "ntu": 30.2643391521197
}