{
    "year": 2021,
    "month": 5,
    "day": 25,
    "hour": 18,
    "minute": 5,
    "temp": 25.974986737400428,
    "ntu": 681.0822281167109
}