{
    "year": 2021,
    "month": 5,
    "day": 23,
    "hour": 13,
    "minute": 25,
    "temp": 28.07662531017392,
    "ntu": 259.64019851116626
}