{
    "year": 2021,
    "month": 6,
    "day": 25,
    "hour": 5,
    "minute": 10,
    "temp": 27.883965087281954,
    "ntu": -58.600997506234414
}