{
    "year": 2021,
    "month": 6,
    "day": 26,
    "hour": 21,
    "minute": 0,
    "temp": 28.940895522388086,
    "ntu": 531.8706467661691
}