{
    "year": 2021,
    "month": 6,
    "day": 27,
    "hour": 18,
    "minute": 30,
    "temp": 28.784413965087325,
    "ntu": 471.14463840399003
}