{
    "year": 2021,
    "month": 5,
    "day": 1,
    "hour": 1,
    "minute": 40,
    "temp": 29.098762376237485,
    "ntu": 747.3861386138614
}