{
    "year": 2021,
    "month": 6,
    "day": 8,
    "hour": 15,
    "minute": 45,
    "temp": 28.45498759305212,
    "ntu": 504.3424317617866
}