{
    "year": 2021,
    "month": 5,
    "day": 6,
    "hour": 18,
    "minute": 50,
    "temp": 30.71164179104483,
    "ntu": 844.7487562189054
}