{
    "year": 2021,
    "month": 6,
    "day": 29,
    "hour": 11,
    "minute": 10,
    "temp": 28.239552238806013,
    "ntu": 464.31592039800995
}