{
    "year": 2021,
    "month": 5,
    "day": 11,
    "hour": 7,
    "minute": 10,
    "temp": 30.22238213399517,
    "ntu": 891.3126550868486
}