{
    "year": 2021,
    "month": 5,
    "day": 27,
    "hour": 21,
    "minute": 20,
    "temp": 28.64573200992568,
    "ntu": 764.8014888337469
}