{
    "year": 2021,
    "month": 5,
    "day": 18,
    "hour": 23,
    "minute": 50,
    "temp": 30.788709677419373,
    "ntu": 153.05210918114145
}