{
    "year": 2021,
    "month": 6,
    "day": 6,
    "hour": 14,
    "minute": 35,
    "temp": 28.320645161290564,
    "ntu": 479.9528535980149
}