{
    "year": 2021,
    "month": 5,
    "day": 9,
    "hour": 8,
    "minute": 20,
    "temp": 29.269205955335046,
    "ntu": 734.258064516129
}