{
    "year": 2021,
    "month": 5,
    "day": 18,
    "hour": 16,
    "minute": 10,
    "temp": 31.74821339950371,
    "ntu": 147.24565756823822
}