{
    "year": 2021,
    "month": 4,
    "day": 28,
    "hour": 22,
    "minute": 30,
    "temp": 28.621017369726914,
    "ntu": 882.6774193548387
}