{
    "year": 2021,
    "month": 6,
    "day": 10,
    "hour": 3,
    "minute": 10,
    "temp": 28.119677419354687,
    "ntu": -18.11910669975186
}