{
    "year": 2021,
    "month": 5,
    "day": 8,
    "hour": 7,
    "minute": 0,
    "temp": 30.7901492537312,
    "ntu": 794.7810945273632
}