{
    "year": 2021,
    "month": 5,
    "day": 22,
    "hour": 9,
    "minute": 10,
    "temp": 28.557791563275753,
    "ntu": 303.6774193548387
}