{
    "year": 2021,
    "month": 5,
    "day": 1,
    "hour": 1,
    "minute": 50,
    "temp": 29.069751861042498,
    "ntu": 727.1935483870968
}