{
    "year": 2021,
    "month": 6,
    "day": 4,
    "hour": 22,
    "minute": 15,
    "temp": 28.76597014925372,
    "ntu": 580.0572139303482
}