{
    "year": 2021,
    "month": 5,
    "day": 20,
    "hour": 16,
    "minute": 0,
    "temp": 30.46101736972712,
    "ntu": 459.98511166253104
}