{
    "year": 2021,
    "month": 6,
    "day": 8,
    "hour": 14,
    "minute": 50,
    "temp": 28.20024875621871,
    "ntu": 439.99751243781094
}