{
    "year": 2021,
    "month": 6,
    "day": 23,
    "hour": 23,
    "minute": 50,
    "temp": 28.53671641791051,
    "ntu": 350.8830845771144
}