{
    "year": 2021,
    "month": 6,
    "day": 29,
    "hour": 12,
    "minute": 20,
    "temp": 28.203990024937465,
    "ntu": 463.66583541147133
}