{
    "year": 2021,
    "month": 6,
    "day": 25,
    "hour": 19,
    "minute": 45,
    "temp": 28.309999999999985,
    "ntu": 355.7139303482587
}