{
    "year": 2021,
    "month": 5,
    "day": 29,
    "hour": 4,
    "minute": 0,
    "temp": 28.48449131513657,
    "ntu": -5.709677419354839
}