{
    "year": 2021,
    "month": 6,
    "day": 23,
    "hour": 22,
    "minute": 55,
    "temp": 28.8505970149253,
    "ntu": 351.5323383084577
}