{
    "year": 2021,
    "month": 5,
    "day": 25,
    "hour": 12,
    "minute": 40,
    "temp": 28.754019851116592,
    "ntu": 679.1538461538462
}