{
    "year": 2021,
    "month": 6,
    "day": 25,
    "hour": 1,
    "minute": 20,
    "temp": 28.05940298507462,
    "ntu": 365.76119402985074
}