{
    "year": 2021,
    "month": 5,
    "day": 24,
    "hour": 8,
    "minute": 55,
    "temp": 28.374069478908257,
    "ntu": 246.62531017369727
}