{
    "year": 2021,
    "month": 6,
    "day": 30,
    "hour": 8,
    "minute": 20,
    "temp": 28.06582089552238,
    "ntu": -23.271144278606965
}