{
    "year": 2021,
    "month": 5,
    "day": 20,
    "hour": 21,
    "minute": 55,
    "temp": 30.86339950372191,
    "ntu": 547.091811414392
}