{
    "year": 2021,
    "month": 4,
    "day": 30,
    "hour": 15,
    "minute": 55,
    "temp": 30.925136476426754,
    "ntu": 850.789081885856
}