{
    "year": 2021,
    "month": 6,
    "day": 22,
    "hour": 16,
    "minute": 20,
    "temp": 28.309999999999985,
    "ntu": 364.0323383084577
}