{
    "year": 2021,
    "month": 5,
    "day": 26,
    "hour": 14,
    "minute": 50,
    "temp": 29.018610421836332,
    "ntu": 774.0297766749379
}