{
    "year": 2021,
    "month": 6,
    "day": 8,
    "hour": 15,
    "minute": 40,
    "temp": 28.52620347394543,
    "ntu": 479.56327543424317
}