{
    "year": 2021,
    "month": 6,
    "day": 8,
    "hour": 10,
    "minute": 40,
    "temp": 28.633225806451755,
    "ntu": 413.50372208436727
}