{
    "year": 2021,
    "month": 6,
    "day": 4,
    "hour": 10,
    "minute": 30,
    "temp": 28.994477611940383,
    "ntu": 462.4875621890547
}