{
    "year": 2021,
    "month": 6,
    "day": 14,
    "hour": 0,
    "minute": 10,
    "temp": 28.08552238805964,
    "ntu": 296.6741293532338
}