{
    "year": 2021,
    "month": 5,
    "day": 22,
    "hour": 3,
    "minute": 35,
    "temp": 27.479602977667557,
    "ntu": 2.176178660049628
}