{
    "year": 2021,
    "month": 6,
    "day": 2,
    "hour": 16,
    "minute": 45,
    "temp": 28.942985074626915,
    "ntu": 370.9502487562189
}