{
    "year": 2021,
    "month": 6,
    "day": 23,
    "hour": 5,
    "minute": 30,
    "temp": 28.261791044776114,
    "ntu": -33.32338308457712
}