{
    "year": 2021,
    "month": 6,
    "day": 24,
    "hour": 14,
    "minute": 55,
    "temp": 28.673067331670914,
    "ntu": 312.9476309226933
}