{
    "year": 2021,
    "month": 6,
    "day": 27,
    "hour": 13,
    "minute": 20,
    "temp": 28.15029850746284,
    "ntu": 482.19651741293535
}