{
    "year": 2021,
    "month": 6,
    "day": 7,
    "hour": 3,
    "minute": 20,
    "temp": 28.037667493796608,
    "ntu": -19.80893300248139
}