{
    "year": 2021,
    "month": 5,
    "day": 5,
    "hour": 14,
    "minute": 55,
    "temp": 29.594466501240902,
    "ntu": 823.6228287841191
}