{
    "year": 2021,
    "month": 6,
    "day": 4,
    "hour": 18,
    "minute": 25,
    "temp": 28.422288557213758,
    "ntu": 433.0696517412935
}