{
    "year": 2021,
    "month": 5,
    "day": 4,
    "hour": 7,
    "minute": 45,
    "temp": 29.716898263027367,
    "ntu": 758.1861042183623
}