{
    "year": 2021,
    "month": 6,
    "day": 11,
    "hour": 12,
    "minute": 30,
    "temp": 28.567146401985088,
    "ntu": 420.81141439205953
}