{
    "year": 2021,
    "month": 5,
    "day": 1,
    "hour": 21,
    "minute": 35,
    "temp": 30.90682382134,
    "ntu": 781.4416873449131
}