{
    "year": 2021,
    "month": 6,
    "day": 11,
    "hour": 4,
    "minute": 45,
    "temp": 28.06655086848634,
    "ntu": -59.96526054590571
}