{
    "year": 2021,
    "month": 5,
    "day": 17,
    "hour": 23,
    "minute": 20,
    "temp": 29.762208436724666,
    "ntu": -6.895781637717121
}