{
    "year": 2021,
    "month": 6,
    "day": 20,
    "hour": 0,
    "minute": 30,
    "temp": 28.573880597014895,
    "ntu": 417.01741293532336
}