{
    "year": 2021,
    "month": 6,
    "day": 23,
    "hour": 15,
    "minute": 55,
    "temp": 28.13553615960115,
    "ntu": 344.80299251870326
}