{
    "year": 2021,
    "month": 5,
    "day": 22,
    "hour": 2,
    "minute": 5,
    "temp": 28.439181141438983,
    "ntu": 4.617866004962779
}