{
    "year": 2021,
    "month": 5,
    "day": 4,
    "hour": 11,
    "minute": 5,
    "temp": 29.008039702233244,
    "ntu": 452.13399503722087
}