{
    "year": 2021,
    "month": 5,
    "day": 7,
    "hour": 21,
    "minute": 40,
    "temp": 30.22811414392055,
    "ntu": 801.5359801488834
}