{
    "year": 2021,
    "month": 6,
    "day": 4,
    "hour": 14,
    "minute": 10,
    "temp": 28.110223880597125,
    "ntu": 456.8731343283582
}