{
    "year": 2021,
    "month": 5,
    "day": 25,
    "hour": 20,
    "minute": 45,
    "temp": 28.475522388059623,
    "ntu": 741.8656716417911
}