{
    "year": 2021,
    "month": 5,
    "day": 21,
    "hour": 2,
    "minute": 25,
    "temp": 29.174203980099435,
    "ntu": 2.1965174129353233
}