{
    "year": 2021,
    "month": 6,
    "day": 4,
    "hour": 13,
    "minute": 55,
    "temp": 28.164154228855843,
    "ntu": 482.23383084577114
}