{
    "year": 2021,
    "month": 5,
    "day": 10,
    "hour": 14,
    "minute": 0,
    "temp": 30.54868486352365,
    "ntu": 849.9727047146401
}