{
    "year": 2021,
    "month": 6,
    "day": 28,
    "hour": 8,
    "minute": 20,
    "temp": 27.999551122194518,
    "ntu": 45.25935162094763
}