{
    "year": 2021,
    "month": 4,
    "day": 30,
    "hour": 1,
    "minute": 25,
    "temp": 30.675297029703092,
    "ntu": 0.7846534653465347
}