{
    "year": 2021,
    "month": 6,
    "day": 27,
    "hour": 19,
    "minute": 10,
    "temp": 28.518104738154623,
    "ntu": 491.18952618453864
}