{
    "year": 2021,
    "month": 5,
    "day": 6,
    "hour": 20,
    "minute": 50,
    "temp": 29.56201492537347,
    "ntu": 873.8308457711443
}