{
    "year": 2021,
    "month": 6,
    "day": 4,
    "hour": 17,
    "minute": 35,
    "temp": 28.305384615384636,
    "ntu": 457.7816377171216
}