{
    "year": 2021,
    "month": 5,
    "day": 17,
    "hour": 9,
    "minute": 20,
    "temp": 31.687419354838806,
    "ntu": 738.0297766749379
}