{
    "year": 2021,
    "month": 5,
    "day": 3,
    "hour": 18,
    "minute": 10,
    "temp": 29.61650124069464,
    "ntu": 758.575682382134
}