{
    "year": 2021,
    "month": 4,
    "day": 29,
    "hour": 18,
    "minute": 25,
    "temp": 30.412928039702358,
    "ntu": 841.1116625310174
}