{
    "year": 2021,
    "month": 6,
    "day": 25,
    "hour": 11,
    "minute": 40,
    "temp": 28.340447761193946,
    "ntu": 314.2164179104478
}