{
    "year": 2021,
    "month": 5,
    "day": 29,
    "hour": 10,
    "minute": 10,
    "temp": 28.62087064676621,
    "ntu": 644.3358208955224
}