{
    "year": 2021,
    "month": 5,
    "day": 15,
    "hour": 21,
    "minute": 10,
    "temp": 31.616228287841444,
    "ntu": 799.2307692307693
}