{
    "year": 2021,
    "month": 4,
    "day": 30,
    "hour": 20,
    "minute": 50,
    "temp": 29.269454094292954,
    "ntu": 691.7518610421836
}