{
    "year": 2021,
    "month": 6,
    "day": 3,
    "hour": 16,
    "minute": 45,
    "temp": 28.5492803970224,
    "ntu": 442.6774193548387
}