{
    "year": 2021,
    "month": 6,
    "day": 16,
    "hour": 22,
    "minute": 0,
    "temp": 28.49388059701499,
    "ntu": 485.5149253731343
}