{
    "year": 2021,
    "month": 5,
    "day": 13,
    "hour": 23,
    "minute": 40,
    "temp": 31.34141439205977,
    "ntu": -1.6352357320099256
}