{
    "year": 2021,
    "month": 6,
    "day": 19,
    "hour": 7,
    "minute": 40,
    "temp": 28.20552238805971,
    "ntu": 77.78358208955224
}