{
    "year": 2021,
    "month": 6,
    "day": 18,
    "hour": 21,
    "minute": 20,
    "temp": 28.042643391521285,
    "ntu": 422.2194513715711
}