{
    "year": 2021,
    "month": 6,
    "day": 6,
    "hour": 12,
    "minute": 5,
    "temp": 28.412139303482718,
    "ntu": 463.94776119402985
}