{
    "year": 2021,
    "month": 5,
    "day": 3,
    "hour": 12,
    "minute": 30,
    "temp": 30.230870646766068,
    "ntu": 676.2189054726368
}