{
    "year": 2021,
    "month": 6,
    "day": 25,
    "hour": 23,
    "minute": 40,
    "temp": 28.24044776119408,
    "ntu": 549.0273631840796
}