{
    "year": 2021,
    "month": 6,
    "day": 22,
    "hour": 8,
    "minute": 25,
    "temp": 28.447630922693282,
    "ntu": 81.20947630922693
}