{
    "year": 2021,
    "month": 5,
    "day": 3,
    "hour": 14,
    "minute": 15,
    "temp": 29.981240694789214,
    "ntu": 779.8312655086849
}