{
    "year": 2021,
    "month": 6,
    "day": 13,
    "hour": 17,
    "minute": 30,
    "temp": 28.1249131513649,
    "ntu": 247.66253101736973
}