{
    "year": 2021,
    "month": 4,
    "day": 29,
    "hour": 17,
    "minute": 25,
    "temp": 30.134987593052152,
    "ntu": 805.697270471464
}