{
    "year": 2021,
    "month": 5,
    "day": 17,
    "hour": 9,
    "minute": 35,
    "temp": 31.809402985074588,
    "ntu": 736.9179104477612
}