{
    "year": 2021,
    "month": 5,
    "day": 23,
    "hour": 11,
    "minute": 50,
    "temp": 28.10228287841174,
    "ntu": 266.5508684863524
}