{
    "year": 2021,
    "month": 6,
    "day": 23,
    "hour": 8,
    "minute": 55,
    "temp": 28.077164179104425,
    "ntu": 91.06218905472637
}