{
    "year": 2021,
    "month": 6,
    "day": 6,
    "hour": 3,
    "minute": 20,
    "temp": 28.08531017369721,
    "ntu": -17.367245657568237
}