{
    "year": 2021,
    "month": 5,
    "day": 1,
    "hour": 22,
    "minute": 5,
    "temp": 30.02620347394554,
    "ntu": 804.6004962779157
}