{
    "year": 2021,
    "month": 6,
    "day": 25,
    "hour": 4,
    "minute": 30,
    "temp": 28.071791044776102,
    "ntu": -66.08208955223881
}