{
    "year": 2021,
    "month": 6,
    "day": 9,
    "hour": 21,
    "minute": 15,
    "temp": 28.826119402985043,
    "ntu": 538.636815920398
}