{
    "year": 2021,
    "month": 4,
    "day": 29,
    "hour": 1,
    "minute": 30,
    "temp": 29.481290322580747,
    "ntu": 876.7493796526055
}