{
    "year": 2021,
    "month": 6,
    "day": 8,
    "hour": 10,
    "minute": 5,
    "temp": 28.581488833747134,
    "ntu": 440.4789081885856
}