{
    "year": 2021,
    "month": 4,
    "day": 30,
    "hour": 8,
    "minute": 45,
    "temp": 24.369702233250674,
    "ntu": 660.6401985111662
}