{
    "year": 2021,
    "month": 6,
    "day": 8,
    "hour": 17,
    "minute": 0,
    "temp": 28.839627791563164,
    "ntu": 451.12655086848633
}