{
    "year": 2021,
    "month": 5,
    "day": 6,
    "hour": 15,
    "minute": 30,
    "temp": 29.842952853598234,
    "ntu": 793.0024813895782
}