{
    "year": 2021,
    "month": 5,
    "day": 18,
    "hour": 4,
    "minute": 5,
    "temp": 30.55208955223894,
    "ntu": -12.077114427860696
}