{
    "year": 2021,
    "month": 5,
    "day": 29,
    "hour": 22,
    "minute": 10,
    "temp": 28.635732009925654,
    "ntu": 833.091811414392
}