{
    "year": 2021,
    "month": 5,
    "day": 17,
    "hour": 4,
    "minute": 30,
    "temp": 29.461910669975275,
    "ntu": 12.712158808933003
}