{
    "year": 2021,
    "month": 6,
    "day": 10,
    "hour": 1,
    "minute": 55,
    "temp": 28.31535980148891,
    "ntu": -7.516129032258065
}