{
    "year": 2021,
    "month": 5,
    "day": 22,
    "hour": 6,
    "minute": 0,
    "temp": 28.77322580645162,
    "ntu": 38.90570719602977
}