{
    "year": 2021,
    "month": 5,
    "day": 27,
    "hour": 12,
    "minute": 30,
    "temp": 28.706467661691384,
    "ntu": 667.455223880597
}