{
    "year": 2021,
    "month": 5,
    "day": 5,
    "hour": 20,
    "minute": 55,
    "temp": 29.259528535980134,
    "ntu": 852.3498759305211
}