{
    "year": 2021,
    "month": 5,
    "day": 25,
    "hour": 12,
    "minute": 50,
    "temp": 28.997915632754342,
    "ntu": 695.7344913151364
}