{
    "year": 2021,
    "month": 5,
    "day": 22,
    "hour": 20,
    "minute": 10,
    "temp": 28.91655086848649,
    "ntu": 419.3498759305211
}