{
    "year": 2021,
    "month": 5,
    "day": 13,
    "hour": 12,
    "minute": 25,
    "temp": 30.42151364764284,
    "ntu": 830.6898263027296
}