{
    "year": 2021,
    "month": 5,
    "day": 11,
    "hour": 6,
    "minute": 50,
    "temp": 30.942630272952997,
    "ntu": 904.3746898263028
}