{
    "year": 2021,
    "month": 6,
    "day": 4,
    "hour": 18,
    "minute": 10,
    "temp": 28.005671641791043,
    "ntu": 462.6865671641791
}