{
    "year": 2021,
    "month": 6,
    "day": 25,
    "hour": 9,
    "minute": 15,
    "temp": 28.025074626865685,
    "ntu": -41.124378109452735
}