{
    "year": 2021,
    "month": 5,
    "day": 8,
    "hour": 7,
    "minute": 40,
    "temp": 30.81431761786606,
    "ntu": 812.531017369727
}