{
    "year": 2021,
    "month": 5,
    "day": 15,
    "hour": 8,
    "minute": 55,
    "temp": 31.459601990049666,
    "ntu": 778.4900497512438
}