{
    "year": 2021,
    "month": 6,
    "day": 25,
    "hour": 7,
    "minute": 20,
    "temp": 27.961641791044798,
    "ntu": -60.85572139303483
}