{
    "year": 2021,
    "month": 6,
    "day": 21,
    "hour": 8,
    "minute": 30,
    "temp": 28.331194029850703,
    "ntu": 73.56716417910448
}