{
    "year": 2021,
    "month": 5,
    "day": 5,
    "hour": 23,
    "minute": 45,
    "temp": 28.938114143920608,
    "ntu": 0.09429280397022333
}