{
    "year": 2021,
    "month": 5,
    "day": 20,
    "hour": 19,
    "minute": 50,
    "temp": 30.417642679900865,
    "ntu": 508.16625310173697
}