{
    "year": 2021,
    "month": 6,
    "day": 7,
    "hour": 15,
    "minute": 25,
    "temp": 28.190893300248153,
    "ntu": 516.7940446650124
}