{
    "year": 2021,
    "month": 6,
    "day": 9,
    "hour": 2,
    "minute": 50,
    "temp": 28.67394540942935,
    "ntu": -11.071960297766749
}