{
    "year": 2021,
    "month": 6,
    "day": 26,
    "hour": 9,
    "minute": 0,
    "temp": 28.82507462686564,
    "ntu": 87.48009950248756
}