{
    "year": 2021,
    "month": 5,
    "day": 1,
    "hour": 14,
    "minute": 40,
    "temp": 29.671265508684968,
    "ntu": 680.6079404466501
}