{
    "year": 2021,
    "month": 5,
    "day": 21,
    "hour": 6,
    "minute": 40,
    "temp": 28.423557213930362,
    "ntu": 83.23383084577114
}