{
    "year": 2021,
    "month": 6,
    "day": 22,
    "hour": 3,
    "minute": 35,
    "temp": 29.22930174563598,
    "ntu": -5.927680798004988
}