{
    "year": 2021,
    "month": 5,
    "day": 22,
    "hour": 3,
    "minute": 40,
    "temp": 27.344764267989998,
    "ntu": 1.4516129032258065
}