{
    "year": 2021,
    "month": 6,
    "day": 29,
    "hour": 10,
    "minute": 35,
    "temp": 28.370000000000157,
    "ntu": 485.51122194513715
}