{
    "year": 2021,
    "month": 6,
    "day": 5,
    "hour": 21,
    "minute": 45,
    "temp": 28.6448635235734,
    "ntu": 581.6401985111662
}