{
    "year": 2021,
    "month": 5,
    "day": 28,
    "hour": 7,
    "minute": 25,
    "temp": 29.3321836228289,
    "ntu": 344.16625310173697
}