{
    "year": 2021,
    "month": 6,
    "day": 20,
    "hour": 6,
    "minute": 45,
    "temp": 29.03925373134338,
    "ntu": -15.723880597014926
}