{
    "year": 2021,
    "month": 6,
    "day": 22,
    "hour": 22,
    "minute": 55,
    "temp": 28.73039900249374,
    "ntu": 384.38653366583543
}