{
    "year": 2021,
    "month": 6,
    "day": 4,
    "hour": 23,
    "minute": 20,
    "temp": 28.188759305210773,
    "ntu": 558.5707196029776
}