{
    "year": 2021,
    "month": 6,
    "day": 29,
    "hour": 21,
    "minute": 45,
    "temp": 28.56044776119401,
    "ntu": 534.4875621890548
}