{
    "year": 2021,
    "month": 6,
    "day": 3,
    "hour": 15,
    "minute": 55,
    "temp": 28.206169154228682,
    "ntu": 399.57462686567163
}