{
    "year": 2021,
    "month": 6,
    "day": 2,
    "hour": 13,
    "minute": 20,
    "temp": 28.29407960199037,
    "ntu": 400.19154228855723
}