{
    "year": 2021,
    "month": 5,
    "day": 15,
    "hour": 0,
    "minute": 25,
    "temp": 29.466336633663456,
    "ntu": -1.9183168316831682
}