{
    "year": 2021,
    "month": 6,
    "day": 12,
    "hour": 19,
    "minute": 5,
    "temp": 28.983267326732552,
    "ntu": 399.8787128712871
}