{
    "year": 2021,
    "month": 5,
    "day": 25,
    "hour": 11,
    "minute": 55,
    "temp": 28.23419354838721,
    "ntu": 697.6401985111662
}