{
    "year": 2021,
    "month": 6,
    "day": 5,
    "hour": 16,
    "minute": 45,
    "temp": 28.79582089552248,
    "ntu": 473.96268656716416
}