{
    "year": 2021,
    "month": 5,
    "day": 23,
    "hour": 5,
    "minute": 35,
    "temp": 27.54198511166259,
    "ntu": 44.53349875930521
}