{
    "year": 2021,
    "month": 7,
    "day": 1,
    "hour": 19,
    "minute": 40,
    "temp": 28.931795511222003,
    "ntu": 348.31172069825436
}