{
    "year": 2021,
    "month": 4,
    "day": 14,
    "hour": 7,
    "minute": 59,
    "temp": 27.48181818181819,
    "tds": 1123.5930303030295,
    "ph": 4.142424242424242,
    "ntu": 3000.0
}