{
    "year": 2021,
    "month": 6,
    "day": 12,
    "hour": 18,
    "minute": 15,
    "temp": 28.346823821339804,
    "ntu": 402.96029776674936
}