{
    "year": 2021,
    "month": 6,
    "day": 5,
    "hour": 2,
    "minute": 30,
    "temp": 28.54776674937983,
    "ntu": -8.00744416873449
}