{
    "year": 2021,
    "month": 5,
    "day": 31,
    "hour": 15,
    "minute": 15,
    "temp": 28.532835820895578,
    "ntu": 712.9800995024875
}