{
    "year": 2021,
    "month": 5,
    "day": 13,
    "hour": 7,
    "minute": 15,
    "temp": 30.863970223324888,
    "ntu": 841.5781637717122
}