{
    "year": 2021,
    "month": 5,
    "day": 2,
    "hour": 4,
    "minute": 20,
    "temp": 28.954466501240802,
    "ntu": -0.38461538461538464
}