{
    "year": 2021,
    "month": 5,
    "day": 16,
    "hour": 16,
    "minute": 25,
    "temp": 31.637587064676765,
    "ntu": 754.4203980099503
}