{
    "year": 2021,
    "month": 6,
    "day": 21,
    "hour": 23,
    "minute": 40,
    "temp": 28.60324189526172,
    "ntu": 404.5137157107232
}