{
    "year": 2021,
    "month": 6,
    "day": 3,
    "hour": 9,
    "minute": 50,
    "temp": 28.128411910670106,
    "ntu": 406.15384615384613
}