{
    "year": 2021,
    "month": 5,
    "day": 6,
    "hour": 5,
    "minute": 30,
    "temp": 29.583846153846274,
    "ntu": 70.99751861042184
}