{
    "year": 2021,
    "month": 6,
    "day": 18,
    "hour": 12,
    "minute": 0,
    "temp": 28.144900497512616,
    "ntu": 396.39303482587064
}