{
    "year": 2021,
    "month": 5,
    "day": 7,
    "hour": 17,
    "minute": 55,
    "temp": 29.39940446650125,
    "ntu": 767.6277915632754
}