{
    "year": 2021,
    "month": 5,
    "day": 17,
    "hour": 23,
    "minute": 40,
    "temp": 31.27475124378136,
    "ntu": -9.835820895522389
}