{
    "year": 2021,
    "month": 6,
    "day": 20,
    "hour": 1,
    "minute": 5,
    "temp": 28.14733830845789,
    "ntu": 417.5970149253731
}