{
    "year": 2021,
    "month": 4,
    "day": 30,
    "hour": 9,
    "minute": 30,
    "temp": 24.56000000000006,
    "ntu": 639.3895781637717
}