{
    "year": 2021,
    "month": 5,
    "day": 30,
    "hour": 13,
    "minute": 10,
    "temp": 28.891268656716385,
    "ntu": 686.9203980099503
}