{
    "year": 2021,
    "month": 6,
    "day": 1,
    "hour": 14,
    "minute": 5,
    "temp": 28.17357320099265,
    "ntu": 439.439205955335
}