{
    "year": 2021,
    "month": 5,
    "day": 21,
    "hour": 11,
    "minute": 45,
    "temp": 30.751940298507375,
    "ntu": 475.91293532338307
}