{
    "year": 2021,
    "month": 6,
    "day": 24,
    "hour": 20,
    "minute": 15,
    "temp": 28.389154228855894,
    "ntu": 344.1318407960199
}