{
    "year": 2021,
    "month": 5,
    "day": 28,
    "hour": 11,
    "minute": 15,
    "temp": 28.273374689826344,
    "ntu": 683.1042183622828
}