{
    "year": 2021,
    "month": 5,
    "day": 17,
    "hour": 3,
    "minute": 25,
    "temp": 29.618610421836074,
    "ntu": -1.498759305210918
}