{
    "year": 2021,
    "month": 5,
    "day": 14,
    "hour": 9,
    "minute": 5,
    "temp": 31.97094292803987,
    "ntu": 804.2630272952854
}