{
    "year": 2021,
    "month": 5,
    "day": 13,
    "hour": 19,
    "minute": 50,
    "temp": 31.88410447761211,
    "ntu": 802.8855721393035
}