{
    "year": 2021,
    "month": 5,
    "day": 10,
    "hour": 21,
    "minute": 25,
    "temp": 30.97243176178674,
    "ntu": 922.1116625310174
}