{
    "year": 2021,
    "month": 6,
    "day": 23,
    "hour": 0,
    "minute": 30,
    "temp": 28.30985074626864,
    "ntu": 406.99004975124376
}