{
    "year": 2021,
    "month": 5,
    "day": 17,
    "hour": 17,
    "minute": 55,
    "temp": 31.31686567164182,
    "ntu": 127.33830845771145
}