{
    "year": 2021,
    "month": 5,
    "day": 31,
    "hour": 19,
    "minute": 35,
    "temp": 29.0390594059406,
    "ntu": 483.2178217821782
}