{
    "year": 2021,
    "month": 5,
    "day": 15,
    "hour": 20,
    "minute": 15,
    "temp": 31.497568238213535,
    "ntu": 859.4590570719603
}