{
    "year": 2021,
    "month": 5,
    "day": 12,
    "hour": 5,
    "minute": 40,
    "temp": 30.173002481389492,
    "ntu": 120.3349875930521
}