{
    "year": 2021,
    "month": 6,
    "day": 30,
    "hour": 9,
    "minute": 40,
    "temp": 29.118827930174707,
    "ntu": 484.90274314214463
}