{
    "year": 2021,
    "month": 5,
    "day": 5,
    "hour": 3,
    "minute": 35,
    "temp": 29.385037220843536,
    "ntu": -0.18362282878411912
}