{
    "year": 2021,
    "month": 6,
    "day": 13,
    "hour": 11,
    "minute": 45,
    "temp": 28.39211442786089,
    "ntu": 288.23880597014926
}