{
    "year": 2021,
    "month": 5,
    "day": 21,
    "hour": 7,
    "minute": 35,
    "temp": 30.057468982630372,
    "ntu": 508.3647642679901
}