{
    "year": 2021,
    "month": 6,
    "day": 22,
    "hour": 12,
    "minute": 20,
    "temp": 29.003134328358204,
    "ntu": 378.7786069651741
}