{
    "year": 2021,
    "month": 5,
    "day": 15,
    "hour": 2,
    "minute": 30,
    "temp": 29.357692307692137,
    "ntu": -1.5062034739454093
}