{
    "year": 2021,
    "month": 5,
    "day": 21,
    "hour": 3,
    "minute": 30,
    "temp": 29.19437810945284,
    "ntu": 2.45771144278607
}