{
    "year": 2021,
    "month": 5,
    "day": 31,
    "hour": 21,
    "minute": 0,
    "temp": 28.75952736318415,
    "ntu": 458.19900497512435
}