{
    "year": 2021,
    "month": 6,
    "day": 4,
    "hour": 15,
    "minute": 10,
    "temp": 28.493746898263083,
    "ntu": 451.48883374689825
}