{
    "year": 2021,
    "month": 5,
    "day": 26,
    "hour": 11,
    "minute": 30,
    "temp": 28.779330024813977,
    "ntu": 768.531017369727
}