{
    "year": 2021,
    "month": 5,
    "day": 9,
    "hour": 17,
    "minute": 40,
    "temp": 29.525161290322607,
    "ntu": 799.6799007444168
}