{
    "year": 2021,
    "month": 5,
    "day": 21,
    "hour": 11,
    "minute": 10,
    "temp": 30.041538461538533,
    "ntu": 496.77667493796525
}