{
    "year": 2021,
    "month": 6,
    "day": 7,
    "hour": 8,
    "minute": 50,
    "temp": 28.077568238213363,
    "ntu": 215.97022332506202
}