{
    "year": 2021,
    "month": 6,
    "day": 23,
    "hour": 3,
    "minute": 55,
    "temp": 28.145945273632016,
    "ntu": -9.378109452736318
}