{
    "year": 2021,
    "month": 5,
    "day": 27,
    "hour": 6,
    "minute": 15,
    "temp": 27.74434243176188,
    "ntu": 70.38957816377172
}