{
    "year": 2021,
    "month": 6,
    "day": 30,
    "hour": 16,
    "minute": 5,
    "temp": 28.346417910447727,
    "ntu": 299.7985074626866
}