{
    "year": 2021,
    "month": 5,
    "day": 18,
    "hour": 22,
    "minute": 55,
    "temp": 30.110794044664985,
    "ntu": 471.439205955335
}