{
    "year": 2021,
    "month": 6,
    "day": 4,
    "hour": 2,
    "minute": 45,
    "temp": 28.868585607940425,
    "ntu": -5.995037220843672
}