{
    "year": 2021,
    "month": 5,
    "day": 14,
    "hour": 9,
    "minute": 20,
    "temp": 31.389454094292685,
    "ntu": 814.0124069478908
}