{
    "year": 2021,
    "month": 6,
    "day": 23,
    "hour": 13,
    "minute": 15,
    "temp": 29.00268656716418,
    "ntu": 377.3134328358209
}