{
    "year": 2021,
    "month": 6,
    "day": 12,
    "hour": 18,
    "minute": 0,
    "temp": 28.582835820895472,
    "ntu": 365.8756218905473
}