{
    "year": 2021,
    "month": 6,
    "day": 12,
    "hour": 20,
    "minute": 20,
    "temp": 28.09436724565773,
    "ntu": 382.35980148883374
}