{
    "year": 2021,
    "month": 6,
    "day": 27,
    "hour": 0,
    "minute": 50,
    "temp": 28.66527363184092,
    "ntu": 546.6119402985074
}