{
    "year": 2021,
    "month": 5,
    "day": 19,
    "hour": 23,
    "minute": 15,
    "temp": 28.611513647642592,
    "ntu": 0.315136476426799
}