{
    "year": 2021,
    "month": 6,
    "day": 21,
    "hour": 19,
    "minute": 30,
    "temp": 28.39228855721411,
    "ntu": 379.99004975124376
}