{
    "year": 2021,
    "month": 6,
    "day": 2,
    "hour": 1,
    "minute": 50,
    "temp": 28.721612903225914,
    "ntu": -4.39454094292804
}