{
    "year": 2021,
    "month": 5,
    "day": 14,
    "hour": 10,
    "minute": 5,
    "temp": 31.590521091811684,
    "ntu": 706.7096774193549
}