{
    "year": 2021,
    "month": 6,
    "day": 29,
    "hour": 13,
    "minute": 50,
    "temp": 28.612537313432902,
    "ntu": 485.7512437810945
}