{
    "year": 2021,
    "month": 4,
    "day": 30,
    "hour": 4,
    "minute": 5,
    "temp": 25.804342431761903,
    "ntu": 0.6550868486352357
}