{
    "year": 2021,
    "month": 5,
    "day": 22,
    "hour": 23,
    "minute": 20,
    "temp": 27.556567164179206,
    "ntu": 7.141791044776119
}