{
    "year": 2021,
    "month": 5,
    "day": 25,
    "hour": 12,
    "minute": 35,
    "temp": 28.711811414392006,
    "ntu": 677.3052109181142
}