{
    "year": 2021,
    "month": 5,
    "day": 22,
    "hour": 6,
    "minute": 10,
    "temp": 28.197468982630273,
    "ntu": 60.317617866004966
}