{
    "year": 2021,
    "month": 5,
    "day": 27,
    "hour": 10,
    "minute": 55,
    "temp": 28.850247524752657,
    "ntu": 698.9752475247525
}