{
    "year": 2021,
    "month": 6,
    "day": 17,
    "hour": 5,
    "minute": 20,
    "temp": 28.372935323383036,
    "ntu": -36.71393034825871
}