{
    "year": 2021,
    "month": 5,
    "day": 25,
    "hour": 23,
    "minute": 30,
    "temp": 27.85999999999986,
    "ntu": 6.635235732009925
}