{
    "year": 2021,
    "month": 6,
    "day": 5,
    "hour": 21,
    "minute": 35,
    "temp": 28.813432835820908,
    "ntu": 578.7338308457712
}