{
    "year": 2021,
    "month": 6,
    "day": 27,
    "hour": 6,
    "minute": 30,
    "temp": 27.871047381546276,
    "ntu": -55.583541147132166
}