{
    "year": 2021,
    "month": 5,
    "day": 14,
    "hour": 1,
    "minute": 50,
    "temp": 31.178358208955373,
    "ntu": -1.0621890547263682
}