{
    "year": 2021,
    "month": 5,
    "day": 14,
    "hour": 0,
    "minute": 50,
    "temp": 31.088387096774287,
    "ntu": -1.119106699751861
}