{
    "year": 2021,
    "month": 5,
    "day": 18,
    "hour": 14,
    "minute": 40,
    "temp": 31.731666666666822,
    "ntu": 158.18407960199005
}