{
    "year": 2021,
    "month": 5,
    "day": 15,
    "hour": 7,
    "minute": 45,
    "temp": 31.935572139303595,
    "ntu": 784.5149253731344
}