{
    "year": 2021,
    "month": 5,
    "day": 15,
    "hour": 12,
    "minute": 5,
    "temp": 31.957295285359933,
    "ntu": 763.7468982630273
}