{
    "year": 2021,
    "month": 6,
    "day": 30,
    "hour": 14,
    "minute": 20,
    "temp": 28.956309226932703,
    "ntu": 308.6633416458853
}