{
    "year": 2021,
    "month": 5,
    "day": 19,
    "hour": 15,
    "minute": 50,
    "temp": 30.805074626866002,
    "ntu": 460.62935323383084
}