{
    "year": 2021,
    "month": 6,
    "day": 20,
    "hour": 4,
    "minute": 10,
    "temp": 28.85516209476323,
    "ntu": -24.134663341645886
}