{
    "year": 2021,
    "month": 6,
    "day": 3,
    "hour": 15,
    "minute": 45,
    "temp": 28.032307692307747,
    "ntu": 423.59305210918114
}