{
    "year": 2021,
    "month": 6,
    "day": 24,
    "hour": 14,
    "minute": 50,
    "temp": 28.69000000000002,
    "ntu": 311.81592039800995
}