{
    "year": 2021,
    "month": 5,
    "day": 6,
    "hour": 2,
    "minute": 10,
    "temp": 29.392009925558227,
    "ntu": 0.18114143920595532
}