{
    "year": 2021,
    "month": 5,
    "day": 20,
    "hour": 17,
    "minute": 10,
    "temp": 30.95493796526064,
    "ntu": 502.6774193548387
}