{
    "year": 2021,
    "month": 6,
    "day": 22,
    "hour": 1,
    "minute": 40,
    "temp": 28.722089552238884,
    "ntu": 7.2388059701492535
}