{
    "year": 2021,
    "month": 5,
    "day": 24,
    "hour": 0,
    "minute": 35,
    "temp": 27.87679900744405,
    "ntu": 2.2853598014888337
}