{
    "year": 2021,
    "month": 5,
    "day": 4,
    "hour": 12,
    "minute": 0,
    "temp": 30.820621890547635,
    "ntu": 585.6567164179105
}