{
    "year": 2021,
    "month": 5,
    "day": 8,
    "hour": 0,
    "minute": 15,
    "temp": 30.293598014888584,
    "ntu": -0.7667493796526055
}