{
    "year": 2021,
    "month": 6,
    "day": 14,
    "hour": 3,
    "minute": 55,
    "temp": 28.76220843672467,
    "ntu": -45.16625310173697
}