{
    "year": 2021,
    "month": 5,
    "day": 20,
    "hour": 21,
    "minute": 0,
    "temp": 30.344838709677344,
    "ntu": 505.14888337468983
}