{
    "year": 2021,
    "month": 4,
    "day": 29,
    "hour": 23,
    "minute": 5,
    "temp": 28.65501240694801,
    "ntu": 864.439205955335
}