{
    "year": 2021,
    "month": 5,
    "day": 22,
    "hour": 1,
    "minute": 0,
    "temp": 28.76213399503743,
    "ntu": 4.965260545905707
}