{
    "year": 2021,
    "month": 5,
    "day": 20,
    "hour": 6,
    "minute": 25,
    "temp": 28.987935323383205,
    "ntu": 49.39054726368159
}