{
    "year": 2021,
    "month": 5,
    "day": 24,
    "hour": 10,
    "minute": 30,
    "temp": 28.29004962779166,
    "ntu": 182.6997518610422
}