{
    "year": 2021,
    "month": 6,
    "day": 19,
    "hour": 8,
    "minute": 45,
    "temp": 29.288507462686667,
    "ntu": 88.39303482587064
}