{
    "year": 2021,
    "month": 5,
    "day": 10,
    "hour": 1,
    "minute": 20,
    "temp": 30.54779156327561,
    "ntu": -0.8808933002481389
}