{
    "year": 2021,
    "month": 5,
    "day": 14,
    "hour": 22,
    "minute": 5,
    "temp": 31.900248138957995,
    "ntu": 802.3325062034739
}