{
    "year": 2021,
    "month": 6,
    "day": 7,
    "hour": 18,
    "minute": 45,
    "temp": 28.305384615384636,
    "ntu": 506.1985111662531
}