{
    "year": 2021,
    "month": 6,
    "day": 10,
    "hour": 11,
    "minute": 55,
    "temp": 28.913656716417794,
    "ntu": 422.2761194029851
}