{
    "year": 2021,
    "month": 5,
    "day": 19,
    "hour": 18,
    "minute": 50,
    "temp": 30.770397022332602,
    "ntu": 467.6029776674938
}