{
    "year": 2021,
    "month": 5,
    "day": 3,
    "hour": 8,
    "minute": 15,
    "temp": 29.8122332506204,
    "ntu": 652.4565756823821
}