{
    "year": 2021,
    "month": 6,
    "day": 24,
    "hour": 23,
    "minute": 0,
    "temp": 28.822686567164144,
    "ntu": 362.9004975124378
}