{
    "year": 2021,
    "month": 6,
    "day": 14,
    "hour": 13,
    "minute": 10,
    "temp": 28.48000000000011,
    "ntu": 243.4452736318408
}