{
    "year": 2021,
    "month": 6,
    "day": 26,
    "hour": 13,
    "minute": 30,
    "temp": 28.699576059850394,
    "ntu": 491.92269326683294
}