{
    "year": 2021,
    "month": 5,
    "day": 25,
    "hour": 1,
    "minute": 15,
    "temp": 28.376243781094402,
    "ntu": 4.460199004975125
}