{
    "year": 2021,
    "month": 5,
    "day": 16,
    "hour": 20,
    "minute": 55,
    "temp": 31.848684863523857,
    "ntu": 805.2779156327543
}