{
    "year": 2021,
    "month": 5,
    "day": 26,
    "hour": 13,
    "minute": 45,
    "temp": 28.068635235732064,
    "ntu": 771.2853598014889
}