{
    "year": 2021,
    "month": 6,
    "day": 18,
    "hour": 10,
    "minute": 35,
    "temp": 28.52403990024955,
    "ntu": 376.1321695760598
}