{
    "year": 2021,
    "month": 7,
    "day": 2,
    "hour": 0,
    "minute": 25,
    "temp": 28.362089552238814,
    "ntu": 423.5995024875622
}