{
    "year": 2021,
    "month": 4,
    "day": 12,
    "hour": 8,
    "minute": 59,
    "temp": 28.559999999999974,
    "tds": 1081.9918181818184,
    "ph": 7.279090909090911,
    "ntu": 3000.0
}