{
    "year": 2021,
    "month": 4,
    "day": 30,
    "hour": 2,
    "minute": 35,
    "temp": 29.085198019801954,
    "ntu": 0.8688118811881188
}