{
    "year": 2021,
    "month": 5,
    "day": 19,
    "hour": 0,
    "minute": 40,
    "temp": 28.88893034825858,
    "ntu": 143.44278606965173
}