{
    "year": 2021,
    "month": 6,
    "day": 3,
    "hour": 18,
    "minute": 40,
    "temp": 28.362960199004803,
    "ntu": 479.4179104477612
}