{
    "year": 2021,
    "month": 6,
    "day": 1,
    "hour": 12,
    "minute": 35,
    "temp": 28.332928039702185,
    "ntu": 443.01488833746896
}