{
    "year": 2021,
    "month": 5,
    "day": 12,
    "hour": 11,
    "minute": 30,
    "temp": 30.209652605458903,
    "ntu": 618.3846153846154
}