{
    "year": 2021,
    "month": 5,
    "day": 3,
    "hour": 21,
    "minute": 25,
    "temp": 29.03022332506204,
    "ntu": 773.2431761786601
}