{
    "year": 2021,
    "month": 6,
    "day": 24,
    "hour": 21,
    "minute": 25,
    "temp": 28.102044887780504,
    "ntu": 356.98753117206985
}