{
    "year": 2021,
    "month": 6,
    "day": 2,
    "hour": 7,
    "minute": 30,
    "temp": 28.244480198019822,
    "ntu": -241.41584158415841
}