{
    "year": 2021,
    "month": 5,
    "day": 12,
    "hour": 15,
    "minute": 5,
    "temp": 29.54764267990084,
    "ntu": 786.893300248139
}