{
    "year": 2021,
    "month": 6,
    "day": 10,
    "hour": 16,
    "minute": 55,
    "temp": 27.999851116625308,
    "ntu": 397.51116625310175
}