{
    "year": 2021,
    "month": 6,
    "day": 13,
    "hour": 2,
    "minute": 15,
    "temp": 27.994789081885926,
    "ntu": -8.682382133995038
}