{
    "year": 2021,
    "month": 5,
    "day": 5,
    "hour": 11,
    "minute": 30,
    "temp": 29.399652605459178,
    "ntu": 741.7816377171216
}