{
    "year": 2021,
    "month": 5,
    "day": 23,
    "hour": 19,
    "minute": 55,
    "temp": 28.28275434243182,
    "ntu": 467.72208436724566
}