{
    "year": 2021,
    "month": 5,
    "day": 10,
    "hour": 16,
    "minute": 15,
    "temp": 30.71519900497503,
    "ntu": 800.2985074626865
}