{
    "year": 2021,
    "month": 5,
    "day": 28,
    "hour": 18,
    "minute": 40,
    "temp": 28.37275434243184,
    "ntu": 639.3870967741935
}