{
    "year": 2021,
    "month": 6,
    "day": 12,
    "hour": 20,
    "minute": 30,
    "temp": 28.553432835821177,
    "ntu": 386.88557213930346
}