{
    "year": 2021,
    "month": 5,
    "day": 21,
    "hour": 0,
    "minute": 55,
    "temp": 30.898905472636894,
    "ntu": 1.6865671641791045
}