{
    "year": 2021,
    "month": 6,
    "day": 10,
    "hour": 19,
    "minute": 45,
    "temp": 28.466567164179143,
    "ntu": 476.9577114427861
}