{
    "year": 2021,
    "month": 5,
    "day": 20,
    "hour": 0,
    "minute": 45,
    "temp": 29.268982630272866,
    "ntu": 0.3027295285359802
}