{
    "year": 2021,
    "month": 6,
    "day": 23,
    "hour": 21,
    "minute": 0,
    "temp": 28.170623441396597,
    "ntu": 342.91770573566083
}