{
    "year": 2021,
    "month": 6,
    "day": 3,
    "hour": 4,
    "minute": 40,
    "temp": 28.999701492537188,
    "ntu": -40.93532338308458
}