{
    "year": 2021,
    "month": 6,
    "day": 1,
    "hour": 5,
    "minute": 10,
    "temp": 28.0901985111662,
    "ntu": -69.09677419354838
}