{
    "year": 2021,
    "month": 6,
    "day": 24,
    "hour": 13,
    "minute": 5,
    "temp": 28.036567164179143,
    "ntu": 298.9154228855721
}