{
    "year": 2021,
    "month": 6,
    "day": 13,
    "hour": 9,
    "minute": 25,
    "temp": 29.02701492537316,
    "ntu": 334.9228855721393
}