{
    "year": 2021,
    "month": 5,
    "day": 25,
    "hour": 16,
    "minute": 15,
    "temp": 29.020694789081883,
    "ntu": 585.7344913151364
}