{
    "year": 2021,
    "month": 5,
    "day": 4,
    "hour": 4,
    "minute": 45,
    "temp": 28.948188585608047,
    "ntu": 1.4813895781637718
}