{
    "year": 2021,
    "month": 5,
    "day": 28,
    "hour": 6,
    "minute": 55,
    "temp": 28.268610421836286,
    "ntu": 156.9106699751861
}