{
    "year": 2021,
    "month": 6,
    "day": 29,
    "hour": 6,
    "minute": 50,
    "temp": 28.883291770573432,
    "ntu": -100.4064837905237
}