{
    "year": 2021,
    "month": 5,
    "day": 18,
    "hour": 22,
    "minute": 20,
    "temp": 30.607220843672643,
    "ntu": 469.5831265508685
}