{
    "year": 2021,
    "month": 6,
    "day": 26,
    "hour": 7,
    "minute": 35,
    "temp": 28.481666666666566,
    "ntu": 68.48258706467662
}