{
    "year": 2021,
    "month": 5,
    "day": 29,
    "hour": 7,
    "minute": 50,
    "temp": 28.779776674938045,
    "ntu": 274.50372208436727
}