{
    "year": 2021,
    "month": 6,
    "day": 29,
    "hour": 22,
    "minute": 55,
    "temp": 28.191940298507475,
    "ntu": 547.1666666666666
}