{
    "year": 2021,
    "month": 5,
    "day": 25,
    "hour": 7,
    "minute": 45,
    "temp": 28.84513647642665,
    "ntu": 588.9007444168734
}