{
    "year": 2021,
    "month": 6,
    "day": 2,
    "hour": 18,
    "minute": 10,
    "temp": 28.907295285359705,
    "ntu": 379.7468982630273
}