{
    "year": 2021,
    "month": 6,
    "day": 28,
    "hour": 3,
    "minute": 35,
    "temp": 28.34665835411457,
    "ntu": -33.84788029925187
}