{
    "year": 2021,
    "month": 6,
    "day": 4,
    "hour": 10,
    "minute": 25,
    "temp": 29.057915632754316,
    "ntu": 469.33002481389576
}