{
    "year": 2021,
    "month": 5,
    "day": 18,
    "hour": 12,
    "minute": 15,
    "temp": 31.633995037220824,
    "ntu": 123.9801488833747
}