{
    "year": 2021,
    "month": 5,
    "day": 4,
    "hour": 6,
    "minute": 30,
    "temp": 30.582562189055043,
    "ntu": 759.7437810945273
}