{
    "year": 2021,
    "month": 5,
    "day": 19,
    "hour": 17,
    "minute": 50,
    "temp": 30.684789081885995,
    "ntu": 491.03970223325064
}