{
    "year": 2021,
    "month": 6,
    "day": 25,
    "hour": 16,
    "minute": 15,
    "temp": 28.190000000000012,
    "ntu": 321.2437810945274
}