{
    "year": 2021,
    "month": 6,
    "day": 12,
    "hour": 15,
    "minute": 30,
    "temp": 28.22509950248742,
    "ntu": 346.79353233830847
}