{
    "year": 2021,
    "month": 5,
    "day": 6,
    "hour": 5,
    "minute": 35,
    "temp": 29.309205955335138,
    "ntu": 81.40198511166253
}