{
    "year": 2021,
    "month": 6,
    "day": 26,
    "hour": 13,
    "minute": 35,
    "temp": 28.689129353233856,
    "ntu": 493.49751243781094
}