{
    "year": 2021,
    "month": 6,
    "day": 11,
    "hour": 3,
    "minute": 15,
    "temp": 28.269850746268656,
    "ntu": -20.407960199004975
}