{
    "year": 2021,
    "month": 5,
    "day": 5,
    "hour": 20,
    "minute": 5,
    "temp": 30.08556930693065,
    "ntu": 867.9480198019802
}