{
    "year": 2021,
    "month": 6,
    "day": 25,
    "hour": 8,
    "minute": 45,
    "temp": 28.452686567164193,
    "ntu": -59.12189054726368
}