{
    "year": 2021,
    "month": 5,
    "day": 5,
    "hour": 4,
    "minute": 10,
    "temp": 29.11027295285364,
    "ntu": 0.10173697270471464
}