{
    "year": 2021,
    "month": 6,
    "day": 29,
    "hour": 2,
    "minute": 10,
    "temp": 27.94000000000001,
    "ntu": -8.286069651741293
}