{
    "year": 2021,
    "month": 5,
    "day": 25,
    "hour": 16,
    "minute": 25,
    "temp": 28.81893300248141,
    "ntu": 600.5260545905708
}