{
    "year": 2021,
    "month": 4,
    "day": 29,
    "hour": 20,
    "minute": 20,
    "temp": 29.259826302729433,
    "ntu": 794.7717121588089
}