{
    "year": 2021,
    "month": 6,
    "day": 4,
    "hour": 2,
    "minute": 35,
    "temp": 28.95383084577106,
    "ntu": -7.701492537313433
}