{
    "year": 2021,
    "month": 6,
    "day": 11,
    "hour": 22,
    "minute": 15,
    "temp": 28.850719602977513,
    "ntu": 436.8709677419355
}