{
    "year": 2021,
    "month": 6,
    "day": 10,
    "hour": 20,
    "minute": 50,
    "temp": 28.980597014925507,
    "ntu": 507.8830845771144
}