{
    "year": 2021,
    "month": 5,
    "day": 17,
    "hour": 19,
    "minute": 5,
    "temp": 31.4801985111662,
    "ntu": 122.40446650124069
}