{
    "year": 2021,
    "month": 6,
    "day": 17,
    "hour": 2,
    "minute": 5,
    "temp": 28.030074812967534,
    "ntu": -4.149625935162095
}