{
    "year": 2021,
    "month": 6,
    "day": 4,
    "hour": 10,
    "minute": 15,
    "temp": 28.70174129353216,
    "ntu": 459.7512437810945
}