{
    "year": 2021,
    "month": 6,
    "day": 23,
    "hour": 3,
    "minute": 15,
    "temp": 28.545074626865755,
    "ntu": 6.634328358208955
}