{
    "year": 2021,
    "month": 5,
    "day": 28,
    "hour": 22,
    "minute": 15,
    "temp": 28.98027363184075,
    "ntu": 776.1069651741293
}