{
    "year": 2021,
    "month": 6,
    "day": 20,
    "hour": 3,
    "minute": 10,
    "temp": 28.292985074626976,
    "ntu": -6.482587064676617
}