{
    "year": 2021,
    "month": 6,
    "day": 2,
    "hour": 22,
    "minute": 0,
    "temp": 28.396972704714823,
    "ntu": 537.590570719603
}