{
    "year": 2021,
    "month": 6,
    "day": 20,
    "hour": 16,
    "minute": 0,
    "temp": 28.337910447761104,
    "ntu": 371.4925373134328
}