{
    "year": 2021,
    "month": 6,
    "day": 1,
    "hour": 4,
    "minute": 5,
    "temp": 28.255359801488943,
    "ntu": -27.88833746898263
}