{
    "year": 2021,
    "month": 4,
    "day": 30,
    "hour": 19,
    "minute": 20,
    "temp": 30.983514851485292,
    "ntu": 680.4059405940594
}