{
    "year": 2021,
    "month": 6,
    "day": 9,
    "hour": 20,
    "minute": 50,
    "temp": 28.880671641791047,
    "ntu": 503.5223880597015
}