{
    "year": 2021,
    "month": 5,
    "day": 24,
    "hour": 5,
    "minute": 35,
    "temp": 27.593109452736236,
    "ntu": 38.71890547263681
}