{
    "year": 2021,
    "month": 6,
    "day": 25,
    "hour": 0,
    "minute": 10,
    "temp": 28.38483790523707,
    "ntu": 363.98254364089775
}