{
    "year": 2021,
    "month": 6,
    "day": 29,
    "hour": 17,
    "minute": 15,
    "temp": 28.80895261845385,
    "ntu": 462.211970074813
}