{
    "year": 2021,
    "month": 5,
    "day": 11,
    "hour": 5,
    "minute": 10,
    "temp": 29.322686567164272,
    "ntu": 371.1268656716418
}