{
    "year": 2021,
    "month": 6,
    "day": 1,
    "hour": 9,
    "minute": 35,
    "temp": 28.304789081885897,
    "ntu": 414.3399503722084
}