{
    "year": 2021,
    "month": 5,
    "day": 14,
    "hour": 13,
    "minute": 5,
    "temp": 31.811935483870865,
    "ntu": 772.0570719602978
}