{
    "year": 2021,
    "month": 6,
    "day": 11,
    "hour": 3,
    "minute": 30,
    "temp": 29.17702233250624,
    "ntu": -25.277915632754343
}