{
    "year": 2021,
    "month": 6,
    "day": 11,
    "hour": 3,
    "minute": 50,
    "temp": 29.13074441687329,
    "ntu": -33.265508684863526
}