{
    "year": 2021,
    "month": 6,
    "day": 4,
    "hour": 21,
    "minute": 40,
    "temp": 28.135186104218338,
    "ntu": 550.0173697270471
}