{
    "year": 2021,
    "month": 4,
    "day": 29,
    "hour": 21,
    "minute": 40,
    "temp": 31.02411910669983,
    "ntu": 869.2282878411911
}