{
    "year": 2021,
    "month": 6,
    "day": 22,
    "hour": 0,
    "minute": 40,
    "temp": 28.054164588528714,
    "ntu": 405.1172069825436
}