{
    "year": 2021,
    "month": 5,
    "day": 17,
    "hour": 12,
    "minute": 40,
    "temp": 31.272928039702123,
    "ntu": 763.8263027295285
}