{
    "year": 2021,
    "month": 5,
    "day": 17,
    "hour": 8,
    "minute": 15,
    "temp": 31.778138957816513,
    "ntu": 737.7394540942928
}