{
    "year": 2021,
    "month": 6,
    "day": 28,
    "hour": 3,
    "minute": 30,
    "temp": 28.178457711442874,
    "ntu": -30.850746268656717
}