{
    "year": 2021,
    "month": 5,
    "day": 25,
    "hour": 12,
    "minute": 25,
    "temp": 28.443283582089585,
    "ntu": 672.7014925373135
}