{
    "year": 2021,
    "month": 5,
    "day": 10,
    "hour": 5,
    "minute": 35,
    "temp": 29.553176178660216,
    "ntu": 20.46650124069479
}