{
    "year": 2021,
    "month": 6,
    "day": 13,
    "hour": 1,
    "minute": 20,
    "temp": 27.55955223880597,
    "ntu": -9.577114427860696
}