{
    "year": 2021,
    "month": 5,
    "day": 14,
    "hour": 19,
    "minute": 55,
    "temp": 31.396923076923212,
    "ntu": 797.5434243176179
}