{
    "year": 2021,
    "month": 5,
    "day": 5,
    "hour": 11,
    "minute": 20,
    "temp": 29.676898263027432,
    "ntu": 791.3101736972704
}