{
    "year": 2021,
    "month": 6,
    "day": 9,
    "hour": 5,
    "minute": 55,
    "temp": 28.62342431761779,
    "ntu": -117.62779156327544
}