{
    "year": 2021,
    "month": 5,
    "day": 18,
    "hour": 15,
    "minute": 35,
    "temp": 31.439528535980234,
    "ntu": 142.9875930521092
}