{
    "year": 2021,
    "month": 5,
    "day": 18,
    "hour": 22,
    "minute": 25,
    "temp": 30.779104477612005,
    "ntu": 468.88557213930346
}