{
    "year": 2021,
    "month": 6,
    "day": 11,
    "hour": 4,
    "minute": 25,
    "temp": 28.17238213399515,
    "ntu": -66.4789081885856
}