{
    "year": 2021,
    "month": 6,
    "day": 5,
    "hour": 19,
    "minute": 55,
    "temp": 28.907518610422,
    "ntu": 525.7717121588089
}