{
    "year": 2021,
    "month": 5,
    "day": 23,
    "hour": 18,
    "minute": 40,
    "temp": 28.144342431761952,
    "ntu": 456.16873449131515
}