{
    "year": 2021,
    "month": 5,
    "day": 4,
    "hour": 8,
    "minute": 40,
    "temp": 29.666501240694664,
    "ntu": 537.741935483871
}