{
    "year": 2021,
    "month": 5,
    "day": 11,
    "hour": 1,
    "minute": 40,
    "temp": 30.70057071960286,
    "ntu": 281.4987593052109
}