{
    "year": 2021,
    "month": 6,
    "day": 12,
    "hour": 9,
    "minute": 55,
    "temp": 28.758208955223996,
    "ntu": 323.6169154228856
}