{
    "year": 2021,
    "month": 5,
    "day": 15,
    "hour": 13,
    "minute": 25,
    "temp": 31.59250620347379,
    "ntu": 745.2406947890819
}