{
    "year": 2021,
    "month": 6,
    "day": 13,
    "hour": 7,
    "minute": 15,
    "temp": 28.379851116625446,
    "ntu": -106.3151364764268
}