{
    "year": 2021,
    "month": 6,
    "day": 13,
    "hour": 19,
    "minute": 55,
    "temp": 29.05402985074629,
    "ntu": 282.21890547263683
}