{
    "year": 2021,
    "month": 5,
    "day": 28,
    "hour": 8,
    "minute": 35,
    "temp": 28.095285359801668,
    "ntu": 497.439205955335
}