{
    "year": 2021,
    "month": 6,
    "day": 19,
    "hour": 2,
    "minute": 25,
    "temp": 28.02319201995003,
    "ntu": -3.8154613466334166
}