{
    "year": 2021,
    "month": 6,
    "day": 14,
    "hour": 3,
    "minute": 20,
    "temp": 28.171321695760685,
    "ntu": -24.194513715710723
}