{
    "year": 2021,
    "month": 5,
    "day": 24,
    "hour": 6,
    "minute": 45,
    "temp": 27.432920792079294,
    "ntu": 55.274752475247524
}