{
    "year": 2021,
    "month": 5,
    "day": 24,
    "hour": 19,
    "minute": 35,
    "temp": 28.601538461538293,
    "ntu": 716.0744416873449
}