{
    "year": 2021,
    "month": 5,
    "day": 11,
    "hour": 10,
    "minute": 35,
    "temp": 29.050024813895835,
    "ntu": 422.2531017369727
}