{
    "year": 2021,
    "month": 6,
    "day": 3,
    "hour": 4,
    "minute": 15,
    "temp": 28.00104477611947,
    "ntu": -36.59452736318408
}