{
    "year": 2021,
    "month": 6,
    "day": 7,
    "hour": 21,
    "minute": 25,
    "temp": 29.021343283582127,
    "ntu": 571.7139303482587
}