{
    "year": 2021,
    "month": 7,
    "day": 1,
    "hour": 2,
    "minute": 20,
    "temp": 28.00283582089552,
    "ntu": -10.261194029850746
}