{
    "year": 2021,
    "month": 4,
    "day": 30,
    "hour": 2,
    "minute": 10,
    "temp": 30.01027295285372,
    "ntu": 0.858560794044665
}