{
    "year": 2021,
    "month": 6,
    "day": 11,
    "hour": 20,
    "minute": 40,
    "temp": 28.706501240694802,
    "ntu": 459.4789081885856
}