{
    "year": 2021,
    "month": 5,
    "day": 7,
    "hour": 17,
    "minute": 45,
    "temp": 29.03290322580647,
    "ntu": 786.3225806451613
}