{
    "year": 2021,
    "month": 5,
    "day": 5,
    "hour": 12,
    "minute": 5,
    "temp": 29.516228287841187,
    "ntu": 810.620347394541
}