{
    "year": 2021,
    "month": 6,
    "day": 8,
    "hour": 11,
    "minute": 5,
    "temp": 28.28513647642687,
    "ntu": 441.27295285359804
}