{
    "year": 2021,
    "month": 5,
    "day": 4,
    "hour": 2,
    "minute": 15,
    "temp": 29.932034739453968,
    "ntu": -0.3349875930521092
}