{
    "year": 2021,
    "month": 6,
    "day": 1,
    "hour": 15,
    "minute": 5,
    "temp": 28.55285359801499,
    "ntu": 400.682382133995
}