{
    "year": 2021,
    "month": 6,
    "day": 8,
    "hour": 2,
    "minute": 15,
    "temp": 28.40044776119412,
    "ntu": -10.664179104477611
}