{
    "year": 2021,
    "month": 5,
    "day": 30,
    "hour": 14,
    "minute": 50,
    "temp": 28.894615384615523,
    "ntu": 710.1935483870968
}