{
    "year": 2021,
    "month": 5,
    "day": 16,
    "hour": 9,
    "minute": 25,
    "temp": 31.919553349876065,
    "ntu": 793.2605459057072
}