{
    "year": 2021,
    "month": 5,
    "day": 17,
    "hour": 11,
    "minute": 25,
    "temp": 31.778507462686424,
    "ntu": 771.9477611940298
}