{
    "year": 2021,
    "month": 5,
    "day": 13,
    "hour": 10,
    "minute": 15,
    "temp": 29.794665012407048,
    "ntu": 621.0173697270471
}