{
    "year": 2021,
    "month": 5,
    "day": 7,
    "hour": 22,
    "minute": 55,
    "temp": 28.155310173697277,
    "ntu": -1.0496277915632755
}