{
    "year": 2021,
    "month": 5,
    "day": 4,
    "hour": 16,
    "minute": 5,
    "temp": 29.04764267990097,
    "ntu": 737.317617866005
}