{
    "year": 2021,
    "month": 5,
    "day": 17,
    "hour": 13,
    "minute": 50,
    "temp": 31.770099255582977,
    "ntu": 806.3399503722085
}