{
    "year": 2021,
    "month": 6,
    "day": 6,
    "hour": 8,
    "minute": 5,
    "temp": 28.4473449131514,
    "ntu": -264.43424317617865
}