{
    "year": 2021,
    "month": 6,
    "day": 16,
    "hour": 22,
    "minute": 5,
    "temp": 28.426218905472712,
    "ntu": 483.48258706467664
}