{
    "year": 2021,
    "month": 6,
    "day": 17,
    "hour": 8,
    "minute": 0,
    "temp": 27.940000000000005,
    "ntu": 28.399002493765586
}