{
    "year": 2021,
    "month": 5,
    "day": 30,
    "hour": 0,
    "minute": 40,
    "temp": 28.147990074441843,
    "ntu": 8.089330024813895
}