{
    "year": 2021,
    "month": 5,
    "day": 24,
    "hour": 20,
    "minute": 5,
    "temp": 28.10312655086832,
    "ntu": 709.439205955335
}