{
    "year": 2021,
    "month": 5,
    "day": 26,
    "hour": 8,
    "minute": 35,
    "temp": 28.102363184079717,
    "ntu": 715.181592039801
}