{
    "year": 2021,
    "month": 5,
    "day": 26,
    "hour": 10,
    "minute": 50,
    "temp": 28.666144278606918,
    "ntu": 726.5149253731344
}