{
    "year": 2021,
    "month": 6,
    "day": 7,
    "hour": 10,
    "minute": 50,
    "temp": 28.05761786600497,
    "ntu": 491.25558312655085
}