{
    "year": 2021,
    "month": 5,
    "day": 27,
    "hour": 9,
    "minute": 30,
    "temp": 28.957741935483963,
    "ntu": 721.5434243176179
}