{
    "year": 2021,
    "month": 5,
    "day": 1,
    "hour": 17,
    "minute": 40,
    "temp": 30.8965227817748,
    "ntu": 701.2470023980816
}