{
    "year": 2021,
    "month": 5,
    "day": 18,
    "hour": 2,
    "minute": 5,
    "temp": 30.538168316831822,
    "ntu": -9.247524752475247
}