{
    "year": 2021,
    "month": 6,
    "day": 10,
    "hour": 23,
    "minute": 40,
    "temp": 28.566616915423097,
    "ntu": 506.4179104477612
}