{
    "year": 2021,
    "month": 6,
    "day": 17,
    "hour": 0,
    "minute": 15,
    "temp": 28.00521091811414,
    "ntu": 482.49627791563273
}