{
    "year": 2021,
    "month": 6,
    "day": 25,
    "hour": 9,
    "minute": 55,
    "temp": 28.977164179104577,
    "ntu": 315.36567164179104
}