{
    "year": 2021,
    "month": 6,
    "day": 18,
    "hour": 21,
    "minute": 40,
    "temp": 28.60768656716424,
    "ntu": 401.0696517412935
}