{
    "year": 2021,
    "month": 5,
    "day": 20,
    "hour": 5,
    "minute": 50,
    "temp": 30.34409429280395,
    "ntu": 19.990074441687344
}