{
    "year": 2021,
    "month": 5,
    "day": 5,
    "hour": 8,
    "minute": 25,
    "temp": 30.133300248138866,
    "ntu": 768.5434243176179
}