{
    "year": 2021,
    "month": 5,
    "day": 12,
    "hour": 8,
    "minute": 45,
    "temp": 30.312686567164533,
    "ntu": 664.6169154228855
}