{
    "year": 2021,
    "month": 6,
    "day": 8,
    "hour": 3,
    "minute": 35,
    "temp": 29.0565671641792,
    "ntu": -22.101990049751244
}