{
    "year": 2021,
    "month": 6,
    "day": 12,
    "hour": 10,
    "minute": 25,
    "temp": 28.798833746898328,
    "ntu": 357.2357320099256
}