{
    "year": 2021,
    "month": 5,
    "day": 18,
    "hour": 19,
    "minute": 55,
    "temp": 30.969351620947748,
    "ntu": 547.428927680798
}