{
    "year": 2021,
    "month": 6,
    "day": 24,
    "hour": 19,
    "minute": 35,
    "temp": 28.58962779156321,
    "ntu": 333.8436724565757
}