{
    "year": 2021,
    "month": 6,
    "day": 26,
    "hour": 7,
    "minute": 25,
    "temp": 28.437462686567205,
    "ntu": 33.23880597014925
}