{
    "year": 2021,
    "month": 5,
    "day": 28,
    "hour": 3,
    "minute": 40,
    "temp": 28.7381389578165,
    "ntu": 1.1687344913151365
}