{
    "year": 2021,
    "month": 6,
    "day": 17,
    "hour": 10,
    "minute": 35,
    "temp": 28.9982089552239,
    "ntu": 422.00995024875624
}