{
    "year": 2021,
    "month": 5,
    "day": 20,
    "hour": 15,
    "minute": 5,
    "temp": 30.447047146401868,
    "ntu": 443.49627791563273
}