{
    "year": 2021,
    "month": 6,
    "day": 4,
    "hour": 5,
    "minute": 0,
    "temp": 28.26265508684873,
    "ntu": -85.24565756823822
}