{
    "year": 2021,
    "month": 6,
    "day": 7,
    "hour": 11,
    "minute": 55,
    "temp": 28.596774193548242,
    "ntu": 478.0049627791563
}