{
    "year": 2021,
    "month": 6,
    "day": 29,
    "hour": 8,
    "minute": 50,
    "temp": 29.036417910447845,
    "ntu": 3.6044776119402986
}