{
    "year": 2021,
    "month": 5,
    "day": 29,
    "hour": 17,
    "minute": 30,
    "temp": 28.486079404466395,
    "ntu": 669.4739454094292
}