{
    "year": 2021,
    "month": 6,
    "day": 11,
    "hour": 5,
    "minute": 0,
    "temp": 27.739578163771796,
    "ntu": -73.59057071960298
}