{
    "year": 2021,
    "month": 5,
    "day": 16,
    "hour": 9,
    "minute": 0,
    "temp": 31.767462686567196,
    "ntu": 697.8905472636816
}