{
    "year": 2021,
    "month": 6,
    "day": 20,
    "hour": 19,
    "minute": 15,
    "temp": 28.968279301745696,
    "ntu": 382.43142144638404
}