{
    "year": 2021,
    "month": 4,
    "day": 30,
    "hour": 16,
    "minute": 5,
    "temp": 30.92861042183638,
    "ntu": 869.2307692307693
}