{
    "year": 2021,
    "month": 5,
    "day": 1,
    "hour": 11,
    "minute": 40,
    "temp": 30.253126550868604,
    "ntu": 723.4044665012407
}