{
    "year": 2021,
    "month": 6,
    "day": 6,
    "hour": 23,
    "minute": 5,
    "temp": 28.353930348258544,
    "ntu": 602.3855721393035
}