{
    "year": 2021,
    "month": 5,
    "day": 8,
    "hour": 23,
    "minute": 0,
    "temp": 27.864888337468855,
    "ntu": -1.2779156327543424
}