{
    "year": 2021,
    "month": 6,
    "day": 9,
    "hour": 23,
    "minute": 5,
    "temp": 28.329205955334956,
    "ntu": 558.6277915632754
}