{
    "year": 2021,
    "month": 5,
    "day": 25,
    "hour": 11,
    "minute": 10,
    "temp": 28.831240694788978,
    "ntu": 639.5558312655087
}