{
    "year": 2021,
    "month": 5,
    "day": 17,
    "hour": 17,
    "minute": 40,
    "temp": 31.301066997518625,
    "ntu": 127.8213399503722
}