{
    "year": 2021,
    "month": 6,
    "day": 24,
    "hour": 8,
    "minute": 30,
    "temp": 28.366815920398018,
    "ntu": -69.69900497512438
}