{
    "year": 2021,
    "month": 5,
    "day": 28,
    "hour": 9,
    "minute": 10,
    "temp": 29.0236724565757,
    "ntu": 673.4168734491315
}