{
    "year": 2021,
    "month": 6,
    "day": 12,
    "hour": 11,
    "minute": 45,
    "temp": 28.353880597015056,
    "ntu": 356.2835820895522
}