{
    "year": 2021,
    "month": 6,
    "day": 19,
    "hour": 19,
    "minute": 35,
    "temp": 28.183184079602032,
    "ntu": 392.97014925373134
}