{
    "year": 2021,
    "month": 5,
    "day": 22,
    "hour": 19,
    "minute": 10,
    "temp": 28.505657568238277,
    "ntu": 377.32506203473946
}