{
    "year": 2021,
    "month": 7,
    "day": 2,
    "hour": 0,
    "minute": 55,
    "temp": 28.190000000000012,
    "ntu": 423.8457711442786
}