{
    "year": 2021,
    "month": 5,
    "day": 22,
    "hour": 13,
    "minute": 20,
    "temp": 28.776352357320306,
    "ntu": 279.8138957816377
}