{
    "year": 2021,
    "month": 5,
    "day": 24,
    "hour": 1,
    "minute": 10,
    "temp": 28.29320099255594,
    "ntu": 3.2655086848635237
}