{
    "year": 2021,
    "month": 6,
    "day": 25,
    "hour": 0,
    "minute": 5,
    "temp": 28.439303482587082,
    "ntu": 363.4726368159204
}