{
    "year": 2021,
    "month": 5,
    "day": 28,
    "hour": 10,
    "minute": 5,
    "temp": 28.05076923076949,
    "ntu": 663.7444168734492
}