{
    "year": 2021,
    "month": 5,
    "day": 13,
    "hour": 20,
    "minute": 15,
    "temp": 31.7712903225808,
    "ntu": 880.3225806451613
}