{
    "year": 2021,
    "month": 6,
    "day": 19,
    "hour": 22,
    "minute": 10,
    "temp": 29.005074626865675,
    "ntu": 417.14925373134326
}