{
    "year": 2021,
    "month": 6,
    "day": 11,
    "hour": 20,
    "minute": 55,
    "temp": 28.479900744416994,
    "ntu": 443.8982630272953
}