{
    "year": 2021,
    "month": 5,
    "day": 23,
    "hour": 18,
    "minute": 15,
    "temp": 28.618511166253004,
    "ntu": 465.5955334987593
}