{
    "year": 2021,
    "month": 5,
    "day": 16,
    "hour": 1,
    "minute": 20,
    "temp": 29.72995024875633,
    "ntu": -2.0323383084577116
}