{
    "year": 2021,
    "month": 5,
    "day": 21,
    "hour": 15,
    "minute": 30,
    "temp": 30.391191066997568,
    "ntu": 510.4441687344913
}