{
    "year": 2021,
    "month": 6,
    "day": 21,
    "hour": 5,
    "minute": 20,
    "temp": 28.552418952618705,
    "ntu": -35.753117206982544
}