{
    "year": 2021,
    "month": 5,
    "day": 15,
    "hour": 16,
    "minute": 10,
    "temp": 31.974243176178668,
    "ntu": 803.0421836228288
}