{
    "year": 2021,
    "month": 5,
    "day": 8,
    "hour": 7,
    "minute": 55,
    "temp": 30.395310173697396,
    "ntu": 796.3870967741935
}