{
    "year": 2021,
    "month": 5,
    "day": 21,
    "hour": 1,
    "minute": 15,
    "temp": 29.704342431761823,
    "ntu": 1.935483870967742
}