{
    "year": 2021,
    "month": 6,
    "day": 19,
    "hour": 15,
    "minute": 25,
    "temp": 28.46223880597018,
    "ntu": 370.31094527363183
}