{
    "year": 2021,
    "month": 6,
    "day": 23,
    "hour": 20,
    "minute": 20,
    "temp": 28.30940149625934,
    "ntu": 334.7057356608479
}