{
    "year": 2021,
    "month": 5,
    "day": 21,
    "hour": 17,
    "minute": 35,
    "temp": 28.52650124069481,
    "ntu": 678.059553349876
}