{
    "year": 2021,
    "month": 6,
    "day": 5,
    "hour": 7,
    "minute": 15,
    "temp": 27.644726368159375,
    "ntu": -209.7810945273632
}