{
    "year": 2021,
    "month": 6,
    "day": 17,
    "hour": 12,
    "minute": 50,
    "temp": 28.58641791044769,
    "ntu": 417.17910447761193
}