{
    "year": 2021,
    "month": 6,
    "day": 7,
    "hour": 20,
    "minute": 45,
    "temp": 28.184004975124417,
    "ntu": 573.7487562189054
}