{
    "year": 2021,
    "month": 6,
    "day": 30,
    "hour": 19,
    "minute": 55,
    "temp": 28.309999999999985,
    "ntu": 336.3258706467662
}