{
    "year": 2021,
    "month": 4,
    "day": 19,
    "hour": 15,
    "minute": 59,
    "temp": 29.21545454545455,
    "tds": 1190.485757575758,
    "ph": 1.612727272727273,
    "ntu": 3000.0
}