{
    "year": 2021,
    "month": 5,
    "day": 17,
    "hour": 7,
    "minute": 35,
    "temp": 31.811930693069637,
    "ntu": 787.3737623762377
}