{
    "year": 2021,
    "month": 6,
    "day": 11,
    "hour": 7,
    "minute": 25,
    "temp": 27.987196029776776,
    "ntu": -231.91563275434243
}