{
    "year": 2021,
    "month": 6,
    "day": 2,
    "hour": 15,
    "minute": 40,
    "temp": 28.454590570719617,
    "ntu": 368.7071960297767
}