{
    "year": 2021,
    "month": 5,
    "day": 16,
    "hour": 22,
    "minute": 0,
    "temp": 31.023225806451624,
    "ntu": 857.9578163771712
}