{
    "year": 2021,
    "month": 4,
    "day": 30,
    "hour": 6,
    "minute": 30,
    "temp": 24.370000000000054,
    "ntu": 804.1116625310174
}