{
    "year": 2021,
    "month": 5,
    "day": 4,
    "hour": 8,
    "minute": 15,
    "temp": 29.10111662531002,
    "ntu": 549.2431761786601
}