{
    "year": 2021,
    "month": 6,
    "day": 29,
    "hour": 20,
    "minute": 55,
    "temp": 28.89461346633435,
    "ntu": 521.9950124688279
}