{
    "year": 2021,
    "month": 6,
    "day": 29,
    "hour": 4,
    "minute": 35,
    "temp": 28.769427860696542,
    "ntu": -64.80099502487562
}