{
    "year": 2021,
    "month": 5,
    "day": 26,
    "hour": 4,
    "minute": 25,
    "temp": 28.241592039801116,
    "ntu": 5.017412935323383
}