{
    "year": 2021,
    "month": 5,
    "day": 16,
    "hour": 23,
    "minute": 40,
    "temp": 31.36114427860717,
    "ntu": -3.1766169154228856
}