{
    "year": 2021,
    "month": 7,
    "day": 1,
    "hour": 7,
    "minute": 30,
    "temp": 28.148628428927857,
    "ntu": -144.13466334164588
}