{
    "year": 2021,
    "month": 6,
    "day": 9,
    "hour": 14,
    "minute": 40,
    "temp": 28.582481389578106,
    "ntu": 454.96774193548384
}