{
    "year": 2021,
    "month": 4,
    "day": 29,
    "hour": 20,
    "minute": 30,
    "temp": 29.558660049628152,
    "ntu": 810.1712158808933
}