{
    "year": 2021,
    "month": 6,
    "day": 4,
    "hour": 19,
    "minute": 30,
    "temp": 28.34156327543413,
    "ntu": 477.3101736972705
}