{
    "year": 2021,
    "month": 6,
    "day": 9,
    "hour": 5,
    "minute": 35,
    "temp": 28.682580645161284,
    "ntu": -91.43920595533498
}