{
    "year": 2021,
    "month": 5,
    "day": 18,
    "hour": 17,
    "minute": 10,
    "temp": 31.781265508684935,
    "ntu": 159.74193548387098
}