{
    "year": 2021,
    "month": 7,
    "day": 1,
    "hour": 22,
    "minute": 25,
    "temp": 28.04952618453892,
    "ntu": 390.6932668329177
}