{
    "year": 2021,
    "month": 6,
    "day": 25,
    "hour": 12,
    "minute": 25,
    "temp": 28.146882793017607,
    "ntu": 313.6982543640898
}