{
    "year": 2021,
    "month": 5,
    "day": 26,
    "hour": 5,
    "minute": 5,
    "temp": 27.89416873449133,
    "ntu": 15.312655086848634
}