{
    "year": 2021,
    "month": 5,
    "day": 29,
    "hour": 14,
    "minute": 15,
    "temp": 28.11506203473939,
    "ntu": 728.3821339950372
}