{
    "year": 2021,
    "month": 6,
    "day": 18,
    "hour": 19,
    "minute": 50,
    "temp": 28.500124688279367,
    "ntu": 383.1296758104738
}