{
    "year": 2021,
    "month": 6,
    "day": 28,
    "hour": 19,
    "minute": 30,
    "temp": 28.0459351620948,
    "ntu": 468.14463840399003
}