{
    "year": 2021,
    "month": 5,
    "day": 21,
    "hour": 2,
    "minute": 55,
    "temp": 30.728858560793952,
    "ntu": 1.9702233250620347
}