{
    "year": 2021,
    "month": 6,
    "day": 29,
    "hour": 3,
    "minute": 55,
    "temp": 28.287910447761288,
    "ntu": -49.17910447761194
}