{
    "year": 2021,
    "month": 6,
    "day": 30,
    "hour": 5,
    "minute": 20,
    "temp": 28.336716417910374,
    "ntu": -85.15671641791045
}