{
    "year": 2021,
    "month": 6,
    "day": 6,
    "hour": 20,
    "minute": 50,
    "temp": 28.889850746268657,
    "ntu": 550.905472636816
}