{
    "year": 2021,
    "month": 5,
    "day": 15,
    "hour": 0,
    "minute": 40,
    "temp": 31.227611940298278,
    "ntu": -1.992537313432836
}