{
    "year": 2021,
    "month": 5,
    "day": 19,
    "hour": 19,
    "minute": 25,
    "temp": 30.80091811414401,
    "ntu": 499.3473945409429
}