{
    "year": 2021,
    "month": 6,
    "day": 22,
    "hour": 16,
    "minute": 50,
    "temp": 28.114626865671692,
    "ntu": 366.9800995024876
}