{
    "year": 2021,
    "month": 6,
    "day": 29,
    "hour": 20,
    "minute": 50,
    "temp": 28.939825870646793,
    "ntu": 524.2039800995025
}