{
    "year": 2021,
    "month": 5,
    "day": 30,
    "hour": 2,
    "minute": 45,
    "temp": 28.902481389578057,
    "ntu": 11.8287841191067
}