{
    "year": 2021,
    "month": 5,
    "day": 29,
    "hour": 7,
    "minute": 25,
    "temp": 27.90223880597031,
    "ntu": 208.47014925373134
}