{
    "year": 2021,
    "month": 4,
    "day": 29,
    "hour": 17,
    "minute": 35,
    "temp": 30.535583126550932,
    "ntu": 812.8362282878412
}