{
    "year": 2021,
    "month": 6,
    "day": 9,
    "hour": 20,
    "minute": 35,
    "temp": 28.109627791563362,
    "ntu": 508.49627791563273
}