{
    "year": 2021,
    "month": 5,
    "day": 11,
    "hour": 20,
    "minute": 0,
    "temp": 29.718734491314997,
    "ntu": 825.8684863523573
}