{
    "year": 2021,
    "month": 5,
    "day": 29,
    "hour": 1,
    "minute": 20,
    "temp": 27.142636815920554,
    "ntu": 1.5149253731343284
}