{
    "year": 2021,
    "month": 6,
    "day": 9,
    "hour": 15,
    "minute": 20,
    "temp": 28.24985111662531,
    "ntu": 448.37468982630276
}