{
    "year": 2021,
    "month": 5,
    "day": 9,
    "hour": 14,
    "minute": 15,
    "temp": 29.37682382133989,
    "ntu": 790.7667493796527
}