{
    "year": 2021,
    "month": 5,
    "day": 30,
    "hour": 0,
    "minute": 5,
    "temp": 28.083374689826254,
    "ntu": 839.3076923076923
}