{
    "year": 2021,
    "month": 6,
    "day": 26,
    "hour": 8,
    "minute": 0,
    "temp": 28.258955223880594,
    "ntu": 61.601990049751244
}