{
    "year": 2021,
    "month": 5,
    "day": 15,
    "hour": 18,
    "minute": 30,
    "temp": 31.151786600496433,
    "ntu": 840.059553349876
}