{
    "year": 2021,
    "month": 6,
    "day": 4,
    "hour": 2,
    "minute": 30,
    "temp": 28.67563275434255,
    "ntu": -8.384615384615385
}