{
    "year": 2021,
    "month": 5,
    "day": 21,
    "hour": 7,
    "minute": 30,
    "temp": 30.23397022332519,
    "ntu": 525.3250620347394
}