{
    "year": 2021,
    "month": 5,
    "day": 13,
    "hour": 3,
    "minute": 45,
    "temp": 30.762686567164053,
    "ntu": -1.291044776119403
}