{
    "year": 2021,
    "month": 6,
    "day": 4,
    "hour": 1,
    "minute": 40,
    "temp": 28.984516129032368,
    "ntu": -4.890818858560794
}