{
    "year": 2021,
    "month": 5,
    "day": 1,
    "hour": 14,
    "minute": 0,
    "temp": 30.951608910890982,
    "ntu": 654.1683168316831
}