{
    "year": 2021,
    "month": 5,
    "day": 4,
    "hour": 0,
    "minute": 30,
    "temp": 29.074565756823908,
    "ntu": -0.04714640198511166
}