{
    "year": 2021,
    "month": 6,
    "day": 20,
    "hour": 7,
    "minute": 40,
    "temp": 28.182014925373185,
    "ntu": 77.57960199004975
}