{
    "year": 2021,
    "month": 5,
    "day": 9,
    "hour": 23,
    "minute": 15,
    "temp": 30.385536159601045,
    "ntu": -1.0723192019950125
}