{
    "year": 2021,
    "month": 5,
    "day": 21,
    "hour": 9,
    "minute": 35,
    "temp": 30.886476426798925,
    "ntu": 483.17617866004963
}