{
    "year": 2021,
    "month": 7,
    "day": 1,
    "hour": 17,
    "minute": 25,
    "temp": 28.371044776119565,
    "ntu": 320.8880597014925
}