{
    "year": 2021,
    "month": 5,
    "day": 11,
    "hour": 4,
    "minute": 35,
    "temp": 28.677830423940204,
    "ntu": 305.1321695760598
}