{
    "year": 2021,
    "month": 5,
    "day": 22,
    "hour": 19,
    "minute": 45,
    "temp": 28.27213399503743,
    "ntu": 351.66997518610424
}