{
    "year": 2021,
    "month": 6,
    "day": 14,
    "hour": 5,
    "minute": 20,
    "temp": 28.14775561097275,
    "ntu": -146.67830423940148
}