{
    "year": 2021,
    "month": 5,
    "day": 26,
    "hour": 9,
    "minute": 40,
    "temp": 28.638511166253178,
    "ntu": 763.4540942928039
}