{
    "year": 2021,
    "month": 5,
    "day": 23,
    "hour": 9,
    "minute": 30,
    "temp": 28.919007444168617,
    "ntu": 291.5136476426799
}