{
    "year": 2021,
    "month": 6,
    "day": 6,
    "hour": 0,
    "minute": 0,
    "temp": 28.019801488833664,
    "ntu": 572.2084367245658
}