{
    "year": 2021,
    "month": 5,
    "day": 13,
    "hour": 15,
    "minute": 0,
    "temp": 30.003722084367332,
    "ntu": 838.0124069478908
}