{
    "year": 2021,
    "month": 6,
    "day": 1,
    "hour": 21,
    "minute": 30,
    "temp": 28.000746268656716,
    "ntu": 465.76119402985074
}