{
    "year": 2021,
    "month": 5,
    "day": 1,
    "hour": 9,
    "minute": 0,
    "temp": 24.48660049627789,
    "ntu": 334.545905707196
}