{
    "year": 2021,
    "month": 5,
    "day": 8,
    "hour": 15,
    "minute": 25,
    "temp": 29.808957816377536,
    "ntu": 742.213399503722
}