{
    "year": 2021,
    "month": 6,
    "day": 10,
    "hour": 17,
    "minute": 10,
    "temp": 28.67564676616901,
    "ntu": 391.2089552238806
}