{
    "year": 2021,
    "month": 5,
    "day": 21,
    "hour": 7,
    "minute": 5,
    "temp": 30.996575682382133,
    "ntu": 516.4615384615385
}