{
    "year": 2021,
    "month": 6,
    "day": 18,
    "hour": 9,
    "minute": 20,
    "temp": 28.69441396508731,
    "ntu": -6.271820448877805
}