{
    "year": 2021,
    "month": 5,
    "day": 26,
    "hour": 23,
    "minute": 30,
    "temp": 28.370820895522233,
    "ntu": -0.736318407960199
}