{
    "year": 2021,
    "month": 6,
    "day": 8,
    "hour": 21,
    "minute": 35,
    "temp": 28.932456575682455,
    "ntu": 548.7394540942928
}