{
    "year": 2021,
    "month": 5,
    "day": 10,
    "hour": 16,
    "minute": 35,
    "temp": 31.053151364764208,
    "ntu": 829.4937965260546
}