{
    "year": 2021,
    "month": 6,
    "day": 1,
    "hour": 14,
    "minute": 35,
    "temp": 28.726915422885448,
    "ntu": 400.3955223880597
}