{
    "year": 2021,
    "month": 6,
    "day": 23,
    "hour": 16,
    "minute": 40,
    "temp": 28.05925373134328,
    "ntu": 336.6865671641791
}