{
    "year": 2021,
    "month": 5,
    "day": 8,
    "hour": 9,
    "minute": 45,
    "temp": 30.288560794044763,
    "ntu": 753.1464019851117
}