{
    "year": 2021,
    "month": 6,
    "day": 11,
    "hour": 3,
    "minute": 55,
    "temp": 28.95935323383093,
    "ntu": -36.865671641791046
}