{
    "year": 2021,
    "month": 5,
    "day": 24,
    "hour": 8,
    "minute": 40,
    "temp": 28.583582089552177,
    "ntu": 237.1144278606965
}