{
    "year": 2021,
    "month": 5,
    "day": 24,
    "hour": 9,
    "minute": 25,
    "temp": 28.051885856079696,
    "ntu": 316.575682382134
}