{
    "year": 2021,
    "month": 5,
    "day": 6,
    "hour": 10,
    "minute": 45,
    "temp": 30.300918114144007,
    "ntu": 828.3300248138958
}