{
    "year": 2021,
    "month": 6,
    "day": 12,
    "hour": 12,
    "minute": 35,
    "temp": 28.659950372208584,
    "ntu": 371.25558312655085
}