{
    "year": 2021,
    "month": 4,
    "day": 20,
    "hour": 1,
    "minute": 59,
    "temp": 28.440000000000023,
    "tds": 1098.2293939393937,
    "ph": 2.6472727272727274,
    "ntu": 3000.0
}