{
    "year": 2021,
    "month": 5,
    "day": 5,
    "hour": 22,
    "minute": 25,
    "temp": 29.45699751861053,
    "ntu": -0.5136476426799007
}