{
    "year": 2021,
    "month": 6,
    "day": 8,
    "hour": 20,
    "minute": 35,
    "temp": 28.43853598014894,
    "ntu": 529.424317617866
}