{
    "year": 2021,
    "month": 5,
    "day": 21,
    "hour": 15,
    "minute": 10,
    "temp": 30.146476426798987,
    "ntu": 527.3498759305211
}