{
    "year": 2021,
    "month": 5,
    "day": 4,
    "hour": 6,
    "minute": 15,
    "temp": 30.286451612903516,
    "ntu": 765.3374689826303
}