{
    "year": 2021,
    "month": 5,
    "day": 2,
    "hour": 3,
    "minute": 50,
    "temp": 30.19151364764258,
    "ntu": 79.5062034739454
}