{
    "year": 2021,
    "month": 5,
    "day": 12,
    "hour": 10,
    "minute": 0,
    "temp": 29.689975186104288,
    "ntu": 540.0322580645161
}