{
    "year": 2021,
    "month": 5,
    "day": 10,
    "hour": 20,
    "minute": 50,
    "temp": 30.05617866004993,
    "ntu": 863.258064516129
}