{
    "year": 2021,
    "month": 6,
    "day": 29,
    "hour": 14,
    "minute": 25,
    "temp": 28.42920398009956,
    "ntu": 474.4577114427861
}