{
    "year": 2021,
    "month": 6,
    "day": 10,
    "hour": 3,
    "minute": 0,
    "temp": 28.380049627791482,
    "ntu": -13.377171215880892
}