{
    "year": 2021,
    "month": 5,
    "day": 14,
    "hour": 9,
    "minute": 50,
    "temp": 31.334776119402868,
    "ntu": 734.002487562189
}