{
    "year": 2021,
    "month": 5,
    "day": 6,
    "hour": 1,
    "minute": 35,
    "temp": 29.470769230769356,
    "ntu": 0.0024813895781637717
}