{
    "year": 2021,
    "month": 6,
    "day": 25,
    "hour": 2,
    "minute": 25,
    "temp": 28.254626865671536,
    "ntu": -5.534825870646766
}