{
    "year": 2021,
    "month": 5,
    "day": 11,
    "hour": 17,
    "minute": 10,
    "temp": 29.33332506203468,
    "ntu": 848.6575682382133
}