{
    "year": 2021,
    "month": 6,
    "day": 17,
    "hour": 20,
    "minute": 20,
    "temp": 28.120224438902824,
    "ntu": 440.48877805486285
}