{
    "year": 2021,
    "month": 5,
    "day": 18,
    "hour": 7,
    "minute": 50,
    "temp": 31.9964267990075,
    "ntu": 125.56575682382135
}