{
    "year": 2021,
    "month": 5,
    "day": 6,
    "hour": 14,
    "minute": 45,
    "temp": 29.47069306930704,
    "ntu": 789.4059405940594
}