{
    "year": 2021,
    "month": 5,
    "day": 24,
    "hour": 1,
    "minute": 45,
    "temp": 27.738267326732903,
    "ntu": 1.8143564356435644
}