{
    "year": 2021,
    "month": 5,
    "day": 28,
    "hour": 6,
    "minute": 25,
    "temp": 28.62476426799012,
    "ntu": 87.36476426799007
}