{
    "year": 2021,
    "month": 6,
    "day": 3,
    "hour": 17,
    "minute": 5,
    "temp": 28.308511166253098,
    "ntu": 480.09181141439205
}