{
    "year": 2021,
    "month": 6,
    "day": 1,
    "hour": 1,
    "minute": 50,
    "temp": 28.413482587064674,
    "ntu": -6.793532338308458
}