{
    "year": 2021,
    "month": 6,
    "day": 20,
    "hour": 7,
    "minute": 10,
    "temp": 28.561641791044806,
    "ntu": 16.980099502487562
}