{
    "year": 2021,
    "month": 5,
    "day": 8,
    "hour": 10,
    "minute": 15,
    "temp": 30.77560794044672,
    "ntu": 783.9578163771712
}