{
    "year": 2021,
    "month": 5,
    "day": 9,
    "hour": 3,
    "minute": 0,
    "temp": 28.615657568238102,
    "ntu": -0.7890818858560794
}