{
    "year": 2021,
    "month": 5,
    "day": 27,
    "hour": 17,
    "minute": 50,
    "temp": 28.994491315136486,
    "ntu": 726.1736972704715
}