{
    "year": 2021,
    "month": 6,
    "day": 11,
    "hour": 17,
    "minute": 40,
    "temp": 28.032307692307743,
    "ntu": 409.16129032258067
}