{
    "year": 2021,
    "month": 5,
    "day": 23,
    "hour": 22,
    "minute": 50,
    "temp": 27.999079601990157,
    "ntu": 170.12935323383084
}