{
    "year": 2021,
    "month": 5,
    "day": 13,
    "hour": 6,
    "minute": 35,
    "temp": 29.004577114427978,
    "ntu": 218.94278606965173
}