{
    "year": 2021,
    "month": 5,
    "day": 25,
    "hour": 17,
    "minute": 15,
    "temp": 28.01846153846153,
    "ntu": 632.7593052109181
}