{
    "year": 2021,
    "month": 5,
    "day": 21,
    "hour": 10,
    "minute": 0,
    "temp": 30.023523573201032,
    "ntu": 471.3101736972705
}