{
    "year": 2021,
    "month": 6,
    "day": 28,
    "hour": 5,
    "minute": 25,
    "temp": 28.39303482587083,
    "ntu": -72.11940298507463
}