{
    "year": 2021,
    "month": 6,
    "day": 3,
    "hour": 19,
    "minute": 35,
    "temp": 28.952754342431806,
    "ntu": 486.8883374689826
}