{
    "year": 2021,
    "month": 6,
    "day": 17,
    "hour": 3,
    "minute": 20,
    "temp": 28.410497512437953,
    "ntu": -12.139303482587065
}