{
    "year": 2021,
    "month": 5,
    "day": 6,
    "hour": 17,
    "minute": 45,
    "temp": 28.99225806451607,
    "ntu": 832.6129032258065
}