{
    "year": 2021,
    "month": 6,
    "day": 22,
    "hour": 3,
    "minute": 0,
    "temp": 28.11497512437821,
    "ntu": 3.728855721393035
}