{
    "year": 2021,
    "month": 5,
    "day": 31,
    "hour": 8,
    "minute": 15,
    "temp": 28.321761786600533,
    "ntu": 180.1166253101737
}