{
    "year": 2021,
    "month": 6,
    "day": 18,
    "hour": 3,
    "minute": 0,
    "temp": 28.395920398010094,
    "ntu": -6.743781094527363
}