{
    "year": 2021,
    "month": 5,
    "day": 20,
    "hour": 6,
    "minute": 15,
    "temp": 29.435111662531003,
    "ntu": 38.61538461538461
}