{
    "year": 2021,
    "month": 6,
    "day": 18,
    "hour": 5,
    "minute": 20,
    "temp": 28.1885572139304,
    "ntu": -40.87313432835821
}