{
    "year": 2021,
    "month": 5,
    "day": 11,
    "hour": 17,
    "minute": 40,
    "temp": 29.486393034825763,
    "ntu": 811.9601990049752
}