{
    "year": 2021,
    "month": 6,
    "day": 7,
    "hour": 2,
    "minute": 40,
    "temp": 29.002828784119107,
    "ntu": -8.46650124069479
}