{
    "year": 2021,
    "month": 5,
    "day": 22,
    "hour": 4,
    "minute": 0,
    "temp": 28.747915632754456,
    "ntu": 1.1464019851116625
}