{
    "year": 2021,
    "month": 4,
    "day": 11,
    "hour": 22,
    "minute": 59,
    "temp": 28.62,
    "tds": 1083.9396969696966,
    "ph": 6.786363636363635,
    "ntu": 3000.0
}