{
    "year": 2021,
    "month": 6,
    "day": 13,
    "hour": 0,
    "minute": 50,
    "temp": 27.85912935323373,
    "ntu": -9.251243781094526
}