{
    "year": 2021,
    "month": 6,
    "day": 19,
    "hour": 20,
    "minute": 15,
    "temp": 28.994154228855717,
    "ntu": 399.13432835820896
}