{
    "year": 2021,
    "month": 5,
    "day": 10,
    "hour": 14,
    "minute": 40,
    "temp": 29.64900744416893,
    "ntu": 842.5880893300248
}