{
    "year": 2021,
    "month": 6,
    "day": 9,
    "hour": 8,
    "minute": 35,
    "temp": 29.235558312655215,
    "ntu": 186.04466501240694
}