{
    "year": 2021,
    "month": 5,
    "day": 1,
    "hour": 11,
    "minute": 50,
    "temp": 29.97526054590582,
    "ntu": 706.8436724565756
}