{
    "year": 2021,
    "month": 5,
    "day": 8,
    "hour": 12,
    "minute": 30,
    "temp": 29.321166253102017,
    "ntu": 728.0173697270471
}