{
    "year": 2021,
    "month": 6,
    "day": 21,
    "hour": 17,
    "minute": 15,
    "temp": 28.36313432835822,
    "ntu": 372.271144278607
}