{
    "year": 2021,
    "month": 5,
    "day": 30,
    "hour": 8,
    "minute": 5,
    "temp": 28.441836228287908,
    "ntu": 212.8138957816377
}