{
    "year": 2021,
    "month": 6,
    "day": 4,
    "hour": 10,
    "minute": 50,
    "temp": 28.6513151364766,
    "ntu": 465.38709677419354
}