{
    "year": 2021,
    "month": 5,
    "day": 18,
    "hour": 10,
    "minute": 15,
    "temp": 31.329851116625235,
    "ntu": 111.58808933002481
}