{
    "year": 2021,
    "month": 7,
    "day": 1,
    "hour": 7,
    "minute": 0,
    "temp": 28.594626865671504,
    "ntu": -123.98756218905473
}