{
    "year": 2021,
    "month": 6,
    "day": 19,
    "hour": 22,
    "minute": 30,
    "temp": 28.728208955223995,
    "ntu": 415.4029850746269
}