{
    "year": 2021,
    "month": 5,
    "day": 19,
    "hour": 20,
    "minute": 55,
    "temp": 30.710868486352464,
    "ntu": 515.9528535980149
}