{
    "year": 2021,
    "month": 5,
    "day": 25,
    "hour": 3,
    "minute": 40,
    "temp": 27.689131513647705,
    "ntu": 4.397022332506204
}