{
    "year": 2021,
    "month": 4,
    "day": 30,
    "hour": 16,
    "minute": 55,
    "temp": 29.423672456575822,
    "ntu": 838.7394540942928
}