{
    "year": 2021,
    "month": 5,
    "day": 28,
    "hour": 3,
    "minute": 10,
    "temp": 27.62263681592026,
    "ntu": 3.074626865671642
}