{
    "year": 2021,
    "month": 6,
    "day": 26,
    "hour": 16,
    "minute": 10,
    "temp": 28.03402985074638,
    "ntu": 444.2313432835821
}