{
    "year": 2021,
    "month": 5,
    "day": 17,
    "hour": 6,
    "minute": 5,
    "temp": 30.23843672456591,
    "ntu": 193.57071960297768
}