{
    "year": 2021,
    "month": 6,
    "day": 12,
    "hour": 13,
    "minute": 50,
    "temp": 28.631144278606946,
    "ntu": 360.89303482587064
}