{
    "year": 2021,
    "month": 5,
    "day": 16,
    "hour": 15,
    "minute": 55,
    "temp": 31.209577114427702,
    "ntu": 754.5373134328358
}