{
    "year": 2021,
    "month": 6,
    "day": 30,
    "hour": 5,
    "minute": 55,
    "temp": 28.12032418952613,
    "ntu": -99.63341645885286
}