{
    "year": 2021,
    "month": 4,
    "day": 29,
    "hour": 16,
    "minute": 20,
    "temp": 28.261761786600506,
    "ntu": 820.0942928039702
}