{
    "year": 2021,
    "month": 5,
    "day": 26,
    "hour": 12,
    "minute": 50,
    "temp": 28.83665012406939,
    "ntu": 719.2332506203473
}