{
    "year": 2021,
    "month": 6,
    "day": 17,
    "hour": 10,
    "minute": 5,
    "temp": 28.02537313432838,
    "ntu": 407.952736318408
}