{
    "year": 2021,
    "month": 6,
    "day": 28,
    "hour": 8,
    "minute": 0,
    "temp": 28.135323383084753,
    "ntu": 46.266169154228855
}