{
    "year": 2021,
    "month": 6,
    "day": 20,
    "hour": 2,
    "minute": 10,
    "temp": 29.047014925373215,
    "ntu": -3.9776119402985075
}