{
    "year": 2021,
    "month": 6,
    "day": 17,
    "hour": 17,
    "minute": 0,
    "temp": 28.081246882792982,
    "ntu": 403.6109725685786
}