{
    "year": 2021,
    "month": 5,
    "day": 18,
    "hour": 22,
    "minute": 15,
    "temp": 30.503582089552236,
    "ntu": 471.7139303482587
}