{
    "year": 2021,
    "month": 6,
    "day": 3,
    "hour": 21,
    "minute": 15,
    "temp": 28.665136476426927,
    "ntu": 557.8188585607941
}