{
    "year": 2021,
    "month": 5,
    "day": 1,
    "hour": 1,
    "minute": 25,
    "temp": 29.487642679900873,
    "ntu": 747.0124069478908
}