{
    "year": 2021,
    "month": 5,
    "day": 27,
    "hour": 5,
    "minute": 0,
    "temp": 28.261910669975283,
    "ntu": 27.831265508684865
}