{
    "year": 2021,
    "month": 6,
    "day": 27,
    "hour": 22,
    "minute": 45,
    "temp": 28.486417910447837,
    "ntu": 544.2860696517413
}