{
    "year": 2021,
    "month": 5,
    "day": 21,
    "hour": 22,
    "minute": 20,
    "temp": 28.943622828784186,
    "ntu": 693.1290322580645
}