{
    "year": 2021,
    "month": 5,
    "day": 31,
    "hour": 1,
    "minute": 20,
    "temp": 27.517611940298508,
    "ntu": -3.527363184079602
}