{
    "year": 2021,
    "month": 5,
    "day": 16,
    "hour": 17,
    "minute": 0,
    "temp": 31.968138957816503,
    "ntu": 764.2679900744417
}