{
    "year": 2021,
    "month": 5,
    "day": 24,
    "hour": 20,
    "minute": 35,
    "temp": 28.616823821340056,
    "ntu": 749.1910669975186
}