{
    "year": 2021,
    "month": 6,
    "day": 19,
    "hour": 17,
    "minute": 55,
    "temp": 28.017611940298508,
    "ntu": 380.53731343283584
}