{
    "year": 2021,
    "month": 6,
    "day": 28,
    "hour": 13,
    "minute": 20,
    "temp": 28.706865671641815,
    "ntu": 507.85820895522386
}