{
    "year": 2021,
    "month": 6,
    "day": 24,
    "hour": 4,
    "minute": 25,
    "temp": 28.30820448877807,
    "ntu": -50.14962593516209
}