{
    "year": 2021,
    "month": 5,
    "day": 15,
    "hour": 8,
    "minute": 35,
    "temp": 31.09900497512464,
    "ntu": 779.363184079602
}