{
    "year": 2021,
    "month": 5,
    "day": 6,
    "hour": 4,
    "minute": 55,
    "temp": 28.483374689826412,
    "ntu": 17.451612903225808
}