{
    "year": 2021,
    "month": 6,
    "day": 29,
    "hour": 23,
    "minute": 55,
    "temp": 28.44965087281776,
    "ntu": 517.1695760598503
}