{
    "year": 2021,
    "month": 5,
    "day": 26,
    "hour": 11,
    "minute": 50,
    "temp": 28.293176178660133,
    "ntu": 763.4193548387096
}