{
    "year": 2021,
    "month": 5,
    "day": 31,
    "hour": 10,
    "minute": 30,
    "temp": 28.618383084577175,
    "ntu": 713.0099502487562
}