{
    "year": 2021,
    "month": 5,
    "day": 4,
    "hour": 15,
    "minute": 55,
    "temp": 29.099677419354695,
    "ntu": 787.1389578163771
}