{
    "year": 2021,
    "month": 6,
    "day": 14,
    "hour": 7,
    "minute": 20,
    "temp": 28.17574626865679,
    "ntu": -270.2910447761194
}