{
    "year": 2021,
    "month": 6,
    "day": 12,
    "hour": 11,
    "minute": 0,
    "temp": 28.360645161290297,
    "ntu": 325.06699751861044
}