{
    "year": 2021,
    "month": 6,
    "day": 22,
    "hour": 20,
    "minute": 0,
    "temp": 28.001641791044758,
    "ntu": 379.66169154228857
}