{
    "year": 2021,
    "month": 6,
    "day": 5,
    "hour": 17,
    "minute": 40,
    "temp": 28.014328358208942,
    "ntu": 456.0323383084577
}