{
    "year": 2021,
    "month": 6,
    "day": 17,
    "hour": 20,
    "minute": 35,
    "temp": 28.087213930348444,
    "ntu": 417.7164179104478
}