{
    "year": 2021,
    "month": 6,
    "day": 10,
    "hour": 21,
    "minute": 30,
    "temp": 28.34373134328345,
    "ntu": 518.9129353233831
}