{
    "year": 2021,
    "month": 5,
    "day": 1,
    "hour": 5,
    "minute": 50,
    "temp": 25.23396039603966,
    "ntu": 101.54950495049505
}