{
    "year": 2021,
    "month": 6,
    "day": 19,
    "hour": 13,
    "minute": 55,
    "temp": 28.18495024875625,
    "ntu": 384.50248756218906
}