{
    "year": 2021,
    "month": 5,
    "day": 3,
    "hour": 11,
    "minute": 10,
    "temp": 29.900248138957895,
    "ntu": 559.3101736972704
}