{
    "year": 2021,
    "month": 6,
    "day": 3,
    "hour": 21,
    "minute": 20,
    "temp": 28.566550868486377,
    "ntu": 559.2605459057072
}