{
    "year": 2021,
    "month": 4,
    "day": 29,
    "hour": 14,
    "minute": 40,
    "temp": 31.029330024813962,
    "ntu": 829.5359801488834
}