{
    "year": 2021,
    "month": 5,
    "day": 4,
    "hour": 19,
    "minute": 35,
    "temp": 29.90104218362282,
    "ntu": 792.8238213399504
}