{
    "year": 2021,
    "month": 6,
    "day": 23,
    "hour": 4,
    "minute": 5,
    "temp": 28.033283582089613,
    "ntu": -17.144278606965173
}