{
    "year": 2021,
    "month": 6,
    "day": 19,
    "hour": 4,
    "minute": 45,
    "temp": 29.023283582089554,
    "ntu": -32.11940298507463
}