{
    "year": 2021,
    "month": 5,
    "day": 3,
    "hour": 16,
    "minute": 30,
    "temp": 30.779478908188647,
    "ntu": 771.3200992555832
}