{
    "year": 2021,
    "month": 5,
    "day": 21,
    "hour": 9,
    "minute": 20,
    "temp": 30.785223880597165,
    "ntu": 453.9875621890547
}