{
    "year": 2021,
    "month": 5,
    "day": 23,
    "hour": 13,
    "minute": 15,
    "temp": 28.083225806451566,
    "ntu": 266.5806451612903
}