{
    "year": 2021,
    "month": 7,
    "day": 1,
    "hour": 20,
    "minute": 0,
    "temp": 28.77731343283585,
    "ntu": 393.26616915422886
}