{
    "year": 2021,
    "month": 6,
    "day": 18,
    "hour": 4,
    "minute": 0,
    "temp": 28.870174563591192,
    "ntu": -25.28428927680798
}