{
    "year": 2021,
    "month": 5,
    "day": 6,
    "hour": 17,
    "minute": 15,
    "temp": 29.65744416873459,
    "ntu": 856.3846153846154
}