{
    "year": 2021,
    "month": 6,
    "day": 22,
    "hour": 13,
    "minute": 35,
    "temp": 28.339104477611855,
    "ntu": 375.4029850746269
}