{
    "year": 2021,
    "month": 4,
    "day": 25,
    "hour": 1,
    "minute": 59,
    "temp": 26.367428571428523,
    "ntu": -6.3428571428571425
}