{
    "year": 2021,
    "month": 4,
    "day": 30,
    "hour": 14,
    "minute": 10,
    "temp": 29.373836633663444,
    "ntu": 728.5990099009902
}