{
    "year": 2021,
    "month": 6,
    "day": 11,
    "hour": 15,
    "minute": 30,
    "temp": 28.811637717121855,
    "ntu": 370.0769230769231
}