{
    "year": 2021,
    "month": 4,
    "day": 30,
    "hour": 10,
    "minute": 45,
    "temp": 30.15833746898271,
    "ntu": 742.5930521091811
}