{
    "year": 2021,
    "month": 5,
    "day": 17,
    "hour": 21,
    "minute": 55,
    "temp": 31.832779156327877,
    "ntu": 123.78660049627791
}