{
    "year": 2021,
    "month": 6,
    "day": 27,
    "hour": 20,
    "minute": 30,
    "temp": 28.070597014925344,
    "ntu": 536.5323383084577
}