{
    "year": 2021,
    "month": 5,
    "day": 21,
    "hour": 8,
    "minute": 40,
    "temp": 30.340446650124004,
    "ntu": 474.2605459057072
}