{
    "year": 2021,
    "month": 6,
    "day": 29,
    "hour": 20,
    "minute": 45,
    "temp": 28.98144638404001,
    "ntu": 524.2119700748129
}