{
    "year": 2021,
    "month": 5,
    "day": 16,
    "hour": 5,
    "minute": 55,
    "temp": 30.911389578163593,
    "ntu": 129.02977667493798
}