{
    "year": 2021,
    "month": 6,
    "day": 7,
    "hour": 8,
    "minute": 10,
    "temp": 28.345781637716975,
    "ntu": -279.45657568238215
}