{
    "year": 2021,
    "month": 6,
    "day": 30,
    "hour": 16,
    "minute": 30,
    "temp": 28.247905236907748,
    "ntu": 300.7007481296758
}