{
    "year": 2021,
    "month": 5,
    "day": 21,
    "hour": 14,
    "minute": 5,
    "temp": 30.40865671641796,
    "ntu": 486.4577114427861
}