{
    "year": 2021,
    "month": 4,
    "day": 22,
    "hour": 20,
    "minute": 59,
    "temp": 29.04799999999997,
    "ntu": 1619.6491666666661
}