{
    "year": 2021,
    "month": 6,
    "day": 11,
    "hour": 6,
    "minute": 50,
    "temp": 28.795373134328454,
    "ntu": -123.76119402985074
}