{
    "year": 2021,
    "month": 6,
    "day": 20,
    "hour": 22,
    "minute": 15,
    "temp": 28.31059701492536,
    "ntu": 403.6865671641791
}