{
    "year": 2021,
    "month": 5,
    "day": 6,
    "hour": 16,
    "minute": 25,
    "temp": 30.991066997518622,
    "ntu": 794.2928039702233
}