{
    "year": 2021,
    "month": 6,
    "day": 21,
    "hour": 1,
    "minute": 30,
    "temp": 28.809850746268637,
    "ntu": 401.13432835820896
}