{
    "year": 2021,
    "month": 5,
    "day": 1,
    "hour": 15,
    "minute": 45,
    "temp": 29.723821339950323,
    "ntu": 660.9627791563275
}