{
    "year": 2021,
    "month": 5,
    "day": 19,
    "hour": 7,
    "minute": 40,
    "temp": 30.418982630273035,
    "ntu": 506.3449131513648
}