{
    "year": 2021,
    "month": 5,
    "day": 27,
    "hour": 17,
    "minute": 0,
    "temp": 28.316997518610407,
    "ntu": 719.4168734491315
}