{
    "year": 2021,
    "month": 5,
    "day": 1,
    "hour": 7,
    "minute": 55,
    "temp": 24.482282878411926,
    "ntu": 291.4119106699752
}