{
    "year": 2021,
    "month": 6,
    "day": 7,
    "hour": 16,
    "minute": 5,
    "temp": 28.059999999999988,
    "ntu": 485.0496277915633
}