{
    "year": 2021,
    "month": 5,
    "day": 4,
    "hour": 13,
    "minute": 40,
    "temp": 29.06207920792085,
    "ntu": 737.8316831683169
}