{
    "year": 2021,
    "month": 6,
    "day": 4,
    "hour": 21,
    "minute": 50,
    "temp": 28.638535980148852,
    "ntu": 552.5781637717122
}