{
    "year": 2021,
    "month": 6,
    "day": 12,
    "hour": 22,
    "minute": 45,
    "temp": 28.523432835820902,
    "ntu": 402.7487562189055
}