{
    "year": 2021,
    "month": 4,
    "day": 29,
    "hour": 0,
    "minute": 40,
    "temp": 31.029776674938052,
    "ntu": 879.4143920595534
}