{
    "year": 2021,
    "month": 6,
    "day": 27,
    "hour": 20,
    "minute": 20,
    "temp": 28.121393034826024,
    "ntu": 532.7562189054727
}