{
    "year": 2021,
    "month": 6,
    "day": 27,
    "hour": 7,
    "minute": 55,
    "temp": 28.21567164179107,
    "ntu": -63.5771144278607
}