{
    "year": 2021,
    "month": 5,
    "day": 14,
    "hour": 14,
    "minute": 55,
    "temp": 31.804044665012494,
    "ntu": 737.6476426799007
}