{
    "year": 2021,
    "month": 6,
    "day": 29,
    "hour": 9,
    "minute": 30,
    "temp": 28.546832917705817,
    "ntu": -66.38653366583542
}