{
    "year": 2021,
    "month": 6,
    "day": 22,
    "hour": 23,
    "minute": 40,
    "temp": 28.715820895522434,
    "ntu": 400.95522388059703
}