{
    "year": 2021,
    "month": 5,
    "day": 4,
    "hour": 6,
    "minute": 50,
    "temp": 30.96890547263677,
    "ntu": 758.3955223880597
}