{
    "year": 2021,
    "month": 5,
    "day": 10,
    "hour": 20,
    "minute": 15,
    "temp": 29.01247524752474,
    "ntu": 883.0049504950495
}