{
    "year": 2021,
    "month": 6,
    "day": 7,
    "hour": 13,
    "minute": 10,
    "temp": 28.722158808932885,
    "ntu": 488.30024813895784
}