{
    "year": 2021,
    "month": 6,
    "day": 21,
    "hour": 2,
    "minute": 45,
    "temp": 28.876982543641,
    "ntu": -4.618453865336658
}