{
    "year": 2021,
    "month": 5,
    "day": 9,
    "hour": 4,
    "minute": 30,
    "temp": 29.891191066997397,
    "ntu": 2.225806451612903
}