{
    "year": 2021,
    "month": 6,
    "day": 28,
    "hour": 7,
    "minute": 5,
    "temp": 28.577910447761155,
    "ntu": -15.900497512437811
}