{
    "year": 2021,
    "month": 6,
    "day": 27,
    "hour": 2,
    "minute": 35,
    "temp": 29.367132169576134,
    "ntu": -7.87780548628429
}