{
    "year": 2021,
    "month": 5,
    "day": 20,
    "hour": 9,
    "minute": 20,
    "temp": 31.030372208436795,
    "ntu": 471.5508684863524
}