{
    "year": 2021,
    "month": 6,
    "day": 3,
    "hour": 19,
    "minute": 40,
    "temp": 28.834739454094223,
    "ntu": 490.79900744416875
}