{
    "year": 2021,
    "month": 6,
    "day": 1,
    "hour": 9,
    "minute": 50,
    "temp": 28.089478908188493,
    "ntu": 391.52357320099253
}