{
    "year": 2021,
    "month": 5,
    "day": 28,
    "hour": 20,
    "minute": 15,
    "temp": 28.985384615384593,
    "ntu": 754.0124069478908
}