{
    "year": 2021,
    "month": 6,
    "day": 26,
    "hour": 14,
    "minute": 10,
    "temp": 28.491471321695823,
    "ntu": 492.42394014962593
}