{
    "year": 2021,
    "month": 5,
    "day": 2,
    "hour": 5,
    "minute": 10,
    "temp": 27.394243176178755,
    "ntu": 11.84863523573201
}