{
    "year": 2021,
    "month": 6,
    "day": 3,
    "hour": 20,
    "minute": 40,
    "temp": 28.437587064676446,
    "ntu": 529.8781094527363
}