{
    "year": 2021,
    "month": 6,
    "day": 5,
    "hour": 0,
    "minute": 40,
    "temp": 28.089925558312558,
    "ntu": -5.439205955334987
}