{
    "year": 2021,
    "month": 4,
    "day": 19,
    "hour": 16,
    "minute": 59,
    "temp": 29.556363636363614,
    "tds": 1050.6151515151512,
    "ph": 1.7415151515151517,
    "ntu": 3000.0
}