{
    "year": 2021,
    "month": 6,
    "day": 10,
    "hour": 19,
    "minute": 0,
    "temp": 28.852456575682474,
    "ntu": 430.75682382133994
}