{
    "year": 2021,
    "month": 5,
    "day": 17,
    "hour": 4,
    "minute": 50,
    "temp": 31.253731343283622,
    "ntu": 35.20646766169154
}