{
    "year": 2021,
    "month": 5,
    "day": 14,
    "hour": 14,
    "minute": 20,
    "temp": 31.77343283582074,
    "ntu": 787.9726368159204
}