{
    "year": 2021,
    "month": 5,
    "day": 4,
    "hour": 19,
    "minute": 5,
    "temp": 29.010421836228144,
    "ntu": 783.9528535980149
}