{
    "year": 2021,
    "month": 4,
    "day": 30,
    "hour": 1,
    "minute": 35,
    "temp": 30.841712158809223,
    "ntu": 0.749379652605459
}