{
    "year": 2021,
    "month": 6,
    "day": 3,
    "hour": 16,
    "minute": 55,
    "temp": 28.409429280397166,
    "ntu": 466.9478908188586
}