{
    "year": 2021,
    "month": 6,
    "day": 27,
    "hour": 5,
    "minute": 0,
    "temp": 28.70126865671645,
    "ntu": -59.22139303482587
}