{
    "year": 2021,
    "month": 6,
    "day": 25,
    "hour": 7,
    "minute": 15,
    "temp": 27.99955223880597,
    "ntu": -64.20398009950249
}