{
    "year": 2021,
    "month": 6,
    "day": 10,
    "hour": 5,
    "minute": 35,
    "temp": 29.5217369727048,
    "ntu": -93.71712158808933
}