{
    "year": 2021,
    "month": 6,
    "day": 25,
    "hour": 0,
    "minute": 15,
    "temp": 28.36955223880612,
    "ntu": 364.18407960199005
}