{
    "year": 2021,
    "month": 5,
    "day": 23,
    "hour": 15,
    "minute": 45,
    "temp": 28.387468982630384,
    "ntu": 349.8833746898263
}