{
    "year": 2021,
    "month": 5,
    "day": 20,
    "hour": 15,
    "minute": 45,
    "temp": 30.841290322580498,
    "ntu": 466.848635235732
}