{
    "year": 2021,
    "month": 6,
    "day": 30,
    "hour": 4,
    "minute": 5,
    "temp": 27.999850746268653,
    "ntu": -50.78109452736319
}