{
    "year": 2021,
    "month": 6,
    "day": 17,
    "hour": 5,
    "minute": 0,
    "temp": 28.779402985074668,
    "ntu": -40.15422885572139
}