{
    "year": 2021,
    "month": 5,
    "day": 29,
    "hour": 2,
    "minute": 5,
    "temp": 28.28692307692314,
    "ntu": 2.2828784119106698
}