{
    "year": 2021,
    "month": 6,
    "day": 11,
    "hour": 14,
    "minute": 30,
    "temp": 28.107761194029855,
    "ntu": 428.06467661691545
}