{
    "year": 2021,
    "month": 6,
    "day": 3,
    "hour": 9,
    "minute": 25,
    "temp": 28.47558312655097,
    "ntu": 422.2183622828784
}