{
    "year": 2021,
    "month": 7,
    "day": 2,
    "hour": 5,
    "minute": 55,
    "temp": 28.991641791044902,
    "ntu": -146.64427860696517
}