{
    "year": 2021,
    "month": 5,
    "day": 20,
    "hour": 21,
    "minute": 10,
    "temp": 30.0096774193549,
    "ntu": 529.7071960297767
}