{
    "year": 2021,
    "month": 6,
    "day": 18,
    "hour": 0,
    "minute": 50,
    "temp": 28.39176616915442,
    "ntu": 448.7164179104478
}