{
    "year": 2021,
    "month": 5,
    "day": 10,
    "hour": 1,
    "minute": 25,
    "temp": 30.31394540942952,
    "ntu": -0.8883374689826302
}