{
    "year": 2021,
    "month": 5,
    "day": 23,
    "hour": 8,
    "minute": 45,
    "temp": 28.392903225806624,
    "ntu": 315.4491315136476
}