{
    "year": 2021,
    "month": 5,
    "day": 20,
    "hour": 20,
    "minute": 5,
    "temp": 30.010868486352365,
    "ntu": 515.6104218362283
}