{
    "year": 2021,
    "month": 5,
    "day": 7,
    "hour": 7,
    "minute": 25,
    "temp": 30.58441687344908,
    "ntu": 876.8114143920595
}