{
    "year": 2021,
    "month": 6,
    "day": 28,
    "hour": 5,
    "minute": 30,
    "temp": 28.312238805970154,
    "ntu": -75.36069651741293
}