{
    "year": 2021,
    "month": 5,
    "day": 17,
    "hour": 13,
    "minute": 40,
    "temp": 31.764292803970058,
    "ntu": 820.4292803970224
}