{
    "year": 2021,
    "month": 6,
    "day": 5,
    "hour": 14,
    "minute": 0,
    "temp": 28.264590570719598,
    "ntu": 473.0471464019851
}