{
    "year": 2021,
    "month": 6,
    "day": 20,
    "hour": 2,
    "minute": 55,
    "temp": 28.5650746268657,
    "ntu": -4.873134328358209
}