{
    "year": 2021,
    "month": 6,
    "day": 18,
    "hour": 14,
    "minute": 0,
    "temp": 28.042537313432927,
    "ntu": 398.0721393034826
}