{
    "year": 2021,
    "month": 5,
    "day": 11,
    "hour": 21,
    "minute": 40,
    "temp": 29.30225806451624,
    "ntu": 893.3771712158809
}