{
    "year": 2021,
    "month": 6,
    "day": 22,
    "hour": 16,
    "minute": 0,
    "temp": 28.456417910447772,
    "ntu": 364.8407960199005
}