{
    "year": 2021,
    "month": 6,
    "day": 9,
    "hour": 17,
    "minute": 35,
    "temp": 28.01250620347394,
    "ntu": 453.6004962779156
}