{
    "year": 2021,
    "month": 5,
    "day": 15,
    "hour": 16,
    "minute": 30,
    "temp": 31.489503722084535,
    "ntu": 844.9354838709677
}