{
    "year": 2021,
    "month": 5,
    "day": 18,
    "hour": 20,
    "minute": 20,
    "temp": 30.305682382134087,
    "ntu": 505.4466501240695
}