{
    "year": 2021,
    "month": 4,
    "day": 30,
    "hour": 16,
    "minute": 10,
    "temp": 30.768610421836332,
    "ntu": 879.63523573201
}