{
    "year": 2021,
    "month": 6,
    "day": 3,
    "hour": 18,
    "minute": 10,
    "temp": 29.000298507462766,
    "ntu": 460.97512437810946
}