{
    "year": 2021,
    "month": 5,
    "day": 8,
    "hour": 10,
    "minute": 50,
    "temp": 30.897344913151503,
    "ntu": 771.3895781637717
}