{
    "year": 2021,
    "month": 6,
    "day": 29,
    "hour": 13,
    "minute": 15,
    "temp": 28.813731343283557,
    "ntu": 488.4154228855721
}