{
    "year": 2021,
    "month": 6,
    "day": 17,
    "hour": 19,
    "minute": 5,
    "temp": 28.35768656716427,
    "ntu": 392.2960199004975
}