{
    "year": 2021,
    "month": 6,
    "day": 8,
    "hour": 21,
    "minute": 40,
    "temp": 28.839330024813787,
    "ntu": 551.8610421836229
}