{
    "year": 2021,
    "month": 6,
    "day": 23,
    "hour": 18,
    "minute": 25,
    "temp": 28.80970149253729,
    "ntu": 333.67661691542287
}