{
    "year": 2021,
    "month": 4,
    "day": 29,
    "hour": 3,
    "minute": 45,
    "temp": 26.154565756823942,
    "ntu": 820.4044665012407
}