{
    "year": 2021,
    "month": 6,
    "day": 19,
    "hour": 17,
    "minute": 20,
    "temp": 28.394900497512623,
    "ntu": 375.49004975124376
}