{
    "year": 2021,
    "month": 5,
    "day": 3,
    "hour": 17,
    "minute": 20,
    "temp": 30.75818858560803,
    "ntu": 743.5012406947891
}