{
    "year": 2021,
    "month": 5,
    "day": 22,
    "hour": 12,
    "minute": 25,
    "temp": 28.698461538461583,
    "ntu": 250.40694789081886
}