{
    "year": 2021,
    "month": 6,
    "day": 9,
    "hour": 11,
    "minute": 50,
    "temp": 28.157866004962926,
    "ntu": 476.4516129032258
}