{
    "year": 2021,
    "month": 6,
    "day": 30,
    "hour": 17,
    "minute": 40,
    "temp": 28.35299251870335,
    "ntu": 306.8304239401496
}