{
    "year": 2021,
    "month": 6,
    "day": 11,
    "hour": 7,
    "minute": 50,
    "temp": 28.88402985074623,
    "ntu": -168.16417910447763
}