{
    "year": 2021,
    "month": 5,
    "day": 10,
    "hour": 20,
    "minute": 0,
    "temp": 29.465359801488937,
    "ntu": 897.9652605459057
}