{
    "year": 2021,
    "month": 6,
    "day": 9,
    "hour": 10,
    "minute": 20,
    "temp": 28.001935483870948,
    "ntu": 469.22332506203475
}