{
    "year": 2021,
    "month": 6,
    "day": 24,
    "hour": 16,
    "minute": 45,
    "temp": 28.190000000000012,
    "ntu": 311.16708229426433
}