{
    "year": 2021,
    "month": 5,
    "day": 1,
    "hour": 14,
    "minute": 25,
    "temp": 30.210891089109058,
    "ntu": 710.6287128712871
}