{
    "year": 2021,
    "month": 6,
    "day": 25,
    "hour": 21,
    "minute": 45,
    "temp": 28.95119402985077,
    "ntu": 384.32089552238807
}