{
    "year": 2021,
    "month": 5,
    "day": 11,
    "hour": 5,
    "minute": 15,
    "temp": 29.12610421836213,
    "ntu": 379.04466501240694
}