{
    "year": 2021,
    "month": 6,
    "day": 4,
    "hour": 12,
    "minute": 0,
    "temp": 29.00893300248144,
    "ntu": 476.61290322580646
}