{
    "year": 2021,
    "month": 6,
    "day": 10,
    "hour": 5,
    "minute": 50,
    "temp": 29.037220843672568,
    "ntu": -116.151364764268
}