{
    "year": 2021,
    "month": 5,
    "day": 3,
    "hour": 3,
    "minute": 20,
    "temp": 24.593052109181126,
    "ntu": -0.09925558312655088
}