{
    "year": 2021,
    "month": 5,
    "day": 13,
    "hour": 14,
    "minute": 40,
    "temp": 30.453846153846236,
    "ntu": 849.7047146401985
}