{
    "year": 2021,
    "month": 6,
    "day": 28,
    "hour": 5,
    "minute": 40,
    "temp": 28.494477611940347,
    "ntu": -79.8731343283582
}