{
    "year": 2021,
    "month": 5,
    "day": 1,
    "hour": 5,
    "minute": 20,
    "temp": 25.551364764268076,
    "ntu": 28.148883374689827
}