{
    "year": 2021,
    "month": 6,
    "day": 23,
    "hour": 19,
    "minute": 5,
    "temp": 28.608059701492525,
    "ntu": 317.0348258706468
}