{
    "year": 2021,
    "month": 6,
    "day": 4,
    "hour": 2,
    "minute": 40,
    "temp": 29.013697270471464,
    "ntu": -6.205955334987593
}