{
    "year": 2021,
    "month": 6,
    "day": 14,
    "hour": 0,
    "minute": 45,
    "temp": 27.935012468827964,
    "ntu": -7.6259351620947635
}