{
    "year": 2021,
    "month": 6,
    "day": 7,
    "hour": 6,
    "minute": 5,
    "temp": 28.88397022332503,
    "ntu": -152.30769230769232
}