{
    "year": 2021,
    "month": 5,
    "day": 18,
    "hour": 1,
    "minute": 0,
    "temp": 30.649826302729412,
    "ntu": -9.96774193548387
}