{
    "year": 2021,
    "month": 6,
    "day": 12,
    "hour": 5,
    "minute": 10,
    "temp": 27.84119402985065,
    "ntu": -97.48009950248756
}