{
    "year": 2021,
    "month": 6,
    "day": 11,
    "hour": 20,
    "minute": 35,
    "temp": 28.773672456575685,
    "ntu": 459.06947890818856
}