{
    "year": 2021,
    "month": 6,
    "day": 12,
    "hour": 3,
    "minute": 10,
    "temp": 28.500298507462688,
    "ntu": -16.629353233830845
}