{
    "year": 2021,
    "month": 6,
    "day": 24,
    "hour": 4,
    "minute": 20,
    "temp": 28.380472636816048,
    "ntu": -46.059701492537314
}