{
    "year": 2021,
    "month": 6,
    "day": 19,
    "hour": 19,
    "minute": 30,
    "temp": 28.237462686567262,
    "ntu": 390.9378109452736
}