{
    "year": 2021,
    "month": 5,
    "day": 6,
    "hour": 15,
    "minute": 5,
    "temp": 29.005508684863536,
    "ntu": 790.7171215880893
}