{
    "year": 2021,
    "month": 5,
    "day": 7,
    "hour": 15,
    "minute": 0,
    "temp": 29.896377171215917,
    "ntu": 781.3548387096774
}