{
    "year": 2021,
    "month": 5,
    "day": 18,
    "hour": 20,
    "minute": 30,
    "temp": 30.061339950372265,
    "ntu": 459.9950372208437
}