{
    "year": 2021,
    "month": 6,
    "day": 12,
    "hour": 7,
    "minute": 35,
    "temp": 29.660397022332678,
    "ntu": -161.31761786600495
}