{
    "year": 2021,
    "month": 6,
    "day": 19,
    "hour": 8,
    "minute": 40,
    "temp": 29.36915422885568,
    "ntu": 88.78855721393035
}