{
    "year": 2021,
    "month": 6,
    "day": 10,
    "hour": 18,
    "minute": 10,
    "temp": 28.37387096774207,
    "ntu": 425.32754342431764
}