{
    "year": 2021,
    "month": 5,
    "day": 12,
    "hour": 4,
    "minute": 55,
    "temp": 30.38039702233255,
    "ntu": 40.784119106699755
}