{
    "year": 2021,
    "month": 6,
    "day": 24,
    "hour": 2,
    "minute": 55,
    "temp": 29.494776119403106,
    "ntu": -3.7139303482587063
}