{
    "year": 2021,
    "month": 5,
    "day": 31,
    "hour": 20,
    "minute": 5,
    "temp": 28.542878411910763,
    "ntu": 494.09181141439205
}