{
    "year": 2021,
    "month": 5,
    "day": 29,
    "hour": 18,
    "minute": 5,
    "temp": 28.598610421836074,
    "ntu": 772.0421836228288
}