{
    "year": 2021,
    "month": 6,
    "day": 22,
    "hour": 17,
    "minute": 45,
    "temp": 28.998656716417923,
    "ntu": 387.3258706467662
}