{
    "year": 2021,
    "month": 6,
    "day": 17,
    "hour": 19,
    "minute": 40,
    "temp": 28.66527363184092,
    "ntu": 420.42039800995025
}