{
    "year": 2021,
    "month": 6,
    "day": 4,
    "hour": 9,
    "minute": 35,
    "temp": 28.310148883374698,
    "ntu": 470.69727047146404
}