{
    "year": 2021,
    "month": 5,
    "day": 12,
    "hour": 21,
    "minute": 20,
    "temp": 30.099255583126453,
    "ntu": 849.0570719602978
}