{
    "year": 2021,
    "month": 5,
    "day": 3,
    "hour": 1,
    "minute": 0,
    "temp": 25.380769230769328,
    "ntu": -0.13399503722084366
}