{
    "year": 2021,
    "month": 5,
    "day": 7,
    "hour": 5,
    "minute": 0,
    "temp": 28.493821339950475,
    "ntu": 8.173697270471465
}