{
    "year": 2021,
    "month": 5,
    "day": 8,
    "hour": 11,
    "minute": 30,
    "temp": 29.87250620347388,
    "ntu": 691.0248138957817
}