{
    "year": 2021,
    "month": 5,
    "day": 17,
    "hour": 13,
    "minute": 10,
    "temp": 31.481240694789033,
    "ntu": 813.9776674937965
}