{
    "year": 2021,
    "month": 6,
    "day": 8,
    "hour": 0,
    "minute": 5,
    "temp": 28.050620347394613,
    "ntu": 578.0868486352357
}