{
    "year": 2021,
    "month": 5,
    "day": 8,
    "hour": 6,
    "minute": 15,
    "temp": 30.336377171216117,
    "ntu": 811.0198511166253
}