{
    "year": 2021,
    "month": 5,
    "day": 28,
    "hour": 11,
    "minute": 5,
    "temp": 28.519057071960365,
    "ntu": 653.5359801488834
}