{
    "year": 2021,
    "month": 5,
    "day": 21,
    "hour": 7,
    "minute": 55,
    "temp": 30.373756218905598,
    "ntu": 437.3606965174129
}