{
    "year": 2021,
    "month": 4,
    "day": 29,
    "hour": 1,
    "minute": 55,
    "temp": 28.75997518610429,
    "ntu": 931.7071960297767
}