{
    "year": 2021,
    "month": 6,
    "day": 6,
    "hour": 22,
    "minute": 25,
    "temp": 28.99180693069307,
    "ntu": 592.2673267326733
}