{
    "year": 2021,
    "month": 6,
    "day": 6,
    "hour": 5,
    "minute": 15,
    "temp": 28.35552238805957,
    "ntu": -91.7412935323383
}