{
    "year": 2021,
    "month": 6,
    "day": 13,
    "hour": 13,
    "minute": 40,
    "temp": 28.246873449131552,
    "ntu": 258.6650124069479
}