{
    "year": 2021,
    "month": 5,
    "day": 27,
    "hour": 0,
    "minute": 10,
    "temp": 27.533945409429343,
    "ntu": 2.563275434243176
}