{
    "year": 2021,
    "month": 4,
    "day": 29,
    "hour": 1,
    "minute": 45,
    "temp": 29.0541935483872,
    "ntu": 876.1042183622828
}