{
    "year": 2021,
    "month": 5,
    "day": 11,
    "hour": 9,
    "minute": 20,
    "temp": 30.322431761786607,
    "ntu": 787.9106699751861
}