{
    "year": 2021,
    "month": 5,
    "day": 18,
    "hour": 17,
    "minute": 15,
    "temp": 31.650099255583267,
    "ntu": 159.1017369727047
}