{
    "year": 2021,
    "month": 5,
    "day": 25,
    "hour": 5,
    "minute": 30,
    "temp": 27.971042183622906,
    "ntu": 88.42431761786601
}