{
    "year": 2021,
    "month": 6,
    "day": 2,
    "hour": 23,
    "minute": 0,
    "temp": 28.94339950372214,
    "ntu": 544.9751861042183
}