{
    "year": 2021,
    "month": 6,
    "day": 6,
    "hour": 22,
    "minute": 10,
    "temp": 28.30002487562217,
    "ntu": 571.8258706467661
}