{
    "year": 2021,
    "month": 6,
    "day": 22,
    "hour": 20,
    "minute": 5,
    "temp": 28.176134663341475,
    "ntu": 369.8154613466334
}