{
    "year": 2021,
    "month": 6,
    "day": 20,
    "hour": 6,
    "minute": 15,
    "temp": 28.589527363184242,
    "ntu": -28.308457711442784
}