{
    "year": 2021,
    "month": 5,
    "day": 7,
    "hour": 5,
    "minute": 25,
    "temp": 30.179454094292662,
    "ntu": 19.853598014888338
}