{
    "year": 2021,
    "month": 6,
    "day": 25,
    "hour": 14,
    "minute": 35,
    "temp": 28.69029850746271,
    "ntu": 332.49751243781094
}