{
    "year": 2021,
    "month": 7,
    "day": 2,
    "hour": 7,
    "minute": 50,
    "temp": 29.006268656716564,
    "ntu": -156.06965174129354
}