{
    "year": 2021,
    "month": 5,
    "day": 2,
    "hour": 6,
    "minute": 10,
    "temp": 29.86419354838709,
    "ntu": 730.0521091811414
}