{
    "year": 2021,
    "month": 4,
    "day": 30,
    "hour": 2,
    "minute": 15,
    "temp": 29.833861386138615,
    "ntu": 0.8415841584158416
}