{
    "year": 2021,
    "month": 6,
    "day": 30,
    "hour": 0,
    "minute": 45,
    "temp": 28.831995012468763,
    "ntu": 548.7955112219452
}