{
    "year": 2021,
    "month": 6,
    "day": 18,
    "hour": 15,
    "minute": 50,
    "temp": 28.024029850746278,
    "ntu": 381.0348258706468
}