{
    "year": 2021,
    "month": 5,
    "day": 23,
    "hour": 3,
    "minute": 55,
    "temp": 28.86354838709662,
    "ntu": 2.801488833746898
}