{
    "year": 2021,
    "month": 6,
    "day": 9,
    "hour": 2,
    "minute": 25,
    "temp": 27.732388059701602,
    "ntu": -12.860696517412935
}