{
    "year": 2021,
    "month": 6,
    "day": 25,
    "hour": 15,
    "minute": 45,
    "temp": 28.309999999999985,
    "ntu": 316.9776119402985
}