{
    "year": 2021,
    "month": 6,
    "day": 29,
    "hour": 12,
    "minute": 40,
    "temp": 29.05999999999997,
    "ntu": 489.76119402985074
}