{
    "year": 2021,
    "month": 6,
    "day": 25,
    "hour": 6,
    "minute": 20,
    "temp": 28.481596009975178,
    "ntu": -75.22693266832918
}