{
    "year": 2021,
    "month": 6,
    "day": 11,
    "hour": 18,
    "minute": 50,
    "temp": 28.585970149253658,
    "ntu": 445.8955223880597
}