{
    "year": 2021,
    "month": 5,
    "day": 17,
    "hour": 20,
    "minute": 40,
    "temp": 31.316104218362312,
    "ntu": 132.15384615384616
}