{
    "year": 2021,
    "month": 6,
    "day": 25,
    "hour": 20,
    "minute": 40,
    "temp": 28.059999999999988,
    "ntu": 369.6666666666667
}