{
    "year": 2021,
    "month": 6,
    "day": 21,
    "hour": 9,
    "minute": 20,
    "temp": 28.033516209476275,
    "ntu": 46.905236907730675
}