{
    "year": 2021,
    "month": 6,
    "day": 13,
    "hour": 16,
    "minute": 35,
    "temp": 28.81820895522386,
    "ntu": 277.3830845771144
}