{
    "year": 2021,
    "month": 5,
    "day": 13,
    "hour": 17,
    "minute": 35,
    "temp": 31.382506203474126,
    "ntu": 802.5434243176179
}