{
    "year": 2021,
    "month": 4,
    "day": 29,
    "hour": 13,
    "minute": 10,
    "temp": 28.63176178660052,
    "ntu": 766.210918114144
}