{
    "year": 2021,
    "month": 6,
    "day": 10,
    "hour": 10,
    "minute": 30,
    "temp": 28.822655086848606,
    "ntu": 463.64516129032256
}