{
    "year": 2021,
    "month": 5,
    "day": 11,
    "hour": 8,
    "minute": 10,
    "temp": 29.516972704714625,
    "ntu": 733.8511166253102
}