{
    "year": 2021,
    "month": 6,
    "day": 2,
    "hour": 14,
    "minute": 5,
    "temp": 28.54779156327552,
    "ntu": 417.4119106699752
}