{
    "year": 2021,
    "month": 7,
    "day": 2,
    "hour": 3,
    "minute": 15,
    "temp": 28.973731343283678,
    "ntu": -23.66417910447761
}