{
    "year": 2021,
    "month": 5,
    "day": 18,
    "hour": 13,
    "minute": 20,
    "temp": 31.498550724637646,
    "ntu": 166.58212560386474
}