{
    "year": 2021,
    "month": 6,
    "day": 17,
    "hour": 18,
    "minute": 35,
    "temp": 28.223432835820972,
    "ntu": 410.1940298507463
}