{
    "year": 2021,
    "month": 6,
    "day": 8,
    "hour": 3,
    "minute": 25,
    "temp": 27.447444168734492,
    "ntu": -25.069478908188586
}