{
    "year": 2021,
    "month": 5,
    "day": 22,
    "hour": 22,
    "minute": 30,
    "temp": 28.608263027295386,
    "ntu": 397.5732009925558
}