{
    "year": 2021,
    "month": 5,
    "day": 6,
    "hour": 7,
    "minute": 30,
    "temp": 31.013217821782227,
    "ntu": 864.5569306930693
}