{
    "year": 2021,
    "month": 6,
    "day": 6,
    "hour": 1,
    "minute": 0,
    "temp": 28.18811414392066,
    "ntu": -7.392059553349876
}