{
    "year": 2021,
    "month": 5,
    "day": 21,
    "hour": 9,
    "minute": 5,
    "temp": 30.30856079404502,
    "ntu": 504.22084367245657
}