{
    "year": 2021,
    "month": 6,
    "day": 7,
    "hour": 7,
    "minute": 0,
    "temp": 28.019801488833743,
    "ntu": -183.98014888337468
}