{
    "year": 2021,
    "month": 7,
    "day": 1,
    "hour": 22,
    "minute": 0,
    "temp": 28.069850746268635,
    "ntu": 412.57462686567163
}