{
    "year": 2021,
    "month": 5,
    "day": 11,
    "hour": 0,
    "minute": 40,
    "temp": 30.484019851116553,
    "ntu": 322.9776674937965
}