{
    "year": 2021,
    "month": 5,
    "day": 5,
    "hour": 16,
    "minute": 15,
    "temp": 30.97617866004978,
    "ntu": 877.7245657568238
}