{
    "year": 2021,
    "month": 6,
    "day": 24,
    "hour": 9,
    "minute": 30,
    "temp": 27.942543640897764,
    "ntu": -41.224438902743145
}