{
    "year": 2021,
    "month": 5,
    "day": 7,
    "hour": 21,
    "minute": 50,
    "temp": 30.379776119403193,
    "ntu": 801.5995024875622
}