{
    "year": 2021,
    "month": 5,
    "day": 14,
    "hour": 0,
    "minute": 5,
    "temp": 30.060421836228425,
    "ntu": -1.2977667493796525
}