{
    "year": 2021,
    "month": 6,
    "day": 17,
    "hour": 0,
    "minute": 50,
    "temp": 28.9605970149254,
    "ntu": 483.9676616915423
}