{
    "year": 2021,
    "month": 5,
    "day": 9,
    "hour": 23,
    "minute": 40,
    "temp": 29.228039702233385,
    "ntu": -0.9851116625310173
}