{
    "year": 2021,
    "month": 5,
    "day": 18,
    "hour": 7,
    "minute": 20,
    "temp": 31.74717121588074,
    "ntu": 114.84367245657569
}