{
    "year": 2021,
    "month": 5,
    "day": 16,
    "hour": 7,
    "minute": 10,
    "temp": 31.84691542288585,
    "ntu": 785.9626865671642
}