{
    "year": 2021,
    "month": 6,
    "day": 25,
    "hour": 14,
    "minute": 20,
    "temp": 28.79189526184544,
    "ntu": 349.3466334164589
}