{
    "year": 2021,
    "month": 6,
    "day": 30,
    "hour": 20,
    "minute": 40,
    "temp": 28.064626865671627,
    "ntu": 341.69900497512435
}