{
    "year": 2021,
    "month": 5,
    "day": 3,
    "hour": 22,
    "minute": 20,
    "temp": 29.594267990074425,
    "ntu": -0.890818858560794
}