{
    "year": 2021,
    "month": 5,
    "day": 14,
    "hour": 6,
    "minute": 55,
    "temp": 31.16487562189056,
    "ntu": 806.1517412935324
}