{
    "year": 2021,
    "month": 6,
    "day": 3,
    "hour": 7,
    "minute": 25,
    "temp": 27.871343283582014,
    "ntu": -273.94776119402985
}