{
    "year": 2021,
    "month": 5,
    "day": 13,
    "hour": 11,
    "minute": 55,
    "temp": 30.78409429280411,
    "ntu": 694.9255583126551
}