{
    "year": 2021,
    "month": 6,
    "day": 14,
    "hour": 2,
    "minute": 55,
    "temp": 28.555533498759402,
    "ntu": -14.759305210918114
}