{
    "year": 2021,
    "month": 6,
    "day": 9,
    "hour": 3,
    "minute": 30,
    "temp": 28.30601485148528,
    "ntu": -29.35148514851485
}