{
    "year": 2021,
    "month": 4,
    "day": 30,
    "hour": 17,
    "minute": 10,
    "temp": 29.025012406947905,
    "ntu": 847.3399503722085
}