{
    "year": 2021,
    "month": 5,
    "day": 10,
    "hour": 17,
    "minute": 0,
    "temp": 30.46364764268004,
    "ntu": 846.6848635235732
}