{
    "year": 2021,
    "month": 6,
    "day": 22,
    "hour": 11,
    "minute": 10,
    "temp": 28.255671641791043,
    "ntu": 349.5547263681592
}