{
    "year": 2021,
    "month": 6,
    "day": 13,
    "hour": 7,
    "minute": 30,
    "temp": 28.817220843672636,
    "ntu": -124.17369727047146
}