{
    "year": 2021,
    "month": 6,
    "day": 30,
    "hour": 6,
    "minute": 45,
    "temp": 29.07134328358206,
    "ntu": -92.69900497512438
}