{
    "year": 2021,
    "month": 6,
    "day": 27,
    "hour": 4,
    "minute": 10,
    "temp": 28.04129675810483,
    "ntu": -32.925187032418954
}