{
    "year": 2021,
    "month": 6,
    "day": 4,
    "hour": 11,
    "minute": 5,
    "temp": 28.392531017369905,
    "ntu": 478.0570719602978
}