{
    "year": 2021,
    "month": 5,
    "day": 31,
    "hour": 22,
    "minute": 15,
    "temp": 28.09221393034844,
    "ntu": 488.88557213930346
}