{
    "year": 2021,
    "month": 6,
    "day": 20,
    "hour": 22,
    "minute": 0,
    "temp": 28.48611940298519,
    "ntu": 401.1517412935323
}