{
    "year": 2021,
    "month": 5,
    "day": 19,
    "hour": 3,
    "minute": 55,
    "temp": 30.913771712158837,
    "ntu": 114.38213399503722
}