{
    "year": 2021,
    "month": 5,
    "day": 20,
    "hour": 13,
    "minute": 25,
    "temp": 30.37612903225823,
    "ntu": 457.81141439205953
}