{
    "year": 2021,
    "month": 6,
    "day": 25,
    "hour": 18,
    "minute": 10,
    "temp": 28.837761194029767,
    "ntu": 341.04477611940297
}