{
    "year": 2021,
    "month": 5,
    "day": 27,
    "hour": 3,
    "minute": 50,
    "temp": 28.334019851116594,
    "ntu": 2.399503722084367
}