{
    "year": 2021,
    "month": 5,
    "day": 14,
    "hour": 23,
    "minute": 40,
    "temp": 31.293432835821164,
    "ntu": -2.4527363184079602
}