{
    "year": 2021,
    "month": 5,
    "day": 15,
    "hour": 0,
    "minute": 45,
    "temp": 31.424764267989993,
    "ntu": -1.9255583126550868
}