{
    "year": 2021,
    "month": 5,
    "day": 29,
    "hour": 22,
    "minute": 55,
    "temp": 28.269801488833917,
    "ntu": 788.7816377171216
}