{
    "year": 2021,
    "month": 6,
    "day": 24,
    "hour": 1,
    "minute": 40,
    "temp": 27.964477611940325,
    "ntu": 1.736318407960199
}