{
    "year": 2021,
    "month": 6,
    "day": 26,
    "hour": 6,
    "minute": 40,
    "temp": 29.264925373134325,
    "ntu": -26.308457711442784
}