{
    "year": 2021,
    "month": 6,
    "day": 29,
    "hour": 15,
    "minute": 25,
    "temp": 28.12209476309242,
    "ntu": 449.15960099750623
}