{
    "year": 2021,
    "month": 6,
    "day": 30,
    "hour": 18,
    "minute": 40,
    "temp": 28.750746268656716,
    "ntu": 338.0771144278607
}