{
    "year": 2021,
    "month": 6,
    "day": 28,
    "hour": 15,
    "minute": 35,
    "temp": 28.019750623441418,
    "ntu": 360.91521197007484
}