{
    "year": 2021,
    "month": 6,
    "day": 1,
    "hour": 21,
    "minute": 0,
    "temp": 28.472158808933077,
    "ntu": 446.59305210918114
}