{
    "year": 2021,
    "month": 6,
    "day": 30,
    "hour": 9,
    "minute": 5,
    "temp": 27.999401496259356,
    "ntu": -9.927680798004987
}