{
    "year": 2021,
    "month": 6,
    "day": 6,
    "hour": 0,
    "minute": 35,
    "temp": 28.796749379652706,
    "ntu": -6.933002481389578
}