{
    "year": 2021,
    "month": 6,
    "day": 23,
    "hour": 5,
    "minute": 50,
    "temp": 28.114328358208986,
    "ntu": -28.733830845771145
}