{
    "year": 2021,
    "month": 6,
    "day": 14,
    "hour": 1,
    "minute": 5,
    "temp": 27.71902743142149,
    "ntu": -9.648379052369076
}