{
    "year": 2021,
    "month": 5,
    "day": 18,
    "hour": 12,
    "minute": 25,
    "temp": 31.318486352357347,
    "ntu": 118.63523573200993
}