{
    "year": 2021,
    "month": 5,
    "day": 27,
    "hour": 20,
    "minute": 15,
    "temp": 28.139975186104294,
    "ntu": 768.6004962779157
}