{
    "year": 2021,
    "month": 6,
    "day": 11,
    "hour": 23,
    "minute": 40,
    "temp": 29.036774193548354,
    "ntu": 430.56327543424317
}