{
    "year": 2021,
    "month": 5,
    "day": 22,
    "hour": 18,
    "minute": 5,
    "temp": 28.217394540942966,
    "ntu": 358.7047146401985
}