{
    "year": 2021,
    "month": 5,
    "day": 31,
    "hour": 19,
    "minute": 0,
    "temp": 28.072506203473925,
    "ntu": 483.7047146401985
}