{
    "year": 2021,
    "month": 6,
    "day": 20,
    "hour": 1,
    "minute": 15,
    "temp": 28.039253731343372,
    "ntu": 417.37064676616916
}