{
    "year": 2021,
    "month": 6,
    "day": 18,
    "hour": 8,
    "minute": 35,
    "temp": 29.397705735661038,
    "ntu": 87.70324189526184
}