{
    "year": 2021,
    "month": 7,
    "day": 2,
    "hour": 4,
    "minute": 0,
    "temp": 28.518852867830415,
    "ntu": -59.14214463840399
}