{
    "year": 2021,
    "month": 5,
    "day": 19,
    "hour": 11,
    "minute": 35,
    "temp": 30.069230769231112,
    "ntu": 436.84615384615387
}