{
    "year": 2021,
    "month": 6,
    "day": 17,
    "hour": 18,
    "minute": 55,
    "temp": 28.00074441687344,
    "ntu": 405.6650124069479
}