{
    "year": 2021,
    "month": 5,
    "day": 11,
    "hour": 12,
    "minute": 25,
    "temp": 29.562828784119155,
    "ntu": 760.0967741935484
}