{
    "year": 2021,
    "month": 6,
    "day": 17,
    "hour": 20,
    "minute": 50,
    "temp": 28.83683291770594,
    "ntu": 418.18204488778053
}