{
    "year": 2021,
    "month": 5,
    "day": 23,
    "hour": 9,
    "minute": 20,
    "temp": 28.440322580644988,
    "ntu": 253.985111662531
}