{
    "year": 2021,
    "month": 6,
    "day": 23,
    "hour": 15,
    "minute": 20,
    "temp": 28.059999999999988,
    "ntu": 347.1666666666667
}