{
    "year": 2021,
    "month": 6,
    "day": 10,
    "hour": 5,
    "minute": 40,
    "temp": 29.38124069478903,
    "ntu": -97.88585607940446
}