{
    "year": 2021,
    "month": 5,
    "day": 17,
    "hour": 6,
    "minute": 50,
    "temp": 31.369278606965352,
    "ntu": 798.8980099502487
}