{
    "year": 2021,
    "month": 5,
    "day": 9,
    "hour": 21,
    "minute": 15,
    "temp": 29.09300248138982,
    "ntu": 839.6674937965261
}