{
    "year": 2021,
    "month": 6,
    "day": 6,
    "hour": 3,
    "minute": 50,
    "temp": 28.82387096774196,
    "ntu": -23.503722084367247
}