{
    "year": 2021,
    "month": 6,
    "day": 8,
    "hour": 4,
    "minute": 40,
    "temp": 28.957437810945205,
    "ntu": -55.69651741293532
}