{
    "year": 2021,
    "month": 6,
    "day": 4,
    "hour": 22,
    "minute": 35,
    "temp": 28.476774193548486,
    "ntu": 583.1290322580645
}