{
    "year": 2021,
    "month": 6,
    "day": 25,
    "hour": 13,
    "minute": 10,
    "temp": 27.999999999999996,
    "ntu": 325.3665835411471
}