{
    "year": 2021,
    "month": 5,
    "day": 25,
    "hour": 18,
    "minute": 30,
    "temp": 27.284516129032447,
    "ntu": 669.6625310173697
}