{
    "year": 2021,
    "month": 5,
    "day": 9,
    "hour": 0,
    "minute": 0,
    "temp": 28.397648514851387,
    "ntu": -0.9702970297029703
}