{
    "year": 2021,
    "month": 5,
    "day": 7,
    "hour": 18,
    "minute": 20,
    "temp": 30.089528535980396,
    "ntu": 791.3970223325063
}