{
    "year": 2021,
    "month": 4,
    "day": 24,
    "hour": 9,
    "minute": 59,
    "temp": 29.936000000000032,
    "ntu": -89.65714285714286
}