{
    "year": 2021,
    "month": 5,
    "day": 27,
    "hour": 10,
    "minute": 30,
    "temp": 28.156799007444068,
    "ntu": 699.6377171215881
}