{
    "year": 2021,
    "month": 5,
    "day": 24,
    "hour": 6,
    "minute": 50,
    "temp": 29.077270471464008,
    "ntu": 182.90570719602977
}