{
    "year": 2021,
    "month": 5,
    "day": 22,
    "hour": 16,
    "minute": 50,
    "temp": 28.128833746898263,
    "ntu": 376.61538461538464
}