{
    "year": 2021,
    "month": 6,
    "day": 2,
    "hour": 10,
    "minute": 25,
    "temp": 28.877444168734517,
    "ntu": 365.38709677419354
}