{
    "year": 2021,
    "month": 6,
    "day": 10,
    "hour": 5,
    "minute": 55,
    "temp": 28.862803970223183,
    "ntu": -126.5062034739454
}