{
    "year": 2021,
    "month": 6,
    "day": 9,
    "hour": 6,
    "minute": 50,
    "temp": 29.06272952853607,
    "ntu": -134.03473945409428
}