{
    "year": 2021,
    "month": 5,
    "day": 13,
    "hour": 4,
    "minute": 5,
    "temp": 29.767071960297944,
    "ntu": -0.02977667493796526
}