{
    "year": 2021,
    "month": 5,
    "day": 3,
    "hour": 14,
    "minute": 35,
    "temp": 29.53677419354847,
    "ntu": 798.7543424317618
}