{
    "year": 2021,
    "month": 6,
    "day": 8,
    "hour": 22,
    "minute": 5,
    "temp": 28.404129353233998,
    "ntu": 568.5074626865671
}