{
    "year": 2021,
    "month": 6,
    "day": 29,
    "hour": 0,
    "minute": 0,
    "temp": 29.0346268656717,
    "ntu": 529.7810945273632
}