{
    "year": 2021,
    "month": 5,
    "day": 4,
    "hour": 3,
    "minute": 50,
    "temp": 26.97816831683175,
    "ntu": -0.3094059405940594
}