{
    "year": 2021,
    "month": 5,
    "day": 20,
    "hour": 0,
    "minute": 0,
    "temp": 30.611364764267975,
    "ntu": -3.9205955334987594
}