{
    "year": 2021,
    "month": 5,
    "day": 27,
    "hour": 2,
    "minute": 20,
    "temp": 27.720223325061863,
    "ntu": 3.858560794044665
}