{
    "year": 2021,
    "month": 5,
    "day": 23,
    "hour": 15,
    "minute": 20,
    "temp": 28.87310173697263,
    "ntu": 359.8957816377171
}