{
    "year": 2021,
    "month": 6,
    "day": 8,
    "hour": 18,
    "minute": 15,
    "temp": 28.772630272952988,
    "ntu": 477.83374689826303
}