{
    "year": 2021,
    "month": 5,
    "day": 1,
    "hour": 6,
    "minute": 25,
    "temp": 24.942977667493743,
    "ntu": 171.7394540942928
}