{
    "year": 2021,
    "month": 5,
    "day": 26,
    "hour": 0,
    "minute": 45,
    "temp": 28.47590570719613,
    "ntu": 5.920595533498759
}