{
    "year": 2021,
    "month": 5,
    "day": 20,
    "hour": 0,
    "minute": 10,
    "temp": 29.80002487562207,
    "ntu": 0.9154228855721394
}