{
    "year": 2021,
    "month": 5,
    "day": 5,
    "hour": 10,
    "minute": 10,
    "temp": 30.67328358208948,
    "ntu": 793.6542288557214
}