{
    "year": 2021,
    "month": 6,
    "day": 14,
    "hour": 0,
    "minute": 5,
    "temp": 28.166898263027406,
    "ntu": 297.7940446650124
}