{
    "year": 2021,
    "month": 4,
    "day": 29,
    "hour": 19,
    "minute": 5,
    "temp": 29.027841191067104,
    "ntu": 843.2406947890819
}