{
    "year": 2021,
    "month": 6,
    "day": 7,
    "hour": 8,
    "minute": 5,
    "temp": 28.45794044665015,
    "ntu": -261.37965260545906
}