{
    "year": 2021,
    "month": 4,
    "day": 29,
    "hour": 13,
    "minute": 55,
    "temp": 30.25595533498745,
    "ntu": 451.4441687344913
}