{
    "year": 2021,
    "month": 5,
    "day": 26,
    "hour": 1,
    "minute": 30,
    "temp": 28.85138957816363,
    "ntu": 5.332506203473946
}