{
    "year": 2021,
    "month": 6,
    "day": 1,
    "hour": 15,
    "minute": 50,
    "temp": 28.693300248138776,
    "ntu": 371.6327543424318
}