{
    "year": 2021,
    "month": 5,
    "day": 19,
    "hour": 21,
    "minute": 20,
    "temp": 30.022779156327548,
    "ntu": 510.9429280397022
}