{
    "year": 2021,
    "month": 6,
    "day": 28,
    "hour": 16,
    "minute": 45,
    "temp": 28.89758104738172,
    "ntu": 436.52618453865335
}