{
    "year": 2021,
    "month": 4,
    "day": 30,
    "hour": 12,
    "minute": 10,
    "temp": 29.77084367245661,
    "ntu": 705.833746898263
}