{
    "year": 2021,
    "month": 6,
    "day": 17,
    "hour": 18,
    "minute": 15,
    "temp": 28.470895522388126,
    "ntu": 407.05223880597015
}