{
    "year": 2021,
    "month": 5,
    "day": 11,
    "hour": 17,
    "minute": 25,
    "temp": 29.000297766749377,
    "ntu": 816.9305210918114
}