{
    "year": 2021,
    "month": 6,
    "day": 12,
    "hour": 7,
    "minute": 0,
    "temp": 28.612985074626806,
    "ntu": -174.1592039800995
}