{
    "year": 2021,
    "month": 5,
    "day": 31,
    "hour": 7,
    "minute": 0,
    "temp": 28.471687344913214,
    "ntu": 75.65508684863524
}