{
    "year": 2021,
    "month": 5,
    "day": 26,
    "hour": 0,
    "minute": 50,
    "temp": 28.290942928039787,
    "ntu": 5.972704714640199
}