{
    "year": 2021,
    "month": 5,
    "day": 24,
    "hour": 23,
    "minute": 40,
    "temp": 27.30866004962789,
    "ntu": 4.483870967741935
}