{
    "year": 2021,
    "month": 5,
    "day": 21,
    "hour": 4,
    "minute": 35,
    "temp": 28.815771144278695,
    "ntu": 6.987562189054726
}