{
    "year": 2021,
    "month": 5,
    "day": 27,
    "hour": 15,
    "minute": 5,
    "temp": 28.267270471464013,
    "ntu": 741.5657568238213
}