{
    "year": 2021,
    "month": 5,
    "day": 12,
    "hour": 23,
    "minute": 45,
    "temp": 30.51414392059539,
    "ntu": -1.9255583126550868
}