{
    "year": 2021,
    "month": 6,
    "day": 30,
    "hour": 22,
    "minute": 50,
    "temp": 28.494328358208993,
    "ntu": 356.4452736318408
}