{
    "year": 2021,
    "month": 5,
    "day": 9,
    "hour": 22,
    "minute": 45,
    "temp": 28.25357320099268,
    "ntu": -1.250620347394541
}