{
    "year": 2021,
    "month": 5,
    "day": 25,
    "hour": 0,
    "minute": 15,
    "temp": 28.552109181141546,
    "ntu": 4.856079404466501
}