{
    "year": 2021,
    "month": 5,
    "day": 26,
    "hour": 7,
    "minute": 25,
    "temp": 28.470870646766233,
    "ntu": 326.0845771144279
}