{
    "year": 2021,
    "month": 5,
    "day": 30,
    "hour": 18,
    "minute": 30,
    "temp": 28.024179104477614,
    "ntu": 715.4253731343283
}