{
    "year": 2021,
    "month": 5,
    "day": 4,
    "hour": 23,
    "minute": 25,
    "temp": 29.762133995037413,
    "ntu": -0.20347394540942929
}