{
    "year": 2021,
    "month": 5,
    "day": 15,
    "hour": 1,
    "minute": 40,
    "temp": 31.20471464019832,
    "ntu": -1.7121588089330024
}