{
    "year": 2021,
    "month": 5,
    "day": 22,
    "hour": 20,
    "minute": 30,
    "temp": 28.486749379652732,
    "ntu": 406.38213399503724
}