{
    "year": 2021,
    "month": 6,
    "day": 14,
    "hour": 2,
    "minute": 25,
    "temp": 27.979701492537423,
    "ntu": -10.671641791044776
}