{
    "year": 2021,
    "month": 5,
    "day": 22,
    "hour": 6,
    "minute": 30,
    "temp": 27.497171215880993,
    "ntu": 67.99503722084367
}