{
    "year": 2021,
    "month": 5,
    "day": 25,
    "hour": 5,
    "minute": 20,
    "temp": 28.252531017369847,
    "ntu": 81.82630272952854
}