{
    "year": 2021,
    "month": 6,
    "day": 8,
    "hour": 17,
    "minute": 10,
    "temp": 28.674937965260636,
    "ntu": 448.6029776674938
}