{
    "year": 2021,
    "month": 5,
    "day": 23,
    "hour": 6,
    "minute": 5,
    "temp": 28.520669975186298,
    "ntu": 68.72208436724566
}