{
    "year": 2021,
    "month": 7,
    "day": 1,
    "hour": 10,
    "minute": 25,
    "temp": 28.311044776119388,
    "ntu": 321.6666666666667
}