{
    "year": 2021,
    "month": 6,
    "day": 12,
    "hour": 4,
    "minute": 50,
    "temp": 28.211935483871013,
    "ntu": -73.36476426799007
}