{
    "year": 2021,
    "month": 5,
    "day": 23,
    "hour": 6,
    "minute": 10,
    "temp": 28.24756823821351,
    "ntu": 68.36724565756823
}