{
    "year": 2021,
    "month": 5,
    "day": 22,
    "hour": 2,
    "minute": 45,
    "temp": 27.138411910669976,
    "ntu": 3.2009925558312653
}