{
    "year": 2021,
    "month": 5,
    "day": 13,
    "hour": 22,
    "minute": 0,
    "temp": 31.785820895522363,
    "ntu": 830.181592039801
}