{
    "year": 2021,
    "month": 5,
    "day": 28,
    "hour": 19,
    "minute": 50,
    "temp": 28.005806451612855,
    "ntu": 707.136476426799
}