{
    "year": 2021,
    "month": 6,
    "day": 5,
    "hour": 19,
    "minute": 25,
    "temp": 28.092630272953034,
    "ntu": 502.3151364764268
}