{
    "year": 2021,
    "month": 5,
    "day": 29,
    "hour": 1,
    "minute": 55,
    "temp": 28.568089330024886,
    "ntu": 2.106699751861042
}