{
    "year": 2021,
    "month": 5,
    "day": 24,
    "hour": 20,
    "minute": 55,
    "temp": 29.065210918114104,
    "ntu": 776.4367245657568
}