{
    "year": 2021,
    "month": 6,
    "day": 8,
    "hour": 21,
    "minute": 15,
    "temp": 28.40768656716409,
    "ntu": 523.9203980099503
}