{
    "year": 2021,
    "month": 6,
    "day": 2,
    "hour": 15,
    "minute": 10,
    "temp": 28.975136476426908,
    "ntu": 375.83374689826303
}