{
    "year": 2021,
    "month": 5,
    "day": 8,
    "hour": 1,
    "minute": 50,
    "temp": 28.743995037220966,
    "ntu": -0.5806451612903226
}