{
    "year": 2021,
    "month": 7,
    "day": 1,
    "hour": 21,
    "minute": 35,
    "temp": 28.20880597014928,
    "ntu": 411.2686567164179
}