{
    "year": 2021,
    "month": 5,
    "day": 4,
    "hour": 10,
    "minute": 40,
    "temp": 29.404913151364944,
    "ntu": 424.4441687344913
}