{
    "year": 2021,
    "month": 6,
    "day": 19,
    "hour": 4,
    "minute": 0,
    "temp": 28.06159600997538,
    "ntu": -22.209476309226932
}