{
    "year": 2021,
    "month": 5,
    "day": 10,
    "hour": 19,
    "minute": 25,
    "temp": 30.65980148883377,
    "ntu": 898.6799007444168
}