{
    "year": 2021,
    "month": 5,
    "day": 22,
    "hour": 17,
    "minute": 0,
    "temp": 28.021439205955247,
    "ntu": 351.59057071960297
}