{
    "year": 2021,
    "month": 5,
    "day": 8,
    "hour": 23,
    "minute": 45,
    "temp": 29.035508684863668,
    "ntu": -1.119106699751861
}