{
    "year": 2021,
    "month": 6,
    "day": 22,
    "hour": 13,
    "minute": 40,
    "temp": 28.309999999999985,
    "ntu": 375.07960199004975
}