{
    "year": 2021,
    "month": 6,
    "day": 2,
    "hour": 1,
    "minute": 55,
    "temp": 28.5556823821341,
    "ntu": -4.158808933002481
}