{
    "year": 2021,
    "month": 5,
    "day": 19,
    "hour": 14,
    "minute": 15,
    "temp": 30.87191066997533,
    "ntu": 460.03970223325064
}