{
    "year": 2021,
    "month": 5,
    "day": 27,
    "hour": 13,
    "minute": 0,
    "temp": 28.776501240694817,
    "ntu": 719.6327543424318
}