{
    "year": 2021,
    "month": 6,
    "day": 12,
    "hour": 8,
    "minute": 55,
    "temp": 28.37609452736335,
    "ntu": 208.85323383084577
}