{
    "year": 2021,
    "month": 5,
    "day": 6,
    "hour": 8,
    "minute": 30,
    "temp": 29.10039702233239,
    "ntu": 853.6451612903226
}