{
    "year": 2021,
    "month": 5,
    "day": 7,
    "hour": 9,
    "minute": 50,
    "temp": 30.73179104477608,
    "ntu": 841.9203980099503
}