{
    "year": 2021,
    "month": 5,
    "day": 14,
    "hour": 1,
    "minute": 20,
    "temp": 29.45587064676628,
    "ntu": -0.9104477611940298
}