{
    "year": 2021,
    "month": 6,
    "day": 11,
    "hour": 9,
    "minute": 50,
    "temp": 28.87208955223897,
    "ntu": 391.4228855721393
}