{
    "year": 2021,
    "month": 5,
    "day": 5,
    "hour": 5,
    "minute": 35,
    "temp": 29.25141439205972,
    "ntu": 50.84863523573201
}