{
    "year": 2021,
    "month": 6,
    "day": 4,
    "hour": 8,
    "minute": 45,
    "temp": 29.04268656716427,
    "ntu": 197.1144278606965
}