{
    "year": 2021,
    "month": 6,
    "day": 26,
    "hour": 0,
    "minute": 5,
    "temp": 28.096059850373994,
    "ntu": 544.7406483790523
}