{
    "year": 2021,
    "month": 6,
    "day": 22,
    "hour": 16,
    "minute": 5,
    "temp": 28.43390547263686,
    "ntu": 363.99751243781094
}