{
    "year": 2021,
    "month": 6,
    "day": 23,
    "hour": 13,
    "minute": 45,
    "temp": 28.76970149253732,
    "ntu": 382.64925373134326
}