{
    "year": 2021,
    "month": 5,
    "day": 29,
    "hour": 8,
    "minute": 0,
    "temp": 28.504913151364857,
    "ntu": 270.2059553349876
}