{
    "year": 2021,
    "month": 5,
    "day": 13,
    "hour": 18,
    "minute": 35,
    "temp": 31.86773631840813,
    "ntu": 807.7213930348258
}