{
    "year": 2021,
    "month": 5,
    "day": 30,
    "hour": 2,
    "minute": 30,
    "temp": 28.507587064676876,
    "ntu": 8.599502487562189
}