{
    "year": 2021,
    "month": 6,
    "day": 22,
    "hour": 0,
    "minute": 45,
    "temp": 28.002537313432835,
    "ntu": 403.67164179104475
}