{
    "year": 2021,
    "month": 6,
    "day": 17,
    "hour": 7,
    "minute": 40,
    "temp": 28.096741293532197,
    "ntu": 30.63681592039801
}