{
    "year": 2021,
    "month": 6,
    "day": 16,
    "hour": 19,
    "minute": 15,
    "temp": 28.234289276808095,
    "ntu": 444.8877805486284
}