{
    "year": 2021,
    "month": 6,
    "day": 29,
    "hour": 14,
    "minute": 20,
    "temp": 28.440149625935177,
    "ntu": 477.2219451371571
}