{
    "year": 2021,
    "month": 6,
    "day": 30,
    "hour": 5,
    "minute": 25,
    "temp": 28.27229426433915,
    "ntu": -86.83541147132169
}