{
    "year": 2021,
    "month": 6,
    "day": 6,
    "hour": 8,
    "minute": 20,
    "temp": 28.17634328358217,
    "ntu": -318.4875621890547
}