{
    "year": 2021,
    "month": 6,
    "day": 16,
    "hour": 19,
    "minute": 35,
    "temp": 28.176633416458756,
    "ntu": 414.92518703241893
}