{
    "year": 2021,
    "month": 6,
    "day": 5,
    "hour": 10,
    "minute": 40,
    "temp": 28.104029850746144,
    "ntu": 488.9179104477612
}