{
    "year": 2021,
    "month": 5,
    "day": 18,
    "hour": 15,
    "minute": 45,
    "temp": 31.56327543424337,
    "ntu": 146.66004962779155
}