{
    "year": 2021,
    "month": 6,
    "day": 12,
    "hour": 19,
    "minute": 10,
    "temp": 29.016608478802983,
    "ntu": 412.6932668329177
}