{
    "year": 2021,
    "month": 6,
    "day": 21,
    "hour": 21,
    "minute": 35,
    "temp": 28.503134328358204,
    "ntu": 399.8482587064677
}