{
    "year": 2021,
    "month": 6,
    "day": 2,
    "hour": 22,
    "minute": 30,
    "temp": 28.066674937965548,
    "ntu": 521.6153846153846
}