{
    "year": 2021,
    "month": 5,
    "day": 16,
    "hour": 23,
    "minute": 50,
    "temp": 31.230942928039706,
    "ntu": -2.9875930521091814
}