{
    "year": 2021,
    "month": 5,
    "day": 7,
    "hour": 13,
    "minute": 5,
    "temp": 30.950273631840847,
    "ntu": 768.4004975124378
}