{
    "year": 2021,
    "month": 6,
    "day": 28,
    "hour": 14,
    "minute": 0,
    "temp": 28.4774064837906,
    "ntu": 494.32668329177056
}