{
    "year": 2021,
    "month": 4,
    "day": 30,
    "hour": 2,
    "minute": 45,
    "temp": 28.426104218362106,
    "ntu": 0.8163771712158809
}