{
    "year": 2021,
    "month": 6,
    "day": 13,
    "hour": 18,
    "minute": 55,
    "temp": 28.385682382134153,
    "ntu": 247.6302729528536
}