{
    "year": 2021,
    "month": 5,
    "day": 16,
    "hour": 2,
    "minute": 35,
    "temp": 29.747617866005,
    "ntu": -1.6674937965260546
}