{
    "year": 2021,
    "month": 6,
    "day": 26,
    "hour": 5,
    "minute": 20,
    "temp": 28.302518703241955,
    "ntu": -57.052369077306736
}