{
    "year": 2021,
    "month": 6,
    "day": 1,
    "hour": 9,
    "minute": 5,
    "temp": 28.757910447761198,
    "ntu": 313.1318407960199
}