{
    "year": 2021,
    "month": 4,
    "day": 15,
    "hour": 20,
    "minute": 59,
    "temp": 29.75,
    "tds": 1129.7999999999997,
    "ph": 7.466969696969695,
    "ntu": 3000.0
}