{
    "year": 2021,
    "month": 6,
    "day": 25,
    "hour": 10,
    "minute": 25,
    "temp": 28.75389027431421,
    "ntu": 322.34164588528677
}