{
    "year": 2021,
    "month": 5,
    "day": 30,
    "hour": 11,
    "minute": 30,
    "temp": 28.310843672456866,
    "ntu": 693.409429280397
}