{
    "year": 2021,
    "month": 7,
    "day": 1,
    "hour": 5,
    "minute": 15,
    "temp": 28.472835820895604,
    "ntu": -101.3457711442786
}