{
    "year": 2021,
    "month": 6,
    "day": 9,
    "hour": 20,
    "minute": 10,
    "temp": 28.118511166253224,
    "ntu": 535.4789081885856
}