{
    "year": 2021,
    "month": 5,
    "day": 19,
    "hour": 22,
    "minute": 15,
    "temp": 30.94589552238793,
    "ntu": 491.44029850746267
}