{
    "year": 2021,
    "month": 5,
    "day": 22,
    "hour": 7,
    "minute": 55,
    "temp": 28.68151364764254,
    "ntu": 269.5260545905707
}