{
    "year": 2021,
    "month": 6,
    "day": 10,
    "hour": 19,
    "minute": 40,
    "temp": 28.531414392059602,
    "ntu": 470.4491315136476
}