{
    "year": 2021,
    "month": 5,
    "day": 27,
    "hour": 13,
    "minute": 35,
    "temp": 28.086716417910377,
    "ntu": 732.544776119403
}