{
    "year": 2021,
    "month": 6,
    "day": 4,
    "hour": 6,
    "minute": 35,
    "temp": 28.94895781637711,
    "ntu": -99.28535980148884
}