{
    "year": 2021,
    "month": 6,
    "day": 17,
    "hour": 22,
    "minute": 50,
    "temp": 28.684064837905293,
    "ntu": 449.96758104738154
}