{
    "year": 2021,
    "month": 5,
    "day": 30,
    "hour": 6,
    "minute": 5,
    "temp": 28.353250620347275,
    "ntu": 21.483870967741936
}