{
    "year": 2021,
    "month": 6,
    "day": 21,
    "hour": 11,
    "minute": 25,
    "temp": 28.201616915422772,
    "ntu": 355.4950248756219
}