{
    "year": 2021,
    "month": 5,
    "day": 2,
    "hour": 3,
    "minute": 35,
    "temp": 27.537667493796604,
    "ntu": 73.73200992555832
}