{
    "year": 2021,
    "month": 6,
    "day": 1,
    "hour": 17,
    "minute": 25,
    "temp": 28.939950248756098,
    "ntu": 334.7761194029851
}