{
    "year": 2021,
    "month": 6,
    "day": 25,
    "hour": 8,
    "minute": 0,
    "temp": 28.756417910447787,
    "ntu": -19.02238805970149
}