{
    "year": 2021,
    "month": 5,
    "day": 14,
    "hour": 5,
    "minute": 0,
    "temp": 30.35477611940297,
    "ntu": 43.972636815920396
}