{
    "year": 2021,
    "month": 5,
    "day": 14,
    "hour": 22,
    "minute": 30,
    "temp": 31.574825870646748,
    "ntu": 876.4527363184079
}