{
    "year": 2021,
    "month": 5,
    "day": 12,
    "hour": 6,
    "minute": 55,
    "temp": 30.82686567164212,
    "ntu": 832.6691542288557
}