{
    "year": 2021,
    "month": 6,
    "day": 9,
    "hour": 6,
    "minute": 25,
    "temp": 28.10716417910439,
    "ntu": -154.86069651741295
}