{
    "year": 2021,
    "month": 5,
    "day": 9,
    "hour": 10,
    "minute": 40,
    "temp": 29.75148883374691,
    "ntu": 366.5533498759305
}