{
    "year": 2021,
    "month": 5,
    "day": 9,
    "hour": 6,
    "minute": 55,
    "temp": 30.762952853598005,
    "ntu": 804.7692307692307
}