{
    "year": 2021,
    "month": 5,
    "day": 27,
    "hour": 5,
    "minute": 55,
    "temp": 28.197073170731773,
    "ntu": 61.4609756097561
}