{
    "year": 2021,
    "month": 5,
    "day": 30,
    "hour": 14,
    "minute": 40,
    "temp": 29.020792079207894,
    "ntu": 698.3514851485148
}