{
    "year": 2021,
    "month": 6,
    "day": 30,
    "hour": 7,
    "minute": 40,
    "temp": 28.475373134328446,
    "ntu": -14.756218905472636
}