{
    "year": 2021,
    "month": 6,
    "day": 21,
    "hour": 1,
    "minute": 40,
    "temp": 28.647231920199694,
    "ntu": -4.7556109725685785
}