{
    "year": 2021,
    "month": 5,
    "day": 4,
    "hour": 20,
    "minute": 40,
    "temp": 30.978048780487786,
    "ntu": 830.5365853658536
}