{
    "year": 2021,
    "month": 5,
    "day": 7,
    "hour": 3,
    "minute": 25,
    "temp": 30.244702970297077,
    "ntu": -0.022277227722772276
}