{
    "year": 2021,
    "month": 5,
    "day": 9,
    "hour": 1,
    "minute": 0,
    "temp": 28.36372208436713,
    "ntu": -0.8808933002481389
}