{
    "year": 2021,
    "month": 5,
    "day": 3,
    "hour": 9,
    "minute": 10,
    "temp": 29.420918114143788,
    "ntu": 615.9057071960298
}