{
    "year": 2021,
    "month": 5,
    "day": 10,
    "hour": 21,
    "minute": 15,
    "temp": 30.819402985074888,
    "ntu": 870.8880597014926
}