{
    "year": 2021,
    "month": 5,
    "day": 24,
    "hour": 7,
    "minute": 25,
    "temp": 28.32741935483869,
    "ntu": 349.7642679900744
}