{
    "year": 2021,
    "month": 5,
    "day": 4,
    "hour": 17,
    "minute": 35,
    "temp": 30.557014925373224,
    "ntu": 162.00497512437812
}