{
    "year": 2021,
    "month": 5,
    "day": 29,
    "hour": 3,
    "minute": 5,
    "temp": 28.285285359801556,
    "ntu": 2.166253101736973
}