{
    "year": 2021,
    "month": 6,
    "day": 27,
    "hour": 1,
    "minute": 40,
    "temp": 28.19838308457713,
    "ntu": -9.206467661691542
}