{
    "year": 2021,
    "month": 4,
    "day": 30,
    "hour": 12,
    "minute": 25,
    "temp": 29.43791563275443,
    "ntu": 774.3052109181142
}