{
    "year": 2021,
    "month": 5,
    "day": 1,
    "hour": 19,
    "minute": 5,
    "temp": 29.52828784119112,
    "ntu": 765.697270471464
}