{
    "year": 2021,
    "month": 6,
    "day": 23,
    "hour": 15,
    "minute": 45,
    "temp": 28.186169154228878,
    "ntu": 345.7636815920398
}