{
    "year": 2021,
    "month": 5,
    "day": 27,
    "hour": 13,
    "minute": 50,
    "temp": 28.246567164179133,
    "ntu": 671.042288557214
}