{
    "year": 2021,
    "month": 5,
    "day": 25,
    "hour": 3,
    "minute": 10,
    "temp": 28.475111662531106,
    "ntu": 4.389578163771712
}