{
    "year": 2021,
    "month": 5,
    "day": 21,
    "hour": 12,
    "minute": 50,
    "temp": 30.40898263027299,
    "ntu": 481.06699751861044
}