{
    "year": 2021,
    "month": 6,
    "day": 13,
    "hour": 3,
    "minute": 0,
    "temp": 28.545111662531124,
    "ntu": -10.71712158808933
}