{
    "year": 2021,
    "month": 5,
    "day": 28,
    "hour": 5,
    "minute": 30,
    "temp": 28.854218362283078,
    "ntu": 52.00992555831265
}