{
    "year": 2021,
    "month": 5,
    "day": 3,
    "hour": 22,
    "minute": 55,
    "temp": 28.39280397022336,
    "ntu": -0.543424317617866
}