{
    "year": 2021,
    "month": 5,
    "day": 28,
    "hour": 9,
    "minute": 35,
    "temp": 28.540049627791646,
    "ntu": 702.044665012407
}