{
    "year": 2021,
    "month": 5,
    "day": 3,
    "hour": 2,
    "minute": 10,
    "temp": 24.87017369727054,
    "ntu": -0.23076923076923078
}