{
    "year": 2021,
    "month": 7,
    "day": 1,
    "hour": 21,
    "minute": 45,
    "temp": 28.168407960199108,
    "ntu": 410.92039800995025
}