{
    "year": 2021,
    "month": 4,
    "day": 29,
    "hour": 0,
    "minute": 0,
    "temp": 30.342803970223578,
    "ntu": 159.58808933002481
}