{
    "year": 2021,
    "month": 6,
    "day": 13,
    "hour": 2,
    "minute": 35,
    "temp": 28.71999999999989,
    "ntu": -11.29925187032419
}