{
    "year": 2021,
    "month": 6,
    "day": 23,
    "hour": 2,
    "minute": 10,
    "temp": 29.043283582089643,
    "ntu": 1.6243781094527363
}