{
    "year": 2021,
    "month": 6,
    "day": 1,
    "hour": 18,
    "minute": 0,
    "temp": 28.487196029776797,
    "ntu": 354.79900744416875
}