{
    "year": 2021,
    "month": 6,
    "day": 26,
    "hour": 21,
    "minute": 50,
    "temp": 28.568079800498722,
    "ntu": 539.6109725685785
}