{
    "year": 2021,
    "month": 6,
    "day": 17,
    "hour": 8,
    "minute": 45,
    "temp": 29.165422885572276,
    "ntu": 84.20398009950249
}