{
    "year": 2021,
    "month": 6,
    "day": 3,
    "hour": 3,
    "minute": 25,
    "temp": 27.718684863523613,
    "ntu": -11.50620347394541
}