{
    "year": 2021,
    "month": 6,
    "day": 8,
    "hour": 12,
    "minute": 15,
    "temp": 28.722605459057156,
    "ntu": 466.45657568238215
}