{
    "year": 2021,
    "month": 5,
    "day": 1,
    "hour": 8,
    "minute": 15,
    "temp": 24.439999999999937,
    "ntu": 305.27791563275434
}