{
    "year": 2021,
    "month": 6,
    "day": 10,
    "hour": 11,
    "minute": 10,
    "temp": 28.27925373134332,
    "ntu": 417.3457711442786
}