{
    "year": 2021,
    "month": 5,
    "day": 27,
    "hour": 22,
    "minute": 15,
    "temp": 28.63888337468984,
    "ntu": 721.7940446650124
}