{
    "year": 2021,
    "month": 7,
    "day": 1,
    "hour": 11,
    "minute": 25,
    "temp": 28.039552238806014,
    "ntu": 338.44278606965173
}