{
    "year": 2021,
    "month": 6,
    "day": 16,
    "hour": 23,
    "minute": 50,
    "temp": 28.3343283582089,
    "ntu": 486.0348258706468
}