{
    "year": 2021,
    "month": 5,
    "day": 9,
    "hour": 11,
    "minute": 15,
    "temp": 29.160744416873605,
    "ntu": 600.7717121588089
}