{
    "year": 2021,
    "month": 5,
    "day": 15,
    "hour": 5,
    "minute": 5,
    "temp": 30.242821782178382,
    "ntu": 46.71287128712871
}