{
    "year": 2021,
    "month": 5,
    "day": 17,
    "hour": 10,
    "minute": 40,
    "temp": 31.08131513647674,
    "ntu": 771.3846153846154
}