{
    "year": 2021,
    "month": 6,
    "day": 17,
    "hour": 15,
    "minute": 10,
    "temp": 28.119975062344228,
    "ntu": 407.7356608478803
}