{
    "year": 2021,
    "month": 6,
    "day": 11,
    "hour": 16,
    "minute": 5,
    "temp": 28.852729528535868,
    "ntu": 389.9776674937965
}