{
    "year": 2021,
    "month": 5,
    "day": 15,
    "hour": 7,
    "minute": 40,
    "temp": 31.95942928039695,
    "ntu": 778.8833746898263
}