{
    "year": 2021,
    "month": 6,
    "day": 13,
    "hour": 4,
    "minute": 30,
    "temp": 28.118138957816402,
    "ntu": -32.45161290322581
}