{
    "year": 2021,
    "month": 5,
    "day": 16,
    "hour": 5,
    "minute": 40,
    "temp": 31.299079601990304,
    "ntu": 105.6268656716418
}