{
    "year": 2021,
    "month": 6,
    "day": 18,
    "hour": 2,
    "minute": 40,
    "temp": 28.78000000000004,
    "ntu": -5.034825870646766
}