{
    "year": 2021,
    "month": 5,
    "day": 30,
    "hour": 9,
    "minute": 10,
    "temp": 28.669255583126663,
    "ntu": 703.3275434243176
}