{
    "year": 2021,
    "month": 5,
    "day": 10,
    "hour": 22,
    "minute": 5,
    "temp": 29.738535980149013,
    "ntu": 923.9330024813896
}