{
    "year": 2021,
    "month": 6,
    "day": 27,
    "hour": 13,
    "minute": 40,
    "temp": 28.059999999999988,
    "ntu": 484.86567164179104
}