{
    "year": 2021,
    "month": 5,
    "day": 9,
    "hour": 14,
    "minute": 55,
    "temp": 29.655870646766093,
    "ntu": 757.9427860696518
}