{
    "year": 2021,
    "month": 5,
    "day": 18,
    "hour": 2,
    "minute": 25,
    "temp": 29.807462686567266,
    "ntu": -11.7363184079602
}