{
    "year": 2021,
    "month": 6,
    "day": 9,
    "hour": 6,
    "minute": 10,
    "temp": 28.320421836228302,
    "ntu": -143.79652605459057
}