{
    "year": 2021,
    "month": 5,
    "day": 22,
    "hour": 12,
    "minute": 5,
    "temp": 28.93575682382121,
    "ntu": 206.69230769230768
}