{
    "year": 2021,
    "month": 5,
    "day": 8,
    "hour": 14,
    "minute": 35,
    "temp": 29.537816377171293,
    "ntu": 751.5012406947891
}