{
    "year": 2021,
    "month": 5,
    "day": 26,
    "hour": 9,
    "minute": 10,
    "temp": 28.780645161290376,
    "ntu": 722.0049627791564
}