{
    "year": 2021,
    "month": 6,
    "day": 28,
    "hour": 14,
    "minute": 15,
    "temp": 28.371221945137318,
    "ntu": 492.6234413965087
}