{
    "year": 2021,
    "month": 4,
    "day": 11,
    "hour": 6,
    "minute": 59,
    "temp": 25.87,
    "tds": 1363.9293939393938,
    "ph": 3.9045454545454543,
    "ntu": 3000.0
}