{
    "year": 2021,
    "month": 5,
    "day": 27,
    "hour": 12,
    "minute": 45,
    "temp": 29.019230769230795,
    "ntu": 711.8089330024814
}