{
    "year": 2021,
    "month": 6,
    "day": 23,
    "hour": 10,
    "minute": 15,
    "temp": 28.813432835820873,
    "ntu": 368.4004975124378
}