{
    "year": 2021,
    "month": 6,
    "day": 20,
    "hour": 8,
    "minute": 50,
    "temp": 29.264776119403027,
    "ntu": 87.1094527363184
}