{
    "year": 2021,
    "month": 5,
    "day": 11,
    "hour": 22,
    "minute": 20,
    "temp": 29.91481389578157,
    "ntu": 849.6997518610422
}