{
    "year": 2021,
    "month": 6,
    "day": 27,
    "hour": 22,
    "minute": 5,
    "temp": 28.754029850746267,
    "ntu": 539.679104477612
}