{
    "year": 2021,
    "month": 5,
    "day": 28,
    "hour": 6,
    "minute": 5,
    "temp": 27.9098759305212,
    "ntu": 59.977667493796524
}