{
    "year": 2021,
    "month": 6,
    "day": 13,
    "hour": 3,
    "minute": 35,
    "temp": 29.491471321695883,
    "ntu": -11.483790523690773
}