{
    "year": 2021,
    "month": 5,
    "day": 3,
    "hour": 14,
    "minute": 55,
    "temp": 29.079603960396007,
    "ntu": 753.8391089108911
}