{
    "year": 2021,
    "month": 6,
    "day": 27,
    "hour": 10,
    "minute": 45,
    "temp": 28.53668329177088,
    "ntu": 475.20448877805484
}