{
    "year": 2021,
    "month": 6,
    "day": 20,
    "hour": 11,
    "minute": 45,
    "temp": 28.464029850746304,
    "ntu": 373.01741293532336
}