{
    "year": 2021,
    "month": 5,
    "day": 3,
    "hour": 12,
    "minute": 50,
    "temp": 30.610769230769417,
    "ntu": 675.3002481389578
}