{
    "year": 2021,
    "month": 6,
    "day": 23,
    "hour": 9,
    "minute": 10,
    "temp": 27.99985074626866,
    "ntu": 80.93781094527363
}