{
    "year": 2021,
    "month": 6,
    "day": 20,
    "hour": 0,
    "minute": 50,
    "temp": 28.32029850746267,
    "ntu": 415.7786069651741
}