{
    "year": 2021,
    "month": 5,
    "day": 31,
    "hour": 13,
    "minute": 35,
    "temp": 28.830099255583097,
    "ntu": 790.8411910669976
}