{
    "year": 2021,
    "month": 6,
    "day": 3,
    "hour": 4,
    "minute": 5,
    "temp": 28.25312655086859,
    "ntu": -25.089330024813897
}