{
    "year": 2021,
    "month": 5,
    "day": 28,
    "hour": 1,
    "minute": 5,
    "temp": 27.766674937965323,
    "ntu": 2.521091811414392
}