{
    "year": 2021,
    "month": 5,
    "day": 23,
    "hour": 16,
    "minute": 10,
    "temp": 28.031116625310222,
    "ntu": 360.6029776674938
}