{
    "year": 2021,
    "month": 5,
    "day": 5,
    "hour": 22,
    "minute": 50,
    "temp": 28.35558312655079,
    "ntu": -0.2729528535980149
}