{
    "year": 2021,
    "month": 7,
    "day": 1,
    "hour": 8,
    "minute": 30,
    "temp": 27.93181592039802,
    "ntu": -180.99751243781094
}