{
    "year": 2021,
    "month": 6,
    "day": 4,
    "hour": 6,
    "minute": 15,
    "temp": 27.882711442786025,
    "ntu": -155.78358208955223
}