{
    "year": 2021,
    "month": 5,
    "day": 29,
    "hour": 2,
    "minute": 20,
    "temp": 27.9387344913152,
    "ntu": 2.5607940446650126
}