{
    "year": 2021,
    "month": 5,
    "day": 8,
    "hour": 17,
    "minute": 55,
    "temp": 29.24940446650133,
    "ntu": 772.8535980148883
}