{
    "year": 2021,
    "month": 6,
    "day": 25,
    "hour": 15,
    "minute": 5,
    "temp": 28.509104477611938,
    "ntu": 314.2014925373134
}