{
    "year": 2021,
    "month": 5,
    "day": 15,
    "hour": 1,
    "minute": 5,
    "temp": 30.189353233830907,
    "ntu": -1.900497512437811
}