{
    "year": 2021,
    "month": 5,
    "day": 4,
    "hour": 5,
    "minute": 0,
    "temp": 28.42171215880905,
    "ntu": 5.744416873449132
}