{
    "year": 2021,
    "month": 5,
    "day": 9,
    "hour": 16,
    "minute": 55,
    "temp": 30.7244913151366,
    "ntu": 799.6526054590571
}