{
    "year": 2021,
    "month": 5,
    "day": 28,
    "hour": 9,
    "minute": 40,
    "temp": 28.44009950248763,
    "ntu": 696.7089552238806
}