{
    "year": 2021,
    "month": 5,
    "day": 27,
    "hour": 19,
    "minute": 35,
    "temp": 28.8768238213399,
    "ntu": 758.7220843672457
}