{
    "year": 2021,
    "month": 6,
    "day": 25,
    "hour": 9,
    "minute": 5,
    "temp": 28.14408977556128,
    "ntu": -23.6857855361596
}