{
    "year": 2021,
    "month": 6,
    "day": 13,
    "hour": 12,
    "minute": 55,
    "temp": 28.89753731343303,
    "ntu": 278.7512437810945
}