{
    "year": 2021,
    "month": 7,
    "day": 2,
    "hour": 10,
    "minute": 25,
    "temp": 28.05321695760627,
    "ntu": 332.8877805486284
}