{
    "year": 2021,
    "month": 5,
    "day": 13,
    "hour": 14,
    "minute": 20,
    "temp": 30.93429280397035,
    "ntu": 849.8560794044665
}