{
    "year": 2021,
    "month": 6,
    "day": 30,
    "hour": 16,
    "minute": 35,
    "temp": 28.204328358208976,
    "ntu": 299.0124378109453
}