{
    "year": 2021,
    "month": 6,
    "day": 30,
    "hour": 21,
    "minute": 35,
    "temp": 29.02169576059851,
    "ntu": 353.9725685785536
}