{
    "year": 2021,
    "month": 5,
    "day": 29,
    "hour": 19,
    "minute": 55,
    "temp": 28.12337468982626,
    "ntu": 769.2282878411911
}