{
    "year": 2021,
    "month": 7,
    "day": 2,
    "hour": 11,
    "minute": 35,
    "temp": 28.74985074626866,
    "ntu": 342.1194029850746
}