{
    "year": 2021,
    "month": 5,
    "day": 15,
    "hour": 8,
    "minute": 25,
    "temp": 31.065657568238244,
    "ntu": 851.833746898263
}