{
    "year": 2021,
    "month": 5,
    "day": 10,
    "hour": 21,
    "minute": 45,
    "temp": 30.349553349875812,
    "ntu": 923.5781637717122
}