{
    "year": 2021,
    "month": 5,
    "day": 27,
    "hour": 2,
    "minute": 50,
    "temp": 28.524714640198635,
    "ntu": 4.089330024813896
}