{
    "year": 2021,
    "month": 5,
    "day": 31,
    "hour": 4,
    "minute": 5,
    "temp": 28.589602977667447,
    "ntu": -9.30272952853598
}