{
    "year": 2021,
    "month": 4,
    "day": 29,
    "hour": 16,
    "minute": 40,
    "temp": 28.097568238213565,
    "ntu": 786.697270471464
}