{
    "year": 2021,
    "month": 6,
    "day": 22,
    "hour": 10,
    "minute": 0,
    "temp": 28.811795511221924,
    "ntu": 357.43142144638404
}