{
    "year": 2021,
    "month": 5,
    "day": 20,
    "hour": 22,
    "minute": 55,
    "temp": 29.647543424317465,
    "ntu": 1.967741935483871
}