{
    "year": 2021,
    "month": 4,
    "day": 9,
    "hour": 7,
    "minute": 59,
    "temp": 29.128484848484856,
    "tds": 1209.0463636363636,
    "ph": 4.135454545454547,
    "ntu": 3000.0
}