{
    "year": 2021,
    "month": 5,
    "day": 23,
    "hour": 8,
    "minute": 5,
    "temp": 28.948114143920524,
    "ntu": 308.8684863523573
}