{
    "year": 2021,
    "month": 5,
    "day": 17,
    "hour": 6,
    "minute": 10,
    "temp": 30.025373134328504,
    "ntu": 184.37313432835822
}