{
    "year": 2021,
    "month": 5,
    "day": 2,
    "hour": 16,
    "minute": 55,
    "temp": 30.974689826302882,
    "ntu": 739.6997518610422
}