{
    "year": 2021,
    "month": 6,
    "day": 13,
    "hour": 16,
    "minute": 15,
    "temp": 29.02739454094287,
    "ntu": 244.50868486352357
}