{
    "year": 2021,
    "month": 6,
    "day": 21,
    "hour": 16,
    "minute": 50,
    "temp": 28.596119402984957,
    "ntu": 370.2686567164179
}