{
    "year": 2021,
    "month": 5,
    "day": 27,
    "hour": 3,
    "minute": 0,
    "temp": 28.19531017369734,
    "ntu": 4.037220843672457
}