{
    "year": 2021,
    "month": 5,
    "day": 19,
    "hour": 0,
    "minute": 20,
    "temp": 29.672878411910673,
    "ntu": 137.985111662531
}