{
    "year": 2021,
    "month": 4,
    "day": 30,
    "hour": 22,
    "minute": 40,
    "temp": 29.596054590570585,
    "ntu": 737.0421836228288
}