{
    "year": 2021,
    "month": 6,
    "day": 21,
    "hour": 15,
    "minute": 40,
    "temp": 27.999850746268653,
    "ntu": 354.7910447761194
}