{
    "year": 2021,
    "month": 4,
    "day": 29,
    "hour": 6,
    "minute": 35,
    "temp": 24.654565756823875,
    "ntu": 803.2828784119107
}