{
    "year": 2021,
    "month": 6,
    "day": 9,
    "hour": 0,
    "minute": 30,
    "temp": 28.892704714640015,
    "ntu": 429.85111662531017
}