{
    "year": 2021,
    "month": 6,
    "day": 16,
    "hour": 20,
    "minute": 40,
    "temp": 28.22680798004997,
    "ntu": 471.8528678304239
}