{
    "year": 2021,
    "month": 6,
    "day": 13,
    "hour": 12,
    "minute": 25,
    "temp": 28.29518610421867,
    "ntu": 274.5955334987593
}