{
    "year": 2021,
    "month": 6,
    "day": 12,
    "hour": 7,
    "minute": 40,
    "temp": 29.539305210918215,
    "ntu": -163.32506203473946
}