{
    "year": 2021,
    "month": 6,
    "day": 21,
    "hour": 12,
    "minute": 5,
    "temp": 28.782985074626925,
    "ntu": 372.0820895522388
}