{
    "year": 2021,
    "month": 6,
    "day": 1,
    "hour": 23,
    "minute": 30,
    "temp": 29.03558312655095,
    "ntu": 488.7642679900744
}