{
    "year": 2021,
    "month": 6,
    "day": 24,
    "hour": 19,
    "minute": 20,
    "temp": 28.68930348258709,
    "ntu": 330.2164179104478
}