{
    "year": 2021,
    "month": 6,
    "day": 2,
    "hour": 12,
    "minute": 5,
    "temp": 29.000572139303365,
    "ntu": 363.1194029850746
}