{
    "year": 2021,
    "month": 6,
    "day": 26,
    "hour": 23,
    "minute": 50,
    "temp": 28.54304239401525,
    "ntu": 514.9825436408978
}