{
    "year": 2021,
    "month": 5,
    "day": 19,
    "hour": 13,
    "minute": 50,
    "temp": 30.68210918114134,
    "ntu": 444.8833746898263
}