{
    "year": 2021,
    "month": 7,
    "day": 1,
    "hour": 5,
    "minute": 35,
    "temp": 28.399502487562234,
    "ntu": -106.29850746268657
}