{
    "year": 2021,
    "month": 6,
    "day": 25,
    "hour": 11,
    "minute": 0,
    "temp": 28.559402985074613,
    "ntu": 302.71144278606965
}