{
    "year": 2021,
    "month": 4,
    "day": 14,
    "hour": 23,
    "minute": 59,
    "temp": 29.308124999999976,
    "tds": 1223.2900000000006,
    "ph": 5.6059375,
    "ntu": 3000.0
}