{
    "year": 2021,
    "month": 6,
    "day": 19,
    "hour": 19,
    "minute": 0,
    "temp": 28.57552238805967,
    "ntu": 387.2512437810945
}