{
    "year": 2021,
    "month": 5,
    "day": 17,
    "hour": 3,
    "minute": 15,
    "temp": 29.949875621890662,
    "ntu": -1.6567164179104477
}