{
    "year": 2021,
    "month": 5,
    "day": 6,
    "hour": 18,
    "minute": 55,
    "temp": 30.77129032258065,
    "ntu": 844.9702233250621
}