{
    "year": 2021,
    "month": 6,
    "day": 26,
    "hour": 21,
    "minute": 45,
    "temp": 28.617611940298616,
    "ntu": 538.9601990049752
}