{
    "year": 2021,
    "month": 6,
    "day": 5,
    "hour": 20,
    "minute": 10,
    "temp": 28.65248138957834,
    "ntu": 552.2183622828784
}