{
    "year": 2021,
    "month": 6,
    "day": 18,
    "hour": 10,
    "minute": 20,
    "temp": 28.007761194029847,
    "ntu": 396.8805970149254
}