{
    "year": 2021,
    "month": 4,
    "day": 30,
    "hour": 5,
    "minute": 5,
    "temp": 24.997022332506234,
    "ntu": 15.905707196029777
}