{
    "year": 2021,
    "month": 6,
    "day": 1,
    "hour": 8,
    "minute": 55,
    "temp": 28.90977667493812,
    "ntu": 218.42679900744417
}