{
    "year": 2021,
    "month": 6,
    "day": 21,
    "hour": 2,
    "minute": 20,
    "temp": 28.05656716417913,
    "ntu": -3.4303482587064678
}