{
    "year": 2021,
    "month": 5,
    "day": 29,
    "hour": 15,
    "minute": 40,
    "temp": 28.17193548387106,
    "ntu": 696.3200992555832
}