{
    "year": 2021,
    "month": 6,
    "day": 8,
    "hour": 5,
    "minute": 25,
    "temp": 27.904651741293687,
    "ntu": -138.20149253731344
}