{
    "year": 2021,
    "month": 5,
    "day": 10,
    "hour": 18,
    "minute": 30,
    "temp": 29.693473945409337,
    "ntu": 827.0521091811414
}