{
    "year": 2021,
    "month": 5,
    "day": 30,
    "hour": 13,
    "minute": 5,
    "temp": 28.663771712158688,
    "ntu": 687.0297766749379
}