{
    "year": 2021,
    "month": 5,
    "day": 24,
    "hour": 17,
    "minute": 0,
    "temp": 28.07327543424343,
    "ntu": 591.3449131513647
}