{
    "year": 2021,
    "month": 5,
    "day": 24,
    "hour": 11,
    "minute": 10,
    "temp": 28.887369727047126,
    "ntu": 331.7146401985112
}