{
    "year": 2021,
    "month": 6,
    "day": 6,
    "hour": 19,
    "minute": 40,
    "temp": 28.724540942928133,
    "ntu": 563.2034739454094
}