{
    "year": 2021,
    "month": 5,
    "day": 5,
    "hour": 7,
    "minute": 40,
    "temp": 30.897965260546,
    "ntu": 797.8064516129032
}