{
    "year": 2021,
    "month": 5,
    "day": 4,
    "hour": 1,
    "minute": 10,
    "temp": 27.630223325061927,
    "ntu": -0.23325062034739455
}