{
    "year": 2021,
    "month": 5,
    "day": 3,
    "hour": 21,
    "minute": 40,
    "temp": 29.638684863523572,
    "ntu": 775.5285359801488
}