{
    "year": 2021,
    "month": 5,
    "day": 10,
    "hour": 1,
    "minute": 0,
    "temp": 28.33230198019806,
    "ntu": -0.8638613861386139
}