{
    "year": 2021,
    "month": 5,
    "day": 28,
    "hour": 7,
    "minute": 45,
    "temp": 28.956526054590633,
    "ntu": 583.9230769230769
}