{
    "year": 2021,
    "month": 6,
    "day": 3,
    "hour": 19,
    "minute": 25,
    "temp": 28.955544554455326,
    "ntu": 470.16584158415844
}