{
    "year": 2021,
    "month": 6,
    "day": 12,
    "hour": 10,
    "minute": 10,
    "temp": 29.003283582089562,
    "ntu": 360.7213930348259
}