{
    "year": 2021,
    "month": 5,
    "day": 27,
    "hour": 7,
    "minute": 10,
    "temp": 27.99910669975194,
    "ntu": 141.55831265508684
}