{
    "year": 2021,
    "month": 6,
    "day": 24,
    "hour": 16,
    "minute": 20,
    "temp": 28.257780548628435,
    "ntu": 308.27431421446386
}