{
    "year": 2021,
    "month": 6,
    "day": 7,
    "hour": 22,
    "minute": 40,
    "temp": 27.999851116625308,
    "ntu": 565.0992555831266
}