{
    "year": 2021,
    "month": 6,
    "day": 25,
    "hour": 16,
    "minute": 40,
    "temp": 28.078507462686538,
    "ntu": 338.9875621890547
}