{
    "year": 2021,
    "month": 5,
    "day": 15,
    "hour": 19,
    "minute": 40,
    "temp": 31.825434243176456,
    "ntu": 791.2357320099255
}