{
    "year": 2021,
    "month": 6,
    "day": 13,
    "hour": 20,
    "minute": 10,
    "temp": 28.822238805970134,
    "ntu": 285.3805970149254
}