{
    "year": 2021,
    "month": 5,
    "day": 16,
    "hour": 10,
    "minute": 5,
    "temp": 30.986302729528454,
    "ntu": 690.1985111662531
}