{
    "year": 2021,
    "month": 5,
    "day": 8,
    "hour": 9,
    "minute": 0,
    "temp": 29.042729528536178,
    "ntu": 774.1935483870968
}