{
    "year": 2021,
    "month": 4,
    "day": 29,
    "hour": 14,
    "minute": 0,
    "temp": 30.410273631840802,
    "ntu": 450.2014925373134
}