{
    "year": 2021,
    "month": 6,
    "day": 28,
    "hour": 10,
    "minute": 25,
    "temp": 28.370000000000157,
    "ntu": 507.80845771144277
}