{
    "year": 2021,
    "month": 5,
    "day": 20,
    "hour": 16,
    "minute": 10,
    "temp": 30.216940298507545,
    "ntu": 454.2835820895522
}