{
    "year": 2021,
    "month": 6,
    "day": 18,
    "hour": 5,
    "minute": 0,
    "temp": 28.549701492537416,
    "ntu": -38.00995024875622
}