{
    "year": 2021,
    "month": 6,
    "day": 3,
    "hour": 7,
    "minute": 10,
    "temp": 28.213250620347456,
    "ntu": -201.2332506203474
}