{
    "year": 2021,
    "month": 6,
    "day": 26,
    "hour": 11,
    "minute": 10,
    "temp": 28.190000000000012,
    "ntu": 404.1194029850746
}