{
    "year": 2021,
    "month": 7,
    "day": 1,
    "hour": 19,
    "minute": 55,
    "temp": 28.809999999999974,
    "ntu": 381.1517412935323
}