{
    "year": 2021,
    "month": 6,
    "day": 27,
    "hour": 14,
    "minute": 55,
    "temp": 28.819701492537284,
    "ntu": 468.82338308457713
}