{
    "year": 2021,
    "month": 5,
    "day": 24,
    "hour": 23,
    "minute": 35,
    "temp": 27.4102977667495,
    "ntu": 4.379652605459057
}