{
    "year": 2021,
    "month": 5,
    "day": 30,
    "hour": 3,
    "minute": 10,
    "temp": 28.15977667493808,
    "ntu": 12.600496277915633
}