{
    "year": 2021,
    "month": 5,
    "day": 23,
    "hour": 15,
    "minute": 40,
    "temp": 28.479751861042296,
    "ntu": 338.9528535980149
}