{
    "year": 2021,
    "month": 5,
    "day": 27,
    "hour": 15,
    "minute": 35,
    "temp": 28.25399503722094,
    "ntu": 686.0570719602978
}