{
    "year": 2021,
    "month": 5,
    "day": 13,
    "hour": 16,
    "minute": 35,
    "temp": 31.908482587064796,
    "ntu": 772.407960199005
}