{
    "year": 2021,
    "month": 5,
    "day": 9,
    "hour": 22,
    "minute": 20,
    "temp": 29.33397022332515,
    "ntu": -1.5707196029776676
}