{
    "year": 2021,
    "month": 6,
    "day": 28,
    "hour": 12,
    "minute": 35,
    "temp": 29.02483790523693,
    "ntu": 505.43142144638404
}