{
    "year": 2021,
    "month": 6,
    "day": 6,
    "hour": 2,
    "minute": 45,
    "temp": 28.993622828784268,
    "ntu": -6.794044665012407
}