{
    "year": 2021,
    "month": 5,
    "day": 30,
    "hour": 5,
    "minute": 40,
    "temp": 28.920646766169025,
    "ntu": 14.303482587064677
}