{
    "year": 2021,
    "month": 7,
    "day": 1,
    "hour": 14,
    "minute": 25,
    "temp": 28.190000000000012,
    "ntu": 327.45522388059703
}