{
    "year": 2021,
    "month": 5,
    "day": 19,
    "hour": 7,
    "minute": 5,
    "temp": 30.913457711442803,
    "ntu": 472.5422885572139
}