{
    "year": 2021,
    "month": 6,
    "day": 1,
    "hour": 19,
    "minute": 15,
    "temp": 28.735409429280526,
    "ntu": 372.3151364764268
}