{
    "year": 2021,
    "month": 5,
    "day": 9,
    "hour": 14,
    "minute": 40,
    "temp": 29.13861042183622,
    "ntu": 760.5583126550869
}