{
    "year": 2021,
    "month": 6,
    "day": 10,
    "hour": 18,
    "minute": 40,
    "temp": 28.00089330024814,
    "ntu": 428.2803970223325
}