{
    "year": 2021,
    "month": 5,
    "day": 20,
    "hour": 1,
    "minute": 45,
    "temp": 28.865235732009854,
    "ntu": -0.24813895781637718
}