{
    "year": 2021,
    "month": 5,
    "day": 24,
    "hour": 16,
    "minute": 50,
    "temp": 28.04853598014899,
    "ntu": 663.2431761786601
}