{
    "year": 2021,
    "month": 6,
    "day": 17,
    "hour": 5,
    "minute": 35,
    "temp": 28.180995024875692,
    "ntu": -28.29353233830846
}