{
    "year": 2021,
    "month": 6,
    "day": 29,
    "hour": 2,
    "minute": 35,
    "temp": 29.360597014925354,
    "ntu": -10.791044776119403
}