{
    "year": 2021,
    "month": 5,
    "day": 7,
    "hour": 2,
    "minute": 35,
    "temp": 29.585086848635306,
    "ntu": -0.04218362282878412
}