{
    "year": 2021,
    "month": 5,
    "day": 28,
    "hour": 22,
    "minute": 55,
    "temp": 28.234516129032375,
    "ntu": 810.4665012406948
}