{
    "year": 2021,
    "month": 5,
    "day": 10,
    "hour": 7,
    "minute": 0,
    "temp": 30.92641089108904,
    "ntu": 824.5371287128713
}