{
    "year": 2021,
    "month": 5,
    "day": 12,
    "hour": 8,
    "minute": 25,
    "temp": 29.504044665012284,
    "ntu": 666.985111662531
}