{
    "year": 2021,
    "month": 6,
    "day": 20,
    "hour": 7,
    "minute": 45,
    "temp": 28.115099502487645,
    "ntu": 77.49751243781094
}