{
    "year": 2021,
    "month": 6,
    "day": 12,
    "hour": 22,
    "minute": 40,
    "temp": 28.598039702233088,
    "ntu": 402.80645161290323
}