{
    "year": 2021,
    "month": 5,
    "day": 30,
    "hour": 17,
    "minute": 55,
    "temp": 28.619429280396936,
    "ntu": 709.6104218362283
}