{
    "year": 2021,
    "month": 6,
    "day": 11,
    "hour": 23,
    "minute": 55,
    "temp": 28.870521091811437,
    "ntu": 435.08684863523575
}