{
    "year": 2021,
    "month": 5,
    "day": 6,
    "hour": 17,
    "minute": 40,
    "temp": 28.994653465346644,
    "ntu": 833.0297029702971
}