{
    "year": 2021,
    "month": 6,
    "day": 25,
    "hour": 23,
    "minute": 20,
    "temp": 28.32358208955221,
    "ntu": 549.860696517413
}