{
    "year": 2021,
    "month": 6,
    "day": 20,
    "hour": 13,
    "minute": 45,
    "temp": 28.463134328358237,
    "ntu": 379.33084577114425
}