{
    "year": 2021,
    "month": 6,
    "day": 12,
    "hour": 21,
    "minute": 20,
    "temp": 28.403084577114598,
    "ntu": 407.0124378109453
}