{
    "year": 2021,
    "month": 5,
    "day": 10,
    "hour": 18,
    "minute": 40,
    "temp": 30.023821339950373,
    "ntu": 828.3548387096774
}