{
    "year": 2021,
    "month": 6,
    "day": 6,
    "hour": 3,
    "minute": 40,
    "temp": 28.852903225806603,
    "ntu": -18.615384615384617
}