{
    "year": 2021,
    "month": 6,
    "day": 13,
    "hour": 14,
    "minute": 0,
    "temp": 28.003126550868487,
    "ntu": 270.0893300248139
}