{
    "year": 2021,
    "month": 5,
    "day": 10,
    "hour": 18,
    "minute": 15,
    "temp": 29.161712158808893,
    "ntu": 818.2853598014889
}