{
    "year": 2021,
    "month": 6,
    "day": 29,
    "hour": 9,
    "minute": 15,
    "temp": 28.722019950124768,
    "ntu": -21.481296758104737
}