{
    "year": 2021,
    "month": 5,
    "day": 5,
    "hour": 11,
    "minute": 10,
    "temp": 29.94863523573211,
    "ntu": 802.5409429280397
}