{
    "year": 2021,
    "month": 6,
    "day": 5,
    "hour": 12,
    "minute": 35,
    "temp": 28.02143920595534,
    "ntu": 489.0744416873449
}