{
    "year": 2021,
    "month": 4,
    "day": 29,
    "hour": 15,
    "minute": 30,
    "temp": 29.495682382134127,
    "ntu": 832.1315136476427
}