{
    "year": 2021,
    "month": 5,
    "day": 26,
    "hour": 12,
    "minute": 15,
    "temp": 28.035671641791257,
    "ntu": 724.2437810945273
}