{
    "year": 2021,
    "month": 5,
    "day": 6,
    "hour": 3,
    "minute": 0,
    "temp": 28.31813895781647,
    "ntu": 0.1687344913151365
}