{
    "year": 2021,
    "month": 5,
    "day": 24,
    "hour": 21,
    "minute": 0,
    "temp": 29.012803970223338,
    "ntu": 779.6749379652606
}