{
    "year": 2021,
    "month": 6,
    "day": 26,
    "hour": 23,
    "minute": 20,
    "temp": 28.059999999999988,
    "ntu": 546.1670822942643
}