{
    "year": 2021,
    "month": 5,
    "day": 11,
    "hour": 3,
    "minute": 0,
    "temp": 30.066029776675112,
    "ntu": 327.0744416873449
}