{
    "year": 2021,
    "month": 6,
    "day": 7,
    "hour": 7,
    "minute": 40,
    "temp": 28.970967741935564,
    "ntu": -153.82382133995037
}