{
    "year": 2021,
    "month": 6,
    "day": 1,
    "hour": 18,
    "minute": 50,
    "temp": 28.793672456576022,
    "ntu": 356.9181141439206
}