{
    "year": 2021,
    "month": 5,
    "day": 31,
    "hour": 11,
    "minute": 40,
    "temp": 28.064739454094592,
    "ntu": 709.9677419354839
}