{
    "year": 2021,
    "month": 6,
    "day": 7,
    "hour": 1,
    "minute": 30,
    "temp": 29.091588089329942,
    "ntu": -8.198511166253102
}