{
    "year": 2021,
    "month": 6,
    "day": 1,
    "hour": 0,
    "minute": 35,
    "temp": 28.365930521091673,
    "ntu": -8.957816377171216
}