{
    "year": 2021,
    "month": 6,
    "day": 10,
    "hour": 13,
    "minute": 10,
    "temp": 28.054937965260585,
    "ntu": 459.03722084367246
}