{
    "year": 2021,
    "month": 5,
    "day": 23,
    "hour": 6,
    "minute": 55,
    "temp": 28.921066997518743,
    "ntu": 387.35732009925556
}