{
    "year": 2021,
    "month": 5,
    "day": 19,
    "hour": 17,
    "minute": 10,
    "temp": 30.42161290322573,
    "ntu": 449.41439205955334
}