{
    "year": 2021,
    "month": 5,
    "day": 4,
    "hour": 3,
    "minute": 25,
    "temp": 27.552704714640306,
    "ntu": -0.3870967741935484
}