{
    "year": 2021,
    "month": 5,
    "day": 7,
    "hour": 8,
    "minute": 25,
    "temp": 28.98406947890813,
    "ntu": 847.8362282878412
}