{
    "year": 2021,
    "month": 6,
    "day": 1,
    "hour": 0,
    "minute": 0,
    "temp": 28.877960199005013,
    "ntu": 492.56467661691545
}