{
    "year": 2021,
    "month": 5,
    "day": 29,
    "hour": 4,
    "minute": 5,
    "temp": 28.336426799007395,
    "ntu": -5.776674937965261
}