{
    "year": 2021,
    "month": 4,
    "day": 29,
    "hour": 4,
    "minute": 50,
    "temp": 25.26563275434242,
    "ntu": 22.05210918114144
}