{
    "year": 2021,
    "month": 6,
    "day": 18,
    "hour": 20,
    "minute": 45,
    "temp": 28.47261845386541,
    "ntu": 420.52618453865335
}