{
    "year": 2021,
    "month": 6,
    "day": 2,
    "hour": 6,
    "minute": 55,
    "temp": 28.568982630273013,
    "ntu": -189.1315136476427
}