{
    "year": 2021,
    "month": 5,
    "day": 13,
    "hour": 0,
    "minute": 25,
    "temp": 28.647369727047213,
    "ntu": -1.3672456575682381
}