{
    "year": 2021,
    "month": 5,
    "day": 30,
    "hour": 3,
    "minute": 20,
    "temp": 27.940868486352418,
    "ntu": 7.602977667493796
}