{
    "year": 2021,
    "month": 5,
    "day": 31,
    "hour": 4,
    "minute": 0,
    "temp": 28.746873449131634,
    "ntu": -8.704714640198512
}