{
    "year": 2021,
    "month": 5,
    "day": 17,
    "hour": 15,
    "minute": 55,
    "temp": 31.939477611940415,
    "ntu": 190.4179104477612
}