{
    "year": 2021,
    "month": 6,
    "day": 8,
    "hour": 17,
    "minute": 30,
    "temp": 28.361141439205866,
    "ntu": 500.53598014888337
}