{
    "year": 2021,
    "month": 5,
    "day": 23,
    "hour": 16,
    "minute": 40,
    "temp": 28.948908188585662,
    "ntu": 415.136476426799
}