{
    "year": 2021,
    "month": 6,
    "day": 19,
    "hour": 18,
    "minute": 20,
    "temp": 28.957980049875157,
    "ntu": 366.2194513715711
}