{
    "year": 2021,
    "month": 5,
    "day": 3,
    "hour": 8,
    "minute": 30,
    "temp": 29.493151364764383,
    "ntu": 649.5880893300248
}