{
    "year": 2021,
    "month": 6,
    "day": 5,
    "hour": 2,
    "minute": 40,
    "temp": 28.9194292803969,
    "ntu": -8.464019851116625
}