{
    "year": 2021,
    "month": 6,
    "day": 4,
    "hour": 18,
    "minute": 45,
    "temp": 28.982282878412043,
    "ntu": 469.88585607940445
}