{
    "year": 2021,
    "month": 6,
    "day": 17,
    "hour": 19,
    "minute": 45,
    "temp": 28.589999999999893,
    "ntu": 423.49004975124376
}