{
    "year": 2021,
    "month": 5,
    "day": 6,
    "hour": 21,
    "minute": 30,
    "temp": 30.58287841191095,
    "ntu": 881.0769230769231
}