{
    "year": 2021,
    "month": 5,
    "day": 24,
    "hour": 5,
    "minute": 40,
    "temp": 27.473647642679953,
    "ntu": 39.754342431761785
}