{
    "year": 2021,
    "month": 5,
    "day": 7,
    "hour": 7,
    "minute": 15,
    "temp": 30.89533498759309,
    "ntu": 877.6302729528536
}