{
    "year": 2021,
    "month": 6,
    "day": 12,
    "hour": 16,
    "minute": 30,
    "temp": 28.44509950248759,
    "ntu": 373.55721393034827
}