{
    "year": 2021,
    "month": 5,
    "day": 31,
    "hour": 10,
    "minute": 10,
    "temp": 28.049875930521175,
    "ntu": 751.2258064516129
}