{
    "year": 2021,
    "month": 5,
    "day": 3,
    "hour": 21,
    "minute": 0,
    "temp": 29.418908188585743,
    "ntu": 819.317617866005
}