{
    "year": 2021,
    "month": 5,
    "day": 27,
    "hour": 1,
    "minute": 5,
    "temp": 28.077022332506218,
    "ntu": 3.4590570719602978
}