{
    "year": 2021,
    "month": 5,
    "day": 7,
    "hour": 9,
    "minute": 0,
    "temp": 30.010868486352273,
    "ntu": 853.9379652605459
}