{
    "year": 2021,
    "month": 6,
    "day": 12,
    "hour": 21,
    "minute": 30,
    "temp": 28.242555831265584,
    "ntu": 406.32754342431764
}