{
    "year": 2021,
    "month": 5,
    "day": 26,
    "hour": 5,
    "minute": 10,
    "temp": 27.76626865671645,
    "ntu": 18.592039800995025
}