{
    "year": 2021,
    "month": 6,
    "day": 14,
    "hour": 6,
    "minute": 15,
    "temp": 28.217388059701545,
    "ntu": -182.97761194029852
}