{
    "year": 2021,
    "month": 6,
    "day": 27,
    "hour": 6,
    "minute": 10,
    "temp": 27.949552238805975,
    "ntu": -46.691542288557216
}