{
    "year": 2021,
    "month": 5,
    "day": 4,
    "hour": 1,
    "minute": 30,
    "temp": 27.08461538461536,
    "ntu": -0.3002481389578164
}