{
    "year": 2021,
    "month": 6,
    "day": 25,
    "hour": 4,
    "minute": 50,
    "temp": 28.12273631840786,
    "ntu": -66.94527363184079
}