{
    "year": 2021,
    "month": 5,
    "day": 2,
    "hour": 20,
    "minute": 35,
    "temp": 30.912382133995166,
    "ntu": 814.8138957816377
}