{
    "year": 2021,
    "month": 5,
    "day": 5,
    "hour": 18,
    "minute": 20,
    "temp": 30.340297766749643,
    "ntu": 834.2034739454094
}