{
    "year": 2021,
    "month": 6,
    "day": 12,
    "hour": 6,
    "minute": 5,
    "temp": 28.37305970149242,
    "ntu": -155.76119402985074
}