{
    "year": 2021,
    "month": 5,
    "day": 13,
    "hour": 2,
    "minute": 55,
    "temp": 30.00233250620363,
    "ntu": -1.1017369727047146
}