{
    "year": 2021,
    "month": 6,
    "day": 8,
    "hour": 7,
    "minute": 50,
    "temp": 27.92221393034837,
    "ntu": -126.72885572139303
}