{
    "year": 2021,
    "month": 4,
    "day": 29,
    "hour": 17,
    "minute": 5,
    "temp": 29.241885856079286,
    "ntu": 810.9875930521092
}