{
    "year": 2021,
    "month": 5,
    "day": 19,
    "hour": 3,
    "minute": 10,
    "temp": 30.15414392059536,
    "ntu": 117.66004962779157
}