{
    "year": 2021,
    "month": 5,
    "day": 21,
    "hour": 7,
    "minute": 0,
    "temp": 30.880272952853716,
    "ntu": 500.64267990074444
}