{
    "year": 2021,
    "month": 5,
    "day": 10,
    "hour": 4,
    "minute": 25,
    "temp": 30.27126550868493,
    "ntu": -0.1761786600496278
}