{
    "year": 2021,
    "month": 5,
    "day": 20,
    "hour": 20,
    "minute": 20,
    "temp": 30.40017369727049,
    "ntu": 507.4863523573201
}