{
    "year": 2021,
    "month": 6,
    "day": 25,
    "hour": 11,
    "minute": 5,
    "temp": 28.51765586034913,
    "ntu": 305.2718204488778
}