{
    "year": 2021,
    "month": 6,
    "day": 8,
    "hour": 17,
    "minute": 15,
    "temp": 28.58805970149245,
    "ntu": 451.7910447761194
}