{
    "year": 2021,
    "month": 6,
    "day": 25,
    "hour": 9,
    "minute": 50,
    "temp": 29.00925373134328,
    "ntu": 313.952736318408
}