{
    "year": 2021,
    "month": 5,
    "day": 7,
    "hour": 21,
    "minute": 30,
    "temp": 30.162985074626842,
    "ntu": 800.2114427860696
}