{
    "year": 2021,
    "month": 7,
    "day": 2,
    "hour": 0,
    "minute": 5,
    "temp": 28.49820895522389,
    "ntu": 422.19651741293535
}