{
    "year": 2021,
    "month": 5,
    "day": 25,
    "hour": 21,
    "minute": 10,
    "temp": 28.963009950248708,
    "ntu": 739.9303482587064
}