{
    "year": 2021,
    "month": 5,
    "day": 15,
    "hour": 5,
    "minute": 10,
    "temp": 30.029552238806104,
    "ntu": 56.62686567164179
}