{
    "year": 2021,
    "month": 4,
    "day": 28,
    "hour": 20,
    "minute": 45,
    "temp": 29.206622340425582,
    "ntu": 858.8271276595744
}