{
    "year": 2021,
    "month": 5,
    "day": 4,
    "hour": 12,
    "minute": 35,
    "temp": 30.560297766749454,
    "ntu": 741.302729528536
}