{
    "year": 2021,
    "month": 5,
    "day": 16,
    "hour": 19,
    "minute": 45,
    "temp": 31.084962779156253,
    "ntu": 867.6327543424318
}