{
    "year": 2021,
    "month": 5,
    "day": 7,
    "hour": 2,
    "minute": 10,
    "temp": 29.568362282878596,
    "ntu": -0.019851116625310174
}