{
    "year": 2021,
    "month": 6,
    "day": 17,
    "hour": 21,
    "minute": 30,
    "temp": 28.480746268656834,
    "ntu": 445.3258706467662
}