{
    "year": 2021,
    "month": 6,
    "day": 7,
    "hour": 17,
    "minute": 15,
    "temp": 28.82582089552234,
    "ntu": 504.37810945273634
}