{
    "year": 2021,
    "month": 4,
    "day": 29,
    "hour": 23,
    "minute": 15,
    "temp": 28.383598014888303,
    "ntu": 863.908188585608
}