{
    "year": 2021,
    "month": 6,
    "day": 23,
    "hour": 14,
    "minute": 30,
    "temp": 28.459002493765613,
    "ntu": 400.21695760598504
}