{
    "year": 2021,
    "month": 6,
    "day": 5,
    "hour": 20,
    "minute": 15,
    "temp": 28.56833746898262,
    "ntu": 551.560794044665
}