{
    "year": 2021,
    "month": 5,
    "day": 16,
    "hour": 9,
    "minute": 20,
    "temp": 31.997313432835835,
    "ntu": 765.3681592039801
}