{
    "year": 2021,
    "month": 6,
    "day": 19,
    "hour": 15,
    "minute": 20,
    "temp": 28.520895522388056,
    "ntu": 373.2164179104478
}