{
    "year": 2021,
    "month": 5,
    "day": 24,
    "hour": 11,
    "minute": 25,
    "temp": 28.859826302729356,
    "ntu": 413.61538461538464
}