{
    "year": 2021,
    "month": 5,
    "day": 17,
    "hour": 14,
    "minute": 25,
    "temp": 31.88367245657572,
    "ntu": 837.0570719602978
}