{
    "year": 2021,
    "month": 5,
    "day": 4,
    "hour": 13,
    "minute": 10,
    "temp": 29.703449131513707,
    "ntu": 732.7071960297767
}