{
    "year": 2021,
    "month": 5,
    "day": 14,
    "hour": 19,
    "minute": 5,
    "temp": 31.41527363184085,
    "ntu": 791.8955223880597
}