{
    "year": 2021,
    "month": 6,
    "day": 20,
    "hour": 19,
    "minute": 55,
    "temp": 28.498955223880607,
    "ntu": 393.34328358208955
}