{
    "year": 2021,
    "month": 5,
    "day": 2,
    "hour": 21,
    "minute": 55,
    "temp": 29.239578163771572,
    "ntu": 795.4590570719603
}