{
    "year": 2021,
    "month": 6,
    "day": 17,
    "hour": 21,
    "minute": 5,
    "temp": 28.845995024875464,
    "ntu": 444.8059701492537
}