{
    "year": 2021,
    "month": 6,
    "day": 9,
    "hour": 23,
    "minute": 30,
    "temp": 28.101691542288663,
    "ntu": 536.8482587064676
}