{
    "year": 2021,
    "month": 5,
    "day": 6,
    "hour": 22,
    "minute": 0,
    "temp": 31.00029776674927,
    "ntu": 861.7518610421836
}