{
    "year": 2021,
    "month": 5,
    "day": 23,
    "hour": 21,
    "minute": 10,
    "temp": 28.475434243176274,
    "ntu": 477.6600496277916
}