{
    "year": 2021,
    "month": 5,
    "day": 23,
    "hour": 9,
    "minute": 10,
    "temp": 28.009826302729444,
    "ntu": 288.5062034739454
}