{
    "year": 2021,
    "month": 7,
    "day": 2,
    "hour": 7,
    "minute": 0,
    "temp": 28.221421446384102,
    "ntu": -151.46633416458852
}