{
    "year": 2021,
    "month": 6,
    "day": 13,
    "hour": 3,
    "minute": 45,
    "temp": 29.243424317618107,
    "ntu": -13.332506203473946
}