{
    "year": 2021,
    "month": 6,
    "day": 23,
    "hour": 2,
    "minute": 20,
    "temp": 28.90256218905491,
    "ntu": 2.68407960199005
}