{
    "year": 2021,
    "month": 5,
    "day": 16,
    "hour": 8,
    "minute": 0,
    "temp": 31.393052109181255,
    "ntu": 733.7965260545906
}