{
    "year": 2021,
    "month": 5,
    "day": 7,
    "hour": 23,
    "minute": 55,
    "temp": 28.592133995037226,
    "ntu": -1.0620347394540943
}