{
    "year": 2021,
    "month": 5,
    "day": 31,
    "hour": 8,
    "minute": 40,
    "temp": 28.177791563275505,
    "ntu": 595.5657568238213
}