{
    "year": 2021,
    "month": 5,
    "day": 5,
    "hour": 16,
    "minute": 10,
    "temp": 30.97913151364765,
    "ntu": 868.0049627791564
}