{
    "year": 2021,
    "month": 5,
    "day": 27,
    "hour": 12,
    "minute": 40,
    "temp": 28.872636815920497,
    "ntu": 668.5348258706467
}