{
    "year": 2021,
    "month": 6,
    "day": 29,
    "hour": 12,
    "minute": 5,
    "temp": 28.000746268656716,
    "ntu": 487.43283582089555
}