{
    "year": 2021,
    "month": 5,
    "day": 11,
    "hour": 11,
    "minute": 0,
    "temp": 30.034838709677665,
    "ntu": 461.33002481389576
}