{
    "year": 2021,
    "month": 5,
    "day": 11,
    "hour": 3,
    "minute": 25,
    "temp": 28.791985111662644,
    "ntu": 233.98014888337468
}