{
    "year": 2021,
    "month": 5,
    "day": 9,
    "hour": 0,
    "minute": 50,
    "temp": 28.738957816377287,
    "ntu": -0.8684863523573201
}