{
    "year": 2021,
    "month": 5,
    "day": 2,
    "hour": 17,
    "minute": 15,
    "temp": 30.32094292803972,
    "ntu": 744.4640198511166
}