{
    "year": 2021,
    "month": 6,
    "day": 19,
    "hour": 22,
    "minute": 40,
    "temp": 28.58447761194023,
    "ntu": 418.0497512437811
}