{
    "year": 2021,
    "month": 5,
    "day": 2,
    "hour": 18,
    "minute": 10,
    "temp": 29.122605459057194,
    "ntu": 726.7444168734492
}