{
    "year": 2021,
    "month": 6,
    "day": 12,
    "hour": 13,
    "minute": 0,
    "temp": 28.351940298507312,
    "ntu": 367.3830845771144
}