{
    "year": 2021,
    "month": 6,
    "day": 7,
    "hour": 3,
    "minute": 50,
    "temp": 28.85820895522376,
    "ntu": -29.02238805970149
}