{
    "year": 2021,
    "month": 7,
    "day": 2,
    "hour": 2,
    "minute": 35,
    "temp": 29.78671641791053,
    "ntu": -11.388059701492537
}