{
    "year": 2021,
    "month": 5,
    "day": 21,
    "hour": 11,
    "minute": 15,
    "temp": 29.998064516128927,
    "ntu": 475.9454094292804
}