{
    "year": 2021,
    "month": 5,
    "day": 21,
    "hour": 4,
    "minute": 10,
    "temp": 29.968610421836335,
    "ntu": 3.2977667493796528
}