{
    "year": 2021,
    "month": 6,
    "day": 12,
    "hour": 6,
    "minute": 30,
    "temp": 28.089851116625294,
    "ntu": -132.2133995037221
}