{
    "year": 2021,
    "month": 5,
    "day": 27,
    "hour": 6,
    "minute": 50,
    "temp": 28.622853598014743,
    "ntu": 155.81141439205956
}