{
    "year": 2021,
    "month": 5,
    "day": 8,
    "hour": 14,
    "minute": 50,
    "temp": 29.20657568238217,
    "ntu": 764.620347394541
}