{
    "year": 2021,
    "month": 4,
    "day": 28,
    "hour": 23,
    "minute": 20,
    "temp": 28.81714640198542,
    "ntu": 827.6724565756824
}