{
    "year": 2021,
    "month": 6,
    "day": 6,
    "hour": 19,
    "minute": 35,
    "temp": 28.802406947890884,
    "ntu": 559.1017369727048
}