{
    "year": 2021,
    "month": 5,
    "day": 24,
    "hour": 6,
    "minute": 25,
    "temp": 27.814168734491417,
    "ntu": 54.20099255583126
}