{
    "year": 2021,
    "month": 6,
    "day": 7,
    "hour": 17,
    "minute": 55,
    "temp": 28.62086848635252,
    "ntu": 510.29776674937966
}