{
    "year": 2021,
    "month": 6,
    "day": 12,
    "hour": 3,
    "minute": 20,
    "temp": 28.379727047146574,
    "ntu": -21.29528535980149
}