{
    "year": 2021,
    "month": 6,
    "day": 1,
    "hour": 17,
    "minute": 45,
    "temp": 28.7619106699752,
    "ntu": 352.2456575682382
}