{
    "year": 2021,
    "month": 5,
    "day": 8,
    "hour": 5,
    "minute": 50,
    "temp": 28.763250620347538,
    "ntu": 37.7468982630273
}