{
    "year": 2021,
    "month": 6,
    "day": 2,
    "hour": 13,
    "minute": 50,
    "temp": 28.833970223325,
    "ntu": 419.47642679900747
}