{
    "year": 2021,
    "month": 6,
    "day": 10,
    "hour": 21,
    "minute": 0,
    "temp": 28.812977667493808,
    "ntu": 512.6377171215881
}