{
    "year": 2021,
    "month": 7,
    "day": 1,
    "hour": 1,
    "minute": 40,
    "temp": 28.528507462686598,
    "ntu": -9.032338308457712
}