{
    "year": 2021,
    "month": 6,
    "day": 11,
    "hour": 10,
    "minute": 10,
    "temp": 28.91481389578177,
    "ntu": 420.1116625310174
}