{
    "year": 2021,
    "month": 6,
    "day": 19,
    "hour": 5,
    "minute": 5,
    "temp": 28.60345771144261,
    "ntu": -31.007462686567163
}