{
    "year": 2021,
    "month": 5,
    "day": 25,
    "hour": 15,
    "minute": 45,
    "temp": 28.631712158809034,
    "ntu": 633.7965260545906
}