{
    "year": 2021,
    "month": 5,
    "day": 21,
    "hour": 1,
    "minute": 50,
    "temp": 30.637692307692383,
    "ntu": 1.9900744416873448
}