{
    "year": 2021,
    "month": 6,
    "day": 22,
    "hour": 6,
    "minute": 15,
    "temp": 28.63753731343301,
    "ntu": -27.743781094527364
}