{
    "year": 2021,
    "month": 5,
    "day": 15,
    "hour": 11,
    "minute": 55,
    "temp": 31.837103960396156,
    "ntu": 742.1113861386139
}