{
    "year": 2021,
    "month": 6,
    "day": 17,
    "hour": 12,
    "minute": 55,
    "temp": 28.526119402985092,
    "ntu": 417.7139303482587
}