{
    "year": 2021,
    "month": 6,
    "day": 6,
    "hour": 1,
    "minute": 35,
    "temp": 29.007313432835833,
    "ntu": -6.972636815920398
}