{
    "year": 2021,
    "month": 5,
    "day": 16,
    "hour": 9,
    "minute": 45,
    "temp": 31.38863523573216,
    "ntu": 745.9057071960298
}