{
    "year": 2021,
    "month": 5,
    "day": 22,
    "hour": 5,
    "minute": 45,
    "temp": 27.156997518610545,
    "ntu": 30.92059553349876
}