{
    "year": 2021,
    "month": 6,
    "day": 6,
    "hour": 23,
    "minute": 45,
    "temp": 28.626699751861054,
    "ntu": 578.3151364764268
}