{
    "year": 2021,
    "month": 5,
    "day": 29,
    "hour": 23,
    "minute": 50,
    "temp": 28.341265508684753,
    "ntu": 839.6724565756824
}