{
    "year": 2021,
    "month": 5,
    "day": 29,
    "hour": 13,
    "minute": 15,
    "temp": 28.852686567164312,
    "ntu": 690.6691542288557
}