{
    "year": 2021,
    "month": 5,
    "day": 25,
    "hour": 13,
    "minute": 25,
    "temp": 28.105508684863384,
    "ntu": 608.4714640198512
}