{
    "year": 2021,
    "month": 6,
    "day": 18,
    "hour": 21,
    "minute": 35,
    "temp": 28.350223880597177,
    "ntu": 400.5845771144279
}