{
    "year": 2021,
    "month": 5,
    "day": 14,
    "hour": 5,
    "minute": 50,
    "temp": 31.140669975186043,
    "ntu": 132.12406947890818
}