{
    "year": 2021,
    "month": 6,
    "day": 26,
    "hour": 9,
    "minute": 35,
    "temp": 28.624701492537426,
    "ntu": 159.10945273631842
}