{
    "year": 2021,
    "month": 5,
    "day": 30,
    "hour": 10,
    "minute": 10,
    "temp": 28.69146401985097,
    "ntu": 674.6799007444168
}