{
    "year": 2021,
    "month": 5,
    "day": 3,
    "hour": 7,
    "minute": 20,
    "temp": 30.937667493796393,
    "ntu": 738.9578163771712
}