{
    "year": 2021,
    "month": 6,
    "day": 1,
    "hour": 3,
    "minute": 30,
    "temp": 28.406567164179073,
    "ntu": -13.701492537313433
}