{
    "year": 2021,
    "month": 6,
    "day": 27,
    "hour": 17,
    "minute": 35,
    "temp": 28.304328358209244,
    "ntu": 498.1194029850746
}