{
    "year": 2021,
    "month": 6,
    "day": 28,
    "hour": 22,
    "minute": 20,
    "temp": 28.295486284289332,
    "ntu": 526.6708229426434
}