{
    "year": 2021,
    "month": 6,
    "day": 18,
    "hour": 8,
    "minute": 55,
    "temp": 29.080447761193984,
    "ntu": 87.26119402985074
}