{
    "year": 2021,
    "month": 6,
    "day": 4,
    "hour": 7,
    "minute": 15,
    "temp": 27.895806451612973,
    "ntu": -221.75930521091811
}