{
    "year": 2021,
    "month": 6,
    "day": 8,
    "hour": 10,
    "minute": 25,
    "temp": 28.863507462686506,
    "ntu": 479.11442786069654
}