{
    "year": 2021,
    "month": 5,
    "day": 13,
    "hour": 21,
    "minute": 50,
    "temp": 31.574328358209208,
    "ntu": 829.3059701492538
}