{
    "year": 2021,
    "month": 7,
    "day": 1,
    "hour": 9,
    "minute": 45,
    "temp": 28.561795511221924,
    "ntu": 313.0423940149626
}