{
    "year": 2021,
    "month": 5,
    "day": 23,
    "hour": 10,
    "minute": 25,
    "temp": 28.107642679900618,
    "ntu": 292.6575682382134
}