{
    "year": 2021,
    "month": 5,
    "day": 17,
    "hour": 21,
    "minute": 25,
    "temp": 31.456823821339874,
    "ntu": 123.76674937965261
}