{
    "year": 2021,
    "month": 6,
    "day": 6,
    "hour": 12,
    "minute": 15,
    "temp": 28.285880893300323,
    "ntu": 481.06451612903226
}