{
    "year": 2021,
    "month": 5,
    "day": 26,
    "hour": 18,
    "minute": 15,
    "temp": 28.920223880597135,
    "ntu": 737.5572139303482
}