{
    "year": 2021,
    "month": 6,
    "day": 14,
    "hour": 3,
    "minute": 50,
    "temp": 28.936923076923172,
    "ntu": -40.235732009925556
}