{
    "year": 2021,
    "month": 5,
    "day": 1,
    "hour": 0,
    "minute": 30,
    "temp": 30.98406947890817,
    "ntu": 728.9751861042183
}