{
    "year": 2021,
    "month": 6,
    "day": 5,
    "hour": 6,
    "minute": 5,
    "temp": 28.729205955335086,
    "ntu": -141.6029776674938
}