{
    "year": 2021,
    "month": 5,
    "day": 23,
    "hour": 12,
    "minute": 15,
    "temp": 28.72215880893286,
    "ntu": 240.56327543424317
}