{
    "year": 2021,
    "month": 5,
    "day": 27,
    "hour": 21,
    "minute": 30,
    "temp": 28.428064516129133,
    "ntu": 767.7816377171216
}