{
    "year": 2021,
    "month": 5,
    "day": 6,
    "hour": 8,
    "minute": 5,
    "temp": 29.88076923076916,
    "ntu": 861.4888337468983
}