{
    "year": 2021,
    "month": 5,
    "day": 17,
    "hour": 14,
    "minute": 5,
    "temp": 31.926194029850684,
    "ntu": 782.8233830845771
}