{
    "year": 2021,
    "month": 7,
    "day": 2,
    "hour": 4,
    "minute": 35,
    "temp": 28.26955223880596,
    "ntu": -87.96517412935323
}