{
    "year": 2021,
    "month": 5,
    "day": 26,
    "hour": 0,
    "minute": 20,
    "temp": 27.252977667493862,
    "ntu": 5.79652605459057
}