{
    "year": 2021,
    "month": 6,
    "day": 25,
    "hour": 7,
    "minute": 35,
    "temp": 28.544925373134372,
    "ntu": -61.798507462686565
}