{
    "year": 2021,
    "month": 5,
    "day": 19,
    "hour": 14,
    "minute": 35,
    "temp": 30.985359801488983,
    "ntu": 471.2655086848635
}