{
    "year": 2021,
    "month": 5,
    "day": 7,
    "hour": 14,
    "minute": 30,
    "temp": 28.999702233250638,
    "ntu": 791.8709677419355
}