{
    "year": 2021,
    "month": 7,
    "day": 1,
    "hour": 23,
    "minute": 35,
    "temp": 28.69358208955226,
    "ntu": 421.3407960199005
}