{
    "year": 2021,
    "month": 6,
    "day": 5,
    "hour": 18,
    "minute": 45,
    "temp": 28.48987593052119,
    "ntu": 489.575682382134
}