{
    "year": 2021,
    "month": 6,
    "day": 29,
    "hour": 23,
    "minute": 10,
    "temp": 28.120000000000154,
    "ntu": 547.7636815920398
}