{
    "year": 2021,
    "month": 6,
    "day": 25,
    "hour": 3,
    "minute": 20,
    "temp": 28.852860696517247,
    "ntu": -20.85323383084577
}