{
    "year": 2021,
    "month": 6,
    "day": 29,
    "hour": 0,
    "minute": 55,
    "temp": 28.59336658354103,
    "ntu": 529.576059850374
}