{
    "year": 2021,
    "month": 6,
    "day": 21,
    "hour": 13,
    "minute": 55,
    "temp": 29.004788029925184,
    "ntu": 380.48129675810475
}