{
    "year": 2021,
    "month": 6,
    "day": 22,
    "hour": 1,
    "minute": 5,
    "temp": 28.80084577114454,
    "ntu": 382.24626865671644
}