{
    "year": 2021,
    "month": 5,
    "day": 10,
    "hour": 12,
    "minute": 35,
    "temp": 30.143465346534715,
    "ntu": 823.0544554455446
}