{
    "year": 2021,
    "month": 4,
    "day": 29,
    "hour": 10,
    "minute": 40,
    "temp": 27.56995037220841,
    "ntu": 320.14143920595535
}