{
    "year": 2021,
    "month": 6,
    "day": 1,
    "hour": 16,
    "minute": 45,
    "temp": 28.25833746898265,
    "ntu": 331.56575682382135
}