{
    "year": 2021,
    "month": 6,
    "day": 8,
    "hour": 0,
    "minute": 25,
    "temp": 28.590124378109625,
    "ntu": 553.0721393034826
}