{
    "year": 2021,
    "month": 5,
    "day": 5,
    "hour": 3,
    "minute": 30,
    "temp": 29.676699751860895,
    "ntu": -0.05955334987593052
}