{
    "year": 2021,
    "month": 7,
    "day": 1,
    "hour": 19,
    "minute": 35,
    "temp": 28.955522388059723,
    "ntu": 356.5771144278607
}