{
    "year": 2021,
    "month": 6,
    "day": 27,
    "hour": 22,
    "minute": 25,
    "temp": 28.617462686567272,
    "ntu": 541.8407960199005
}