{
    "year": 2021,
    "month": 6,
    "day": 19,
    "hour": 23,
    "minute": 40,
    "temp": 28.32039800995047,
    "ntu": 394.49004975124376
}