{
    "year": 2021,
    "month": 6,
    "day": 28,
    "hour": 7,
    "minute": 50,
    "temp": 28.282238805970202,
    "ntu": 48.288557213930346
}