{
    "year": 2021,
    "month": 5,
    "day": 7,
    "hour": 0,
    "minute": 45,
    "temp": 29.033478260869693,
    "ntu": 0.050724637681159424
}