{
    "year": 2021,
    "month": 6,
    "day": 19,
    "hour": 10,
    "minute": 50,
    "temp": 28.941990049751098,
    "ntu": 354.3258706467662
}