{
    "year": 2021,
    "month": 5,
    "day": 7,
    "hour": 11,
    "minute": 40,
    "temp": 29.372009925558412,
    "ntu": 760.7692307692307
}