{
    "year": 2021,
    "month": 5,
    "day": 25,
    "hour": 15,
    "minute": 30,
    "temp": 28.34379652605482,
    "ntu": 615.2555831265508
}