{
    "year": 2021,
    "month": 4,
    "day": 30,
    "hour": 2,
    "minute": 55,
    "temp": 27.89299504950478,
    "ntu": 0.8415841584158416
}