{
    "year": 2021,
    "month": 5,
    "day": 17,
    "hour": 2,
    "minute": 5,
    "temp": 30.33875930521091,
    "ntu": -1.8511166253101736
}