{
    "year": 2021,
    "month": 5,
    "day": 16,
    "hour": 2,
    "minute": 20,
    "temp": 29.791687344913257,
    "ntu": -1.7642679900744418
}