{
    "year": 2021,
    "month": 6,
    "day": 2,
    "hour": 23,
    "minute": 35,
    "temp": 28.312531017369746,
    "ntu": 545.8089330024814
}