{
    "year": 2021,
    "month": 5,
    "day": 16,
    "hour": 22,
    "minute": 25,
    "temp": 31.43833746898251,
    "ntu": 817.7990074441688
}