{
    "year": 2021,
    "month": 5,
    "day": 11,
    "hour": 16,
    "minute": 55,
    "temp": 29.740620347394678,
    "ntu": 816.682382133995
}