{
    "year": 2021,
    "month": 5,
    "day": 16,
    "hour": 11,
    "minute": 5,
    "temp": 31.744491315136635,
    "ntu": 615.0794044665013
}