{
    "year": 2021,
    "month": 5,
    "day": 10,
    "hour": 4,
    "minute": 45,
    "temp": 28.995905707196172,
    "ntu": 1.173697270471464
}