{
    "year": 2021,
    "month": 5,
    "day": 22,
    "hour": 16,
    "minute": 55,
    "temp": 28.033349875930583,
    "ntu": 313.8163771712159
}