{
    "year": 2021,
    "month": 5,
    "day": 31,
    "hour": 10,
    "minute": 50,
    "temp": 28.85791044776102,
    "ntu": 746.0796019900497
}