{
    "year": 2021,
    "month": 6,
    "day": 22,
    "hour": 23,
    "minute": 35,
    "temp": 28.75507462686567,
    "ntu": 401.00995024875624
}