{
    "year": 2021,
    "month": 6,
    "day": 9,
    "hour": 3,
    "minute": 0,
    "temp": 28.366724565756673,
    "ntu": -14.496277915632755
}