{
    "year": 2021,
    "month": 5,
    "day": 19,
    "hour": 22,
    "minute": 45,
    "temp": 30.195210918114068,
    "ntu": 472.0843672456576
}