{
    "year": 2021,
    "month": 6,
    "day": 18,
    "hour": 23,
    "minute": 0,
    "temp": 28.086268656716346,
    "ntu": 425.5149253731343
}