{
    "year": 2021,
    "month": 6,
    "day": 18,
    "hour": 0,
    "minute": 25,
    "temp": 28.746109725685844,
    "ntu": 448.97506234413964
}