{
    "year": 2021,
    "month": 4,
    "day": 30,
    "hour": 23,
    "minute": 30,
    "temp": 29.88275434243184,
    "ntu": 721.3002481389578
}