{
    "year": 2021,
    "month": 5,
    "day": 4,
    "hour": 11,
    "minute": 35,
    "temp": 30.145671641791047,
    "ntu": 419.55721393034827
}