{
    "year": 2021,
    "month": 5,
    "day": 17,
    "hour": 16,
    "minute": 20,
    "temp": 31.940694789082016,
    "ntu": 177.42679900744417
}