{
    "year": 2021,
    "month": 5,
    "day": 1,
    "hour": 4,
    "minute": 50,
    "temp": 25.89813895781651,
    "ntu": 2.2580645161290325
}