{
    "year": 2021,
    "month": 6,
    "day": 5,
    "hour": 0,
    "minute": 55,
    "temp": 27.839181141439127,
    "ntu": -9.578163771712159
}