{
    "year": 2021,
    "month": 5,
    "day": 6,
    "hour": 12,
    "minute": 20,
    "temp": 30.089826302729833,
    "ntu": 806.7146401985111
}