{
    "year": 2021,
    "month": 5,
    "day": 27,
    "hour": 17,
    "minute": 10,
    "temp": 28.13970223325069,
    "ntu": 721.2307692307693
}