{
    "year": 2021,
    "month": 5,
    "day": 26,
    "hour": 12,
    "minute": 0,
    "temp": 28.075483870967766,
    "ntu": 758.9925558312655
}