{
    "year": 2021,
    "month": 5,
    "day": 6,
    "hour": 17,
    "minute": 50,
    "temp": 29.15732009925551,
    "ntu": 833.4342431761787
}