{
    "year": 2021,
    "month": 6,
    "day": 25,
    "hour": 13,
    "minute": 20,
    "temp": 28.404402985074526,
    "ntu": 312.9875621890547
}