{
    "year": 2021,
    "month": 6,
    "day": 20,
    "hour": 15,
    "minute": 45,
    "temp": 28.50208955223881,
    "ntu": 370.3134328358209
}