{
    "year": 2021,
    "month": 5,
    "day": 3,
    "hour": 17,
    "minute": 15,
    "temp": 30.90133995037232,
    "ntu": 753.6699751861042
}