{
    "year": 2021,
    "month": 5,
    "day": 23,
    "hour": 1,
    "minute": 55,
    "temp": 28.874466501240555,
    "ntu": 5.133995037220844
}