{
    "year": 2021,
    "month": 6,
    "day": 18,
    "hour": 5,
    "minute": 45,
    "temp": 28.547412935323702,
    "ntu": -46.14179104477612
}