{
    "year": 2021,
    "month": 5,
    "day": 19,
    "hour": 8,
    "minute": 10,
    "temp": 30.382109181141566,
    "ntu": 489.4739454094293
}