{
    "year": 2021,
    "month": 5,
    "day": 25,
    "hour": 16,
    "minute": 5,
    "temp": 29.14116915422891,
    "ntu": 589.8532338308457
}