{
    "year": 2021,
    "month": 6,
    "day": 22,
    "hour": 9,
    "minute": 40,
    "temp": 28.621670822942683,
    "ntu": 318.40897755610973
}