{
    "year": 2021,
    "month": 6,
    "day": 11,
    "hour": 11,
    "minute": 55,
    "temp": 29.05999999999997,
    "ntu": 404.0124378109453
}