{
    "year": 2021,
    "month": 6,
    "day": 1,
    "hour": 23,
    "minute": 50,
    "temp": 28.701538461538487,
    "ntu": 491.6799007444169
}