{
    "year": 2021,
    "month": 6,
    "day": 7,
    "hour": 21,
    "minute": 55,
    "temp": 28.60297766749364,
    "ntu": 575.3945409429281
}