{
    "year": 2021,
    "month": 4,
    "day": 30,
    "hour": 8,
    "minute": 0,
    "temp": 24.20637717121583,
    "ntu": 483.27295285359804
}