{
    "year": 2021,
    "month": 4,
    "day": 29,
    "hour": 22,
    "minute": 25,
    "temp": 29.688358208955325,
    "ntu": 869.9850746268656
}