{
    "year": 2021,
    "month": 5,
    "day": 10,
    "hour": 4,
    "minute": 55,
    "temp": 28.54414392059565,
    "ntu": 1.900744416873449
}