{
    "year": 2021,
    "month": 6,
    "day": 27,
    "hour": 4,
    "minute": 40,
    "temp": 29.030149253731288,
    "ntu": -48.18407960199005
}