{
    "year": 2021,
    "month": 5,
    "day": 9,
    "hour": 9,
    "minute": 40,
    "temp": 30.87364764268012,
    "ntu": 659.2903225806451
}