{
    "year": 2021,
    "month": 6,
    "day": 3,
    "hour": 4,
    "minute": 25,
    "temp": 27.776881188118832,
    "ntu": -47.82920792079208
}