{
    "year": 2021,
    "month": 5,
    "day": 26,
    "hour": 7,
    "minute": 35,
    "temp": 28.988387096774176,
    "ntu": 744.0669975186104
}