{
    "year": 2021,
    "month": 6,
    "day": 19,
    "hour": 8,
    "minute": 15,
    "temp": 28.114402985074737,
    "ntu": 71.98507462686567
}