{
    "year": 2021,
    "month": 6,
    "day": 26,
    "hour": 11,
    "minute": 55,
    "temp": 28.007313432835833,
    "ntu": 485.728855721393
}