{
    "year": 2021,
    "month": 4,
    "day": 29,
    "hour": 12,
    "minute": 25,
    "temp": 28.59305210918101,
    "ntu": 793.7791563275434
}