{
    "year": 2021,
    "month": 5,
    "day": 24,
    "hour": 14,
    "minute": 35,
    "temp": 29.03126550868496,
    "ntu": 721.3101736972704
}