{
    "year": 2021,
    "month": 6,
    "day": 11,
    "hour": 17,
    "minute": 25,
    "temp": 28.157786069651888,
    "ntu": 395.05970149253733
}