{
    "year": 2021,
    "month": 7,
    "day": 1,
    "hour": 14,
    "minute": 50,
    "temp": 28.059999999999988,
    "ntu": 314.0497512437811
}