{
    "year": 2021,
    "month": 6,
    "day": 27,
    "hour": 9,
    "minute": 10,
    "temp": 28.425597014925454,
    "ntu": -52.101990049751244
}