{
    "year": 2021,
    "month": 6,
    "day": 13,
    "hour": 19,
    "minute": 40,
    "temp": 28.5281885856082,
    "ntu": 255.9602977667494
}