{
    "year": 2021,
    "month": 6,
    "day": 8,
    "hour": 18,
    "minute": 45,
    "temp": 28.663598014888468,
    "ntu": 516.8263027295285
}