{
    "year": 2021,
    "month": 5,
    "day": 2,
    "hour": 3,
    "minute": 15,
    "temp": 27.984367245657666,
    "ntu": 76.84615384615384
}