{
    "year": 2021,
    "month": 6,
    "day": 20,
    "hour": 10,
    "minute": 20,
    "temp": 28.125558312655247,
    "ntu": 374.87344913151367
}