{
    "year": 2021,
    "month": 6,
    "day": 17,
    "hour": 17,
    "minute": 25,
    "temp": 28.649477611940227,
    "ntu": 390.1194029850746
}