{
    "year": 2021,
    "month": 5,
    "day": 22,
    "hour": 0,
    "minute": 5,
    "temp": 28.75741935483888,
    "ntu": 5.803970223325062
}