{
    "year": 2021,
    "month": 6,
    "day": 23,
    "hour": 6,
    "minute": 35,
    "temp": 29.29475124378124,
    "ntu": -15.034825870646767
}