{
    "year": 2021,
    "month": 4,
    "day": 29,
    "hour": 17,
    "minute": 15,
    "temp": 29.686153846153644,
    "ntu": 799.9826302729529
}