{
    "year": 2021,
    "month": 6,
    "day": 23,
    "hour": 23,
    "minute": 20,
    "temp": 28.69179104477614,
    "ntu": 351.9378109452736
}