{
    "year": 2021,
    "month": 6,
    "day": 29,
    "hour": 20,
    "minute": 30,
    "temp": 29.05999999999997,
    "ntu": 523.5199004975125
}