{
    "year": 2021,
    "month": 6,
    "day": 27,
    "hour": 23,
    "minute": 0,
    "temp": 28.370000000000157,
    "ntu": 544.9850746268656
}