{
    "year": 2021,
    "month": 6,
    "day": 19,
    "hour": 4,
    "minute": 55,
    "temp": 28.81686567164184,
    "ntu": -32.14427860696517
}