{
    "year": 2021,
    "month": 5,
    "day": 15,
    "hour": 3,
    "minute": 15,
    "temp": 29.849502487562116,
    "ntu": -1.6194029850746268
}