{
    "year": 2021,
    "month": 5,
    "day": 26,
    "hour": 14,
    "minute": 15,
    "temp": 28.482828784118976,
    "ntu": 730.2903225806451
}