{
    "year": 2021,
    "month": 6,
    "day": 10,
    "hour": 15,
    "minute": 0,
    "temp": 28.010746268656625,
    "ntu": 405.0771144278607
}