{
    "year": 2021,
    "month": 5,
    "day": 2,
    "hour": 15,
    "minute": 20,
    "temp": 30.192332506203357,
    "ntu": 692.6029776674937
}