{
    "year": 2021,
    "month": 5,
    "day": 15,
    "hour": 17,
    "minute": 25,
    "temp": 31.73940298507476,
    "ntu": 776.8582089552239
}