{
    "year": 2021,
    "month": 5,
    "day": 5,
    "hour": 18,
    "minute": 50,
    "temp": 30.654119106699785,
    "ntu": 841.8362282878412
}