{
    "year": 2021,
    "month": 6,
    "day": 23,
    "hour": 4,
    "minute": 0,
    "temp": 28.08229426433911,
    "ntu": -13.019950124688279
}