{
    "year": 2021,
    "month": 5,
    "day": 31,
    "hour": 9,
    "minute": 55,
    "temp": 28.307761194029904,
    "ntu": 731.820895522388
}