{
    "year": 2021,
    "month": 4,
    "day": 29,
    "hour": 16,
    "minute": 50,
    "temp": 28.566575682382403,
    "ntu": 415.35483870967744
}