{
    "year": 2021,
    "month": 4,
    "day": 23,
    "hour": 22,
    "minute": 59,
    "temp": 30.178000000000015,
    "ntu": -4.728571428571429
}