{
    "year": 2021,
    "month": 5,
    "day": 23,
    "hour": 17,
    "minute": 35,
    "temp": 28.26114143920609,
    "ntu": 431.24317617866006
}