{
    "year": 2021,
    "month": 6,
    "day": 6,
    "hour": 21,
    "minute": 20,
    "temp": 28.624392059553383,
    "ntu": 582.5186104218362
}