{
    "year": 2021,
    "month": 6,
    "day": 18,
    "hour": 11,
    "minute": 0,
    "temp": 28.88990049751263,
    "ntu": 387.3407960199005
}