{
    "year": 2021,
    "month": 6,
    "day": 7,
    "hour": 12,
    "minute": 15,
    "temp": 28.361960297766746,
    "ntu": 502.82382133995037
}