{
    "year": 2021,
    "month": 6,
    "day": 10,
    "hour": 10,
    "minute": 55,
    "temp": 28.478858560794155,
    "ntu": 443.4491315136476
}