{
    "year": 2021,
    "month": 5,
    "day": 3,
    "hour": 15,
    "minute": 0,
    "temp": 28.999106699751863,
    "ntu": 761.6476426799007
}