{
    "year": 2021,
    "month": 6,
    "day": 8,
    "hour": 17,
    "minute": 25,
    "temp": 28.450347394540955,
    "ntu": 476.8287841191067
}