{
    "year": 2021,
    "month": 6,
    "day": 14,
    "hour": 9,
    "minute": 40,
    "temp": 28.880199501246885,
    "ntu": 228.77306733167083
}