{
    "year": 2021,
    "month": 6,
    "day": 6,
    "hour": 3,
    "minute": 45,
    "temp": 28.9753731343285,
    "ntu": -20.393034825870647
}