{
    "year": 2021,
    "month": 6,
    "day": 25,
    "hour": 8,
    "minute": 25,
    "temp": 28.398905472636997,
    "ntu": -42.601990049751244
}