{
    "year": 2021,
    "month": 6,
    "day": 26,
    "hour": 6,
    "minute": 0,
    "temp": 28.021940298507456,
    "ntu": -55.27114427860697
}