{
    "year": 2021,
    "month": 6,
    "day": 9,
    "hour": 5,
    "minute": 15,
    "temp": 28.066699751861112,
    "ntu": -133.7394540942928
}