{
    "year": 2021,
    "month": 5,
    "day": 31,
    "hour": 16,
    "minute": 35,
    "temp": 28.7413432835822,
    "ntu": 722.5099502487562
}