{
    "year": 2021,
    "month": 5,
    "day": 10,
    "hour": 21,
    "minute": 50,
    "temp": 30.190967741935598,
    "ntu": 922.863523573201
}