{
    "year": 2021,
    "month": 6,
    "day": 18,
    "hour": 5,
    "minute": 50,
    "temp": 28.601745635910117,
    "ntu": -50.68329177057357
}