{
    "year": 2021,
    "month": 5,
    "day": 17,
    "hour": 2,
    "minute": 40,
    "temp": 31.318706467661926,
    "ntu": -1.7860696517412935
}