{
    "year": 2021,
    "month": 5,
    "day": 4,
    "hour": 19,
    "minute": 40,
    "temp": 30.056029776675285,
    "ntu": 794.1265508684863
}