{
    "year": 2021,
    "month": 5,
    "day": 2,
    "hour": 18,
    "minute": 40,
    "temp": 30.00298507462682,
    "ntu": 737.2810945273632
}