{
    "year": 2021,
    "month": 6,
    "day": 20,
    "hour": 19,
    "minute": 20,
    "temp": 28.904651741293705,
    "ntu": 384.2910447761194
}