{
    "year": 2021,
    "month": 5,
    "day": 28,
    "hour": 3,
    "minute": 20,
    "temp": 27.395930521091977,
    "ntu": 2.7444168734491314
}