{
    "year": 2021,
    "month": 5,
    "day": 16,
    "hour": 20,
    "minute": 15,
    "temp": 31.486203473945267,
    "ntu": 791.5781637717122
}