{
    "year": 2021,
    "month": 5,
    "day": 17,
    "hour": 9,
    "minute": 55,
    "temp": 31.995970149253765,
    "ntu": 805.0671641791045
}