{
    "year": 2021,
    "month": 5,
    "day": 14,
    "hour": 8,
    "minute": 15,
    "temp": 31.7102985074627,
    "ntu": 771.3308457711443
}