{
    "year": 2021,
    "month": 6,
    "day": 21,
    "hour": 5,
    "minute": 5,
    "temp": 27.991770573566086,
    "ntu": -34.86034912718205
}