{
    "year": 2021,
    "month": 5,
    "day": 29,
    "hour": 3,
    "minute": 0,
    "temp": 28.42652605459069,
    "ntu": 2.196029776674938
}