{
    "year": 2021,
    "month": 5,
    "day": 18,
    "hour": 10,
    "minute": 55,
    "temp": 31.49258064516114,
    "ntu": 123.78411910669975
}