{
    "year": 2021,
    "month": 5,
    "day": 6,
    "hour": 0,
    "minute": 10,
    "temp": 30.082133995037317,
    "ntu": 0.13895781637717122
}