{
    "year": 2021,
    "month": 4,
    "day": 29,
    "hour": 16,
    "minute": 5,
    "temp": 28.582952853597966,
    "ntu": 835.3895781637717
}