{
    "year": 2021,
    "month": 6,
    "day": 28,
    "hour": 19,
    "minute": 50,
    "temp": 28.113830845771204,
    "ntu": 446.2164179104478
}