{
    "year": 2021,
    "month": 6,
    "day": 24,
    "hour": 12,
    "minute": 20,
    "temp": 28.19014925373136,
    "ntu": 327.07960199004975
}