{
    "year": 2021,
    "month": 5,
    "day": 4,
    "hour": 18,
    "minute": 45,
    "temp": 29.461410891089248,
    "ntu": 798.7326732673267
}