{
    "year": 2021,
    "month": 5,
    "day": 6,
    "hour": 5,
    "minute": 50,
    "temp": 28.619602977667384,
    "ntu": 110.68734491315136
}