{
    "year": 2021,
    "month": 6,
    "day": 30,
    "hour": 2,
    "minute": 40,
    "temp": 29.020648379052368,
    "ntu": -10.56857855361596
}